figure,model,task,method,seed,candidate_index,train_reward,base_train_reward
3,Qwen/Qwen2.5-1.5B-Instruct,countdown,Modular Norm RandOpt,42,0,0.19455000000000003,0.13265000000000002
3,Qwen/Qwen2.5-1.5B-Instruct,countdown,Modular Norm RandOpt,42,1,0.16975,0.13265000000000002
3,Qwen/Qwen2.5-1.5B-Instruct,countdown,Modular Norm RandOpt,42,2,0.13720000000000002,0.13265000000000002
3,Qwen/Qwen2.5-1.5B-Instruct,countdown,Modular Norm RandOpt,42,3,0.16660000000000003,0.13265000000000002
3,Qwen/Qwen2.5-1.5B-Instruct,countdown,Modular Norm RandOpt,42,4,0.14695,0.13265000000000002
3,Qwen/Qwen2.5-1.5B-Instruct,countdown,Modular Norm RandOpt,42,5,0.14495000000000002,0.13265000000000002
3,Qwen/Qwen2.5-1.5B-Instruct,countdown,Modular Norm RandOpt,42,6,0.09390000000000001,0.13265000000000002
3,Qwen/Qwen2.5-1.5B-Instruct,countdown,Modular Norm RandOpt,42,7,0.17775,0.13265000000000002
3,Qwen/Qwen2.5-1.5B-Instruct,countdown,Modular Norm RandOpt,42,8,0.13205000000000003,0.13265000000000002
3,Qwen/Qwen2.5-1.5B-Instruct,countdown,Modular Norm RandOpt,42,9,0.19220000000000004,0.13265000000000002
3,Qwen/Qwen2.5-1.5B-Instruct,countdown,Modular Norm RandOpt,42,10,0.10665000000000001,0.13265000000000002
3,Qwen/Qwen2.5-1.5B-Instruct,countdown,Modular Norm RandOpt,42,11,0.09555000000000001,0.13265000000000002
3,Qwen/Qwen2.5-1.5B-Instruct,countdown,Modular Norm RandOpt,42,12,0.12560000000000002,0.13265000000000002
3,Qwen/Qwen2.5-1.5B-Instruct,countdown,Modular Norm RandOpt,42,13,0.1189,0.13265000000000002
3,Qwen/Qwen2.5-1.5B-Instruct,countdown,Modular Norm RandOpt,42,14,0.14055,0.13265000000000002
3,Qwen/Qwen2.5-1.5B-Instruct,countdown,Modular Norm RandOpt,42,15,0.16065000000000002,0.13265000000000002
3,Qwen/Qwen2.5-1.5B-Instruct,countdown,Modular Norm RandOpt,42,16,0.15164999999999998,0.13265000000000002
3,Qwen/Qwen2.5-1.5B-Instruct,countdown,Modular Norm RandOpt,42,17,0.13270000000000004,0.13265000000000002
3,Qwen/Qwen2.5-1.5B-Instruct,countdown,Modular Norm RandOpt,42,18,0.09760000000000002,0.13265000000000002
3,Qwen/Qwen2.5-1.5B-Instruct,countdown,Modular Norm RandOpt,42,19,0.13150000000000003,0.13265000000000002
3,Qwen/Qwen2.5-1.5B-Instruct,countdown,Modular Norm RandOpt,42,20,0.1499,0.13265000000000002
3,Qwen/Qwen2.5-1.5B-Instruct,countdown,Modular Norm RandOpt,42,21,0.134,0.13265000000000002
3,Qwen/Qwen2.5-1.5B-Instruct,countdown,Modular Norm RandOpt,42,22,0.1568,0.13265000000000002
3,Qwen/Qwen2.5-1.5B-Instruct,countdown,Modular Norm RandOpt,42,23,0.20130000000000003,0.13265000000000002
3,Qwen/Qwen2.5-1.5B-Instruct,countdown,Modular Norm RandOpt,42,24,0.14975,0.13265000000000002
3,Qwen/Qwen2.5-1.5B-Instruct,countdown,Modular Norm RandOpt,42,25,0.1365,0.13265000000000002
3,Qwen/Qwen2.5-1.5B-Instruct,countdown,Modular Norm RandOpt,42,26,0.10475000000000001,0.13265000000000002
3,Qwen/Qwen2.5-1.5B-Instruct,countdown,Modular Norm RandOpt,42,27,0.10675000000000001,0.13265000000000002
3,Qwen/Qwen2.5-1.5B-Instruct,countdown,Modular Norm RandOpt,42,28,0.10800000000000003,0.13265000000000002
3,Qwen/Qwen2.5-1.5B-Instruct,countdown,Modular Norm RandOpt,42,29,0.22595000000000007,0.13265000000000002
3,Qwen/Qwen2.5-1.5B-Instruct,countdown,Modular Norm RandOpt,42,30,0.1725,0.13265000000000002
3,Qwen/Qwen2.5-1.5B-Instruct,countdown,Modular Norm RandOpt,42,31,0.11070000000000002,0.13265000000000002
3,Qwen/Qwen2.5-1.5B-Instruct,countdown,Modular Norm RandOpt,42,32,0.15355000000000002,0.13265000000000002
3,Qwen/Qwen2.5-1.5B-Instruct,countdown,Modular Norm RandOpt,42,33,0.15515,0.13265000000000002
3,Qwen/Qwen2.5-1.5B-Instruct,countdown,Modular Norm RandOpt,42,34,0.12235000000000001,0.13265000000000002
3,Qwen/Qwen2.5-1.5B-Instruct,countdown,Modular Norm RandOpt,42,35,0.18490000000000006,0.13265000000000002
3,Qwen/Qwen2.5-1.5B-Instruct,countdown,Modular Norm RandOpt,42,36,0.12845,0.13265000000000002
3,Qwen/Qwen2.5-1.5B-Instruct,countdown,Modular Norm RandOpt,42,37,0.20355000000000004,0.13265000000000002
3,Qwen/Qwen2.5-1.5B-Instruct,countdown,Modular Norm RandOpt,42,38,0.0645,0.13265000000000002
3,Qwen/Qwen2.5-1.5B-Instruct,countdown,Modular Norm RandOpt,42,39,0.11760000000000001,0.13265000000000002
3,Qwen/Qwen2.5-1.5B-Instruct,countdown,Modular Norm RandOpt,42,40,0.09480000000000001,0.13265000000000002
3,Qwen/Qwen2.5-1.5B-Instruct,countdown,Modular Norm RandOpt,42,41,0.13835,0.13265000000000002
3,Qwen/Qwen2.5-1.5B-Instruct,countdown,Modular Norm RandOpt,42,42,0.11080000000000002,0.13265000000000002
3,Qwen/Qwen2.5-1.5B-Instruct,countdown,Modular Norm RandOpt,42,43,0.09505000000000001,0.13265000000000002
3,Qwen/Qwen2.5-1.5B-Instruct,countdown,Modular Norm RandOpt,42,44,0.13430000000000003,0.13265000000000002
3,Qwen/Qwen2.5-1.5B-Instruct,countdown,Modular Norm RandOpt,42,45,0.09300000000000001,0.13265000000000002
3,Qwen/Qwen2.5-1.5B-Instruct,countdown,Modular Norm RandOpt,42,46,0.13690000000000002,0.13265000000000002
3,Qwen/Qwen2.5-1.5B-Instruct,countdown,Modular Norm RandOpt,42,47,0.15025000000000002,0.13265000000000002
3,Qwen/Qwen2.5-1.5B-Instruct,countdown,Modular Norm RandOpt,42,48,0.13990000000000002,0.13265000000000002
3,Qwen/Qwen2.5-1.5B-Instruct,countdown,Modular Norm RandOpt,42,49,0.17685000000000003,0.13265000000000002
3,Qwen/Qwen2.5-1.5B-Instruct,countdown,Modular Norm RandOpt,42,50,0.11165000000000003,0.13265000000000002
3,Qwen/Qwen2.5-1.5B-Instruct,countdown,Modular Norm RandOpt,42,51,0.10185000000000001,0.13265000000000002
3,Qwen/Qwen2.5-1.5B-Instruct,countdown,Modular Norm RandOpt,42,52,0.11850000000000001,0.13265000000000002
3,Qwen/Qwen2.5-1.5B-Instruct,countdown,Modular Norm RandOpt,42,53,0.17175000000000004,0.13265000000000002
3,Qwen/Qwen2.5-1.5B-Instruct,countdown,Modular Norm RandOpt,42,54,0.09045000000000002,0.13265000000000002
3,Qwen/Qwen2.5-1.5B-Instruct,countdown,Modular Norm RandOpt,42,55,0.16130000000000003,0.13265000000000002
3,Qwen/Qwen2.5-1.5B-Instruct,countdown,Modular Norm RandOpt,42,56,0.10565000000000001,0.13265000000000002
3,Qwen/Qwen2.5-1.5B-Instruct,countdown,Modular Norm RandOpt,42,57,0.25734999999999997,0.13265000000000002
3,Qwen/Qwen2.5-1.5B-Instruct,countdown,Modular Norm RandOpt,42,58,0.0889,0.13265000000000002
3,Qwen/Qwen2.5-1.5B-Instruct,countdown,Modular Norm RandOpt,42,59,0.14175000000000001,0.13265000000000002
3,Qwen/Qwen2.5-1.5B-Instruct,countdown,Modular Norm RandOpt,42,60,0.15615,0.13265000000000002
3,Qwen/Qwen2.5-1.5B-Instruct,countdown,Modular Norm RandOpt,42,61,0.18285000000000004,0.13265000000000002
3,Qwen/Qwen2.5-1.5B-Instruct,countdown,Modular Norm RandOpt,42,62,0.20535000000000003,0.13265000000000002
3,Qwen/Qwen2.5-1.5B-Instruct,countdown,Modular Norm RandOpt,42,63,0.14265000000000003,0.13265000000000002
3,Qwen/Qwen2.5-1.5B-Instruct,countdown,Modular Norm RandOpt,42,64,0.1082,0.13265000000000002
3,Qwen/Qwen2.5-1.5B-Instruct,countdown,Modular Norm RandOpt,42,65,0.07145000000000001,0.13265000000000002
3,Qwen/Qwen2.5-1.5B-Instruct,countdown,Modular Norm RandOpt,42,66,0.10400000000000002,0.13265000000000002
3,Qwen/Qwen2.5-1.5B-Instruct,countdown,Modular Norm RandOpt,42,67,0.10890000000000002,0.13265000000000002
3,Qwen/Qwen2.5-1.5B-Instruct,countdown,Modular Norm RandOpt,42,68,0.12785000000000002,0.13265000000000002
3,Qwen/Qwen2.5-1.5B-Instruct,countdown,Modular Norm RandOpt,42,69,0.14415,0.13265000000000002
3,Qwen/Qwen2.5-1.5B-Instruct,countdown,Modular Norm RandOpt,42,70,0.10320000000000001,0.13265000000000002
3,Qwen/Qwen2.5-1.5B-Instruct,countdown,Modular Norm RandOpt,42,71,0.1565,0.13265000000000002
3,Qwen/Qwen2.5-1.5B-Instruct,countdown,Modular Norm RandOpt,42,72,0.09945000000000002,0.13265000000000002
3,Qwen/Qwen2.5-1.5B-Instruct,countdown,Modular Norm RandOpt,42,73,0.09070000000000002,0.13265000000000002
3,Qwen/Qwen2.5-1.5B-Instruct,countdown,Modular Norm RandOpt,42,74,0.12415000000000001,0.13265000000000002
3,Qwen/Qwen2.5-1.5B-Instruct,countdown,Modular Norm RandOpt,42,75,0.14045000000000002,0.13265000000000002
3,Qwen/Qwen2.5-1.5B-Instruct,countdown,Modular Norm RandOpt,42,76,0.12880000000000003,0.13265000000000002
3,Qwen/Qwen2.5-1.5B-Instruct,countdown,Modular Norm RandOpt,42,77,0.09345,0.13265000000000002
3,Qwen/Qwen2.5-1.5B-Instruct,countdown,Modular Norm RandOpt,42,78,0.14490000000000003,0.13265000000000002
3,Qwen/Qwen2.5-1.5B-Instruct,countdown,Modular Norm RandOpt,42,79,0.18899999999999997,0.13265000000000002
3,Qwen/Qwen2.5-1.5B-Instruct,countdown,Modular Norm RandOpt,42,80,0.12635000000000002,0.13265000000000002
3,Qwen/Qwen2.5-1.5B-Instruct,countdown,Modular Norm RandOpt,42,81,0.1801,0.13265000000000002
3,Qwen/Qwen2.5-1.5B-Instruct,countdown,Modular Norm RandOpt,42,82,0.10725000000000001,0.13265000000000002
3,Qwen/Qwen2.5-1.5B-Instruct,countdown,Modular Norm RandOpt,42,83,0.07685000000000002,0.13265000000000002
3,Qwen/Qwen2.5-1.5B-Instruct,countdown,Modular Norm RandOpt,42,84,0.13375,0.13265000000000002
3,Qwen/Qwen2.5-1.5B-Instruct,countdown,Modular Norm RandOpt,42,85,0.15405000000000002,0.13265000000000002
3,Qwen/Qwen2.5-1.5B-Instruct,countdown,Modular Norm RandOpt,42,86,0.1182,0.13265000000000002
3,Qwen/Qwen2.5-1.5B-Instruct,countdown,Modular Norm RandOpt,42,87,0.13440000000000002,0.13265000000000002
3,Qwen/Qwen2.5-1.5B-Instruct,countdown,Modular Norm RandOpt,42,88,0.13715000000000002,0.13265000000000002
3,Qwen/Qwen2.5-1.5B-Instruct,countdown,Modular Norm RandOpt,42,89,0.11630000000000001,0.13265000000000002
3,Qwen/Qwen2.5-1.5B-Instruct,countdown,Modular Norm RandOpt,42,90,0.16475,0.13265000000000002
3,Qwen/Qwen2.5-1.5B-Instruct,countdown,Modular Norm RandOpt,42,91,0.08850000000000001,0.13265000000000002
3,Qwen/Qwen2.5-1.5B-Instruct,countdown,Modular Norm RandOpt,42,92,0.09200000000000001,0.13265000000000002
3,Qwen/Qwen2.5-1.5B-Instruct,countdown,Modular Norm RandOpt,42,93,0.13745000000000002,0.13265000000000002
3,Qwen/Qwen2.5-1.5B-Instruct,countdown,Modular Norm RandOpt,42,94,0.13695000000000002,0.13265000000000002
3,Qwen/Qwen2.5-1.5B-Instruct,countdown,Modular Norm RandOpt,42,95,0.15860000000000002,0.13265000000000002
3,Qwen/Qwen2.5-1.5B-Instruct,countdown,Modular Norm RandOpt,42,96,0.1024,0.13265000000000002
3,Qwen/Qwen2.5-1.5B-Instruct,countdown,Modular Norm RandOpt,42,97,0.14995,0.13265000000000002
3,Qwen/Qwen2.5-1.5B-Instruct,countdown,Modular Norm RandOpt,42,98,0.09575000000000002,0.13265000000000002
3,Qwen/Qwen2.5-1.5B-Instruct,countdown,Modular Norm RandOpt,42,99,0.11325000000000002,0.13265000000000002
3,Qwen/Qwen2.5-1.5B-Instruct,countdown,Modular Norm RandOpt,43,0,0.11565000000000002,0.13265000000000002
3,Qwen/Qwen2.5-1.5B-Instruct,countdown,Modular Norm RandOpt,43,1,0.17875,0.13265000000000002
3,Qwen/Qwen2.5-1.5B-Instruct,countdown,Modular Norm RandOpt,43,2,0.09890000000000003,0.13265000000000002
3,Qwen/Qwen2.5-1.5B-Instruct,countdown,Modular Norm RandOpt,43,3,0.09185,0.13265000000000002
3,Qwen/Qwen2.5-1.5B-Instruct,countdown,Modular Norm RandOpt,43,4,0.09960000000000001,0.13265000000000002
3,Qwen/Qwen2.5-1.5B-Instruct,countdown,Modular Norm RandOpt,43,5,0.14275000000000002,0.13265000000000002
3,Qwen/Qwen2.5-1.5B-Instruct,countdown,Modular Norm RandOpt,43,6,0.10695000000000002,0.13265000000000002
3,Qwen/Qwen2.5-1.5B-Instruct,countdown,Modular Norm RandOpt,43,7,0.1575,0.13265000000000002
3,Qwen/Qwen2.5-1.5B-Instruct,countdown,Modular Norm RandOpt,43,8,0.1407,0.13265000000000002
3,Qwen/Qwen2.5-1.5B-Instruct,countdown,Modular Norm RandOpt,43,9,0.16090000000000004,0.13265000000000002
3,Qwen/Qwen2.5-1.5B-Instruct,countdown,Modular Norm RandOpt,43,10,0.1489,0.13265000000000002
3,Qwen/Qwen2.5-1.5B-Instruct,countdown,Modular Norm RandOpt,43,11,0.13995000000000002,0.13265000000000002
3,Qwen/Qwen2.5-1.5B-Instruct,countdown,Modular Norm RandOpt,43,12,0.15675,0.13265000000000002
3,Qwen/Qwen2.5-1.5B-Instruct,countdown,Modular Norm RandOpt,43,13,0.1723,0.13265000000000002
3,Qwen/Qwen2.5-1.5B-Instruct,countdown,Modular Norm RandOpt,43,14,0.165,0.13265000000000002
3,Qwen/Qwen2.5-1.5B-Instruct,countdown,Modular Norm RandOpt,43,15,0.09760000000000002,0.13265000000000002
3,Qwen/Qwen2.5-1.5B-Instruct,countdown,Modular Norm RandOpt,43,16,0.13305,0.13265000000000002
3,Qwen/Qwen2.5-1.5B-Instruct,countdown,Modular Norm RandOpt,43,17,0.11220000000000001,0.13265000000000002
3,Qwen/Qwen2.5-1.5B-Instruct,countdown,Modular Norm RandOpt,43,18,0.09495,0.13265000000000002
3,Qwen/Qwen2.5-1.5B-Instruct,countdown,Modular Norm RandOpt,43,19,0.09600000000000002,0.13265000000000002
3,Qwen/Qwen2.5-1.5B-Instruct,countdown,Modular Norm RandOpt,43,20,0.12645,0.13265000000000002
3,Qwen/Qwen2.5-1.5B-Instruct,countdown,Modular Norm RandOpt,43,21,0.12565,0.13265000000000002
3,Qwen/Qwen2.5-1.5B-Instruct,countdown,Modular Norm RandOpt,43,22,0.12540000000000004,0.13265000000000002
3,Qwen/Qwen2.5-1.5B-Instruct,countdown,Modular Norm RandOpt,43,23,0.17110000000000003,0.13265000000000002
3,Qwen/Qwen2.5-1.5B-Instruct,countdown,Modular Norm RandOpt,43,24,0.09930000000000001,0.13265000000000002
3,Qwen/Qwen2.5-1.5B-Instruct,countdown,Modular Norm RandOpt,43,25,0.12735000000000002,0.13265000000000002
3,Qwen/Qwen2.5-1.5B-Instruct,countdown,Modular Norm RandOpt,43,26,0.12970000000000004,0.13265000000000002
3,Qwen/Qwen2.5-1.5B-Instruct,countdown,Modular Norm RandOpt,43,27,0.14005,0.13265000000000002
3,Qwen/Qwen2.5-1.5B-Instruct,countdown,Modular Norm RandOpt,43,28,0.1081,0.13265000000000002
3,Qwen/Qwen2.5-1.5B-Instruct,countdown,Modular Norm RandOpt,43,29,0.10645000000000003,0.13265000000000002
3,Qwen/Qwen2.5-1.5B-Instruct,countdown,Modular Norm RandOpt,43,30,0.17140000000000005,0.13265000000000002
3,Qwen/Qwen2.5-1.5B-Instruct,countdown,Modular Norm RandOpt,43,31,0.16940000000000002,0.13265000000000002
3,Qwen/Qwen2.5-1.5B-Instruct,countdown,Modular Norm RandOpt,43,32,0.09085000000000001,0.13265000000000002
3,Qwen/Qwen2.5-1.5B-Instruct,countdown,Modular Norm RandOpt,43,33,0.1685,0.13265000000000002
3,Qwen/Qwen2.5-1.5B-Instruct,countdown,Modular Norm RandOpt,43,34,0.11715000000000002,0.13265000000000002
3,Qwen/Qwen2.5-1.5B-Instruct,countdown,Modular Norm RandOpt,43,35,0.17065000000000002,0.13265000000000002
3,Qwen/Qwen2.5-1.5B-Instruct,countdown,Modular Norm RandOpt,43,36,0.17435000000000003,0.13265000000000002
3,Qwen/Qwen2.5-1.5B-Instruct,countdown,Modular Norm RandOpt,43,37,0.14480000000000004,0.13265000000000002
3,Qwen/Qwen2.5-1.5B-Instruct,countdown,Modular Norm RandOpt,43,38,0.12570000000000003,0.13265000000000002
3,Qwen/Qwen2.5-1.5B-Instruct,countdown,Modular Norm RandOpt,43,39,0.08905000000000002,0.13265000000000002
3,Qwen/Qwen2.5-1.5B-Instruct,countdown,Modular Norm RandOpt,43,40,0.16165,0.13265000000000002
3,Qwen/Qwen2.5-1.5B-Instruct,countdown,Modular Norm RandOpt,43,41,0.09115000000000001,0.13265000000000002
3,Qwen/Qwen2.5-1.5B-Instruct,countdown,Modular Norm RandOpt,43,42,0.12335000000000002,0.13265000000000002
3,Qwen/Qwen2.5-1.5B-Instruct,countdown,Modular Norm RandOpt,43,43,0.1307,0.13265000000000002
3,Qwen/Qwen2.5-1.5B-Instruct,countdown,Modular Norm RandOpt,43,44,0.14825000000000002,0.13265000000000002
3,Qwen/Qwen2.5-1.5B-Instruct,countdown,Modular Norm RandOpt,43,45,0.09795000000000002,0.13265000000000002
3,Qwen/Qwen2.5-1.5B-Instruct,countdown,Modular Norm RandOpt,43,46,0.1164,0.13265000000000002
3,Qwen/Qwen2.5-1.5B-Instruct,countdown,Modular Norm RandOpt,43,47,0.10195000000000003,0.13265000000000002
3,Qwen/Qwen2.5-1.5B-Instruct,countdown,Modular Norm RandOpt,43,48,0.15080000000000002,0.13265000000000002
3,Qwen/Qwen2.5-1.5B-Instruct,countdown,Modular Norm RandOpt,43,49,0.15675,0.13265000000000002
3,Qwen/Qwen2.5-1.5B-Instruct,countdown,Modular Norm RandOpt,43,50,0.12585000000000002,0.13265000000000002
3,Qwen/Qwen2.5-1.5B-Instruct,countdown,Modular Norm RandOpt,43,51,0.1646,0.13265000000000002
3,Qwen/Qwen2.5-1.5B-Instruct,countdown,Modular Norm RandOpt,43,52,0.0947,0.13265000000000002
3,Qwen/Qwen2.5-1.5B-Instruct,countdown,Modular Norm RandOpt,43,53,0.18325,0.13265000000000002
3,Qwen/Qwen2.5-1.5B-Instruct,countdown,Modular Norm RandOpt,43,54,0.12910000000000005,0.13265000000000002
3,Qwen/Qwen2.5-1.5B-Instruct,countdown,Modular Norm RandOpt,43,55,0.126,0.13265000000000002
3,Qwen/Qwen2.5-1.5B-Instruct,countdown,Modular Norm RandOpt,43,56,0.13635000000000003,0.13265000000000002
3,Qwen/Qwen2.5-1.5B-Instruct,countdown,Modular Norm RandOpt,43,57,0.13685000000000003,0.13265000000000002
3,Qwen/Qwen2.5-1.5B-Instruct,countdown,Modular Norm RandOpt,43,58,0.06,0.13265000000000002
3,Qwen/Qwen2.5-1.5B-Instruct,countdown,Modular Norm RandOpt,43,59,0.21385,0.13265000000000002
3,Qwen/Qwen2.5-1.5B-Instruct,countdown,Modular Norm RandOpt,43,60,0.19079999999999997,0.13265000000000002
3,Qwen/Qwen2.5-1.5B-Instruct,countdown,Modular Norm RandOpt,43,61,0.16005000000000003,0.13265000000000002
3,Qwen/Qwen2.5-1.5B-Instruct,countdown,Modular Norm RandOpt,43,62,0.09540000000000001,0.13265000000000002
3,Qwen/Qwen2.5-1.5B-Instruct,countdown,Modular Norm RandOpt,43,63,0.1864,0.13265000000000002
3,Qwen/Qwen2.5-1.5B-Instruct,countdown,Modular Norm RandOpt,43,64,0.08885,0.13265000000000002
3,Qwen/Qwen2.5-1.5B-Instruct,countdown,Modular Norm RandOpt,43,65,0.16215000000000004,0.13265000000000002
3,Qwen/Qwen2.5-1.5B-Instruct,countdown,Modular Norm RandOpt,43,66,0.22020000000000003,0.13265000000000002
3,Qwen/Qwen2.5-1.5B-Instruct,countdown,Modular Norm RandOpt,43,67,0.20605,0.13265000000000002
3,Qwen/Qwen2.5-1.5B-Instruct,countdown,Modular Norm RandOpt,43,68,0.16835,0.13265000000000002
3,Qwen/Qwen2.5-1.5B-Instruct,countdown,Modular Norm RandOpt,43,69,0.1371,0.13265000000000002
3,Qwen/Qwen2.5-1.5B-Instruct,countdown,Modular Norm RandOpt,43,70,0.08775000000000002,0.13265000000000002
3,Qwen/Qwen2.5-1.5B-Instruct,countdown,Modular Norm RandOpt,43,71,0.1421,0.13265000000000002
3,Qwen/Qwen2.5-1.5B-Instruct,countdown,Modular Norm RandOpt,43,72,0.134,0.13265000000000002
3,Qwen/Qwen2.5-1.5B-Instruct,countdown,Modular Norm RandOpt,43,73,0.14865,0.13265000000000002
3,Qwen/Qwen2.5-1.5B-Instruct,countdown,Modular Norm RandOpt,43,74,0.10415000000000002,0.13265000000000002
3,Qwen/Qwen2.5-1.5B-Instruct,countdown,Modular Norm RandOpt,43,75,0.07285000000000001,0.13265000000000002
3,Qwen/Qwen2.5-1.5B-Instruct,countdown,Modular Norm RandOpt,43,76,0.11330000000000001,0.13265000000000002
3,Qwen/Qwen2.5-1.5B-Instruct,countdown,Modular Norm RandOpt,43,77,0.15395,0.13265000000000002
3,Qwen/Qwen2.5-1.5B-Instruct,countdown,Modular Norm RandOpt,43,78,0.13630000000000003,0.13265000000000002
3,Qwen/Qwen2.5-1.5B-Instruct,countdown,Modular Norm RandOpt,43,79,0.11955000000000002,0.13265000000000002
3,Qwen/Qwen2.5-1.5B-Instruct,countdown,Modular Norm RandOpt,43,80,0.18835000000000002,0.13265000000000002
3,Qwen/Qwen2.5-1.5B-Instruct,countdown,Modular Norm RandOpt,43,81,0.15745000000000003,0.13265000000000002
3,Qwen/Qwen2.5-1.5B-Instruct,countdown,Modular Norm RandOpt,43,82,0.16200000000000003,0.13265000000000002
3,Qwen/Qwen2.5-1.5B-Instruct,countdown,Modular Norm RandOpt,43,83,0.14700000000000002,0.13265000000000002
3,Qwen/Qwen2.5-1.5B-Instruct,countdown,Modular Norm RandOpt,43,84,0.1642,0.13265000000000002
3,Qwen/Qwen2.5-1.5B-Instruct,countdown,Modular Norm RandOpt,43,85,0.15615000000000004,0.13265000000000002
3,Qwen/Qwen2.5-1.5B-Instruct,countdown,Modular Norm RandOpt,43,86,0.19045,0.13265000000000002
3,Qwen/Qwen2.5-1.5B-Instruct,countdown,Modular Norm RandOpt,43,87,0.15730000000000002,0.13265000000000002
3,Qwen/Qwen2.5-1.5B-Instruct,countdown,Modular Norm RandOpt,43,88,0.22745000000000004,0.13265000000000002
3,Qwen/Qwen2.5-1.5B-Instruct,countdown,Modular Norm RandOpt,43,89,0.13870000000000002,0.13265000000000002
3,Qwen/Qwen2.5-1.5B-Instruct,countdown,Modular Norm RandOpt,43,90,0.15335,0.13265000000000002
3,Qwen/Qwen2.5-1.5B-Instruct,countdown,Modular Norm RandOpt,43,91,0.11410000000000003,0.13265000000000002
3,Qwen/Qwen2.5-1.5B-Instruct,countdown,Modular Norm RandOpt,43,92,0.13945000000000002,0.13265000000000002
3,Qwen/Qwen2.5-1.5B-Instruct,countdown,Modular Norm RandOpt,43,93,0.07655000000000002,0.13265000000000002
3,Qwen/Qwen2.5-1.5B-Instruct,countdown,Modular Norm RandOpt,43,94,0.11395000000000004,0.13265000000000002
3,Qwen/Qwen2.5-1.5B-Instruct,countdown,Modular Norm RandOpt,43,95,0.07735,0.13265000000000002
3,Qwen/Qwen2.5-1.5B-Instruct,countdown,Modular Norm RandOpt,43,96,0.13770000000000004,0.13265000000000002
3,Qwen/Qwen2.5-1.5B-Instruct,countdown,Modular Norm RandOpt,43,97,0.11405000000000001,0.13265000000000002
3,Qwen/Qwen2.5-1.5B-Instruct,countdown,Modular Norm RandOpt,43,98,0.12560000000000002,0.13265000000000002
3,Qwen/Qwen2.5-1.5B-Instruct,countdown,Modular Norm RandOpt,43,99,0.17235000000000003,0.13265000000000002
3,Qwen/Qwen2.5-1.5B-Instruct,countdown,Modular Norm RandOpt,44,0,0.11740000000000002,0.13265000000000002
3,Qwen/Qwen2.5-1.5B-Instruct,countdown,Modular Norm RandOpt,44,1,0.14750000000000002,0.13265000000000002
3,Qwen/Qwen2.5-1.5B-Instruct,countdown,Modular Norm RandOpt,44,2,0.14585,0.13265000000000002
3,Qwen/Qwen2.5-1.5B-Instruct,countdown,Modular Norm RandOpt,44,3,0.11340000000000001,0.13265000000000002
3,Qwen/Qwen2.5-1.5B-Instruct,countdown,Modular Norm RandOpt,44,4,0.17650000000000002,0.13265000000000002
3,Qwen/Qwen2.5-1.5B-Instruct,countdown,Modular Norm RandOpt,44,5,0.11250000000000002,0.13265000000000002
3,Qwen/Qwen2.5-1.5B-Instruct,countdown,Modular Norm RandOpt,44,6,0.1436,0.13265000000000002
3,Qwen/Qwen2.5-1.5B-Instruct,countdown,Modular Norm RandOpt,44,7,0.11385000000000002,0.13265000000000002
3,Qwen/Qwen2.5-1.5B-Instruct,countdown,Modular Norm RandOpt,44,8,0.16985000000000003,0.13265000000000002
3,Qwen/Qwen2.5-1.5B-Instruct,countdown,Modular Norm RandOpt,44,9,0.16770000000000004,0.13265000000000002
3,Qwen/Qwen2.5-1.5B-Instruct,countdown,Modular Norm RandOpt,44,10,0.13215,0.13265000000000002
3,Qwen/Qwen2.5-1.5B-Instruct,countdown,Modular Norm RandOpt,44,11,0.12285000000000004,0.13265000000000002
3,Qwen/Qwen2.5-1.5B-Instruct,countdown,Modular Norm RandOpt,44,12,0.08155000000000001,0.13265000000000002
3,Qwen/Qwen2.5-1.5B-Instruct,countdown,Modular Norm RandOpt,44,13,0.10110000000000001,0.13265000000000002
3,Qwen/Qwen2.5-1.5B-Instruct,countdown,Modular Norm RandOpt,44,14,0.15220000000000003,0.13265000000000002
3,Qwen/Qwen2.5-1.5B-Instruct,countdown,Modular Norm RandOpt,44,15,0.13795000000000002,0.13265000000000002
3,Qwen/Qwen2.5-1.5B-Instruct,countdown,Modular Norm RandOpt,44,16,0.16185,0.13265000000000002
3,Qwen/Qwen2.5-1.5B-Instruct,countdown,Modular Norm RandOpt,44,17,0.06695000000000001,0.13265000000000002
3,Qwen/Qwen2.5-1.5B-Instruct,countdown,Modular Norm RandOpt,44,18,0.07655000000000002,0.13265000000000002
3,Qwen/Qwen2.5-1.5B-Instruct,countdown,Modular Norm RandOpt,44,19,0.11840000000000003,0.13265000000000002
3,Qwen/Qwen2.5-1.5B-Instruct,countdown,Modular Norm RandOpt,44,20,0.06635000000000002,0.13265000000000002
3,Qwen/Qwen2.5-1.5B-Instruct,countdown,Modular Norm RandOpt,44,21,0.12415000000000002,0.13265000000000002
3,Qwen/Qwen2.5-1.5B-Instruct,countdown,Modular Norm RandOpt,44,22,0.09925,0.13265000000000002
3,Qwen/Qwen2.5-1.5B-Instruct,countdown,Modular Norm RandOpt,44,23,0.12105000000000002,0.13265000000000002
3,Qwen/Qwen2.5-1.5B-Instruct,countdown,Modular Norm RandOpt,44,24,0.1406,0.13265000000000002
3,Qwen/Qwen2.5-1.5B-Instruct,countdown,Modular Norm RandOpt,44,25,0.13435000000000002,0.13265000000000002
3,Qwen/Qwen2.5-1.5B-Instruct,countdown,Modular Norm RandOpt,44,26,0.09655000000000001,0.13265000000000002
3,Qwen/Qwen2.5-1.5B-Instruct,countdown,Modular Norm RandOpt,44,27,0.18275000000000002,0.13265000000000002
3,Qwen/Qwen2.5-1.5B-Instruct,countdown,Modular Norm RandOpt,44,28,0.08825000000000001,0.13265000000000002
3,Qwen/Qwen2.5-1.5B-Instruct,countdown,Modular Norm RandOpt,44,29,0.17175,0.13265000000000002
3,Qwen/Qwen2.5-1.5B-Instruct,countdown,Modular Norm RandOpt,44,30,0.13155,0.13265000000000002
3,Qwen/Qwen2.5-1.5B-Instruct,countdown,Modular Norm RandOpt,44,31,0.14965,0.13265000000000002
3,Qwen/Qwen2.5-1.5B-Instruct,countdown,Modular Norm RandOpt,44,32,0.14685000000000004,0.13265000000000002
3,Qwen/Qwen2.5-1.5B-Instruct,countdown,Modular Norm RandOpt,44,33,0.16445,0.13265000000000002
3,Qwen/Qwen2.5-1.5B-Instruct,countdown,Modular Norm RandOpt,44,34,0.15439999999999998,0.13265000000000002
3,Qwen/Qwen2.5-1.5B-Instruct,countdown,Modular Norm RandOpt,44,35,0.09230000000000001,0.13265000000000002
3,Qwen/Qwen2.5-1.5B-Instruct,countdown,Modular Norm RandOpt,44,36,0.08465,0.13265000000000002
3,Qwen/Qwen2.5-1.5B-Instruct,countdown,Modular Norm RandOpt,44,37,0.1444,0.13265000000000002
3,Qwen/Qwen2.5-1.5B-Instruct,countdown,Modular Norm RandOpt,44,38,0.13995000000000002,0.13265000000000002
3,Qwen/Qwen2.5-1.5B-Instruct,countdown,Modular Norm RandOpt,44,39,0.14150000000000001,0.13265000000000002
3,Qwen/Qwen2.5-1.5B-Instruct,countdown,Modular Norm RandOpt,44,40,0.1355,0.13265000000000002
3,Qwen/Qwen2.5-1.5B-Instruct,countdown,Modular Norm RandOpt,44,41,0.07500000000000001,0.13265000000000002
3,Qwen/Qwen2.5-1.5B-Instruct,countdown,Modular Norm RandOpt,44,42,0.07214999999999999,0.13265000000000002
3,Qwen/Qwen2.5-1.5B-Instruct,countdown,Modular Norm RandOpt,44,43,0.12865000000000001,0.13265000000000002
3,Qwen/Qwen2.5-1.5B-Instruct,countdown,Modular Norm RandOpt,44,44,0.09440000000000001,0.13265000000000002
3,Qwen/Qwen2.5-1.5B-Instruct,countdown,Modular Norm RandOpt,44,45,0.19565000000000005,0.13265000000000002
3,Qwen/Qwen2.5-1.5B-Instruct,countdown,Modular Norm RandOpt,44,46,0.15080000000000005,0.13265000000000002
3,Qwen/Qwen2.5-1.5B-Instruct,countdown,Modular Norm RandOpt,44,47,0.17485,0.13265000000000002
3,Qwen/Qwen2.5-1.5B-Instruct,countdown,Modular Norm RandOpt,44,48,0.1293,0.13265000000000002
3,Qwen/Qwen2.5-1.5B-Instruct,countdown,Modular Norm RandOpt,44,49,0.11635000000000001,0.13265000000000002
3,Qwen/Qwen2.5-1.5B-Instruct,countdown,Modular Norm RandOpt,44,50,0.11735000000000002,0.13265000000000002
3,Qwen/Qwen2.5-1.5B-Instruct,countdown,Modular Norm RandOpt,44,51,0.18980000000000005,0.13265000000000002
3,Qwen/Qwen2.5-1.5B-Instruct,countdown,Modular Norm RandOpt,44,52,0.11045000000000002,0.13265000000000002
3,Qwen/Qwen2.5-1.5B-Instruct,countdown,Modular Norm RandOpt,44,53,0.17420000000000002,0.13265000000000002
3,Qwen/Qwen2.5-1.5B-Instruct,countdown,Modular Norm RandOpt,44,54,0.1145,0.13265000000000002
3,Qwen/Qwen2.5-1.5B-Instruct,countdown,Modular Norm RandOpt,44,55,0.1434,0.13265000000000002
3,Qwen/Qwen2.5-1.5B-Instruct,countdown,Modular Norm RandOpt,44,56,0.1607,0.13265000000000002
3,Qwen/Qwen2.5-1.5B-Instruct,countdown,Modular Norm RandOpt,44,57,0.11260000000000002,0.13265000000000002
3,Qwen/Qwen2.5-1.5B-Instruct,countdown,Modular Norm RandOpt,44,58,0.10785000000000002,0.13265000000000002
3,Qwen/Qwen2.5-1.5B-Instruct,countdown,Modular Norm RandOpt,44,59,0.13215000000000002,0.13265000000000002
3,Qwen/Qwen2.5-1.5B-Instruct,countdown,Modular Norm RandOpt,44,60,0.14225000000000002,0.13265000000000002
3,Qwen/Qwen2.5-1.5B-Instruct,countdown,Modular Norm RandOpt,44,61,0.13394999999999999,0.13265000000000002
3,Qwen/Qwen2.5-1.5B-Instruct,countdown,Modular Norm RandOpt,44,62,0.16925,0.13265000000000002
3,Qwen/Qwen2.5-1.5B-Instruct,countdown,Modular Norm RandOpt,44,63,0.0821,0.13265000000000002
3,Qwen/Qwen2.5-1.5B-Instruct,countdown,Modular Norm RandOpt,44,64,0.14045000000000002,0.13265000000000002
3,Qwen/Qwen2.5-1.5B-Instruct,countdown,Modular Norm RandOpt,44,65,0.11045000000000003,0.13265000000000002
3,Qwen/Qwen2.5-1.5B-Instruct,countdown,Modular Norm RandOpt,44,66,0.11495000000000001,0.13265000000000002
3,Qwen/Qwen2.5-1.5B-Instruct,countdown,Modular Norm RandOpt,44,67,0.12200000000000003,0.13265000000000002
3,Qwen/Qwen2.5-1.5B-Instruct,countdown,Modular Norm RandOpt,44,68,0.13910000000000003,0.13265000000000002
3,Qwen/Qwen2.5-1.5B-Instruct,countdown,Modular Norm RandOpt,44,69,0.08625,0.13265000000000002
3,Qwen/Qwen2.5-1.5B-Instruct,countdown,Modular Norm RandOpt,44,70,0.12250000000000001,0.13265000000000002
3,Qwen/Qwen2.5-1.5B-Instruct,countdown,Modular Norm RandOpt,44,71,0.1209,0.13265000000000002
3,Qwen/Qwen2.5-1.5B-Instruct,countdown,Modular Norm RandOpt,44,72,0.12305000000000003,0.13265000000000002
3,Qwen/Qwen2.5-1.5B-Instruct,countdown,Modular Norm RandOpt,44,73,0.10930000000000001,0.13265000000000002
3,Qwen/Qwen2.5-1.5B-Instruct,countdown,Modular Norm RandOpt,44,74,0.15985000000000002,0.13265000000000002
3,Qwen/Qwen2.5-1.5B-Instruct,countdown,Modular Norm RandOpt,44,75,0.11725000000000002,0.13265000000000002
3,Qwen/Qwen2.5-1.5B-Instruct,countdown,Modular Norm RandOpt,44,76,0.11690000000000002,0.13265000000000002
3,Qwen/Qwen2.5-1.5B-Instruct,countdown,Modular Norm RandOpt,44,77,0.16025000000000003,0.13265000000000002
3,Qwen/Qwen2.5-1.5B-Instruct,countdown,Modular Norm RandOpt,44,78,0.12865000000000001,0.13265000000000002
3,Qwen/Qwen2.5-1.5B-Instruct,countdown,Modular Norm RandOpt,44,79,0.21195,0.13265000000000002
3,Qwen/Qwen2.5-1.5B-Instruct,countdown,Modular Norm RandOpt,44,80,0.16660000000000003,0.13265000000000002
3,Qwen/Qwen2.5-1.5B-Instruct,countdown,Modular Norm RandOpt,44,81,0.10455000000000002,0.13265000000000002
3,Qwen/Qwen2.5-1.5B-Instruct,countdown,Modular Norm RandOpt,44,82,0.13970000000000002,0.13265000000000002
3,Qwen/Qwen2.5-1.5B-Instruct,countdown,Modular Norm RandOpt,44,83,0.12735000000000002,0.13265000000000002
3,Qwen/Qwen2.5-1.5B-Instruct,countdown,Modular Norm RandOpt,44,84,0.18159999999999996,0.13265000000000002
3,Qwen/Qwen2.5-1.5B-Instruct,countdown,Modular Norm RandOpt,44,85,0.10260000000000001,0.13265000000000002
3,Qwen/Qwen2.5-1.5B-Instruct,countdown,Modular Norm RandOpt,44,86,0.131,0.13265000000000002
3,Qwen/Qwen2.5-1.5B-Instruct,countdown,Modular Norm RandOpt,44,87,0.1054,0.13265000000000002
3,Qwen/Qwen2.5-1.5B-Instruct,countdown,Modular Norm RandOpt,44,88,0.06310000000000002,0.13265000000000002
3,Qwen/Qwen2.5-1.5B-Instruct,countdown,Modular Norm RandOpt,44,89,0.15395000000000003,0.13265000000000002
3,Qwen/Qwen2.5-1.5B-Instruct,countdown,Modular Norm RandOpt,44,90,0.12245,0.13265000000000002
3,Qwen/Qwen2.5-1.5B-Instruct,countdown,Modular Norm RandOpt,44,91,0.11305000000000004,0.13265000000000002
3,Qwen/Qwen2.5-1.5B-Instruct,countdown,Modular Norm RandOpt,44,92,0.14170000000000002,0.13265000000000002
3,Qwen/Qwen2.5-1.5B-Instruct,countdown,Modular Norm RandOpt,44,93,0.11065000000000001,0.13265000000000002
3,Qwen/Qwen2.5-1.5B-Instruct,countdown,Modular Norm RandOpt,44,94,0.15150000000000002,0.13265000000000002
3,Qwen/Qwen2.5-1.5B-Instruct,countdown,Modular Norm RandOpt,44,95,0.07075000000000001,0.13265000000000002
3,Qwen/Qwen2.5-1.5B-Instruct,countdown,Modular Norm RandOpt,44,96,0.18805,0.13265000000000002
3,Qwen/Qwen2.5-1.5B-Instruct,countdown,Modular Norm RandOpt,44,97,0.16510000000000005,0.13265000000000002
3,Qwen/Qwen2.5-1.5B-Instruct,countdown,Modular Norm RandOpt,44,98,0.16390000000000002,0.13265000000000002
3,Qwen/Qwen2.5-1.5B-Instruct,countdown,Modular Norm RandOpt,44,99,0.08535000000000002,0.13265000000000002
3,Qwen/Qwen2.5-1.5B-Instruct,countdown,RandOpt,42,0,0.20455,0.13265000000000002
3,Qwen/Qwen2.5-1.5B-Instruct,countdown,RandOpt,42,1,0.19110000000000002,0.13265000000000002
3,Qwen/Qwen2.5-1.5B-Instruct,countdown,RandOpt,42,2,0.15720000000000003,0.13265000000000002
3,Qwen/Qwen2.5-1.5B-Instruct,countdown,RandOpt,42,3,0.19665000000000002,0.13265000000000002
3,Qwen/Qwen2.5-1.5B-Instruct,countdown,RandOpt,42,4,0.15760000000000002,0.13265000000000002
3,Qwen/Qwen2.5-1.5B-Instruct,countdown,RandOpt,42,5,0.1458,0.13265000000000002
3,Qwen/Qwen2.5-1.5B-Instruct,countdown,RandOpt,42,6,0.17715000000000003,0.13265000000000002
3,Qwen/Qwen2.5-1.5B-Instruct,countdown,RandOpt,42,7,0.16825000000000004,0.13265000000000002
3,Qwen/Qwen2.5-1.5B-Instruct,countdown,RandOpt,42,8,0.17345000000000002,0.13265000000000002
3,Qwen/Qwen2.5-1.5B-Instruct,countdown,RandOpt,42,9,0.12890000000000001,0.13265000000000002
3,Qwen/Qwen2.5-1.5B-Instruct,countdown,RandOpt,42,10,0.12450000000000001,0.13265000000000002
3,Qwen/Qwen2.5-1.5B-Instruct,countdown,RandOpt,42,11,0.16260000000000002,0.13265000000000002
3,Qwen/Qwen2.5-1.5B-Instruct,countdown,RandOpt,42,12,0.1361,0.13265000000000002
3,Qwen/Qwen2.5-1.5B-Instruct,countdown,RandOpt,42,13,0.16495,0.13265000000000002
3,Qwen/Qwen2.5-1.5B-Instruct,countdown,RandOpt,42,14,0.12365000000000002,0.13265000000000002
3,Qwen/Qwen2.5-1.5B-Instruct,countdown,RandOpt,42,15,0.17805000000000004,0.13265000000000002
3,Qwen/Qwen2.5-1.5B-Instruct,countdown,RandOpt,42,16,0.20605000000000004,0.13265000000000002
3,Qwen/Qwen2.5-1.5B-Instruct,countdown,RandOpt,42,17,0.10340000000000002,0.13265000000000002
3,Qwen/Qwen2.5-1.5B-Instruct,countdown,RandOpt,42,18,0.1523,0.13265000000000002
3,Qwen/Qwen2.5-1.5B-Instruct,countdown,RandOpt,42,19,0.15285,0.13265000000000002
3,Qwen/Qwen2.5-1.5B-Instruct,countdown,RandOpt,42,20,0.17775000000000002,0.13265000000000002
3,Qwen/Qwen2.5-1.5B-Instruct,countdown,RandOpt,42,21,0.1603,0.13265000000000002
3,Qwen/Qwen2.5-1.5B-Instruct,countdown,RandOpt,42,22,0.13,0.13265000000000002
3,Qwen/Qwen2.5-1.5B-Instruct,countdown,RandOpt,42,23,0.12345000000000002,0.13265000000000002
3,Qwen/Qwen2.5-1.5B-Instruct,countdown,RandOpt,42,24,0.15705000000000002,0.13265000000000002
3,Qwen/Qwen2.5-1.5B-Instruct,countdown,RandOpt,42,25,0.14075000000000001,0.13265000000000002
3,Qwen/Qwen2.5-1.5B-Instruct,countdown,RandOpt,42,26,0.1526,0.13265000000000002
3,Qwen/Qwen2.5-1.5B-Instruct,countdown,RandOpt,42,27,0.12630000000000002,0.13265000000000002
3,Qwen/Qwen2.5-1.5B-Instruct,countdown,RandOpt,42,28,0.12885,0.13265000000000002
3,Qwen/Qwen2.5-1.5B-Instruct,countdown,RandOpt,42,29,0.171,0.13265000000000002
3,Qwen/Qwen2.5-1.5B-Instruct,countdown,RandOpt,42,30,0.14475000000000002,0.13265000000000002
3,Qwen/Qwen2.5-1.5B-Instruct,countdown,RandOpt,42,31,0.13495000000000001,0.13265000000000002
3,Qwen/Qwen2.5-1.5B-Instruct,countdown,RandOpt,42,32,0.1968,0.13265000000000002
3,Qwen/Qwen2.5-1.5B-Instruct,countdown,RandOpt,42,33,0.13450000000000004,0.13265000000000002
3,Qwen/Qwen2.5-1.5B-Instruct,countdown,RandOpt,42,34,0.19595,0.13265000000000002
3,Qwen/Qwen2.5-1.5B-Instruct,countdown,RandOpt,42,35,0.1237,0.13265000000000002
3,Qwen/Qwen2.5-1.5B-Instruct,countdown,RandOpt,42,36,0.1511,0.13265000000000002
3,Qwen/Qwen2.5-1.5B-Instruct,countdown,RandOpt,42,37,0.17475000000000002,0.13265000000000002
3,Qwen/Qwen2.5-1.5B-Instruct,countdown,RandOpt,42,38,0.14535,0.13265000000000002
3,Qwen/Qwen2.5-1.5B-Instruct,countdown,RandOpt,42,39,0.16005,0.13265000000000002
3,Qwen/Qwen2.5-1.5B-Instruct,countdown,RandOpt,42,40,0.11545000000000001,0.13265000000000002
3,Qwen/Qwen2.5-1.5B-Instruct,countdown,RandOpt,42,41,0.13475,0.13265000000000002
3,Qwen/Qwen2.5-1.5B-Instruct,countdown,RandOpt,42,42,0.12915000000000001,0.13265000000000002
3,Qwen/Qwen2.5-1.5B-Instruct,countdown,RandOpt,42,43,0.11645000000000001,0.13265000000000002
3,Qwen/Qwen2.5-1.5B-Instruct,countdown,RandOpt,42,44,0.10605,0.13265000000000002
3,Qwen/Qwen2.5-1.5B-Instruct,countdown,RandOpt,42,45,0.166,0.13265000000000002
3,Qwen/Qwen2.5-1.5B-Instruct,countdown,RandOpt,42,46,0.14175000000000001,0.13265000000000002
3,Qwen/Qwen2.5-1.5B-Instruct,countdown,RandOpt,42,47,0.17425000000000004,0.13265000000000002
3,Qwen/Qwen2.5-1.5B-Instruct,countdown,RandOpt,42,48,0.12175000000000001,0.13265000000000002
3,Qwen/Qwen2.5-1.5B-Instruct,countdown,RandOpt,42,49,0.15325000000000003,0.13265000000000002
3,Qwen/Qwen2.5-1.5B-Instruct,countdown,RandOpt,42,50,0.23370000000000002,0.13265000000000002
3,Qwen/Qwen2.5-1.5B-Instruct,countdown,RandOpt,42,51,0.11825000000000001,0.13265000000000002
3,Qwen/Qwen2.5-1.5B-Instruct,countdown,RandOpt,42,52,0.11565000000000002,0.13265000000000002
3,Qwen/Qwen2.5-1.5B-Instruct,countdown,RandOpt,42,53,0.1539,0.13265000000000002
3,Qwen/Qwen2.5-1.5B-Instruct,countdown,RandOpt,42,54,0.16240000000000002,0.13265000000000002
3,Qwen/Qwen2.5-1.5B-Instruct,countdown,RandOpt,42,55,0.14175000000000001,0.13265000000000002
3,Qwen/Qwen2.5-1.5B-Instruct,countdown,RandOpt,42,56,0.13895000000000002,0.13265000000000002
3,Qwen/Qwen2.5-1.5B-Instruct,countdown,RandOpt,42,57,0.15935,0.13265000000000002
3,Qwen/Qwen2.5-1.5B-Instruct,countdown,RandOpt,42,58,0.1547,0.13265000000000002
3,Qwen/Qwen2.5-1.5B-Instruct,countdown,RandOpt,42,59,0.14560000000000003,0.13265000000000002
3,Qwen/Qwen2.5-1.5B-Instruct,countdown,RandOpt,42,60,0.16870000000000002,0.13265000000000002
3,Qwen/Qwen2.5-1.5B-Instruct,countdown,RandOpt,42,61,0.14310000000000003,0.13265000000000002
3,Qwen/Qwen2.5-1.5B-Instruct,countdown,RandOpt,42,62,0.14265,0.13265000000000002
3,Qwen/Qwen2.5-1.5B-Instruct,countdown,RandOpt,42,63,0.14995000000000003,0.13265000000000002
3,Qwen/Qwen2.5-1.5B-Instruct,countdown,RandOpt,42,64,0.12615,0.13265000000000002
3,Qwen/Qwen2.5-1.5B-Instruct,countdown,RandOpt,42,65,0.14615000000000003,0.13265000000000002
3,Qwen/Qwen2.5-1.5B-Instruct,countdown,RandOpt,42,66,0.14240000000000003,0.13265000000000002
3,Qwen/Qwen2.5-1.5B-Instruct,countdown,RandOpt,42,67,0.18560000000000001,0.13265000000000002
3,Qwen/Qwen2.5-1.5B-Instruct,countdown,RandOpt,42,68,0.16515000000000002,0.13265000000000002
3,Qwen/Qwen2.5-1.5B-Instruct,countdown,RandOpt,42,69,0.10805000000000002,0.13265000000000002
3,Qwen/Qwen2.5-1.5B-Instruct,countdown,RandOpt,42,70,0.15775000000000006,0.13265000000000002
3,Qwen/Qwen2.5-1.5B-Instruct,countdown,RandOpt,42,71,0.16045,0.13265000000000002
3,Qwen/Qwen2.5-1.5B-Instruct,countdown,RandOpt,42,72,0.11715,0.13265000000000002
3,Qwen/Qwen2.5-1.5B-Instruct,countdown,RandOpt,42,73,0.13305,0.13265000000000002
3,Qwen/Qwen2.5-1.5B-Instruct,countdown,RandOpt,42,74,0.22695,0.13265000000000002
3,Qwen/Qwen2.5-1.5B-Instruct,countdown,RandOpt,42,75,0.19425,0.13265000000000002
3,Qwen/Qwen2.5-1.5B-Instruct,countdown,RandOpt,42,76,0.16055,0.13265000000000002
3,Qwen/Qwen2.5-1.5B-Instruct,countdown,RandOpt,42,77,0.13365000000000002,0.13265000000000002
3,Qwen/Qwen2.5-1.5B-Instruct,countdown,RandOpt,42,78,0.19185000000000002,0.13265000000000002
3,Qwen/Qwen2.5-1.5B-Instruct,countdown,RandOpt,42,79,0.18215000000000003,0.13265000000000002
3,Qwen/Qwen2.5-1.5B-Instruct,countdown,RandOpt,42,80,0.19845000000000002,0.13265000000000002
3,Qwen/Qwen2.5-1.5B-Instruct,countdown,RandOpt,42,81,0.23135000000000006,0.13265000000000002
3,Qwen/Qwen2.5-1.5B-Instruct,countdown,RandOpt,42,82,0.1418,0.13265000000000002
3,Qwen/Qwen2.5-1.5B-Instruct,countdown,RandOpt,42,83,0.13945000000000002,0.13265000000000002
3,Qwen/Qwen2.5-1.5B-Instruct,countdown,RandOpt,42,84,0.15125000000000002,0.13265000000000002
3,Qwen/Qwen2.5-1.5B-Instruct,countdown,RandOpt,42,85,0.20565000000000005,0.13265000000000002
3,Qwen/Qwen2.5-1.5B-Instruct,countdown,RandOpt,42,86,0.15565,0.13265000000000002
3,Qwen/Qwen2.5-1.5B-Instruct,countdown,RandOpt,42,87,0.18515,0.13265000000000002
3,Qwen/Qwen2.5-1.5B-Instruct,countdown,RandOpt,42,88,0.13905,0.13265000000000002
3,Qwen/Qwen2.5-1.5B-Instruct,countdown,RandOpt,42,89,0.12510000000000002,0.13265000000000002
3,Qwen/Qwen2.5-1.5B-Instruct,countdown,RandOpt,42,90,0.16745000000000002,0.13265000000000002
3,Qwen/Qwen2.5-1.5B-Instruct,countdown,RandOpt,42,91,0.17310000000000003,0.13265000000000002
3,Qwen/Qwen2.5-1.5B-Instruct,countdown,RandOpt,42,92,0.17,0.13265000000000002
3,Qwen/Qwen2.5-1.5B-Instruct,countdown,RandOpt,42,93,0.11035000000000002,0.13265000000000002
3,Qwen/Qwen2.5-1.5B-Instruct,countdown,RandOpt,42,94,0.1526,0.13265000000000002
3,Qwen/Qwen2.5-1.5B-Instruct,countdown,RandOpt,42,95,0.16235000000000002,0.13265000000000002
3,Qwen/Qwen2.5-1.5B-Instruct,countdown,RandOpt,42,96,0.16990000000000002,0.13265000000000002
3,Qwen/Qwen2.5-1.5B-Instruct,countdown,RandOpt,42,97,0.14859999999999998,0.13265000000000002
3,Qwen/Qwen2.5-1.5B-Instruct,countdown,RandOpt,42,98,0.18475000000000003,0.13265000000000002
3,Qwen/Qwen2.5-1.5B-Instruct,countdown,RandOpt,42,99,0.1562,0.13265000000000002
3,Qwen/Qwen2.5-1.5B-Instruct,countdown,RandOpt,43,0,0.1189,0.13265000000000002
3,Qwen/Qwen2.5-1.5B-Instruct,countdown,RandOpt,43,1,0.14550000000000002,0.13265000000000002
3,Qwen/Qwen2.5-1.5B-Instruct,countdown,RandOpt,43,2,0.1246,0.13265000000000002
3,Qwen/Qwen2.5-1.5B-Instruct,countdown,RandOpt,43,3,0.13405,0.13265000000000002
3,Qwen/Qwen2.5-1.5B-Instruct,countdown,RandOpt,43,4,0.16335,0.13265000000000002
3,Qwen/Qwen2.5-1.5B-Instruct,countdown,RandOpt,43,5,0.11005000000000001,0.13265000000000002
3,Qwen/Qwen2.5-1.5B-Instruct,countdown,RandOpt,43,6,0.12085000000000003,0.13265000000000002
3,Qwen/Qwen2.5-1.5B-Instruct,countdown,RandOpt,43,7,0.13490000000000002,0.13265000000000002
3,Qwen/Qwen2.5-1.5B-Instruct,countdown,RandOpt,43,8,0.1531,0.13265000000000002
3,Qwen/Qwen2.5-1.5B-Instruct,countdown,RandOpt,43,9,0.17525000000000002,0.13265000000000002
3,Qwen/Qwen2.5-1.5B-Instruct,countdown,RandOpt,43,10,0.17395000000000002,0.13265000000000002
3,Qwen/Qwen2.5-1.5B-Instruct,countdown,RandOpt,43,11,0.13925,0.13265000000000002
3,Qwen/Qwen2.5-1.5B-Instruct,countdown,RandOpt,43,12,0.18460000000000001,0.13265000000000002
3,Qwen/Qwen2.5-1.5B-Instruct,countdown,RandOpt,43,13,0.1685,0.13265000000000002
3,Qwen/Qwen2.5-1.5B-Instruct,countdown,RandOpt,43,14,0.15705000000000002,0.13265000000000002
3,Qwen/Qwen2.5-1.5B-Instruct,countdown,RandOpt,43,15,0.14800000000000002,0.13265000000000002
3,Qwen/Qwen2.5-1.5B-Instruct,countdown,RandOpt,43,16,0.14925000000000002,0.13265000000000002
3,Qwen/Qwen2.5-1.5B-Instruct,countdown,RandOpt,43,17,0.13955,0.13265000000000002
3,Qwen/Qwen2.5-1.5B-Instruct,countdown,RandOpt,43,18,0.10410000000000003,0.13265000000000002
3,Qwen/Qwen2.5-1.5B-Instruct,countdown,RandOpt,43,19,0.14795000000000003,0.13265000000000002
3,Qwen/Qwen2.5-1.5B-Instruct,countdown,RandOpt,43,20,0.1509,0.13265000000000002
3,Qwen/Qwen2.5-1.5B-Instruct,countdown,RandOpt,43,21,0.19185000000000002,0.13265000000000002
3,Qwen/Qwen2.5-1.5B-Instruct,countdown,RandOpt,43,22,0.11565000000000002,0.13265000000000002
3,Qwen/Qwen2.5-1.5B-Instruct,countdown,RandOpt,43,23,0.09265000000000002,0.13265000000000002
3,Qwen/Qwen2.5-1.5B-Instruct,countdown,RandOpt,43,24,0.20135000000000006,0.13265000000000002
3,Qwen/Qwen2.5-1.5B-Instruct,countdown,RandOpt,43,25,0.0906,0.13265000000000002
3,Qwen/Qwen2.5-1.5B-Instruct,countdown,RandOpt,43,26,0.14455,0.13265000000000002
3,Qwen/Qwen2.5-1.5B-Instruct,countdown,RandOpt,43,27,0.15810000000000002,0.13265000000000002
3,Qwen/Qwen2.5-1.5B-Instruct,countdown,RandOpt,43,28,0.17675000000000002,0.13265000000000002
3,Qwen/Qwen2.5-1.5B-Instruct,countdown,RandOpt,43,29,0.13225,0.13265000000000002
3,Qwen/Qwen2.5-1.5B-Instruct,countdown,RandOpt,43,30,0.17285,0.13265000000000002
3,Qwen/Qwen2.5-1.5B-Instruct,countdown,RandOpt,43,31,0.0947,0.13265000000000002
3,Qwen/Qwen2.5-1.5B-Instruct,countdown,RandOpt,43,32,0.20155,0.13265000000000002
3,Qwen/Qwen2.5-1.5B-Instruct,countdown,RandOpt,43,33,0.1947,0.13265000000000002
3,Qwen/Qwen2.5-1.5B-Instruct,countdown,RandOpt,43,34,0.12305000000000002,0.13265000000000002
3,Qwen/Qwen2.5-1.5B-Instruct,countdown,RandOpt,43,35,0.18695,0.13265000000000002
3,Qwen/Qwen2.5-1.5B-Instruct,countdown,RandOpt,43,36,0.20189999999999997,0.13265000000000002
3,Qwen/Qwen2.5-1.5B-Instruct,countdown,RandOpt,43,37,0.19825000000000004,0.13265000000000002
3,Qwen/Qwen2.5-1.5B-Instruct,countdown,RandOpt,43,38,0.16725,0.13265000000000002
3,Qwen/Qwen2.5-1.5B-Instruct,countdown,RandOpt,43,39,0.1266,0.13265000000000002
3,Qwen/Qwen2.5-1.5B-Instruct,countdown,RandOpt,43,40,0.08195000000000001,0.13265000000000002
3,Qwen/Qwen2.5-1.5B-Instruct,countdown,RandOpt,43,41,0.15290000000000004,0.13265000000000002
3,Qwen/Qwen2.5-1.5B-Instruct,countdown,RandOpt,43,42,0.14770000000000003,0.13265000000000002
3,Qwen/Qwen2.5-1.5B-Instruct,countdown,RandOpt,43,43,0.16274999999999998,0.13265000000000002
3,Qwen/Qwen2.5-1.5B-Instruct,countdown,RandOpt,43,44,0.15655000000000002,0.13265000000000002
3,Qwen/Qwen2.5-1.5B-Instruct,countdown,RandOpt,43,45,0.168,0.13265000000000002
3,Qwen/Qwen2.5-1.5B-Instruct,countdown,RandOpt,43,46,0.2011,0.13265000000000002
3,Qwen/Qwen2.5-1.5B-Instruct,countdown,RandOpt,43,47,0.11680000000000001,0.13265000000000002
3,Qwen/Qwen2.5-1.5B-Instruct,countdown,RandOpt,43,48,0.13235000000000002,0.13265000000000002
3,Qwen/Qwen2.5-1.5B-Instruct,countdown,RandOpt,43,49,0.17285,0.13265000000000002
3,Qwen/Qwen2.5-1.5B-Instruct,countdown,RandOpt,43,50,0.17435000000000003,0.13265000000000002
3,Qwen/Qwen2.5-1.5B-Instruct,countdown,RandOpt,43,51,0.17145,0.13265000000000002
3,Qwen/Qwen2.5-1.5B-Instruct,countdown,RandOpt,43,52,0.14975000000000002,0.13265000000000002
3,Qwen/Qwen2.5-1.5B-Instruct,countdown,RandOpt,43,53,0.1616,0.13265000000000002
3,Qwen/Qwen2.5-1.5B-Instruct,countdown,RandOpt,43,54,0.12170000000000002,0.13265000000000002
3,Qwen/Qwen2.5-1.5B-Instruct,countdown,RandOpt,43,55,0.15309999999999999,0.13265000000000002
3,Qwen/Qwen2.5-1.5B-Instruct,countdown,RandOpt,43,56,0.20575000000000002,0.13265000000000002
3,Qwen/Qwen2.5-1.5B-Instruct,countdown,RandOpt,43,57,0.14120000000000002,0.13265000000000002
3,Qwen/Qwen2.5-1.5B-Instruct,countdown,RandOpt,43,58,0.17365000000000003,0.13265000000000002
3,Qwen/Qwen2.5-1.5B-Instruct,countdown,RandOpt,43,59,0.13250000000000003,0.13265000000000002
3,Qwen/Qwen2.5-1.5B-Instruct,countdown,RandOpt,43,60,0.15790000000000004,0.13265000000000002
3,Qwen/Qwen2.5-1.5B-Instruct,countdown,RandOpt,43,61,0.17035,0.13265000000000002
3,Qwen/Qwen2.5-1.5B-Instruct,countdown,RandOpt,43,62,0.12505000000000002,0.13265000000000002
3,Qwen/Qwen2.5-1.5B-Instruct,countdown,RandOpt,43,63,0.18350000000000002,0.13265000000000002
3,Qwen/Qwen2.5-1.5B-Instruct,countdown,RandOpt,43,64,0.18615,0.13265000000000002
3,Qwen/Qwen2.5-1.5B-Instruct,countdown,RandOpt,43,65,0.15810000000000002,0.13265000000000002
3,Qwen/Qwen2.5-1.5B-Instruct,countdown,RandOpt,43,66,0.2144,0.13265000000000002
3,Qwen/Qwen2.5-1.5B-Instruct,countdown,RandOpt,43,67,0.15290000000000004,0.13265000000000002
3,Qwen/Qwen2.5-1.5B-Instruct,countdown,RandOpt,43,68,0.13630000000000003,0.13265000000000002
3,Qwen/Qwen2.5-1.5B-Instruct,countdown,RandOpt,43,69,0.12290000000000002,0.13265000000000002
3,Qwen/Qwen2.5-1.5B-Instruct,countdown,RandOpt,43,70,0.2041,0.13265000000000002
3,Qwen/Qwen2.5-1.5B-Instruct,countdown,RandOpt,43,71,0.23125,0.13265000000000002
3,Qwen/Qwen2.5-1.5B-Instruct,countdown,RandOpt,43,72,0.19445,0.13265000000000002
3,Qwen/Qwen2.5-1.5B-Instruct,countdown,RandOpt,43,73,0.15050000000000002,0.13265000000000002
3,Qwen/Qwen2.5-1.5B-Instruct,countdown,RandOpt,43,74,0.12055000000000002,0.13265000000000002
3,Qwen/Qwen2.5-1.5B-Instruct,countdown,RandOpt,43,75,0.09935000000000002,0.13265000000000002
3,Qwen/Qwen2.5-1.5B-Instruct,countdown,RandOpt,43,76,0.16505000000000003,0.13265000000000002
3,Qwen/Qwen2.5-1.5B-Instruct,countdown,RandOpt,43,77,0.16090000000000004,0.13265000000000002
3,Qwen/Qwen2.5-1.5B-Instruct,countdown,RandOpt,43,78,0.11510000000000002,0.13265000000000002
3,Qwen/Qwen2.5-1.5B-Instruct,countdown,RandOpt,43,79,0.1457,0.13265000000000002
3,Qwen/Qwen2.5-1.5B-Instruct,countdown,RandOpt,43,80,0.1155,0.13265000000000002
3,Qwen/Qwen2.5-1.5B-Instruct,countdown,RandOpt,43,81,0.1342,0.13265000000000002
3,Qwen/Qwen2.5-1.5B-Instruct,countdown,RandOpt,43,82,0.1723,0.13265000000000002
3,Qwen/Qwen2.5-1.5B-Instruct,countdown,RandOpt,43,83,0.13935000000000003,0.13265000000000002
3,Qwen/Qwen2.5-1.5B-Instruct,countdown,RandOpt,43,84,0.14275000000000002,0.13265000000000002
3,Qwen/Qwen2.5-1.5B-Instruct,countdown,RandOpt,43,85,0.13485,0.13265000000000002
3,Qwen/Qwen2.5-1.5B-Instruct,countdown,RandOpt,43,86,0.1462,0.13265000000000002
3,Qwen/Qwen2.5-1.5B-Instruct,countdown,RandOpt,43,87,0.17490000000000003,0.13265000000000002
3,Qwen/Qwen2.5-1.5B-Instruct,countdown,RandOpt,43,88,0.17605,0.13265000000000002
3,Qwen/Qwen2.5-1.5B-Instruct,countdown,RandOpt,43,89,0.14045000000000002,0.13265000000000002
3,Qwen/Qwen2.5-1.5B-Instruct,countdown,RandOpt,43,90,0.16950000000000004,0.13265000000000002
3,Qwen/Qwen2.5-1.5B-Instruct,countdown,RandOpt,43,91,0.13060000000000002,0.13265000000000002
3,Qwen/Qwen2.5-1.5B-Instruct,countdown,RandOpt,43,92,0.19325,0.13265000000000002
3,Qwen/Qwen2.5-1.5B-Instruct,countdown,RandOpt,43,93,0.1771,0.13265000000000002
3,Qwen/Qwen2.5-1.5B-Instruct,countdown,RandOpt,43,94,0.19245,0.13265000000000002
3,Qwen/Qwen2.5-1.5B-Instruct,countdown,RandOpt,43,95,0.10615000000000002,0.13265000000000002
3,Qwen/Qwen2.5-1.5B-Instruct,countdown,RandOpt,43,96,0.13525,0.13265000000000002
3,Qwen/Qwen2.5-1.5B-Instruct,countdown,RandOpt,43,97,0.14065000000000003,0.13265000000000002
3,Qwen/Qwen2.5-1.5B-Instruct,countdown,RandOpt,43,98,0.15325,0.13265000000000002
3,Qwen/Qwen2.5-1.5B-Instruct,countdown,RandOpt,43,99,0.1401,0.13265000000000002
3,Qwen/Qwen2.5-1.5B-Instruct,countdown,RandOpt,44,0,0.16130000000000003,0.13265000000000002
3,Qwen/Qwen2.5-1.5B-Instruct,countdown,RandOpt,44,1,0.22150000000000003,0.13265000000000002
3,Qwen/Qwen2.5-1.5B-Instruct,countdown,RandOpt,44,2,0.17655,0.13265000000000002
3,Qwen/Qwen2.5-1.5B-Instruct,countdown,RandOpt,44,3,0.14535,0.13265000000000002
3,Qwen/Qwen2.5-1.5B-Instruct,countdown,RandOpt,44,4,0.18510000000000001,0.13265000000000002
3,Qwen/Qwen2.5-1.5B-Instruct,countdown,RandOpt,44,5,0.2023,0.13265000000000002
3,Qwen/Qwen2.5-1.5B-Instruct,countdown,RandOpt,44,6,0.1307,0.13265000000000002
3,Qwen/Qwen2.5-1.5B-Instruct,countdown,RandOpt,44,7,0.14925,0.13265000000000002
3,Qwen/Qwen2.5-1.5B-Instruct,countdown,RandOpt,44,8,0.1595,0.13265000000000002
3,Qwen/Qwen2.5-1.5B-Instruct,countdown,RandOpt,44,9,0.16765000000000005,0.13265000000000002
3,Qwen/Qwen2.5-1.5B-Instruct,countdown,RandOpt,44,10,0.19395000000000004,0.13265000000000002
3,Qwen/Qwen2.5-1.5B-Instruct,countdown,RandOpt,44,11,0.1707,0.13265000000000002
3,Qwen/Qwen2.5-1.5B-Instruct,countdown,RandOpt,44,12,0.10515000000000001,0.13265000000000002
3,Qwen/Qwen2.5-1.5B-Instruct,countdown,RandOpt,44,13,0.22655,0.13265000000000002
3,Qwen/Qwen2.5-1.5B-Instruct,countdown,RandOpt,44,14,0.15055000000000004,0.13265000000000002
3,Qwen/Qwen2.5-1.5B-Instruct,countdown,RandOpt,44,15,0.15330000000000005,0.13265000000000002
3,Qwen/Qwen2.5-1.5B-Instruct,countdown,RandOpt,44,16,0.12200000000000001,0.13265000000000002
3,Qwen/Qwen2.5-1.5B-Instruct,countdown,RandOpt,44,17,0.1875,0.13265000000000002
3,Qwen/Qwen2.5-1.5B-Instruct,countdown,RandOpt,44,18,0.1689,0.13265000000000002
3,Qwen/Qwen2.5-1.5B-Instruct,countdown,RandOpt,44,19,0.1413,0.13265000000000002
3,Qwen/Qwen2.5-1.5B-Instruct,countdown,RandOpt,44,20,0.17415,0.13265000000000002
3,Qwen/Qwen2.5-1.5B-Instruct,countdown,RandOpt,44,21,0.16315000000000004,0.13265000000000002
3,Qwen/Qwen2.5-1.5B-Instruct,countdown,RandOpt,44,22,0.17340000000000003,0.13265000000000002
3,Qwen/Qwen2.5-1.5B-Instruct,countdown,RandOpt,44,23,0.16010000000000002,0.13265000000000002
3,Qwen/Qwen2.5-1.5B-Instruct,countdown,RandOpt,44,24,0.12120000000000002,0.13265000000000002
3,Qwen/Qwen2.5-1.5B-Instruct,countdown,RandOpt,44,25,0.16160000000000005,0.13265000000000002
3,Qwen/Qwen2.5-1.5B-Instruct,countdown,RandOpt,44,26,0.1628,0.13265000000000002
3,Qwen/Qwen2.5-1.5B-Instruct,countdown,RandOpt,44,27,0.15935000000000002,0.13265000000000002
3,Qwen/Qwen2.5-1.5B-Instruct,countdown,RandOpt,44,28,0.16375,0.13265000000000002
3,Qwen/Qwen2.5-1.5B-Instruct,countdown,RandOpt,44,29,0.12780000000000002,0.13265000000000002
3,Qwen/Qwen2.5-1.5B-Instruct,countdown,RandOpt,44,30,0.1708,0.13265000000000002
3,Qwen/Qwen2.5-1.5B-Instruct,countdown,RandOpt,44,31,0.17130000000000004,0.13265000000000002
3,Qwen/Qwen2.5-1.5B-Instruct,countdown,RandOpt,44,32,0.14315,0.13265000000000002
3,Qwen/Qwen2.5-1.5B-Instruct,countdown,RandOpt,44,33,0.14005000000000004,0.13265000000000002
3,Qwen/Qwen2.5-1.5B-Instruct,countdown,RandOpt,44,34,0.12915000000000001,0.13265000000000002
3,Qwen/Qwen2.5-1.5B-Instruct,countdown,RandOpt,44,35,0.14790000000000003,0.13265000000000002
3,Qwen/Qwen2.5-1.5B-Instruct,countdown,RandOpt,44,36,0.16570000000000001,0.13265000000000002
3,Qwen/Qwen2.5-1.5B-Instruct,countdown,RandOpt,44,37,0.1409,0.13265000000000002
3,Qwen/Qwen2.5-1.5B-Instruct,countdown,RandOpt,44,38,0.11385000000000002,0.13265000000000002
3,Qwen/Qwen2.5-1.5B-Instruct,countdown,RandOpt,44,39,0.1723,0.13265000000000002
3,Qwen/Qwen2.5-1.5B-Instruct,countdown,RandOpt,44,40,0.17995000000000005,0.13265000000000002
3,Qwen/Qwen2.5-1.5B-Instruct,countdown,RandOpt,44,41,0.16860000000000006,0.13265000000000002
3,Qwen/Qwen2.5-1.5B-Instruct,countdown,RandOpt,44,42,0.14145000000000002,0.13265000000000002
3,Qwen/Qwen2.5-1.5B-Instruct,countdown,RandOpt,44,43,0.19535000000000002,0.13265000000000002
3,Qwen/Qwen2.5-1.5B-Instruct,countdown,RandOpt,44,44,0.16400000000000003,0.13265000000000002
3,Qwen/Qwen2.5-1.5B-Instruct,countdown,RandOpt,44,45,0.15125,0.13265000000000002
3,Qwen/Qwen2.5-1.5B-Instruct,countdown,RandOpt,44,46,0.19015,0.13265000000000002
3,Qwen/Qwen2.5-1.5B-Instruct,countdown,RandOpt,44,47,0.1562,0.13265000000000002
3,Qwen/Qwen2.5-1.5B-Instruct,countdown,RandOpt,44,48,0.1758,0.13265000000000002
3,Qwen/Qwen2.5-1.5B-Instruct,countdown,RandOpt,44,49,0.15715000000000004,0.13265000000000002
3,Qwen/Qwen2.5-1.5B-Instruct,countdown,RandOpt,44,50,0.16275000000000003,0.13265000000000002
3,Qwen/Qwen2.5-1.5B-Instruct,countdown,RandOpt,44,51,0.17990000000000003,0.13265000000000002
3,Qwen/Qwen2.5-1.5B-Instruct,countdown,RandOpt,44,52,0.1255,0.13265000000000002
3,Qwen/Qwen2.5-1.5B-Instruct,countdown,RandOpt,44,53,0.13580000000000003,0.13265000000000002
3,Qwen/Qwen2.5-1.5B-Instruct,countdown,RandOpt,44,54,0.17525000000000002,0.13265000000000002
3,Qwen/Qwen2.5-1.5B-Instruct,countdown,RandOpt,44,55,0.1373,0.13265000000000002
3,Qwen/Qwen2.5-1.5B-Instruct,countdown,RandOpt,44,56,0.12965,0.13265000000000002
3,Qwen/Qwen2.5-1.5B-Instruct,countdown,RandOpt,44,57,0.1664,0.13265000000000002
3,Qwen/Qwen2.5-1.5B-Instruct,countdown,RandOpt,44,58,0.13355000000000003,0.13265000000000002
3,Qwen/Qwen2.5-1.5B-Instruct,countdown,RandOpt,44,59,0.16900000000000007,0.13265000000000002
3,Qwen/Qwen2.5-1.5B-Instruct,countdown,RandOpt,44,60,0.15100000000000002,0.13265000000000002
3,Qwen/Qwen2.5-1.5B-Instruct,countdown,RandOpt,44,61,0.13920000000000002,0.13265000000000002
3,Qwen/Qwen2.5-1.5B-Instruct,countdown,RandOpt,44,62,0.17565,0.13265000000000002
3,Qwen/Qwen2.5-1.5B-Instruct,countdown,RandOpt,44,63,0.14595000000000002,0.13265000000000002
3,Qwen/Qwen2.5-1.5B-Instruct,countdown,RandOpt,44,64,0.1269,0.13265000000000002
3,Qwen/Qwen2.5-1.5B-Instruct,countdown,RandOpt,44,65,0.15610000000000002,0.13265000000000002
3,Qwen/Qwen2.5-1.5B-Instruct,countdown,RandOpt,44,66,0.15945,0.13265000000000002
3,Qwen/Qwen2.5-1.5B-Instruct,countdown,RandOpt,44,67,0.15730000000000002,0.13265000000000002
3,Qwen/Qwen2.5-1.5B-Instruct,countdown,RandOpt,44,68,0.18735,0.13265000000000002
3,Qwen/Qwen2.5-1.5B-Instruct,countdown,RandOpt,44,69,0.12945,0.13265000000000002
3,Qwen/Qwen2.5-1.5B-Instruct,countdown,RandOpt,44,70,0.14695000000000003,0.13265000000000002
3,Qwen/Qwen2.5-1.5B-Instruct,countdown,RandOpt,44,71,0.20035000000000003,0.13265000000000002
3,Qwen/Qwen2.5-1.5B-Instruct,countdown,RandOpt,44,72,0.12795,0.13265000000000002
3,Qwen/Qwen2.5-1.5B-Instruct,countdown,RandOpt,44,73,0.15510000000000004,0.13265000000000002
3,Qwen/Qwen2.5-1.5B-Instruct,countdown,RandOpt,44,74,0.13965000000000002,0.13265000000000002
3,Qwen/Qwen2.5-1.5B-Instruct,countdown,RandOpt,44,75,0.12345000000000002,0.13265000000000002
3,Qwen/Qwen2.5-1.5B-Instruct,countdown,RandOpt,44,76,0.1547,0.13265000000000002
3,Qwen/Qwen2.5-1.5B-Instruct,countdown,RandOpt,44,77,0.20825000000000002,0.13265000000000002
3,Qwen/Qwen2.5-1.5B-Instruct,countdown,RandOpt,44,78,0.17840000000000003,0.13265000000000002
3,Qwen/Qwen2.5-1.5B-Instruct,countdown,RandOpt,44,79,0.13019999999999998,0.13265000000000002
3,Qwen/Qwen2.5-1.5B-Instruct,countdown,RandOpt,44,80,0.13575,0.13265000000000002
3,Qwen/Qwen2.5-1.5B-Instruct,countdown,RandOpt,44,81,0.1696,0.13265000000000002
3,Qwen/Qwen2.5-1.5B-Instruct,countdown,RandOpt,44,82,0.20160000000000003,0.13265000000000002
3,Qwen/Qwen2.5-1.5B-Instruct,countdown,RandOpt,44,83,0.15985000000000002,0.13265000000000002
3,Qwen/Qwen2.5-1.5B-Instruct,countdown,RandOpt,44,84,0.15405000000000002,0.13265000000000002
3,Qwen/Qwen2.5-1.5B-Instruct,countdown,RandOpt,44,85,0.14575000000000002,0.13265000000000002
3,Qwen/Qwen2.5-1.5B-Instruct,countdown,RandOpt,44,86,0.13755000000000003,0.13265000000000002
3,Qwen/Qwen2.5-1.5B-Instruct,countdown,RandOpt,44,87,0.15570000000000003,0.13265000000000002
3,Qwen/Qwen2.5-1.5B-Instruct,countdown,RandOpt,44,88,0.16810000000000003,0.13265000000000002
3,Qwen/Qwen2.5-1.5B-Instruct,countdown,RandOpt,44,89,0.14805000000000004,0.13265000000000002
3,Qwen/Qwen2.5-1.5B-Instruct,countdown,RandOpt,44,90,0.1868,0.13265000000000002
3,Qwen/Qwen2.5-1.5B-Instruct,countdown,RandOpt,44,91,0.17045000000000002,0.13265000000000002
3,Qwen/Qwen2.5-1.5B-Instruct,countdown,RandOpt,44,92,0.15015,0.13265000000000002
3,Qwen/Qwen2.5-1.5B-Instruct,countdown,RandOpt,44,93,0.14140000000000003,0.13265000000000002
3,Qwen/Qwen2.5-1.5B-Instruct,countdown,RandOpt,44,94,0.2189,0.13265000000000002
3,Qwen/Qwen2.5-1.5B-Instruct,countdown,RandOpt,44,95,0.1882,0.13265000000000002
3,Qwen/Qwen2.5-1.5B-Instruct,countdown,RandOpt,44,96,0.15915,0.13265000000000002
3,Qwen/Qwen2.5-1.5B-Instruct,countdown,RandOpt,44,97,0.13920000000000002,0.13265000000000002
3,Qwen/Qwen2.5-1.5B-Instruct,countdown,RandOpt,44,98,0.16,0.13265000000000002
3,Qwen/Qwen2.5-1.5B-Instruct,countdown,RandOpt,44,99,0.11755000000000003,0.13265000000000002
3,Qwen/Qwen2.5-1.5B-Instruct,gsm8k,Modular Norm RandOpt,42,0,0.695,0.705
3,Qwen/Qwen2.5-1.5B-Instruct,gsm8k,Modular Norm RandOpt,42,1,0.715,0.705
3,Qwen/Qwen2.5-1.5B-Instruct,gsm8k,Modular Norm RandOpt,42,2,0.745,0.705
3,Qwen/Qwen2.5-1.5B-Instruct,gsm8k,Modular Norm RandOpt,42,3,0.69,0.705
3,Qwen/Qwen2.5-1.5B-Instruct,gsm8k,Modular Norm RandOpt,42,4,0.71,0.705
3,Qwen/Qwen2.5-1.5B-Instruct,gsm8k,Modular Norm RandOpt,42,5,0.665,0.705
3,Qwen/Qwen2.5-1.5B-Instruct,gsm8k,Modular Norm RandOpt,42,6,0.735,0.705
3,Qwen/Qwen2.5-1.5B-Instruct,gsm8k,Modular Norm RandOpt,42,7,0.74,0.705
3,Qwen/Qwen2.5-1.5B-Instruct,gsm8k,Modular Norm RandOpt,42,8,0.72,0.705
3,Qwen/Qwen2.5-1.5B-Instruct,gsm8k,Modular Norm RandOpt,42,9,0.72,0.705
3,Qwen/Qwen2.5-1.5B-Instruct,gsm8k,Modular Norm RandOpt,42,10,0.71,0.705
3,Qwen/Qwen2.5-1.5B-Instruct,gsm8k,Modular Norm RandOpt,42,11,0.71,0.705
3,Qwen/Qwen2.5-1.5B-Instruct,gsm8k,Modular Norm RandOpt,42,12,0.705,0.705
3,Qwen/Qwen2.5-1.5B-Instruct,gsm8k,Modular Norm RandOpt,42,13,0.68,0.705
3,Qwen/Qwen2.5-1.5B-Instruct,gsm8k,Modular Norm RandOpt,42,14,0.7,0.705
3,Qwen/Qwen2.5-1.5B-Instruct,gsm8k,Modular Norm RandOpt,42,15,0.705,0.705
3,Qwen/Qwen2.5-1.5B-Instruct,gsm8k,Modular Norm RandOpt,42,16,0.68,0.705
3,Qwen/Qwen2.5-1.5B-Instruct,gsm8k,Modular Norm RandOpt,42,17,0.73,0.705
3,Qwen/Qwen2.5-1.5B-Instruct,gsm8k,Modular Norm RandOpt,42,18,0.67,0.705
3,Qwen/Qwen2.5-1.5B-Instruct,gsm8k,Modular Norm RandOpt,42,19,0.665,0.705
3,Qwen/Qwen2.5-1.5B-Instruct,gsm8k,Modular Norm RandOpt,42,20,0.74,0.705
3,Qwen/Qwen2.5-1.5B-Instruct,gsm8k,Modular Norm RandOpt,42,21,0.735,0.705
3,Qwen/Qwen2.5-1.5B-Instruct,gsm8k,Modular Norm RandOpt,42,22,0.725,0.705
3,Qwen/Qwen2.5-1.5B-Instruct,gsm8k,Modular Norm RandOpt,42,23,0.685,0.705
3,Qwen/Qwen2.5-1.5B-Instruct,gsm8k,Modular Norm RandOpt,42,24,0.68,0.705
3,Qwen/Qwen2.5-1.5B-Instruct,gsm8k,Modular Norm RandOpt,42,25,0.69,0.705
3,Qwen/Qwen2.5-1.5B-Instruct,gsm8k,Modular Norm RandOpt,42,26,0.72,0.705
3,Qwen/Qwen2.5-1.5B-Instruct,gsm8k,Modular Norm RandOpt,42,27,0.755,0.705
3,Qwen/Qwen2.5-1.5B-Instruct,gsm8k,Modular Norm RandOpt,42,28,0.725,0.705
3,Qwen/Qwen2.5-1.5B-Instruct,gsm8k,Modular Norm RandOpt,42,29,0.685,0.705
3,Qwen/Qwen2.5-1.5B-Instruct,gsm8k,Modular Norm RandOpt,42,30,0.72,0.705
3,Qwen/Qwen2.5-1.5B-Instruct,gsm8k,Modular Norm RandOpt,42,31,0.71,0.705
3,Qwen/Qwen2.5-1.5B-Instruct,gsm8k,Modular Norm RandOpt,42,32,0.64,0.705
3,Qwen/Qwen2.5-1.5B-Instruct,gsm8k,Modular Norm RandOpt,42,33,0.75,0.705
3,Qwen/Qwen2.5-1.5B-Instruct,gsm8k,Modular Norm RandOpt,42,34,0.72,0.705
3,Qwen/Qwen2.5-1.5B-Instruct,gsm8k,Modular Norm RandOpt,42,35,0.72,0.705
3,Qwen/Qwen2.5-1.5B-Instruct,gsm8k,Modular Norm RandOpt,42,36,0.695,0.705
3,Qwen/Qwen2.5-1.5B-Instruct,gsm8k,Modular Norm RandOpt,42,37,0.69,0.705
3,Qwen/Qwen2.5-1.5B-Instruct,gsm8k,Modular Norm RandOpt,42,38,0.7,0.705
3,Qwen/Qwen2.5-1.5B-Instruct,gsm8k,Modular Norm RandOpt,42,39,0.695,0.705
3,Qwen/Qwen2.5-1.5B-Instruct,gsm8k,Modular Norm RandOpt,42,40,0.73,0.705
3,Qwen/Qwen2.5-1.5B-Instruct,gsm8k,Modular Norm RandOpt,42,41,0.685,0.705
3,Qwen/Qwen2.5-1.5B-Instruct,gsm8k,Modular Norm RandOpt,42,42,0.68,0.705
3,Qwen/Qwen2.5-1.5B-Instruct,gsm8k,Modular Norm RandOpt,42,43,0.66,0.705
3,Qwen/Qwen2.5-1.5B-Instruct,gsm8k,Modular Norm RandOpt,42,44,0.725,0.705
3,Qwen/Qwen2.5-1.5B-Instruct,gsm8k,Modular Norm RandOpt,42,45,0.78,0.705
3,Qwen/Qwen2.5-1.5B-Instruct,gsm8k,Modular Norm RandOpt,42,46,0.61,0.705
3,Qwen/Qwen2.5-1.5B-Instruct,gsm8k,Modular Norm RandOpt,42,47,0.705,0.705
3,Qwen/Qwen2.5-1.5B-Instruct,gsm8k,Modular Norm RandOpt,42,48,0.725,0.705
3,Qwen/Qwen2.5-1.5B-Instruct,gsm8k,Modular Norm RandOpt,42,49,0.725,0.705
3,Qwen/Qwen2.5-1.5B-Instruct,gsm8k,Modular Norm RandOpt,42,50,0.735,0.705
3,Qwen/Qwen2.5-1.5B-Instruct,gsm8k,Modular Norm RandOpt,42,51,0.775,0.705
3,Qwen/Qwen2.5-1.5B-Instruct,gsm8k,Modular Norm RandOpt,42,52,0.735,0.705
3,Qwen/Qwen2.5-1.5B-Instruct,gsm8k,Modular Norm RandOpt,42,53,0.73,0.705
3,Qwen/Qwen2.5-1.5B-Instruct,gsm8k,Modular Norm RandOpt,42,54,0.705,0.705
3,Qwen/Qwen2.5-1.5B-Instruct,gsm8k,Modular Norm RandOpt,42,55,0.77,0.705
3,Qwen/Qwen2.5-1.5B-Instruct,gsm8k,Modular Norm RandOpt,42,56,0.71,0.705
3,Qwen/Qwen2.5-1.5B-Instruct,gsm8k,Modular Norm RandOpt,42,57,0.68,0.705
3,Qwen/Qwen2.5-1.5B-Instruct,gsm8k,Modular Norm RandOpt,42,58,0.65,0.705
3,Qwen/Qwen2.5-1.5B-Instruct,gsm8k,Modular Norm RandOpt,42,59,0.715,0.705
3,Qwen/Qwen2.5-1.5B-Instruct,gsm8k,Modular Norm RandOpt,42,60,0.74,0.705
3,Qwen/Qwen2.5-1.5B-Instruct,gsm8k,Modular Norm RandOpt,42,61,0.705,0.705
3,Qwen/Qwen2.5-1.5B-Instruct,gsm8k,Modular Norm RandOpt,42,62,0.685,0.705
3,Qwen/Qwen2.5-1.5B-Instruct,gsm8k,Modular Norm RandOpt,42,63,0.72,0.705
3,Qwen/Qwen2.5-1.5B-Instruct,gsm8k,Modular Norm RandOpt,42,64,0.755,0.705
3,Qwen/Qwen2.5-1.5B-Instruct,gsm8k,Modular Norm RandOpt,42,65,0.725,0.705
3,Qwen/Qwen2.5-1.5B-Instruct,gsm8k,Modular Norm RandOpt,42,66,0.765,0.705
3,Qwen/Qwen2.5-1.5B-Instruct,gsm8k,Modular Norm RandOpt,42,67,0.7,0.705
3,Qwen/Qwen2.5-1.5B-Instruct,gsm8k,Modular Norm RandOpt,42,68,0.68,0.705
3,Qwen/Qwen2.5-1.5B-Instruct,gsm8k,Modular Norm RandOpt,42,69,0.65,0.705
3,Qwen/Qwen2.5-1.5B-Instruct,gsm8k,Modular Norm RandOpt,42,70,0.71,0.705
3,Qwen/Qwen2.5-1.5B-Instruct,gsm8k,Modular Norm RandOpt,42,71,0.74,0.705
3,Qwen/Qwen2.5-1.5B-Instruct,gsm8k,Modular Norm RandOpt,42,72,0.685,0.705
3,Qwen/Qwen2.5-1.5B-Instruct,gsm8k,Modular Norm RandOpt,42,73,0.7,0.705
3,Qwen/Qwen2.5-1.5B-Instruct,gsm8k,Modular Norm RandOpt,42,74,0.66,0.705
3,Qwen/Qwen2.5-1.5B-Instruct,gsm8k,Modular Norm RandOpt,42,75,0.7,0.705
3,Qwen/Qwen2.5-1.5B-Instruct,gsm8k,Modular Norm RandOpt,42,76,0.67,0.705
3,Qwen/Qwen2.5-1.5B-Instruct,gsm8k,Modular Norm RandOpt,42,77,0.74,0.705
3,Qwen/Qwen2.5-1.5B-Instruct,gsm8k,Modular Norm RandOpt,42,78,0.705,0.705
3,Qwen/Qwen2.5-1.5B-Instruct,gsm8k,Modular Norm RandOpt,42,79,0.68,0.705
3,Qwen/Qwen2.5-1.5B-Instruct,gsm8k,Modular Norm RandOpt,42,80,0.685,0.705
3,Qwen/Qwen2.5-1.5B-Instruct,gsm8k,Modular Norm RandOpt,42,81,0.635,0.705
3,Qwen/Qwen2.5-1.5B-Instruct,gsm8k,Modular Norm RandOpt,42,82,0.62,0.705
3,Qwen/Qwen2.5-1.5B-Instruct,gsm8k,Modular Norm RandOpt,42,83,0.735,0.705
3,Qwen/Qwen2.5-1.5B-Instruct,gsm8k,Modular Norm RandOpt,42,84,0.725,0.705
3,Qwen/Qwen2.5-1.5B-Instruct,gsm8k,Modular Norm RandOpt,42,85,0.69,0.705
3,Qwen/Qwen2.5-1.5B-Instruct,gsm8k,Modular Norm RandOpt,42,86,0.67,0.705
3,Qwen/Qwen2.5-1.5B-Instruct,gsm8k,Modular Norm RandOpt,42,87,0.735,0.705
3,Qwen/Qwen2.5-1.5B-Instruct,gsm8k,Modular Norm RandOpt,42,88,0.755,0.705
3,Qwen/Qwen2.5-1.5B-Instruct,gsm8k,Modular Norm RandOpt,42,89,0.7,0.705
3,Qwen/Qwen2.5-1.5B-Instruct,gsm8k,Modular Norm RandOpt,42,90,0.69,0.705
3,Qwen/Qwen2.5-1.5B-Instruct,gsm8k,Modular Norm RandOpt,42,91,0.655,0.705
3,Qwen/Qwen2.5-1.5B-Instruct,gsm8k,Modular Norm RandOpt,42,92,0.635,0.705
3,Qwen/Qwen2.5-1.5B-Instruct,gsm8k,Modular Norm RandOpt,42,93,0.67,0.705
3,Qwen/Qwen2.5-1.5B-Instruct,gsm8k,Modular Norm RandOpt,42,94,0.69,0.705
3,Qwen/Qwen2.5-1.5B-Instruct,gsm8k,Modular Norm RandOpt,42,95,0.78,0.705
3,Qwen/Qwen2.5-1.5B-Instruct,gsm8k,Modular Norm RandOpt,42,96,0.725,0.705
3,Qwen/Qwen2.5-1.5B-Instruct,gsm8k,Modular Norm RandOpt,42,97,0.705,0.705
3,Qwen/Qwen2.5-1.5B-Instruct,gsm8k,Modular Norm RandOpt,42,98,0.725,0.705
3,Qwen/Qwen2.5-1.5B-Instruct,gsm8k,Modular Norm RandOpt,42,99,0.74,0.705
3,Qwen/Qwen2.5-1.5B-Instruct,gsm8k,Modular Norm RandOpt,43,0,0.72,0.705
3,Qwen/Qwen2.5-1.5B-Instruct,gsm8k,Modular Norm RandOpt,43,1,0.675,0.705
3,Qwen/Qwen2.5-1.5B-Instruct,gsm8k,Modular Norm RandOpt,43,2,0.755,0.705
3,Qwen/Qwen2.5-1.5B-Instruct,gsm8k,Modular Norm RandOpt,43,3,0.68,0.705
3,Qwen/Qwen2.5-1.5B-Instruct,gsm8k,Modular Norm RandOpt,43,4,0.7,0.705
3,Qwen/Qwen2.5-1.5B-Instruct,gsm8k,Modular Norm RandOpt,43,5,0.675,0.705
3,Qwen/Qwen2.5-1.5B-Instruct,gsm8k,Modular Norm RandOpt,43,6,0.695,0.705
3,Qwen/Qwen2.5-1.5B-Instruct,gsm8k,Modular Norm RandOpt,43,7,0.735,0.705
3,Qwen/Qwen2.5-1.5B-Instruct,gsm8k,Modular Norm RandOpt,43,8,0.695,0.705
3,Qwen/Qwen2.5-1.5B-Instruct,gsm8k,Modular Norm RandOpt,43,9,0.66,0.705
3,Qwen/Qwen2.5-1.5B-Instruct,gsm8k,Modular Norm RandOpt,43,10,0.705,0.705
3,Qwen/Qwen2.5-1.5B-Instruct,gsm8k,Modular Norm RandOpt,43,11,0.675,0.705
3,Qwen/Qwen2.5-1.5B-Instruct,gsm8k,Modular Norm RandOpt,43,12,0.635,0.705
3,Qwen/Qwen2.5-1.5B-Instruct,gsm8k,Modular Norm RandOpt,43,13,0.68,0.705
3,Qwen/Qwen2.5-1.5B-Instruct,gsm8k,Modular Norm RandOpt,43,14,0.67,0.705
3,Qwen/Qwen2.5-1.5B-Instruct,gsm8k,Modular Norm RandOpt,43,15,0.67,0.705
3,Qwen/Qwen2.5-1.5B-Instruct,gsm8k,Modular Norm RandOpt,43,16,0.64,0.705
3,Qwen/Qwen2.5-1.5B-Instruct,gsm8k,Modular Norm RandOpt,43,17,0.725,0.705
3,Qwen/Qwen2.5-1.5B-Instruct,gsm8k,Modular Norm RandOpt,43,18,0.705,0.705
3,Qwen/Qwen2.5-1.5B-Instruct,gsm8k,Modular Norm RandOpt,43,19,0.675,0.705
3,Qwen/Qwen2.5-1.5B-Instruct,gsm8k,Modular Norm RandOpt,43,20,0.71,0.705
3,Qwen/Qwen2.5-1.5B-Instruct,gsm8k,Modular Norm RandOpt,43,21,0.725,0.705
3,Qwen/Qwen2.5-1.5B-Instruct,gsm8k,Modular Norm RandOpt,43,22,0.675,0.705
3,Qwen/Qwen2.5-1.5B-Instruct,gsm8k,Modular Norm RandOpt,43,23,0.64,0.705
3,Qwen/Qwen2.5-1.5B-Instruct,gsm8k,Modular Norm RandOpt,43,24,0.73,0.705
3,Qwen/Qwen2.5-1.5B-Instruct,gsm8k,Modular Norm RandOpt,43,25,0.7,0.705
3,Qwen/Qwen2.5-1.5B-Instruct,gsm8k,Modular Norm RandOpt,43,26,0.73,0.705
3,Qwen/Qwen2.5-1.5B-Instruct,gsm8k,Modular Norm RandOpt,43,27,0.685,0.705
3,Qwen/Qwen2.5-1.5B-Instruct,gsm8k,Modular Norm RandOpt,43,28,0.69,0.705
3,Qwen/Qwen2.5-1.5B-Instruct,gsm8k,Modular Norm RandOpt,43,29,0.695,0.705
3,Qwen/Qwen2.5-1.5B-Instruct,gsm8k,Modular Norm RandOpt,43,30,0.7,0.705
3,Qwen/Qwen2.5-1.5B-Instruct,gsm8k,Modular Norm RandOpt,43,31,0.735,0.705
3,Qwen/Qwen2.5-1.5B-Instruct,gsm8k,Modular Norm RandOpt,43,32,0.685,0.705
3,Qwen/Qwen2.5-1.5B-Instruct,gsm8k,Modular Norm RandOpt,43,33,0.73,0.705
3,Qwen/Qwen2.5-1.5B-Instruct,gsm8k,Modular Norm RandOpt,43,34,0.705,0.705
3,Qwen/Qwen2.5-1.5B-Instruct,gsm8k,Modular Norm RandOpt,43,35,0.72,0.705
3,Qwen/Qwen2.5-1.5B-Instruct,gsm8k,Modular Norm RandOpt,43,36,0.72,0.705
3,Qwen/Qwen2.5-1.5B-Instruct,gsm8k,Modular Norm RandOpt,43,37,0.745,0.705
3,Qwen/Qwen2.5-1.5B-Instruct,gsm8k,Modular Norm RandOpt,43,38,0.665,0.705
3,Qwen/Qwen2.5-1.5B-Instruct,gsm8k,Modular Norm RandOpt,43,39,0.71,0.705
3,Qwen/Qwen2.5-1.5B-Instruct,gsm8k,Modular Norm RandOpt,43,40,0.665,0.705
3,Qwen/Qwen2.5-1.5B-Instruct,gsm8k,Modular Norm RandOpt,43,41,0.715,0.705
3,Qwen/Qwen2.5-1.5B-Instruct,gsm8k,Modular Norm RandOpt,43,42,0.715,0.705
3,Qwen/Qwen2.5-1.5B-Instruct,gsm8k,Modular Norm RandOpt,43,43,0.695,0.705
3,Qwen/Qwen2.5-1.5B-Instruct,gsm8k,Modular Norm RandOpt,43,44,0.78,0.705
3,Qwen/Qwen2.5-1.5B-Instruct,gsm8k,Modular Norm RandOpt,43,45,0.715,0.705
3,Qwen/Qwen2.5-1.5B-Instruct,gsm8k,Modular Norm RandOpt,43,46,0.715,0.705
3,Qwen/Qwen2.5-1.5B-Instruct,gsm8k,Modular Norm RandOpt,43,47,0.735,0.705
3,Qwen/Qwen2.5-1.5B-Instruct,gsm8k,Modular Norm RandOpt,43,48,0.735,0.705
3,Qwen/Qwen2.5-1.5B-Instruct,gsm8k,Modular Norm RandOpt,43,49,0.72,0.705
3,Qwen/Qwen2.5-1.5B-Instruct,gsm8k,Modular Norm RandOpt,43,50,0.74,0.705
3,Qwen/Qwen2.5-1.5B-Instruct,gsm8k,Modular Norm RandOpt,43,51,0.715,0.705
3,Qwen/Qwen2.5-1.5B-Instruct,gsm8k,Modular Norm RandOpt,43,52,0.695,0.705
3,Qwen/Qwen2.5-1.5B-Instruct,gsm8k,Modular Norm RandOpt,43,53,0.755,0.705
3,Qwen/Qwen2.5-1.5B-Instruct,gsm8k,Modular Norm RandOpt,43,54,0.745,0.705
3,Qwen/Qwen2.5-1.5B-Instruct,gsm8k,Modular Norm RandOpt,43,55,0.74,0.705
3,Qwen/Qwen2.5-1.5B-Instruct,gsm8k,Modular Norm RandOpt,43,56,0.69,0.705
3,Qwen/Qwen2.5-1.5B-Instruct,gsm8k,Modular Norm RandOpt,43,57,0.75,0.705
3,Qwen/Qwen2.5-1.5B-Instruct,gsm8k,Modular Norm RandOpt,43,58,0.69,0.705
3,Qwen/Qwen2.5-1.5B-Instruct,gsm8k,Modular Norm RandOpt,43,59,0.665,0.705
3,Qwen/Qwen2.5-1.5B-Instruct,gsm8k,Modular Norm RandOpt,43,60,0.7,0.705
3,Qwen/Qwen2.5-1.5B-Instruct,gsm8k,Modular Norm RandOpt,43,61,0.72,0.705
3,Qwen/Qwen2.5-1.5B-Instruct,gsm8k,Modular Norm RandOpt,43,62,0.73,0.705
3,Qwen/Qwen2.5-1.5B-Instruct,gsm8k,Modular Norm RandOpt,43,63,0.695,0.705
3,Qwen/Qwen2.5-1.5B-Instruct,gsm8k,Modular Norm RandOpt,43,64,0.71,0.705
3,Qwen/Qwen2.5-1.5B-Instruct,gsm8k,Modular Norm RandOpt,43,65,0.71,0.705
3,Qwen/Qwen2.5-1.5B-Instruct,gsm8k,Modular Norm RandOpt,43,66,0.64,0.705
3,Qwen/Qwen2.5-1.5B-Instruct,gsm8k,Modular Norm RandOpt,43,67,0.72,0.705
3,Qwen/Qwen2.5-1.5B-Instruct,gsm8k,Modular Norm RandOpt,43,68,0.75,0.705
3,Qwen/Qwen2.5-1.5B-Instruct,gsm8k,Modular Norm RandOpt,43,69,0.735,0.705
3,Qwen/Qwen2.5-1.5B-Instruct,gsm8k,Modular Norm RandOpt,43,70,0.69,0.705
3,Qwen/Qwen2.5-1.5B-Instruct,gsm8k,Modular Norm RandOpt,43,71,0.7,0.705
3,Qwen/Qwen2.5-1.5B-Instruct,gsm8k,Modular Norm RandOpt,43,72,0.75,0.705
3,Qwen/Qwen2.5-1.5B-Instruct,gsm8k,Modular Norm RandOpt,43,73,0.71,0.705
3,Qwen/Qwen2.5-1.5B-Instruct,gsm8k,Modular Norm RandOpt,43,74,0.68,0.705
3,Qwen/Qwen2.5-1.5B-Instruct,gsm8k,Modular Norm RandOpt,43,75,0.69,0.705
3,Qwen/Qwen2.5-1.5B-Instruct,gsm8k,Modular Norm RandOpt,43,76,0.725,0.705
3,Qwen/Qwen2.5-1.5B-Instruct,gsm8k,Modular Norm RandOpt,43,77,0.685,0.705
3,Qwen/Qwen2.5-1.5B-Instruct,gsm8k,Modular Norm RandOpt,43,78,0.725,0.705
3,Qwen/Qwen2.5-1.5B-Instruct,gsm8k,Modular Norm RandOpt,43,79,0.71,0.705
3,Qwen/Qwen2.5-1.5B-Instruct,gsm8k,Modular Norm RandOpt,43,80,0.645,0.705
3,Qwen/Qwen2.5-1.5B-Instruct,gsm8k,Modular Norm RandOpt,43,81,0.715,0.705
3,Qwen/Qwen2.5-1.5B-Instruct,gsm8k,Modular Norm RandOpt,43,82,0.72,0.705
3,Qwen/Qwen2.5-1.5B-Instruct,gsm8k,Modular Norm RandOpt,43,83,0.62,0.705
3,Qwen/Qwen2.5-1.5B-Instruct,gsm8k,Modular Norm RandOpt,43,84,0.715,0.705
3,Qwen/Qwen2.5-1.5B-Instruct,gsm8k,Modular Norm RandOpt,43,85,0.65,0.705
3,Qwen/Qwen2.5-1.5B-Instruct,gsm8k,Modular Norm RandOpt,43,86,0.69,0.705
3,Qwen/Qwen2.5-1.5B-Instruct,gsm8k,Modular Norm RandOpt,43,87,0.675,0.705
3,Qwen/Qwen2.5-1.5B-Instruct,gsm8k,Modular Norm RandOpt,43,88,0.585,0.705
3,Qwen/Qwen2.5-1.5B-Instruct,gsm8k,Modular Norm RandOpt,43,89,0.74,0.705
3,Qwen/Qwen2.5-1.5B-Instruct,gsm8k,Modular Norm RandOpt,43,90,0.705,0.705
3,Qwen/Qwen2.5-1.5B-Instruct,gsm8k,Modular Norm RandOpt,43,91,0.705,0.705
3,Qwen/Qwen2.5-1.5B-Instruct,gsm8k,Modular Norm RandOpt,43,92,0.68,0.705
3,Qwen/Qwen2.5-1.5B-Instruct,gsm8k,Modular Norm RandOpt,43,93,0.78,0.705
3,Qwen/Qwen2.5-1.5B-Instruct,gsm8k,Modular Norm RandOpt,43,94,0.665,0.705
3,Qwen/Qwen2.5-1.5B-Instruct,gsm8k,Modular Norm RandOpt,43,95,0.745,0.705
3,Qwen/Qwen2.5-1.5B-Instruct,gsm8k,Modular Norm RandOpt,43,96,0.645,0.705
3,Qwen/Qwen2.5-1.5B-Instruct,gsm8k,Modular Norm RandOpt,43,97,0.68,0.705
3,Qwen/Qwen2.5-1.5B-Instruct,gsm8k,Modular Norm RandOpt,43,98,0.77,0.705
3,Qwen/Qwen2.5-1.5B-Instruct,gsm8k,Modular Norm RandOpt,43,99,0.615,0.705
3,Qwen/Qwen2.5-1.5B-Instruct,gsm8k,Modular Norm RandOpt,44,0,0.69,0.705
3,Qwen/Qwen2.5-1.5B-Instruct,gsm8k,Modular Norm RandOpt,44,1,0.72,0.705
3,Qwen/Qwen2.5-1.5B-Instruct,gsm8k,Modular Norm RandOpt,44,2,0.66,0.705
3,Qwen/Qwen2.5-1.5B-Instruct,gsm8k,Modular Norm RandOpt,44,3,0.71,0.705
3,Qwen/Qwen2.5-1.5B-Instruct,gsm8k,Modular Norm RandOpt,44,4,0.73,0.705
3,Qwen/Qwen2.5-1.5B-Instruct,gsm8k,Modular Norm RandOpt,44,5,0.695,0.705
3,Qwen/Qwen2.5-1.5B-Instruct,gsm8k,Modular Norm RandOpt,44,6,0.715,0.705
3,Qwen/Qwen2.5-1.5B-Instruct,gsm8k,Modular Norm RandOpt,44,7,0.705,0.705
3,Qwen/Qwen2.5-1.5B-Instruct,gsm8k,Modular Norm RandOpt,44,8,0.7,0.705
3,Qwen/Qwen2.5-1.5B-Instruct,gsm8k,Modular Norm RandOpt,44,9,0.705,0.705
3,Qwen/Qwen2.5-1.5B-Instruct,gsm8k,Modular Norm RandOpt,44,10,0.685,0.705
3,Qwen/Qwen2.5-1.5B-Instruct,gsm8k,Modular Norm RandOpt,44,11,0.71,0.705
3,Qwen/Qwen2.5-1.5B-Instruct,gsm8k,Modular Norm RandOpt,44,12,0.67,0.705
3,Qwen/Qwen2.5-1.5B-Instruct,gsm8k,Modular Norm RandOpt,44,13,0.625,0.705
3,Qwen/Qwen2.5-1.5B-Instruct,gsm8k,Modular Norm RandOpt,44,14,0.675,0.705
3,Qwen/Qwen2.5-1.5B-Instruct,gsm8k,Modular Norm RandOpt,44,15,0.69,0.705
3,Qwen/Qwen2.5-1.5B-Instruct,gsm8k,Modular Norm RandOpt,44,16,0.72,0.705
3,Qwen/Qwen2.5-1.5B-Instruct,gsm8k,Modular Norm RandOpt,44,17,0.7,0.705
3,Qwen/Qwen2.5-1.5B-Instruct,gsm8k,Modular Norm RandOpt,44,18,0.67,0.705
3,Qwen/Qwen2.5-1.5B-Instruct,gsm8k,Modular Norm RandOpt,44,19,0.72,0.705
3,Qwen/Qwen2.5-1.5B-Instruct,gsm8k,Modular Norm RandOpt,44,20,0.7,0.705
3,Qwen/Qwen2.5-1.5B-Instruct,gsm8k,Modular Norm RandOpt,44,21,0.67,0.705
3,Qwen/Qwen2.5-1.5B-Instruct,gsm8k,Modular Norm RandOpt,44,22,0.795,0.705
3,Qwen/Qwen2.5-1.5B-Instruct,gsm8k,Modular Norm RandOpt,44,23,0.66,0.705
3,Qwen/Qwen2.5-1.5B-Instruct,gsm8k,Modular Norm RandOpt,44,24,0.7,0.705
3,Qwen/Qwen2.5-1.5B-Instruct,gsm8k,Modular Norm RandOpt,44,25,0.72,0.705
3,Qwen/Qwen2.5-1.5B-Instruct,gsm8k,Modular Norm RandOpt,44,26,0.72,0.705
3,Qwen/Qwen2.5-1.5B-Instruct,gsm8k,Modular Norm RandOpt,44,27,0.745,0.705
3,Qwen/Qwen2.5-1.5B-Instruct,gsm8k,Modular Norm RandOpt,44,28,0.665,0.705
3,Qwen/Qwen2.5-1.5B-Instruct,gsm8k,Modular Norm RandOpt,44,29,0.685,0.705
3,Qwen/Qwen2.5-1.5B-Instruct,gsm8k,Modular Norm RandOpt,44,30,0.6,0.705
3,Qwen/Qwen2.5-1.5B-Instruct,gsm8k,Modular Norm RandOpt,44,31,0.715,0.705
3,Qwen/Qwen2.5-1.5B-Instruct,gsm8k,Modular Norm RandOpt,44,32,0.705,0.705
3,Qwen/Qwen2.5-1.5B-Instruct,gsm8k,Modular Norm RandOpt,44,33,0.7,0.705
3,Qwen/Qwen2.5-1.5B-Instruct,gsm8k,Modular Norm RandOpt,44,34,0.755,0.705
3,Qwen/Qwen2.5-1.5B-Instruct,gsm8k,Modular Norm RandOpt,44,35,0.705,0.705
3,Qwen/Qwen2.5-1.5B-Instruct,gsm8k,Modular Norm RandOpt,44,36,0.725,0.705
3,Qwen/Qwen2.5-1.5B-Instruct,gsm8k,Modular Norm RandOpt,44,37,0.67,0.705
3,Qwen/Qwen2.5-1.5B-Instruct,gsm8k,Modular Norm RandOpt,44,38,0.72,0.705
3,Qwen/Qwen2.5-1.5B-Instruct,gsm8k,Modular Norm RandOpt,44,39,0.665,0.705
3,Qwen/Qwen2.5-1.5B-Instruct,gsm8k,Modular Norm RandOpt,44,40,0.75,0.705
3,Qwen/Qwen2.5-1.5B-Instruct,gsm8k,Modular Norm RandOpt,44,41,0.645,0.705
3,Qwen/Qwen2.5-1.5B-Instruct,gsm8k,Modular Norm RandOpt,44,42,0.695,0.705
3,Qwen/Qwen2.5-1.5B-Instruct,gsm8k,Modular Norm RandOpt,44,43,0.745,0.705
3,Qwen/Qwen2.5-1.5B-Instruct,gsm8k,Modular Norm RandOpt,44,44,0.705,0.705
3,Qwen/Qwen2.5-1.5B-Instruct,gsm8k,Modular Norm RandOpt,44,45,0.74,0.705
3,Qwen/Qwen2.5-1.5B-Instruct,gsm8k,Modular Norm RandOpt,44,46,0.73,0.705
3,Qwen/Qwen2.5-1.5B-Instruct,gsm8k,Modular Norm RandOpt,44,47,0.705,0.705
3,Qwen/Qwen2.5-1.5B-Instruct,gsm8k,Modular Norm RandOpt,44,48,0.68,0.705
3,Qwen/Qwen2.5-1.5B-Instruct,gsm8k,Modular Norm RandOpt,44,49,0.655,0.705
3,Qwen/Qwen2.5-1.5B-Instruct,gsm8k,Modular Norm RandOpt,44,50,0.725,0.705
3,Qwen/Qwen2.5-1.5B-Instruct,gsm8k,Modular Norm RandOpt,44,51,0.69,0.705
3,Qwen/Qwen2.5-1.5B-Instruct,gsm8k,Modular Norm RandOpt,44,52,0.695,0.705
3,Qwen/Qwen2.5-1.5B-Instruct,gsm8k,Modular Norm RandOpt,44,53,0.685,0.705
3,Qwen/Qwen2.5-1.5B-Instruct,gsm8k,Modular Norm RandOpt,44,54,0.72,0.705
3,Qwen/Qwen2.5-1.5B-Instruct,gsm8k,Modular Norm RandOpt,44,55,0.765,0.705
3,Qwen/Qwen2.5-1.5B-Instruct,gsm8k,Modular Norm RandOpt,44,56,0.755,0.705
3,Qwen/Qwen2.5-1.5B-Instruct,gsm8k,Modular Norm RandOpt,44,57,0.75,0.705
3,Qwen/Qwen2.5-1.5B-Instruct,gsm8k,Modular Norm RandOpt,44,58,0.73,0.705
3,Qwen/Qwen2.5-1.5B-Instruct,gsm8k,Modular Norm RandOpt,44,59,0.695,0.705
3,Qwen/Qwen2.5-1.5B-Instruct,gsm8k,Modular Norm RandOpt,44,60,0.73,0.705
3,Qwen/Qwen2.5-1.5B-Instruct,gsm8k,Modular Norm RandOpt,44,61,0.735,0.705
3,Qwen/Qwen2.5-1.5B-Instruct,gsm8k,Modular Norm RandOpt,44,62,0.69,0.705
3,Qwen/Qwen2.5-1.5B-Instruct,gsm8k,Modular Norm RandOpt,44,63,0.75,0.705
3,Qwen/Qwen2.5-1.5B-Instruct,gsm8k,Modular Norm RandOpt,44,64,0.725,0.705
3,Qwen/Qwen2.5-1.5B-Instruct,gsm8k,Modular Norm RandOpt,44,65,0.735,0.705
3,Qwen/Qwen2.5-1.5B-Instruct,gsm8k,Modular Norm RandOpt,44,66,0.72,0.705
3,Qwen/Qwen2.5-1.5B-Instruct,gsm8k,Modular Norm RandOpt,44,67,0.67,0.705
3,Qwen/Qwen2.5-1.5B-Instruct,gsm8k,Modular Norm RandOpt,44,68,0.785,0.705
3,Qwen/Qwen2.5-1.5B-Instruct,gsm8k,Modular Norm RandOpt,44,69,0.685,0.705
3,Qwen/Qwen2.5-1.5B-Instruct,gsm8k,Modular Norm RandOpt,44,70,0.72,0.705
3,Qwen/Qwen2.5-1.5B-Instruct,gsm8k,Modular Norm RandOpt,44,71,0.745,0.705
3,Qwen/Qwen2.5-1.5B-Instruct,gsm8k,Modular Norm RandOpt,44,72,0.685,0.705
3,Qwen/Qwen2.5-1.5B-Instruct,gsm8k,Modular Norm RandOpt,44,73,0.685,0.705
3,Qwen/Qwen2.5-1.5B-Instruct,gsm8k,Modular Norm RandOpt,44,74,0.71,0.705
3,Qwen/Qwen2.5-1.5B-Instruct,gsm8k,Modular Norm RandOpt,44,75,0.73,0.705
3,Qwen/Qwen2.5-1.5B-Instruct,gsm8k,Modular Norm RandOpt,44,76,0.72,0.705
3,Qwen/Qwen2.5-1.5B-Instruct,gsm8k,Modular Norm RandOpt,44,77,0.68,0.705
3,Qwen/Qwen2.5-1.5B-Instruct,gsm8k,Modular Norm RandOpt,44,78,0.63,0.705
3,Qwen/Qwen2.5-1.5B-Instruct,gsm8k,Modular Norm RandOpt,44,79,0.705,0.705
3,Qwen/Qwen2.5-1.5B-Instruct,gsm8k,Modular Norm RandOpt,44,80,0.745,0.705
3,Qwen/Qwen2.5-1.5B-Instruct,gsm8k,Modular Norm RandOpt,44,81,0.705,0.705
3,Qwen/Qwen2.5-1.5B-Instruct,gsm8k,Modular Norm RandOpt,44,82,0.715,0.705
3,Qwen/Qwen2.5-1.5B-Instruct,gsm8k,Modular Norm RandOpt,44,83,0.725,0.705
3,Qwen/Qwen2.5-1.5B-Instruct,gsm8k,Modular Norm RandOpt,44,84,0.695,0.705
3,Qwen/Qwen2.5-1.5B-Instruct,gsm8k,Modular Norm RandOpt,44,85,0.635,0.705
3,Qwen/Qwen2.5-1.5B-Instruct,gsm8k,Modular Norm RandOpt,44,86,0.67,0.705
3,Qwen/Qwen2.5-1.5B-Instruct,gsm8k,Modular Norm RandOpt,44,87,0.7,0.705
3,Qwen/Qwen2.5-1.5B-Instruct,gsm8k,Modular Norm RandOpt,44,88,0.76,0.705
3,Qwen/Qwen2.5-1.5B-Instruct,gsm8k,Modular Norm RandOpt,44,89,0.66,0.705
3,Qwen/Qwen2.5-1.5B-Instruct,gsm8k,Modular Norm RandOpt,44,90,0.715,0.705
3,Qwen/Qwen2.5-1.5B-Instruct,gsm8k,Modular Norm RandOpt,44,91,0.73,0.705
3,Qwen/Qwen2.5-1.5B-Instruct,gsm8k,Modular Norm RandOpt,44,92,0.73,0.705
3,Qwen/Qwen2.5-1.5B-Instruct,gsm8k,Modular Norm RandOpt,44,93,0.695,0.705
3,Qwen/Qwen2.5-1.5B-Instruct,gsm8k,Modular Norm RandOpt,44,94,0.72,0.705
3,Qwen/Qwen2.5-1.5B-Instruct,gsm8k,Modular Norm RandOpt,44,95,0.62,0.705
3,Qwen/Qwen2.5-1.5B-Instruct,gsm8k,Modular Norm RandOpt,44,96,0.655,0.705
3,Qwen/Qwen2.5-1.5B-Instruct,gsm8k,Modular Norm RandOpt,44,97,0.76,0.705
3,Qwen/Qwen2.5-1.5B-Instruct,gsm8k,Modular Norm RandOpt,44,98,0.705,0.705
3,Qwen/Qwen2.5-1.5B-Instruct,gsm8k,Modular Norm RandOpt,44,99,0.705,0.705
3,Qwen/Qwen2.5-1.5B-Instruct,gsm8k,RandOpt,42,0,0.68,0.705
3,Qwen/Qwen2.5-1.5B-Instruct,gsm8k,RandOpt,42,1,0.73,0.705
3,Qwen/Qwen2.5-1.5B-Instruct,gsm8k,RandOpt,42,2,0.745,0.705
3,Qwen/Qwen2.5-1.5B-Instruct,gsm8k,RandOpt,42,3,0.7,0.705
3,Qwen/Qwen2.5-1.5B-Instruct,gsm8k,RandOpt,42,4,0.74,0.705
3,Qwen/Qwen2.5-1.5B-Instruct,gsm8k,RandOpt,42,5,0.66,0.705
3,Qwen/Qwen2.5-1.5B-Instruct,gsm8k,RandOpt,42,6,0.745,0.705
3,Qwen/Qwen2.5-1.5B-Instruct,gsm8k,RandOpt,42,7,0.725,0.705
3,Qwen/Qwen2.5-1.5B-Instruct,gsm8k,RandOpt,42,8,0.72,0.705
3,Qwen/Qwen2.5-1.5B-Instruct,gsm8k,RandOpt,42,9,0.69,0.705
3,Qwen/Qwen2.5-1.5B-Instruct,gsm8k,RandOpt,42,10,0.705,0.705
3,Qwen/Qwen2.5-1.5B-Instruct,gsm8k,RandOpt,42,11,0.67,0.705
3,Qwen/Qwen2.5-1.5B-Instruct,gsm8k,RandOpt,42,12,0.71,0.705
3,Qwen/Qwen2.5-1.5B-Instruct,gsm8k,RandOpt,42,13,0.69,0.705
3,Qwen/Qwen2.5-1.5B-Instruct,gsm8k,RandOpt,42,14,0.705,0.705
3,Qwen/Qwen2.5-1.5B-Instruct,gsm8k,RandOpt,42,15,0.67,0.705
3,Qwen/Qwen2.5-1.5B-Instruct,gsm8k,RandOpt,42,16,0.68,0.705
3,Qwen/Qwen2.5-1.5B-Instruct,gsm8k,RandOpt,42,17,0.705,0.705
3,Qwen/Qwen2.5-1.5B-Instruct,gsm8k,RandOpt,42,18,0.725,0.705
3,Qwen/Qwen2.5-1.5B-Instruct,gsm8k,RandOpt,42,19,0.715,0.705
3,Qwen/Qwen2.5-1.5B-Instruct,gsm8k,RandOpt,42,20,0.79,0.705
3,Qwen/Qwen2.5-1.5B-Instruct,gsm8k,RandOpt,42,21,0.67,0.705
3,Qwen/Qwen2.5-1.5B-Instruct,gsm8k,RandOpt,42,22,0.715,0.705
3,Qwen/Qwen2.5-1.5B-Instruct,gsm8k,RandOpt,42,23,0.715,0.705
3,Qwen/Qwen2.5-1.5B-Instruct,gsm8k,RandOpt,42,24,0.695,0.705
3,Qwen/Qwen2.5-1.5B-Instruct,gsm8k,RandOpt,42,25,0.73,0.705
3,Qwen/Qwen2.5-1.5B-Instruct,gsm8k,RandOpt,42,26,0.73,0.705
3,Qwen/Qwen2.5-1.5B-Instruct,gsm8k,RandOpt,42,27,0.695,0.705
3,Qwen/Qwen2.5-1.5B-Instruct,gsm8k,RandOpt,42,28,0.66,0.705
3,Qwen/Qwen2.5-1.5B-Instruct,gsm8k,RandOpt,42,29,0.72,0.705
3,Qwen/Qwen2.5-1.5B-Instruct,gsm8k,RandOpt,42,30,0.69,0.705
3,Qwen/Qwen2.5-1.5B-Instruct,gsm8k,RandOpt,42,31,0.72,0.705
3,Qwen/Qwen2.5-1.5B-Instruct,gsm8k,RandOpt,42,32,0.71,0.705
3,Qwen/Qwen2.5-1.5B-Instruct,gsm8k,RandOpt,42,33,0.685,0.705
3,Qwen/Qwen2.5-1.5B-Instruct,gsm8k,RandOpt,42,34,0.7,0.705
3,Qwen/Qwen2.5-1.5B-Instruct,gsm8k,RandOpt,42,35,0.73,0.705
3,Qwen/Qwen2.5-1.5B-Instruct,gsm8k,RandOpt,42,36,0.685,0.705
3,Qwen/Qwen2.5-1.5B-Instruct,gsm8k,RandOpt,42,37,0.705,0.705
3,Qwen/Qwen2.5-1.5B-Instruct,gsm8k,RandOpt,42,38,0.71,0.705
3,Qwen/Qwen2.5-1.5B-Instruct,gsm8k,RandOpt,42,39,0.71,0.705
3,Qwen/Qwen2.5-1.5B-Instruct,gsm8k,RandOpt,42,40,0.68,0.705
3,Qwen/Qwen2.5-1.5B-Instruct,gsm8k,RandOpt,42,41,0.71,0.705
3,Qwen/Qwen2.5-1.5B-Instruct,gsm8k,RandOpt,42,42,0.72,0.705
3,Qwen/Qwen2.5-1.5B-Instruct,gsm8k,RandOpt,42,43,0.63,0.705
3,Qwen/Qwen2.5-1.5B-Instruct,gsm8k,RandOpt,42,44,0.695,0.705
3,Qwen/Qwen2.5-1.5B-Instruct,gsm8k,RandOpt,42,45,0.69,0.705
3,Qwen/Qwen2.5-1.5B-Instruct,gsm8k,RandOpt,42,46,0.67,0.705
3,Qwen/Qwen2.5-1.5B-Instruct,gsm8k,RandOpt,42,47,0.71,0.705
3,Qwen/Qwen2.5-1.5B-Instruct,gsm8k,RandOpt,42,48,0.73,0.705
3,Qwen/Qwen2.5-1.5B-Instruct,gsm8k,RandOpt,42,49,0.675,0.705
3,Qwen/Qwen2.5-1.5B-Instruct,gsm8k,RandOpt,42,50,0.74,0.705
3,Qwen/Qwen2.5-1.5B-Instruct,gsm8k,RandOpt,42,51,0.74,0.705
3,Qwen/Qwen2.5-1.5B-Instruct,gsm8k,RandOpt,42,52,0.685,0.705
3,Qwen/Qwen2.5-1.5B-Instruct,gsm8k,RandOpt,42,53,0.735,0.705
3,Qwen/Qwen2.5-1.5B-Instruct,gsm8k,RandOpt,42,54,0.73,0.705
3,Qwen/Qwen2.5-1.5B-Instruct,gsm8k,RandOpt,42,55,0.705,0.705
3,Qwen/Qwen2.5-1.5B-Instruct,gsm8k,RandOpt,42,56,0.685,0.705
3,Qwen/Qwen2.5-1.5B-Instruct,gsm8k,RandOpt,42,57,0.675,0.705
3,Qwen/Qwen2.5-1.5B-Instruct,gsm8k,RandOpt,42,58,0.685,0.705
3,Qwen/Qwen2.5-1.5B-Instruct,gsm8k,RandOpt,42,59,0.745,0.705
3,Qwen/Qwen2.5-1.5B-Instruct,gsm8k,RandOpt,42,60,0.725,0.705
3,Qwen/Qwen2.5-1.5B-Instruct,gsm8k,RandOpt,42,61,0.715,0.705
3,Qwen/Qwen2.5-1.5B-Instruct,gsm8k,RandOpt,42,62,0.665,0.705
3,Qwen/Qwen2.5-1.5B-Instruct,gsm8k,RandOpt,42,63,0.71,0.705
3,Qwen/Qwen2.5-1.5B-Instruct,gsm8k,RandOpt,42,64,0.71,0.705
3,Qwen/Qwen2.5-1.5B-Instruct,gsm8k,RandOpt,42,65,0.715,0.705
3,Qwen/Qwen2.5-1.5B-Instruct,gsm8k,RandOpt,42,66,0.695,0.705
3,Qwen/Qwen2.5-1.5B-Instruct,gsm8k,RandOpt,42,67,0.68,0.705
3,Qwen/Qwen2.5-1.5B-Instruct,gsm8k,RandOpt,42,68,0.685,0.705
3,Qwen/Qwen2.5-1.5B-Instruct,gsm8k,RandOpt,42,69,0.655,0.705
3,Qwen/Qwen2.5-1.5B-Instruct,gsm8k,RandOpt,42,70,0.69,0.705
3,Qwen/Qwen2.5-1.5B-Instruct,gsm8k,RandOpt,42,71,0.75,0.705
3,Qwen/Qwen2.5-1.5B-Instruct,gsm8k,RandOpt,42,72,0.745,0.705
3,Qwen/Qwen2.5-1.5B-Instruct,gsm8k,RandOpt,42,73,0.695,0.705
3,Qwen/Qwen2.5-1.5B-Instruct,gsm8k,RandOpt,42,74,0.715,0.705
3,Qwen/Qwen2.5-1.5B-Instruct,gsm8k,RandOpt,42,75,0.67,0.705
3,Qwen/Qwen2.5-1.5B-Instruct,gsm8k,RandOpt,42,76,0.73,0.705
3,Qwen/Qwen2.5-1.5B-Instruct,gsm8k,RandOpt,42,77,0.68,0.705
3,Qwen/Qwen2.5-1.5B-Instruct,gsm8k,RandOpt,42,78,0.675,0.705
3,Qwen/Qwen2.5-1.5B-Instruct,gsm8k,RandOpt,42,79,0.69,0.705
3,Qwen/Qwen2.5-1.5B-Instruct,gsm8k,RandOpt,42,80,0.675,0.705
3,Qwen/Qwen2.5-1.5B-Instruct,gsm8k,RandOpt,42,81,0.7,0.705
3,Qwen/Qwen2.5-1.5B-Instruct,gsm8k,RandOpt,42,82,0.685,0.705
3,Qwen/Qwen2.5-1.5B-Instruct,gsm8k,RandOpt,42,83,0.735,0.705
3,Qwen/Qwen2.5-1.5B-Instruct,gsm8k,RandOpt,42,84,0.695,0.705
3,Qwen/Qwen2.5-1.5B-Instruct,gsm8k,RandOpt,42,85,0.75,0.705
3,Qwen/Qwen2.5-1.5B-Instruct,gsm8k,RandOpt,42,86,0.745,0.705
3,Qwen/Qwen2.5-1.5B-Instruct,gsm8k,RandOpt,42,87,0.73,0.705
3,Qwen/Qwen2.5-1.5B-Instruct,gsm8k,RandOpt,42,88,0.715,0.705
3,Qwen/Qwen2.5-1.5B-Instruct,gsm8k,RandOpt,42,89,0.72,0.705
3,Qwen/Qwen2.5-1.5B-Instruct,gsm8k,RandOpt,42,90,0.7,0.705
3,Qwen/Qwen2.5-1.5B-Instruct,gsm8k,RandOpt,42,91,0.73,0.705
3,Qwen/Qwen2.5-1.5B-Instruct,gsm8k,RandOpt,42,92,0.7,0.705
3,Qwen/Qwen2.5-1.5B-Instruct,gsm8k,RandOpt,42,93,0.685,0.705
3,Qwen/Qwen2.5-1.5B-Instruct,gsm8k,RandOpt,42,94,0.735,0.705
3,Qwen/Qwen2.5-1.5B-Instruct,gsm8k,RandOpt,42,95,0.75,0.705
3,Qwen/Qwen2.5-1.5B-Instruct,gsm8k,RandOpt,42,96,0.71,0.705
3,Qwen/Qwen2.5-1.5B-Instruct,gsm8k,RandOpt,42,97,0.745,0.705
3,Qwen/Qwen2.5-1.5B-Instruct,gsm8k,RandOpt,42,98,0.695,0.705
3,Qwen/Qwen2.5-1.5B-Instruct,gsm8k,RandOpt,42,99,0.655,0.705
3,Qwen/Qwen2.5-1.5B-Instruct,gsm8k,RandOpt,43,0,0.66,0.705
3,Qwen/Qwen2.5-1.5B-Instruct,gsm8k,RandOpt,43,1,0.69,0.705
3,Qwen/Qwen2.5-1.5B-Instruct,gsm8k,RandOpt,43,2,0.74,0.705
3,Qwen/Qwen2.5-1.5B-Instruct,gsm8k,RandOpt,43,3,0.73,0.705
3,Qwen/Qwen2.5-1.5B-Instruct,gsm8k,RandOpt,43,4,0.675,0.705
3,Qwen/Qwen2.5-1.5B-Instruct,gsm8k,RandOpt,43,5,0.745,0.705
3,Qwen/Qwen2.5-1.5B-Instruct,gsm8k,RandOpt,43,6,0.695,0.705
3,Qwen/Qwen2.5-1.5B-Instruct,gsm8k,RandOpt,43,7,0.675,0.705
3,Qwen/Qwen2.5-1.5B-Instruct,gsm8k,RandOpt,43,8,0.685,0.705
3,Qwen/Qwen2.5-1.5B-Instruct,gsm8k,RandOpt,43,9,0.735,0.705
3,Qwen/Qwen2.5-1.5B-Instruct,gsm8k,RandOpt,43,10,0.68,0.705
3,Qwen/Qwen2.5-1.5B-Instruct,gsm8k,RandOpt,43,11,0.675,0.705
3,Qwen/Qwen2.5-1.5B-Instruct,gsm8k,RandOpt,43,12,0.72,0.705
3,Qwen/Qwen2.5-1.5B-Instruct,gsm8k,RandOpt,43,13,0.71,0.705
3,Qwen/Qwen2.5-1.5B-Instruct,gsm8k,RandOpt,43,14,0.675,0.705
3,Qwen/Qwen2.5-1.5B-Instruct,gsm8k,RandOpt,43,15,0.705,0.705
3,Qwen/Qwen2.5-1.5B-Instruct,gsm8k,RandOpt,43,16,0.72,0.705
3,Qwen/Qwen2.5-1.5B-Instruct,gsm8k,RandOpt,43,17,0.76,0.705
3,Qwen/Qwen2.5-1.5B-Instruct,gsm8k,RandOpt,43,18,0.67,0.705
3,Qwen/Qwen2.5-1.5B-Instruct,gsm8k,RandOpt,43,19,0.685,0.705
3,Qwen/Qwen2.5-1.5B-Instruct,gsm8k,RandOpt,43,20,0.67,0.705
3,Qwen/Qwen2.5-1.5B-Instruct,gsm8k,RandOpt,43,21,0.7,0.705
3,Qwen/Qwen2.5-1.5B-Instruct,gsm8k,RandOpt,43,22,0.7,0.705
3,Qwen/Qwen2.5-1.5B-Instruct,gsm8k,RandOpt,43,23,0.73,0.705
3,Qwen/Qwen2.5-1.5B-Instruct,gsm8k,RandOpt,43,24,0.73,0.705
3,Qwen/Qwen2.5-1.5B-Instruct,gsm8k,RandOpt,43,25,0.745,0.705
3,Qwen/Qwen2.5-1.5B-Instruct,gsm8k,RandOpt,43,26,0.7,0.705
3,Qwen/Qwen2.5-1.5B-Instruct,gsm8k,RandOpt,43,27,0.72,0.705
3,Qwen/Qwen2.5-1.5B-Instruct,gsm8k,RandOpt,43,28,0.715,0.705
3,Qwen/Qwen2.5-1.5B-Instruct,gsm8k,RandOpt,43,29,0.73,0.705
3,Qwen/Qwen2.5-1.5B-Instruct,gsm8k,RandOpt,43,30,0.695,0.705
3,Qwen/Qwen2.5-1.5B-Instruct,gsm8k,RandOpt,43,31,0.745,0.705
3,Qwen/Qwen2.5-1.5B-Instruct,gsm8k,RandOpt,43,32,0.705,0.705
3,Qwen/Qwen2.5-1.5B-Instruct,gsm8k,RandOpt,43,33,0.735,0.705
3,Qwen/Qwen2.5-1.5B-Instruct,gsm8k,RandOpt,43,34,0.725,0.705
3,Qwen/Qwen2.5-1.5B-Instruct,gsm8k,RandOpt,43,35,0.68,0.705
3,Qwen/Qwen2.5-1.5B-Instruct,gsm8k,RandOpt,43,36,0.715,0.705
3,Qwen/Qwen2.5-1.5B-Instruct,gsm8k,RandOpt,43,37,0.7,0.705
3,Qwen/Qwen2.5-1.5B-Instruct,gsm8k,RandOpt,43,38,0.675,0.705
3,Qwen/Qwen2.5-1.5B-Instruct,gsm8k,RandOpt,43,39,0.645,0.705
3,Qwen/Qwen2.5-1.5B-Instruct,gsm8k,RandOpt,43,40,0.765,0.705
3,Qwen/Qwen2.5-1.5B-Instruct,gsm8k,RandOpt,43,41,0.69,0.705
3,Qwen/Qwen2.5-1.5B-Instruct,gsm8k,RandOpt,43,42,0.705,0.705
3,Qwen/Qwen2.5-1.5B-Instruct,gsm8k,RandOpt,43,43,0.655,0.705
3,Qwen/Qwen2.5-1.5B-Instruct,gsm8k,RandOpt,43,44,0.695,0.705
3,Qwen/Qwen2.5-1.5B-Instruct,gsm8k,RandOpt,43,45,0.72,0.705
3,Qwen/Qwen2.5-1.5B-Instruct,gsm8k,RandOpt,43,46,0.725,0.705
3,Qwen/Qwen2.5-1.5B-Instruct,gsm8k,RandOpt,43,47,0.705,0.705
3,Qwen/Qwen2.5-1.5B-Instruct,gsm8k,RandOpt,43,48,0.82,0.705
3,Qwen/Qwen2.5-1.5B-Instruct,gsm8k,RandOpt,43,49,0.735,0.705
3,Qwen/Qwen2.5-1.5B-Instruct,gsm8k,RandOpt,43,50,0.705,0.705
3,Qwen/Qwen2.5-1.5B-Instruct,gsm8k,RandOpt,43,51,0.68,0.705
3,Qwen/Qwen2.5-1.5B-Instruct,gsm8k,RandOpt,43,52,0.725,0.705
3,Qwen/Qwen2.5-1.5B-Instruct,gsm8k,RandOpt,43,53,0.715,0.705
3,Qwen/Qwen2.5-1.5B-Instruct,gsm8k,RandOpt,43,54,0.72,0.705
3,Qwen/Qwen2.5-1.5B-Instruct,gsm8k,RandOpt,43,55,0.755,0.705
3,Qwen/Qwen2.5-1.5B-Instruct,gsm8k,RandOpt,43,56,0.75,0.705
3,Qwen/Qwen2.5-1.5B-Instruct,gsm8k,RandOpt,43,57,0.675,0.705
3,Qwen/Qwen2.5-1.5B-Instruct,gsm8k,RandOpt,43,58,0.71,0.705
3,Qwen/Qwen2.5-1.5B-Instruct,gsm8k,RandOpt,43,59,0.69,0.705
3,Qwen/Qwen2.5-1.5B-Instruct,gsm8k,RandOpt,43,60,0.72,0.705
3,Qwen/Qwen2.5-1.5B-Instruct,gsm8k,RandOpt,43,61,0.685,0.705
3,Qwen/Qwen2.5-1.5B-Instruct,gsm8k,RandOpt,43,62,0.725,0.705
3,Qwen/Qwen2.5-1.5B-Instruct,gsm8k,RandOpt,43,63,0.675,0.705
3,Qwen/Qwen2.5-1.5B-Instruct,gsm8k,RandOpt,43,64,0.69,0.705
3,Qwen/Qwen2.5-1.5B-Instruct,gsm8k,RandOpt,43,65,0.69,0.705
3,Qwen/Qwen2.5-1.5B-Instruct,gsm8k,RandOpt,43,66,0.725,0.705
3,Qwen/Qwen2.5-1.5B-Instruct,gsm8k,RandOpt,43,67,0.745,0.705
3,Qwen/Qwen2.5-1.5B-Instruct,gsm8k,RandOpt,43,68,0.73,0.705
3,Qwen/Qwen2.5-1.5B-Instruct,gsm8k,RandOpt,43,69,0.72,0.705
3,Qwen/Qwen2.5-1.5B-Instruct,gsm8k,RandOpt,43,70,0.7,0.705
3,Qwen/Qwen2.5-1.5B-Instruct,gsm8k,RandOpt,43,71,0.74,0.705
3,Qwen/Qwen2.5-1.5B-Instruct,gsm8k,RandOpt,43,72,0.735,0.705
3,Qwen/Qwen2.5-1.5B-Instruct,gsm8k,RandOpt,43,73,0.71,0.705
3,Qwen/Qwen2.5-1.5B-Instruct,gsm8k,RandOpt,43,74,0.685,0.705
3,Qwen/Qwen2.5-1.5B-Instruct,gsm8k,RandOpt,43,75,0.69,0.705
3,Qwen/Qwen2.5-1.5B-Instruct,gsm8k,RandOpt,43,76,0.625,0.705
3,Qwen/Qwen2.5-1.5B-Instruct,gsm8k,RandOpt,43,77,0.75,0.705
3,Qwen/Qwen2.5-1.5B-Instruct,gsm8k,RandOpt,43,78,0.72,0.705
3,Qwen/Qwen2.5-1.5B-Instruct,gsm8k,RandOpt,43,79,0.71,0.705
3,Qwen/Qwen2.5-1.5B-Instruct,gsm8k,RandOpt,43,80,0.66,0.705
3,Qwen/Qwen2.5-1.5B-Instruct,gsm8k,RandOpt,43,81,0.69,0.705
3,Qwen/Qwen2.5-1.5B-Instruct,gsm8k,RandOpt,43,82,0.71,0.705
3,Qwen/Qwen2.5-1.5B-Instruct,gsm8k,RandOpt,43,83,0.745,0.705
3,Qwen/Qwen2.5-1.5B-Instruct,gsm8k,RandOpt,43,84,0.725,0.705
3,Qwen/Qwen2.5-1.5B-Instruct,gsm8k,RandOpt,43,85,0.69,0.705
3,Qwen/Qwen2.5-1.5B-Instruct,gsm8k,RandOpt,43,86,0.685,0.705
3,Qwen/Qwen2.5-1.5B-Instruct,gsm8k,RandOpt,43,87,0.705,0.705
3,Qwen/Qwen2.5-1.5B-Instruct,gsm8k,RandOpt,43,88,0.675,0.705
3,Qwen/Qwen2.5-1.5B-Instruct,gsm8k,RandOpt,43,89,0.745,0.705
3,Qwen/Qwen2.5-1.5B-Instruct,gsm8k,RandOpt,43,90,0.755,0.705
3,Qwen/Qwen2.5-1.5B-Instruct,gsm8k,RandOpt,43,91,0.68,0.705
3,Qwen/Qwen2.5-1.5B-Instruct,gsm8k,RandOpt,43,92,0.72,0.705
3,Qwen/Qwen2.5-1.5B-Instruct,gsm8k,RandOpt,43,93,0.74,0.705
3,Qwen/Qwen2.5-1.5B-Instruct,gsm8k,RandOpt,43,94,0.69,0.705
3,Qwen/Qwen2.5-1.5B-Instruct,gsm8k,RandOpt,43,95,0.73,0.705
3,Qwen/Qwen2.5-1.5B-Instruct,gsm8k,RandOpt,43,96,0.72,0.705
3,Qwen/Qwen2.5-1.5B-Instruct,gsm8k,RandOpt,43,97,0.695,0.705
3,Qwen/Qwen2.5-1.5B-Instruct,gsm8k,RandOpt,43,98,0.695,0.705
3,Qwen/Qwen2.5-1.5B-Instruct,gsm8k,RandOpt,43,99,0.72,0.705
3,Qwen/Qwen2.5-1.5B-Instruct,gsm8k,RandOpt,44,0,0.68,0.705
3,Qwen/Qwen2.5-1.5B-Instruct,gsm8k,RandOpt,44,1,0.69,0.705
3,Qwen/Qwen2.5-1.5B-Instruct,gsm8k,RandOpt,44,2,0.69,0.705
3,Qwen/Qwen2.5-1.5B-Instruct,gsm8k,RandOpt,44,3,0.72,0.705
3,Qwen/Qwen2.5-1.5B-Instruct,gsm8k,RandOpt,44,4,0.68,0.705
3,Qwen/Qwen2.5-1.5B-Instruct,gsm8k,RandOpt,44,5,0.67,0.705
3,Qwen/Qwen2.5-1.5B-Instruct,gsm8k,RandOpt,44,6,0.725,0.705
3,Qwen/Qwen2.5-1.5B-Instruct,gsm8k,RandOpt,44,7,0.675,0.705
3,Qwen/Qwen2.5-1.5B-Instruct,gsm8k,RandOpt,44,8,0.675,0.705
3,Qwen/Qwen2.5-1.5B-Instruct,gsm8k,RandOpt,44,9,0.685,0.705
3,Qwen/Qwen2.5-1.5B-Instruct,gsm8k,RandOpt,44,10,0.695,0.705
3,Qwen/Qwen2.5-1.5B-Instruct,gsm8k,RandOpt,44,11,0.71,0.705
3,Qwen/Qwen2.5-1.5B-Instruct,gsm8k,RandOpt,44,12,0.66,0.705
3,Qwen/Qwen2.5-1.5B-Instruct,gsm8k,RandOpt,44,13,0.7,0.705
3,Qwen/Qwen2.5-1.5B-Instruct,gsm8k,RandOpt,44,14,0.675,0.705
3,Qwen/Qwen2.5-1.5B-Instruct,gsm8k,RandOpt,44,15,0.705,0.705
3,Qwen/Qwen2.5-1.5B-Instruct,gsm8k,RandOpt,44,16,0.72,0.705
3,Qwen/Qwen2.5-1.5B-Instruct,gsm8k,RandOpt,44,17,0.67,0.705
3,Qwen/Qwen2.5-1.5B-Instruct,gsm8k,RandOpt,44,18,0.685,0.705
3,Qwen/Qwen2.5-1.5B-Instruct,gsm8k,RandOpt,44,19,0.74,0.705
3,Qwen/Qwen2.5-1.5B-Instruct,gsm8k,RandOpt,44,20,0.69,0.705
3,Qwen/Qwen2.5-1.5B-Instruct,gsm8k,RandOpt,44,21,0.69,0.705
3,Qwen/Qwen2.5-1.5B-Instruct,gsm8k,RandOpt,44,22,0.69,0.705
3,Qwen/Qwen2.5-1.5B-Instruct,gsm8k,RandOpt,44,23,0.765,0.705
3,Qwen/Qwen2.5-1.5B-Instruct,gsm8k,RandOpt,44,24,0.72,0.705
3,Qwen/Qwen2.5-1.5B-Instruct,gsm8k,RandOpt,44,25,0.71,0.705
3,Qwen/Qwen2.5-1.5B-Instruct,gsm8k,RandOpt,44,26,0.68,0.705
3,Qwen/Qwen2.5-1.5B-Instruct,gsm8k,RandOpt,44,27,0.73,0.705
3,Qwen/Qwen2.5-1.5B-Instruct,gsm8k,RandOpt,44,28,0.68,0.705
3,Qwen/Qwen2.5-1.5B-Instruct,gsm8k,RandOpt,44,29,0.66,0.705
3,Qwen/Qwen2.5-1.5B-Instruct,gsm8k,RandOpt,44,30,0.705,0.705
3,Qwen/Qwen2.5-1.5B-Instruct,gsm8k,RandOpt,44,31,0.7,0.705
3,Qwen/Qwen2.5-1.5B-Instruct,gsm8k,RandOpt,44,32,0.69,0.705
3,Qwen/Qwen2.5-1.5B-Instruct,gsm8k,RandOpt,44,33,0.725,0.705
3,Qwen/Qwen2.5-1.5B-Instruct,gsm8k,RandOpt,44,34,0.76,0.705
3,Qwen/Qwen2.5-1.5B-Instruct,gsm8k,RandOpt,44,35,0.68,0.705
3,Qwen/Qwen2.5-1.5B-Instruct,gsm8k,RandOpt,44,36,0.665,0.705
3,Qwen/Qwen2.5-1.5B-Instruct,gsm8k,RandOpt,44,37,0.675,0.705
3,Qwen/Qwen2.5-1.5B-Instruct,gsm8k,RandOpt,44,38,0.69,0.705
3,Qwen/Qwen2.5-1.5B-Instruct,gsm8k,RandOpt,44,39,0.7,0.705
3,Qwen/Qwen2.5-1.5B-Instruct,gsm8k,RandOpt,44,40,0.665,0.705
3,Qwen/Qwen2.5-1.5B-Instruct,gsm8k,RandOpt,44,41,0.695,0.705
3,Qwen/Qwen2.5-1.5B-Instruct,gsm8k,RandOpt,44,42,0.68,0.705
3,Qwen/Qwen2.5-1.5B-Instruct,gsm8k,RandOpt,44,43,0.72,0.705
3,Qwen/Qwen2.5-1.5B-Instruct,gsm8k,RandOpt,44,44,0.72,0.705
3,Qwen/Qwen2.5-1.5B-Instruct,gsm8k,RandOpt,44,45,0.71,0.705
3,Qwen/Qwen2.5-1.5B-Instruct,gsm8k,RandOpt,44,46,0.67,0.705
3,Qwen/Qwen2.5-1.5B-Instruct,gsm8k,RandOpt,44,47,0.72,0.705
3,Qwen/Qwen2.5-1.5B-Instruct,gsm8k,RandOpt,44,48,0.715,0.705
3,Qwen/Qwen2.5-1.5B-Instruct,gsm8k,RandOpt,44,49,0.695,0.705
3,Qwen/Qwen2.5-1.5B-Instruct,gsm8k,RandOpt,44,50,0.69,0.705
3,Qwen/Qwen2.5-1.5B-Instruct,gsm8k,RandOpt,44,51,0.665,0.705
3,Qwen/Qwen2.5-1.5B-Instruct,gsm8k,RandOpt,44,52,0.725,0.705
3,Qwen/Qwen2.5-1.5B-Instruct,gsm8k,RandOpt,44,53,0.665,0.705
3,Qwen/Qwen2.5-1.5B-Instruct,gsm8k,RandOpt,44,54,0.71,0.705
3,Qwen/Qwen2.5-1.5B-Instruct,gsm8k,RandOpt,44,55,0.72,0.705
3,Qwen/Qwen2.5-1.5B-Instruct,gsm8k,RandOpt,44,56,0.7,0.705
3,Qwen/Qwen2.5-1.5B-Instruct,gsm8k,RandOpt,44,57,0.71,0.705
3,Qwen/Qwen2.5-1.5B-Instruct,gsm8k,RandOpt,44,58,0.73,0.705
3,Qwen/Qwen2.5-1.5B-Instruct,gsm8k,RandOpt,44,59,0.705,0.705
3,Qwen/Qwen2.5-1.5B-Instruct,gsm8k,RandOpt,44,60,0.72,0.705
3,Qwen/Qwen2.5-1.5B-Instruct,gsm8k,RandOpt,44,61,0.72,0.705
3,Qwen/Qwen2.5-1.5B-Instruct,gsm8k,RandOpt,44,62,0.68,0.705
3,Qwen/Qwen2.5-1.5B-Instruct,gsm8k,RandOpt,44,63,0.73,0.705
3,Qwen/Qwen2.5-1.5B-Instruct,gsm8k,RandOpt,44,64,0.71,0.705
3,Qwen/Qwen2.5-1.5B-Instruct,gsm8k,RandOpt,44,65,0.705,0.705
3,Qwen/Qwen2.5-1.5B-Instruct,gsm8k,RandOpt,44,66,0.745,0.705
3,Qwen/Qwen2.5-1.5B-Instruct,gsm8k,RandOpt,44,67,0.77,0.705
3,Qwen/Qwen2.5-1.5B-Instruct,gsm8k,RandOpt,44,68,0.775,0.705
3,Qwen/Qwen2.5-1.5B-Instruct,gsm8k,RandOpt,44,69,0.7,0.705
3,Qwen/Qwen2.5-1.5B-Instruct,gsm8k,RandOpt,44,70,0.715,0.705
3,Qwen/Qwen2.5-1.5B-Instruct,gsm8k,RandOpt,44,71,0.64,0.705
3,Qwen/Qwen2.5-1.5B-Instruct,gsm8k,RandOpt,44,72,0.695,0.705
3,Qwen/Qwen2.5-1.5B-Instruct,gsm8k,RandOpt,44,73,0.705,0.705
3,Qwen/Qwen2.5-1.5B-Instruct,gsm8k,RandOpt,44,74,0.74,0.705
3,Qwen/Qwen2.5-1.5B-Instruct,gsm8k,RandOpt,44,75,0.675,0.705
3,Qwen/Qwen2.5-1.5B-Instruct,gsm8k,RandOpt,44,76,0.68,0.705
3,Qwen/Qwen2.5-1.5B-Instruct,gsm8k,RandOpt,44,77,0.705,0.705
3,Qwen/Qwen2.5-1.5B-Instruct,gsm8k,RandOpt,44,78,0.655,0.705
3,Qwen/Qwen2.5-1.5B-Instruct,gsm8k,RandOpt,44,79,0.715,0.705
3,Qwen/Qwen2.5-1.5B-Instruct,gsm8k,RandOpt,44,80,0.725,0.705
3,Qwen/Qwen2.5-1.5B-Instruct,gsm8k,RandOpt,44,81,0.69,0.705
3,Qwen/Qwen2.5-1.5B-Instruct,gsm8k,RandOpt,44,82,0.67,0.705
3,Qwen/Qwen2.5-1.5B-Instruct,gsm8k,RandOpt,44,83,0.73,0.705
3,Qwen/Qwen2.5-1.5B-Instruct,gsm8k,RandOpt,44,84,0.715,0.705
3,Qwen/Qwen2.5-1.5B-Instruct,gsm8k,RandOpt,44,85,0.735,0.705
3,Qwen/Qwen2.5-1.5B-Instruct,gsm8k,RandOpt,44,86,0.735,0.705
3,Qwen/Qwen2.5-1.5B-Instruct,gsm8k,RandOpt,44,87,0.73,0.705
3,Qwen/Qwen2.5-1.5B-Instruct,gsm8k,RandOpt,44,88,0.69,0.705
3,Qwen/Qwen2.5-1.5B-Instruct,gsm8k,RandOpt,44,89,0.685,0.705
3,Qwen/Qwen2.5-1.5B-Instruct,gsm8k,RandOpt,44,90,0.675,0.705
3,Qwen/Qwen2.5-1.5B-Instruct,gsm8k,RandOpt,44,91,0.73,0.705
3,Qwen/Qwen2.5-1.5B-Instruct,gsm8k,RandOpt,44,92,0.75,0.705
3,Qwen/Qwen2.5-1.5B-Instruct,gsm8k,RandOpt,44,93,0.69,0.705
3,Qwen/Qwen2.5-1.5B-Instruct,gsm8k,RandOpt,44,94,0.735,0.705
3,Qwen/Qwen2.5-1.5B-Instruct,gsm8k,RandOpt,44,95,0.655,0.705
3,Qwen/Qwen2.5-1.5B-Instruct,gsm8k,RandOpt,44,96,0.71,0.705
3,Qwen/Qwen2.5-1.5B-Instruct,gsm8k,RandOpt,44,97,0.735,0.705
3,Qwen/Qwen2.5-1.5B-Instruct,gsm8k,RandOpt,44,98,0.75,0.705
3,Qwen/Qwen2.5-1.5B-Instruct,gsm8k,RandOpt,44,99,0.715,0.705
3,Qwen/Qwen2.5-1.5B-Instruct,math500,Modular Norm RandOpt,42,0,0.545,0.555
3,Qwen/Qwen2.5-1.5B-Instruct,math500,Modular Norm RandOpt,42,1,0.57,0.555
3,Qwen/Qwen2.5-1.5B-Instruct,math500,Modular Norm RandOpt,42,2,0.535,0.555
3,Qwen/Qwen2.5-1.5B-Instruct,math500,Modular Norm RandOpt,42,3,0.565,0.555
3,Qwen/Qwen2.5-1.5B-Instruct,math500,Modular Norm RandOpt,42,4,0.59,0.555
3,Qwen/Qwen2.5-1.5B-Instruct,math500,Modular Norm RandOpt,42,5,0.57,0.555
3,Qwen/Qwen2.5-1.5B-Instruct,math500,Modular Norm RandOpt,42,6,0.585,0.555
3,Qwen/Qwen2.5-1.5B-Instruct,math500,Modular Norm RandOpt,42,7,0.595,0.555
3,Qwen/Qwen2.5-1.5B-Instruct,math500,Modular Norm RandOpt,42,8,0.565,0.555
3,Qwen/Qwen2.5-1.5B-Instruct,math500,Modular Norm RandOpt,42,9,0.565,0.555
3,Qwen/Qwen2.5-1.5B-Instruct,math500,Modular Norm RandOpt,42,10,0.565,0.555
3,Qwen/Qwen2.5-1.5B-Instruct,math500,Modular Norm RandOpt,42,11,0.555,0.555
3,Qwen/Qwen2.5-1.5B-Instruct,math500,Modular Norm RandOpt,42,12,0.55,0.555
3,Qwen/Qwen2.5-1.5B-Instruct,math500,Modular Norm RandOpt,42,13,0.55,0.555
3,Qwen/Qwen2.5-1.5B-Instruct,math500,Modular Norm RandOpt,42,14,0.565,0.555
3,Qwen/Qwen2.5-1.5B-Instruct,math500,Modular Norm RandOpt,42,15,0.58,0.555
3,Qwen/Qwen2.5-1.5B-Instruct,math500,Modular Norm RandOpt,42,16,0.575,0.555
3,Qwen/Qwen2.5-1.5B-Instruct,math500,Modular Norm RandOpt,42,17,0.62,0.555
3,Qwen/Qwen2.5-1.5B-Instruct,math500,Modular Norm RandOpt,42,18,0.565,0.555
3,Qwen/Qwen2.5-1.5B-Instruct,math500,Modular Norm RandOpt,42,19,0.57,0.555
3,Qwen/Qwen2.5-1.5B-Instruct,math500,Modular Norm RandOpt,42,20,0.57,0.555
3,Qwen/Qwen2.5-1.5B-Instruct,math500,Modular Norm RandOpt,42,21,0.545,0.555
3,Qwen/Qwen2.5-1.5B-Instruct,math500,Modular Norm RandOpt,42,22,0.555,0.555
3,Qwen/Qwen2.5-1.5B-Instruct,math500,Modular Norm RandOpt,42,23,0.575,0.555
3,Qwen/Qwen2.5-1.5B-Instruct,math500,Modular Norm RandOpt,42,24,0.575,0.555
3,Qwen/Qwen2.5-1.5B-Instruct,math500,Modular Norm RandOpt,42,25,0.52,0.555
3,Qwen/Qwen2.5-1.5B-Instruct,math500,Modular Norm RandOpt,42,26,0.56,0.555
3,Qwen/Qwen2.5-1.5B-Instruct,math500,Modular Norm RandOpt,42,27,0.535,0.555
3,Qwen/Qwen2.5-1.5B-Instruct,math500,Modular Norm RandOpt,42,28,0.575,0.555
3,Qwen/Qwen2.5-1.5B-Instruct,math500,Modular Norm RandOpt,42,29,0.56,0.555
3,Qwen/Qwen2.5-1.5B-Instruct,math500,Modular Norm RandOpt,42,30,0.565,0.555
3,Qwen/Qwen2.5-1.5B-Instruct,math500,Modular Norm RandOpt,42,31,0.535,0.555
3,Qwen/Qwen2.5-1.5B-Instruct,math500,Modular Norm RandOpt,42,32,0.575,0.555
3,Qwen/Qwen2.5-1.5B-Instruct,math500,Modular Norm RandOpt,42,33,0.58,0.555
3,Qwen/Qwen2.5-1.5B-Instruct,math500,Modular Norm RandOpt,42,34,0.555,0.555
3,Qwen/Qwen2.5-1.5B-Instruct,math500,Modular Norm RandOpt,42,35,0.545,0.555
3,Qwen/Qwen2.5-1.5B-Instruct,math500,Modular Norm RandOpt,42,36,0.58,0.555
3,Qwen/Qwen2.5-1.5B-Instruct,math500,Modular Norm RandOpt,42,37,0.555,0.555
3,Qwen/Qwen2.5-1.5B-Instruct,math500,Modular Norm RandOpt,42,38,0.6,0.555
3,Qwen/Qwen2.5-1.5B-Instruct,math500,Modular Norm RandOpt,42,39,0.57,0.555
3,Qwen/Qwen2.5-1.5B-Instruct,math500,Modular Norm RandOpt,42,40,0.515,0.555
3,Qwen/Qwen2.5-1.5B-Instruct,math500,Modular Norm RandOpt,42,41,0.525,0.555
3,Qwen/Qwen2.5-1.5B-Instruct,math500,Modular Norm RandOpt,42,42,0.555,0.555
3,Qwen/Qwen2.5-1.5B-Instruct,math500,Modular Norm RandOpt,42,43,0.565,0.555
3,Qwen/Qwen2.5-1.5B-Instruct,math500,Modular Norm RandOpt,42,44,0.61,0.555
3,Qwen/Qwen2.5-1.5B-Instruct,math500,Modular Norm RandOpt,42,45,0.55,0.555
3,Qwen/Qwen2.5-1.5B-Instruct,math500,Modular Norm RandOpt,42,46,0.54,0.555
3,Qwen/Qwen2.5-1.5B-Instruct,math500,Modular Norm RandOpt,42,47,0.55,0.555
3,Qwen/Qwen2.5-1.5B-Instruct,math500,Modular Norm RandOpt,42,48,0.55,0.555
3,Qwen/Qwen2.5-1.5B-Instruct,math500,Modular Norm RandOpt,42,49,0.56,0.555
3,Qwen/Qwen2.5-1.5B-Instruct,math500,Modular Norm RandOpt,42,50,0.57,0.555
3,Qwen/Qwen2.5-1.5B-Instruct,math500,Modular Norm RandOpt,42,51,0.585,0.555
3,Qwen/Qwen2.5-1.5B-Instruct,math500,Modular Norm RandOpt,42,52,0.56,0.555
3,Qwen/Qwen2.5-1.5B-Instruct,math500,Modular Norm RandOpt,42,53,0.525,0.555
3,Qwen/Qwen2.5-1.5B-Instruct,math500,Modular Norm RandOpt,42,54,0.545,0.555
3,Qwen/Qwen2.5-1.5B-Instruct,math500,Modular Norm RandOpt,42,55,0.55,0.555
3,Qwen/Qwen2.5-1.5B-Instruct,math500,Modular Norm RandOpt,42,56,0.545,0.555
3,Qwen/Qwen2.5-1.5B-Instruct,math500,Modular Norm RandOpt,42,57,0.58,0.555
3,Qwen/Qwen2.5-1.5B-Instruct,math500,Modular Norm RandOpt,42,58,0.555,0.555
3,Qwen/Qwen2.5-1.5B-Instruct,math500,Modular Norm RandOpt,42,59,0.59,0.555
3,Qwen/Qwen2.5-1.5B-Instruct,math500,Modular Norm RandOpt,42,60,0.59,0.555
3,Qwen/Qwen2.5-1.5B-Instruct,math500,Modular Norm RandOpt,42,61,0.58,0.555
3,Qwen/Qwen2.5-1.5B-Instruct,math500,Modular Norm RandOpt,42,62,0.575,0.555
3,Qwen/Qwen2.5-1.5B-Instruct,math500,Modular Norm RandOpt,42,63,0.61,0.555
3,Qwen/Qwen2.5-1.5B-Instruct,math500,Modular Norm RandOpt,42,64,0.53,0.555
3,Qwen/Qwen2.5-1.5B-Instruct,math500,Modular Norm RandOpt,42,65,0.58,0.555
3,Qwen/Qwen2.5-1.5B-Instruct,math500,Modular Norm RandOpt,42,66,0.595,0.555
3,Qwen/Qwen2.5-1.5B-Instruct,math500,Modular Norm RandOpt,42,67,0.535,0.555
3,Qwen/Qwen2.5-1.5B-Instruct,math500,Modular Norm RandOpt,42,68,0.585,0.555
3,Qwen/Qwen2.5-1.5B-Instruct,math500,Modular Norm RandOpt,42,69,0.61,0.555
3,Qwen/Qwen2.5-1.5B-Instruct,math500,Modular Norm RandOpt,42,70,0.555,0.555
3,Qwen/Qwen2.5-1.5B-Instruct,math500,Modular Norm RandOpt,42,71,0.555,0.555
3,Qwen/Qwen2.5-1.5B-Instruct,math500,Modular Norm RandOpt,42,72,0.57,0.555
3,Qwen/Qwen2.5-1.5B-Instruct,math500,Modular Norm RandOpt,42,73,0.55,0.555
3,Qwen/Qwen2.5-1.5B-Instruct,math500,Modular Norm RandOpt,42,74,0.57,0.555
3,Qwen/Qwen2.5-1.5B-Instruct,math500,Modular Norm RandOpt,42,75,0.545,0.555
3,Qwen/Qwen2.5-1.5B-Instruct,math500,Modular Norm RandOpt,42,76,0.54,0.555
3,Qwen/Qwen2.5-1.5B-Instruct,math500,Modular Norm RandOpt,42,77,0.545,0.555
3,Qwen/Qwen2.5-1.5B-Instruct,math500,Modular Norm RandOpt,42,78,0.52,0.555
3,Qwen/Qwen2.5-1.5B-Instruct,math500,Modular Norm RandOpt,42,79,0.57,0.555
3,Qwen/Qwen2.5-1.5B-Instruct,math500,Modular Norm RandOpt,42,80,0.55,0.555
3,Qwen/Qwen2.5-1.5B-Instruct,math500,Modular Norm RandOpt,42,81,0.565,0.555
3,Qwen/Qwen2.5-1.5B-Instruct,math500,Modular Norm RandOpt,42,82,0.585,0.555
3,Qwen/Qwen2.5-1.5B-Instruct,math500,Modular Norm RandOpt,42,83,0.565,0.555
3,Qwen/Qwen2.5-1.5B-Instruct,math500,Modular Norm RandOpt,42,84,0.57,0.555
3,Qwen/Qwen2.5-1.5B-Instruct,math500,Modular Norm RandOpt,42,85,0.56,0.555
3,Qwen/Qwen2.5-1.5B-Instruct,math500,Modular Norm RandOpt,42,86,0.575,0.555
3,Qwen/Qwen2.5-1.5B-Instruct,math500,Modular Norm RandOpt,42,87,0.555,0.555
3,Qwen/Qwen2.5-1.5B-Instruct,math500,Modular Norm RandOpt,42,88,0.605,0.555
3,Qwen/Qwen2.5-1.5B-Instruct,math500,Modular Norm RandOpt,42,89,0.565,0.555
3,Qwen/Qwen2.5-1.5B-Instruct,math500,Modular Norm RandOpt,42,90,0.57,0.555
3,Qwen/Qwen2.5-1.5B-Instruct,math500,Modular Norm RandOpt,42,91,0.54,0.555
3,Qwen/Qwen2.5-1.5B-Instruct,math500,Modular Norm RandOpt,42,92,0.555,0.555
3,Qwen/Qwen2.5-1.5B-Instruct,math500,Modular Norm RandOpt,42,93,0.565,0.555
3,Qwen/Qwen2.5-1.5B-Instruct,math500,Modular Norm RandOpt,42,94,0.58,0.555
3,Qwen/Qwen2.5-1.5B-Instruct,math500,Modular Norm RandOpt,42,95,0.59,0.555
3,Qwen/Qwen2.5-1.5B-Instruct,math500,Modular Norm RandOpt,42,96,0.58,0.555
3,Qwen/Qwen2.5-1.5B-Instruct,math500,Modular Norm RandOpt,42,97,0.535,0.555
3,Qwen/Qwen2.5-1.5B-Instruct,math500,Modular Norm RandOpt,42,98,0.55,0.555
3,Qwen/Qwen2.5-1.5B-Instruct,math500,Modular Norm RandOpt,42,99,0.56,0.555
3,Qwen/Qwen2.5-1.5B-Instruct,math500,Modular Norm RandOpt,43,0,0.56,0.555
3,Qwen/Qwen2.5-1.5B-Instruct,math500,Modular Norm RandOpt,43,1,0.55,0.555
3,Qwen/Qwen2.5-1.5B-Instruct,math500,Modular Norm RandOpt,43,2,0.55,0.555
3,Qwen/Qwen2.5-1.5B-Instruct,math500,Modular Norm RandOpt,43,3,0.575,0.555
3,Qwen/Qwen2.5-1.5B-Instruct,math500,Modular Norm RandOpt,43,4,0.58,0.555
3,Qwen/Qwen2.5-1.5B-Instruct,math500,Modular Norm RandOpt,43,5,0.58,0.555
3,Qwen/Qwen2.5-1.5B-Instruct,math500,Modular Norm RandOpt,43,6,0.555,0.555
3,Qwen/Qwen2.5-1.5B-Instruct,math500,Modular Norm RandOpt,43,7,0.555,0.555
3,Qwen/Qwen2.5-1.5B-Instruct,math500,Modular Norm RandOpt,43,8,0.555,0.555
3,Qwen/Qwen2.5-1.5B-Instruct,math500,Modular Norm RandOpt,43,9,0.565,0.555
3,Qwen/Qwen2.5-1.5B-Instruct,math500,Modular Norm RandOpt,43,10,0.51,0.555
3,Qwen/Qwen2.5-1.5B-Instruct,math500,Modular Norm RandOpt,43,11,0.605,0.555
3,Qwen/Qwen2.5-1.5B-Instruct,math500,Modular Norm RandOpt,43,12,0.56,0.555
3,Qwen/Qwen2.5-1.5B-Instruct,math500,Modular Norm RandOpt,43,13,0.565,0.555
3,Qwen/Qwen2.5-1.5B-Instruct,math500,Modular Norm RandOpt,43,14,0.595,0.555
3,Qwen/Qwen2.5-1.5B-Instruct,math500,Modular Norm RandOpt,43,15,0.55,0.555
3,Qwen/Qwen2.5-1.5B-Instruct,math500,Modular Norm RandOpt,43,16,0.535,0.555
3,Qwen/Qwen2.5-1.5B-Instruct,math500,Modular Norm RandOpt,43,17,0.565,0.555
3,Qwen/Qwen2.5-1.5B-Instruct,math500,Modular Norm RandOpt,43,18,0.575,0.555
3,Qwen/Qwen2.5-1.5B-Instruct,math500,Modular Norm RandOpt,43,19,0.545,0.555
3,Qwen/Qwen2.5-1.5B-Instruct,math500,Modular Norm RandOpt,43,20,0.555,0.555
3,Qwen/Qwen2.5-1.5B-Instruct,math500,Modular Norm RandOpt,43,21,0.595,0.555
3,Qwen/Qwen2.5-1.5B-Instruct,math500,Modular Norm RandOpt,43,22,0.57,0.555
3,Qwen/Qwen2.5-1.5B-Instruct,math500,Modular Norm RandOpt,43,23,0.59,0.555
3,Qwen/Qwen2.5-1.5B-Instruct,math500,Modular Norm RandOpt,43,24,0.545,0.555
3,Qwen/Qwen2.5-1.5B-Instruct,math500,Modular Norm RandOpt,43,25,0.57,0.555
3,Qwen/Qwen2.5-1.5B-Instruct,math500,Modular Norm RandOpt,43,26,0.545,0.555
3,Qwen/Qwen2.5-1.5B-Instruct,math500,Modular Norm RandOpt,43,27,0.565,0.555
3,Qwen/Qwen2.5-1.5B-Instruct,math500,Modular Norm RandOpt,43,28,0.525,0.555
3,Qwen/Qwen2.5-1.5B-Instruct,math500,Modular Norm RandOpt,43,29,0.585,0.555
3,Qwen/Qwen2.5-1.5B-Instruct,math500,Modular Norm RandOpt,43,30,0.565,0.555
3,Qwen/Qwen2.5-1.5B-Instruct,math500,Modular Norm RandOpt,43,31,0.545,0.555
3,Qwen/Qwen2.5-1.5B-Instruct,math500,Modular Norm RandOpt,43,32,0.545,0.555
3,Qwen/Qwen2.5-1.5B-Instruct,math500,Modular Norm RandOpt,43,33,0.55,0.555
3,Qwen/Qwen2.5-1.5B-Instruct,math500,Modular Norm RandOpt,43,34,0.585,0.555
3,Qwen/Qwen2.5-1.5B-Instruct,math500,Modular Norm RandOpt,43,35,0.55,0.555
3,Qwen/Qwen2.5-1.5B-Instruct,math500,Modular Norm RandOpt,43,36,0.61,0.555
3,Qwen/Qwen2.5-1.5B-Instruct,math500,Modular Norm RandOpt,43,37,0.555,0.555
3,Qwen/Qwen2.5-1.5B-Instruct,math500,Modular Norm RandOpt,43,38,0.53,0.555
3,Qwen/Qwen2.5-1.5B-Instruct,math500,Modular Norm RandOpt,43,39,0.56,0.555
3,Qwen/Qwen2.5-1.5B-Instruct,math500,Modular Norm RandOpt,43,40,0.595,0.555
3,Qwen/Qwen2.5-1.5B-Instruct,math500,Modular Norm RandOpt,43,41,0.59,0.555
3,Qwen/Qwen2.5-1.5B-Instruct,math500,Modular Norm RandOpt,43,42,0.575,0.555
3,Qwen/Qwen2.5-1.5B-Instruct,math500,Modular Norm RandOpt,43,43,0.585,0.555
3,Qwen/Qwen2.5-1.5B-Instruct,math500,Modular Norm RandOpt,43,44,0.55,0.555
3,Qwen/Qwen2.5-1.5B-Instruct,math500,Modular Norm RandOpt,43,45,0.575,0.555
3,Qwen/Qwen2.5-1.5B-Instruct,math500,Modular Norm RandOpt,43,46,0.57,0.555
3,Qwen/Qwen2.5-1.5B-Instruct,math500,Modular Norm RandOpt,43,47,0.525,0.555
3,Qwen/Qwen2.5-1.5B-Instruct,math500,Modular Norm RandOpt,43,48,0.59,0.555
3,Qwen/Qwen2.5-1.5B-Instruct,math500,Modular Norm RandOpt,43,49,0.575,0.555
3,Qwen/Qwen2.5-1.5B-Instruct,math500,Modular Norm RandOpt,43,50,0.565,0.555
3,Qwen/Qwen2.5-1.5B-Instruct,math500,Modular Norm RandOpt,43,51,0.58,0.555
3,Qwen/Qwen2.5-1.5B-Instruct,math500,Modular Norm RandOpt,43,52,0.62,0.555
3,Qwen/Qwen2.5-1.5B-Instruct,math500,Modular Norm RandOpt,43,53,0.545,0.555
3,Qwen/Qwen2.5-1.5B-Instruct,math500,Modular Norm RandOpt,43,54,0.585,0.555
3,Qwen/Qwen2.5-1.5B-Instruct,math500,Modular Norm RandOpt,43,55,0.57,0.555
3,Qwen/Qwen2.5-1.5B-Instruct,math500,Modular Norm RandOpt,43,56,0.565,0.555
3,Qwen/Qwen2.5-1.5B-Instruct,math500,Modular Norm RandOpt,43,57,0.565,0.555
3,Qwen/Qwen2.5-1.5B-Instruct,math500,Modular Norm RandOpt,43,58,0.58,0.555
3,Qwen/Qwen2.5-1.5B-Instruct,math500,Modular Norm RandOpt,43,59,0.555,0.555
3,Qwen/Qwen2.5-1.5B-Instruct,math500,Modular Norm RandOpt,43,60,0.545,0.555
3,Qwen/Qwen2.5-1.5B-Instruct,math500,Modular Norm RandOpt,43,61,0.575,0.555
3,Qwen/Qwen2.5-1.5B-Instruct,math500,Modular Norm RandOpt,43,62,0.575,0.555
3,Qwen/Qwen2.5-1.5B-Instruct,math500,Modular Norm RandOpt,43,63,0.555,0.555
3,Qwen/Qwen2.5-1.5B-Instruct,math500,Modular Norm RandOpt,43,64,0.555,0.555
3,Qwen/Qwen2.5-1.5B-Instruct,math500,Modular Norm RandOpt,43,65,0.575,0.555
3,Qwen/Qwen2.5-1.5B-Instruct,math500,Modular Norm RandOpt,43,66,0.585,0.555
3,Qwen/Qwen2.5-1.5B-Instruct,math500,Modular Norm RandOpt,43,67,0.575,0.555
3,Qwen/Qwen2.5-1.5B-Instruct,math500,Modular Norm RandOpt,43,68,0.61,0.555
3,Qwen/Qwen2.5-1.5B-Instruct,math500,Modular Norm RandOpt,43,69,0.55,0.555
3,Qwen/Qwen2.5-1.5B-Instruct,math500,Modular Norm RandOpt,43,70,0.575,0.555
3,Qwen/Qwen2.5-1.5B-Instruct,math500,Modular Norm RandOpt,43,71,0.58,0.555
3,Qwen/Qwen2.5-1.5B-Instruct,math500,Modular Norm RandOpt,43,72,0.515,0.555
3,Qwen/Qwen2.5-1.5B-Instruct,math500,Modular Norm RandOpt,43,73,0.57,0.555
3,Qwen/Qwen2.5-1.5B-Instruct,math500,Modular Norm RandOpt,43,74,0.575,0.555
3,Qwen/Qwen2.5-1.5B-Instruct,math500,Modular Norm RandOpt,43,75,0.555,0.555
3,Qwen/Qwen2.5-1.5B-Instruct,math500,Modular Norm RandOpt,43,76,0.555,0.555
3,Qwen/Qwen2.5-1.5B-Instruct,math500,Modular Norm RandOpt,43,77,0.565,0.555
3,Qwen/Qwen2.5-1.5B-Instruct,math500,Modular Norm RandOpt,43,78,0.56,0.555
3,Qwen/Qwen2.5-1.5B-Instruct,math500,Modular Norm RandOpt,43,79,0.59,0.555
3,Qwen/Qwen2.5-1.5B-Instruct,math500,Modular Norm RandOpt,43,80,0.555,0.555
3,Qwen/Qwen2.5-1.5B-Instruct,math500,Modular Norm RandOpt,43,81,0.615,0.555
3,Qwen/Qwen2.5-1.5B-Instruct,math500,Modular Norm RandOpt,43,82,0.575,0.555
3,Qwen/Qwen2.5-1.5B-Instruct,math500,Modular Norm RandOpt,43,83,0.525,0.555
3,Qwen/Qwen2.5-1.5B-Instruct,math500,Modular Norm RandOpt,43,84,0.55,0.555
3,Qwen/Qwen2.5-1.5B-Instruct,math500,Modular Norm RandOpt,43,85,0.56,0.555
3,Qwen/Qwen2.5-1.5B-Instruct,math500,Modular Norm RandOpt,43,86,0.565,0.555
3,Qwen/Qwen2.5-1.5B-Instruct,math500,Modular Norm RandOpt,43,87,0.58,0.555
3,Qwen/Qwen2.5-1.5B-Instruct,math500,Modular Norm RandOpt,43,88,0.54,0.555
3,Qwen/Qwen2.5-1.5B-Instruct,math500,Modular Norm RandOpt,43,89,0.54,0.555
3,Qwen/Qwen2.5-1.5B-Instruct,math500,Modular Norm RandOpt,43,90,0.57,0.555
3,Qwen/Qwen2.5-1.5B-Instruct,math500,Modular Norm RandOpt,43,91,0.555,0.555
3,Qwen/Qwen2.5-1.5B-Instruct,math500,Modular Norm RandOpt,43,92,0.575,0.555
3,Qwen/Qwen2.5-1.5B-Instruct,math500,Modular Norm RandOpt,43,93,0.58,0.555
3,Qwen/Qwen2.5-1.5B-Instruct,math500,Modular Norm RandOpt,43,94,0.585,0.555
3,Qwen/Qwen2.5-1.5B-Instruct,math500,Modular Norm RandOpt,43,95,0.555,0.555
3,Qwen/Qwen2.5-1.5B-Instruct,math500,Modular Norm RandOpt,43,96,0.57,0.555
3,Qwen/Qwen2.5-1.5B-Instruct,math500,Modular Norm RandOpt,43,97,0.55,0.555
3,Qwen/Qwen2.5-1.5B-Instruct,math500,Modular Norm RandOpt,43,98,0.565,0.555
3,Qwen/Qwen2.5-1.5B-Instruct,math500,Modular Norm RandOpt,43,99,0.56,0.555
3,Qwen/Qwen2.5-1.5B-Instruct,math500,Modular Norm RandOpt,44,0,0.555,0.555
3,Qwen/Qwen2.5-1.5B-Instruct,math500,Modular Norm RandOpt,44,1,0.545,0.555
3,Qwen/Qwen2.5-1.5B-Instruct,math500,Modular Norm RandOpt,44,2,0.57,0.555
3,Qwen/Qwen2.5-1.5B-Instruct,math500,Modular Norm RandOpt,44,3,0.555,0.555
3,Qwen/Qwen2.5-1.5B-Instruct,math500,Modular Norm RandOpt,44,4,0.6,0.555
3,Qwen/Qwen2.5-1.5B-Instruct,math500,Modular Norm RandOpt,44,5,0.56,0.555
3,Qwen/Qwen2.5-1.5B-Instruct,math500,Modular Norm RandOpt,44,6,0.58,0.555
3,Qwen/Qwen2.5-1.5B-Instruct,math500,Modular Norm RandOpt,44,7,0.575,0.555
3,Qwen/Qwen2.5-1.5B-Instruct,math500,Modular Norm RandOpt,44,8,0.555,0.555
3,Qwen/Qwen2.5-1.5B-Instruct,math500,Modular Norm RandOpt,44,9,0.55,0.555
3,Qwen/Qwen2.5-1.5B-Instruct,math500,Modular Norm RandOpt,44,10,0.57,0.555
3,Qwen/Qwen2.5-1.5B-Instruct,math500,Modular Norm RandOpt,44,11,0.58,0.555
3,Qwen/Qwen2.5-1.5B-Instruct,math500,Modular Norm RandOpt,44,12,0.555,0.555
3,Qwen/Qwen2.5-1.5B-Instruct,math500,Modular Norm RandOpt,44,13,0.565,0.555
3,Qwen/Qwen2.5-1.5B-Instruct,math500,Modular Norm RandOpt,44,14,0.56,0.555
3,Qwen/Qwen2.5-1.5B-Instruct,math500,Modular Norm RandOpt,44,15,0.6,0.555
3,Qwen/Qwen2.5-1.5B-Instruct,math500,Modular Norm RandOpt,44,16,0.545,0.555
3,Qwen/Qwen2.5-1.5B-Instruct,math500,Modular Norm RandOpt,44,17,0.54,0.555
3,Qwen/Qwen2.5-1.5B-Instruct,math500,Modular Norm RandOpt,44,18,0.565,0.555
3,Qwen/Qwen2.5-1.5B-Instruct,math500,Modular Norm RandOpt,44,19,0.545,0.555
3,Qwen/Qwen2.5-1.5B-Instruct,math500,Modular Norm RandOpt,44,20,0.505,0.555
3,Qwen/Qwen2.5-1.5B-Instruct,math500,Modular Norm RandOpt,44,21,0.55,0.555
3,Qwen/Qwen2.5-1.5B-Instruct,math500,Modular Norm RandOpt,44,22,0.55,0.555
3,Qwen/Qwen2.5-1.5B-Instruct,math500,Modular Norm RandOpt,44,23,0.535,0.555
3,Qwen/Qwen2.5-1.5B-Instruct,math500,Modular Norm RandOpt,44,24,0.585,0.555
3,Qwen/Qwen2.5-1.5B-Instruct,math500,Modular Norm RandOpt,44,25,0.565,0.555
3,Qwen/Qwen2.5-1.5B-Instruct,math500,Modular Norm RandOpt,44,26,0.58,0.555
3,Qwen/Qwen2.5-1.5B-Instruct,math500,Modular Norm RandOpt,44,27,0.56,0.555
3,Qwen/Qwen2.5-1.5B-Instruct,math500,Modular Norm RandOpt,44,28,0.555,0.555
3,Qwen/Qwen2.5-1.5B-Instruct,math500,Modular Norm RandOpt,44,29,0.59,0.555
3,Qwen/Qwen2.5-1.5B-Instruct,math500,Modular Norm RandOpt,44,30,0.565,0.555
3,Qwen/Qwen2.5-1.5B-Instruct,math500,Modular Norm RandOpt,44,31,0.535,0.555
3,Qwen/Qwen2.5-1.5B-Instruct,math500,Modular Norm RandOpt,44,32,0.605,0.555
3,Qwen/Qwen2.5-1.5B-Instruct,math500,Modular Norm RandOpt,44,33,0.55,0.555
3,Qwen/Qwen2.5-1.5B-Instruct,math500,Modular Norm RandOpt,44,34,0.575,0.555
3,Qwen/Qwen2.5-1.5B-Instruct,math500,Modular Norm RandOpt,44,35,0.565,0.555
3,Qwen/Qwen2.5-1.5B-Instruct,math500,Modular Norm RandOpt,44,36,0.55,0.555
3,Qwen/Qwen2.5-1.5B-Instruct,math500,Modular Norm RandOpt,44,37,0.54,0.555
3,Qwen/Qwen2.5-1.5B-Instruct,math500,Modular Norm RandOpt,44,38,0.53,0.555
3,Qwen/Qwen2.5-1.5B-Instruct,math500,Modular Norm RandOpt,44,39,0.56,0.555
3,Qwen/Qwen2.5-1.5B-Instruct,math500,Modular Norm RandOpt,44,40,0.56,0.555
3,Qwen/Qwen2.5-1.5B-Instruct,math500,Modular Norm RandOpt,44,41,0.57,0.555
3,Qwen/Qwen2.5-1.5B-Instruct,math500,Modular Norm RandOpt,44,42,0.58,0.555
3,Qwen/Qwen2.5-1.5B-Instruct,math500,Modular Norm RandOpt,44,43,0.57,0.555
3,Qwen/Qwen2.5-1.5B-Instruct,math500,Modular Norm RandOpt,44,44,0.55,0.555
3,Qwen/Qwen2.5-1.5B-Instruct,math500,Modular Norm RandOpt,44,45,0.595,0.555
3,Qwen/Qwen2.5-1.5B-Instruct,math500,Modular Norm RandOpt,44,46,0.54,0.555
3,Qwen/Qwen2.5-1.5B-Instruct,math500,Modular Norm RandOpt,44,47,0.575,0.555
3,Qwen/Qwen2.5-1.5B-Instruct,math500,Modular Norm RandOpt,44,48,0.55,0.555
3,Qwen/Qwen2.5-1.5B-Instruct,math500,Modular Norm RandOpt,44,49,0.555,0.555
3,Qwen/Qwen2.5-1.5B-Instruct,math500,Modular Norm RandOpt,44,50,0.52,0.555
3,Qwen/Qwen2.5-1.5B-Instruct,math500,Modular Norm RandOpt,44,51,0.555,0.555
3,Qwen/Qwen2.5-1.5B-Instruct,math500,Modular Norm RandOpt,44,52,0.58,0.555
3,Qwen/Qwen2.5-1.5B-Instruct,math500,Modular Norm RandOpt,44,53,0.56,0.555
3,Qwen/Qwen2.5-1.5B-Instruct,math500,Modular Norm RandOpt,44,54,0.58,0.555
3,Qwen/Qwen2.5-1.5B-Instruct,math500,Modular Norm RandOpt,44,55,0.575,0.555
3,Qwen/Qwen2.5-1.5B-Instruct,math500,Modular Norm RandOpt,44,56,0.545,0.555
3,Qwen/Qwen2.5-1.5B-Instruct,math500,Modular Norm RandOpt,44,57,0.555,0.555
3,Qwen/Qwen2.5-1.5B-Instruct,math500,Modular Norm RandOpt,44,58,0.535,0.555
3,Qwen/Qwen2.5-1.5B-Instruct,math500,Modular Norm RandOpt,44,59,0.6,0.555
3,Qwen/Qwen2.5-1.5B-Instruct,math500,Modular Norm RandOpt,44,60,0.555,0.555
3,Qwen/Qwen2.5-1.5B-Instruct,math500,Modular Norm RandOpt,44,61,0.565,0.555
3,Qwen/Qwen2.5-1.5B-Instruct,math500,Modular Norm RandOpt,44,62,0.565,0.555
3,Qwen/Qwen2.5-1.5B-Instruct,math500,Modular Norm RandOpt,44,63,0.56,0.555
3,Qwen/Qwen2.5-1.5B-Instruct,math500,Modular Norm RandOpt,44,64,0.525,0.555
3,Qwen/Qwen2.5-1.5B-Instruct,math500,Modular Norm RandOpt,44,65,0.54,0.555
3,Qwen/Qwen2.5-1.5B-Instruct,math500,Modular Norm RandOpt,44,66,0.57,0.555
3,Qwen/Qwen2.5-1.5B-Instruct,math500,Modular Norm RandOpt,44,67,0.57,0.555
3,Qwen/Qwen2.5-1.5B-Instruct,math500,Modular Norm RandOpt,44,68,0.56,0.555
3,Qwen/Qwen2.5-1.5B-Instruct,math500,Modular Norm RandOpt,44,69,0.59,0.555
3,Qwen/Qwen2.5-1.5B-Instruct,math500,Modular Norm RandOpt,44,70,0.56,0.555
3,Qwen/Qwen2.5-1.5B-Instruct,math500,Modular Norm RandOpt,44,71,0.56,0.555
3,Qwen/Qwen2.5-1.5B-Instruct,math500,Modular Norm RandOpt,44,72,0.535,0.555
3,Qwen/Qwen2.5-1.5B-Instruct,math500,Modular Norm RandOpt,44,73,0.56,0.555
3,Qwen/Qwen2.5-1.5B-Instruct,math500,Modular Norm RandOpt,44,74,0.535,0.555
3,Qwen/Qwen2.5-1.5B-Instruct,math500,Modular Norm RandOpt,44,75,0.57,0.555
3,Qwen/Qwen2.5-1.5B-Instruct,math500,Modular Norm RandOpt,44,76,0.57,0.555
3,Qwen/Qwen2.5-1.5B-Instruct,math500,Modular Norm RandOpt,44,77,0.55,0.555
3,Qwen/Qwen2.5-1.5B-Instruct,math500,Modular Norm RandOpt,44,78,0.525,0.555
3,Qwen/Qwen2.5-1.5B-Instruct,math500,Modular Norm RandOpt,44,79,0.59,0.555
3,Qwen/Qwen2.5-1.5B-Instruct,math500,Modular Norm RandOpt,44,80,0.56,0.555
3,Qwen/Qwen2.5-1.5B-Instruct,math500,Modular Norm RandOpt,44,81,0.595,0.555
3,Qwen/Qwen2.5-1.5B-Instruct,math500,Modular Norm RandOpt,44,82,0.56,0.555
3,Qwen/Qwen2.5-1.5B-Instruct,math500,Modular Norm RandOpt,44,83,0.545,0.555
3,Qwen/Qwen2.5-1.5B-Instruct,math500,Modular Norm RandOpt,44,84,0.58,0.555
3,Qwen/Qwen2.5-1.5B-Instruct,math500,Modular Norm RandOpt,44,85,0.55,0.555
3,Qwen/Qwen2.5-1.5B-Instruct,math500,Modular Norm RandOpt,44,86,0.57,0.555
3,Qwen/Qwen2.5-1.5B-Instruct,math500,Modular Norm RandOpt,44,87,0.58,0.555
3,Qwen/Qwen2.5-1.5B-Instruct,math500,Modular Norm RandOpt,44,88,0.59,0.555
3,Qwen/Qwen2.5-1.5B-Instruct,math500,Modular Norm RandOpt,44,89,0.595,0.555
3,Qwen/Qwen2.5-1.5B-Instruct,math500,Modular Norm RandOpt,44,90,0.565,0.555
3,Qwen/Qwen2.5-1.5B-Instruct,math500,Modular Norm RandOpt,44,91,0.585,0.555
3,Qwen/Qwen2.5-1.5B-Instruct,math500,Modular Norm RandOpt,44,92,0.57,0.555
3,Qwen/Qwen2.5-1.5B-Instruct,math500,Modular Norm RandOpt,44,93,0.57,0.555
3,Qwen/Qwen2.5-1.5B-Instruct,math500,Modular Norm RandOpt,44,94,0.59,0.555
3,Qwen/Qwen2.5-1.5B-Instruct,math500,Modular Norm RandOpt,44,95,0.555,0.555
3,Qwen/Qwen2.5-1.5B-Instruct,math500,Modular Norm RandOpt,44,96,0.55,0.555
3,Qwen/Qwen2.5-1.5B-Instruct,math500,Modular Norm RandOpt,44,97,0.55,0.555
3,Qwen/Qwen2.5-1.5B-Instruct,math500,Modular Norm RandOpt,44,98,0.56,0.555
3,Qwen/Qwen2.5-1.5B-Instruct,math500,Modular Norm RandOpt,44,99,0.535,0.555
3,Qwen/Qwen2.5-1.5B-Instruct,math500,RandOpt,42,0,0.56,0.555
3,Qwen/Qwen2.5-1.5B-Instruct,math500,RandOpt,42,1,0.585,0.555
3,Qwen/Qwen2.5-1.5B-Instruct,math500,RandOpt,42,2,0.58,0.555
3,Qwen/Qwen2.5-1.5B-Instruct,math500,RandOpt,42,3,0.585,0.555
3,Qwen/Qwen2.5-1.5B-Instruct,math500,RandOpt,42,4,0.555,0.555
3,Qwen/Qwen2.5-1.5B-Instruct,math500,RandOpt,42,5,0.53,0.555
3,Qwen/Qwen2.5-1.5B-Instruct,math500,RandOpt,42,6,0.585,0.555
3,Qwen/Qwen2.5-1.5B-Instruct,math500,RandOpt,42,7,0.57,0.555
3,Qwen/Qwen2.5-1.5B-Instruct,math500,RandOpt,42,8,0.545,0.555
3,Qwen/Qwen2.5-1.5B-Instruct,math500,RandOpt,42,9,0.58,0.555
3,Qwen/Qwen2.5-1.5B-Instruct,math500,RandOpt,42,10,0.58,0.555
3,Qwen/Qwen2.5-1.5B-Instruct,math500,RandOpt,42,11,0.53,0.555
3,Qwen/Qwen2.5-1.5B-Instruct,math500,RandOpt,42,12,0.56,0.555
3,Qwen/Qwen2.5-1.5B-Instruct,math500,RandOpt,42,13,0.56,0.555
3,Qwen/Qwen2.5-1.5B-Instruct,math500,RandOpt,42,14,0.585,0.555
3,Qwen/Qwen2.5-1.5B-Instruct,math500,RandOpt,42,15,0.58,0.555
3,Qwen/Qwen2.5-1.5B-Instruct,math500,RandOpt,42,16,0.61,0.555
3,Qwen/Qwen2.5-1.5B-Instruct,math500,RandOpt,42,17,0.525,0.555
3,Qwen/Qwen2.5-1.5B-Instruct,math500,RandOpt,42,18,0.545,0.555
3,Qwen/Qwen2.5-1.5B-Instruct,math500,RandOpt,42,19,0.52,0.555
3,Qwen/Qwen2.5-1.5B-Instruct,math500,RandOpt,42,20,0.55,0.555
3,Qwen/Qwen2.5-1.5B-Instruct,math500,RandOpt,42,21,0.55,0.555
3,Qwen/Qwen2.5-1.5B-Instruct,math500,RandOpt,42,22,0.57,0.555
3,Qwen/Qwen2.5-1.5B-Instruct,math500,RandOpt,42,23,0.56,0.555
3,Qwen/Qwen2.5-1.5B-Instruct,math500,RandOpt,42,24,0.575,0.555
3,Qwen/Qwen2.5-1.5B-Instruct,math500,RandOpt,42,25,0.58,0.555
3,Qwen/Qwen2.5-1.5B-Instruct,math500,RandOpt,42,26,0.545,0.555
3,Qwen/Qwen2.5-1.5B-Instruct,math500,RandOpt,42,27,0.56,0.555
3,Qwen/Qwen2.5-1.5B-Instruct,math500,RandOpt,42,28,0.56,0.555
3,Qwen/Qwen2.5-1.5B-Instruct,math500,RandOpt,42,29,0.535,0.555
3,Qwen/Qwen2.5-1.5B-Instruct,math500,RandOpt,42,30,0.535,0.555
3,Qwen/Qwen2.5-1.5B-Instruct,math500,RandOpt,42,31,0.555,0.555
3,Qwen/Qwen2.5-1.5B-Instruct,math500,RandOpt,42,32,0.535,0.555
3,Qwen/Qwen2.5-1.5B-Instruct,math500,RandOpt,42,33,0.555,0.555
3,Qwen/Qwen2.5-1.5B-Instruct,math500,RandOpt,42,34,0.555,0.555
3,Qwen/Qwen2.5-1.5B-Instruct,math500,RandOpt,42,35,0.56,0.555
3,Qwen/Qwen2.5-1.5B-Instruct,math500,RandOpt,42,36,0.565,0.555
3,Qwen/Qwen2.5-1.5B-Instruct,math500,RandOpt,42,37,0.6,0.555
3,Qwen/Qwen2.5-1.5B-Instruct,math500,RandOpt,42,38,0.565,0.555
3,Qwen/Qwen2.5-1.5B-Instruct,math500,RandOpt,42,39,0.585,0.555
3,Qwen/Qwen2.5-1.5B-Instruct,math500,RandOpt,42,40,0.5,0.555
3,Qwen/Qwen2.5-1.5B-Instruct,math500,RandOpt,42,41,0.52,0.555
3,Qwen/Qwen2.5-1.5B-Instruct,math500,RandOpt,42,42,0.545,0.555
3,Qwen/Qwen2.5-1.5B-Instruct,math500,RandOpt,42,43,0.555,0.555
3,Qwen/Qwen2.5-1.5B-Instruct,math500,RandOpt,42,44,0.555,0.555
3,Qwen/Qwen2.5-1.5B-Instruct,math500,RandOpt,42,45,0.59,0.555
3,Qwen/Qwen2.5-1.5B-Instruct,math500,RandOpt,42,46,0.575,0.555
3,Qwen/Qwen2.5-1.5B-Instruct,math500,RandOpt,42,47,0.545,0.555
3,Qwen/Qwen2.5-1.5B-Instruct,math500,RandOpt,42,48,0.525,0.555
3,Qwen/Qwen2.5-1.5B-Instruct,math500,RandOpt,42,49,0.57,0.555
3,Qwen/Qwen2.5-1.5B-Instruct,math500,RandOpt,42,50,0.56,0.555
3,Qwen/Qwen2.5-1.5B-Instruct,math500,RandOpt,42,51,0.555,0.555
3,Qwen/Qwen2.5-1.5B-Instruct,math500,RandOpt,42,52,0.55,0.555
3,Qwen/Qwen2.5-1.5B-Instruct,math500,RandOpt,42,53,0.545,0.555
3,Qwen/Qwen2.5-1.5B-Instruct,math500,RandOpt,42,54,0.525,0.555
3,Qwen/Qwen2.5-1.5B-Instruct,math500,RandOpt,42,55,0.57,0.555
3,Qwen/Qwen2.5-1.5B-Instruct,math500,RandOpt,42,56,0.55,0.555
3,Qwen/Qwen2.5-1.5B-Instruct,math500,RandOpt,42,57,0.55,0.555
3,Qwen/Qwen2.5-1.5B-Instruct,math500,RandOpt,42,58,0.58,0.555
3,Qwen/Qwen2.5-1.5B-Instruct,math500,RandOpt,42,59,0.575,0.555
3,Qwen/Qwen2.5-1.5B-Instruct,math500,RandOpt,42,60,0.555,0.555
3,Qwen/Qwen2.5-1.5B-Instruct,math500,RandOpt,42,61,0.53,0.555
3,Qwen/Qwen2.5-1.5B-Instruct,math500,RandOpt,42,62,0.565,0.555
3,Qwen/Qwen2.5-1.5B-Instruct,math500,RandOpt,42,63,0.555,0.555
3,Qwen/Qwen2.5-1.5B-Instruct,math500,RandOpt,42,64,0.55,0.555
3,Qwen/Qwen2.5-1.5B-Instruct,math500,RandOpt,42,65,0.575,0.555
3,Qwen/Qwen2.5-1.5B-Instruct,math500,RandOpt,42,66,0.555,0.555
3,Qwen/Qwen2.5-1.5B-Instruct,math500,RandOpt,42,67,0.57,0.555
3,Qwen/Qwen2.5-1.5B-Instruct,math500,RandOpt,42,68,0.545,0.555
3,Qwen/Qwen2.5-1.5B-Instruct,math500,RandOpt,42,69,0.57,0.555
3,Qwen/Qwen2.5-1.5B-Instruct,math500,RandOpt,42,70,0.585,0.555
3,Qwen/Qwen2.5-1.5B-Instruct,math500,RandOpt,42,71,0.55,0.555
3,Qwen/Qwen2.5-1.5B-Instruct,math500,RandOpt,42,72,0.56,0.555
3,Qwen/Qwen2.5-1.5B-Instruct,math500,RandOpt,42,73,0.555,0.555
3,Qwen/Qwen2.5-1.5B-Instruct,math500,RandOpt,42,74,0.565,0.555
3,Qwen/Qwen2.5-1.5B-Instruct,math500,RandOpt,42,75,0.54,0.555
3,Qwen/Qwen2.5-1.5B-Instruct,math500,RandOpt,42,76,0.585,0.555
3,Qwen/Qwen2.5-1.5B-Instruct,math500,RandOpt,42,77,0.525,0.555
3,Qwen/Qwen2.5-1.5B-Instruct,math500,RandOpt,42,78,0.55,0.555
3,Qwen/Qwen2.5-1.5B-Instruct,math500,RandOpt,42,79,0.595,0.555
3,Qwen/Qwen2.5-1.5B-Instruct,math500,RandOpt,42,80,0.57,0.555
3,Qwen/Qwen2.5-1.5B-Instruct,math500,RandOpt,42,81,0.545,0.555
3,Qwen/Qwen2.5-1.5B-Instruct,math500,RandOpt,42,82,0.56,0.555
3,Qwen/Qwen2.5-1.5B-Instruct,math500,RandOpt,42,83,0.56,0.555
3,Qwen/Qwen2.5-1.5B-Instruct,math500,RandOpt,42,84,0.535,0.555
3,Qwen/Qwen2.5-1.5B-Instruct,math500,RandOpt,42,85,0.56,0.555
3,Qwen/Qwen2.5-1.5B-Instruct,math500,RandOpt,42,86,0.575,0.555
3,Qwen/Qwen2.5-1.5B-Instruct,math500,RandOpt,42,87,0.61,0.555
3,Qwen/Qwen2.5-1.5B-Instruct,math500,RandOpt,42,88,0.595,0.555
3,Qwen/Qwen2.5-1.5B-Instruct,math500,RandOpt,42,89,0.58,0.555
3,Qwen/Qwen2.5-1.5B-Instruct,math500,RandOpt,42,90,0.595,0.555
3,Qwen/Qwen2.5-1.5B-Instruct,math500,RandOpt,42,91,0.55,0.555
3,Qwen/Qwen2.5-1.5B-Instruct,math500,RandOpt,42,92,0.565,0.555
3,Qwen/Qwen2.5-1.5B-Instruct,math500,RandOpt,42,93,0.53,0.555
3,Qwen/Qwen2.5-1.5B-Instruct,math500,RandOpt,42,94,0.565,0.555
3,Qwen/Qwen2.5-1.5B-Instruct,math500,RandOpt,42,95,0.53,0.555
3,Qwen/Qwen2.5-1.5B-Instruct,math500,RandOpt,42,96,0.58,0.555
3,Qwen/Qwen2.5-1.5B-Instruct,math500,RandOpt,42,97,0.565,0.555
3,Qwen/Qwen2.5-1.5B-Instruct,math500,RandOpt,42,98,0.575,0.555
3,Qwen/Qwen2.5-1.5B-Instruct,math500,RandOpt,42,99,0.55,0.555
3,Qwen/Qwen2.5-1.5B-Instruct,math500,RandOpt,43,0,0.57,0.555
3,Qwen/Qwen2.5-1.5B-Instruct,math500,RandOpt,43,1,0.585,0.555
3,Qwen/Qwen2.5-1.5B-Instruct,math500,RandOpt,43,2,0.57,0.555
3,Qwen/Qwen2.5-1.5B-Instruct,math500,RandOpt,43,3,0.55,0.555
3,Qwen/Qwen2.5-1.5B-Instruct,math500,RandOpt,43,4,0.515,0.555
3,Qwen/Qwen2.5-1.5B-Instruct,math500,RandOpt,43,5,0.56,0.555
3,Qwen/Qwen2.5-1.5B-Instruct,math500,RandOpt,43,6,0.545,0.555
3,Qwen/Qwen2.5-1.5B-Instruct,math500,RandOpt,43,7,0.545,0.555
3,Qwen/Qwen2.5-1.5B-Instruct,math500,RandOpt,43,8,0.575,0.555
3,Qwen/Qwen2.5-1.5B-Instruct,math500,RandOpt,43,9,0.595,0.555
3,Qwen/Qwen2.5-1.5B-Instruct,math500,RandOpt,43,10,0.51,0.555
3,Qwen/Qwen2.5-1.5B-Instruct,math500,RandOpt,43,11,0.56,0.555
3,Qwen/Qwen2.5-1.5B-Instruct,math500,RandOpt,43,12,0.555,0.555
3,Qwen/Qwen2.5-1.5B-Instruct,math500,RandOpt,43,13,0.605,0.555
3,Qwen/Qwen2.5-1.5B-Instruct,math500,RandOpt,43,14,0.565,0.555
3,Qwen/Qwen2.5-1.5B-Instruct,math500,RandOpt,43,15,0.595,0.555
3,Qwen/Qwen2.5-1.5B-Instruct,math500,RandOpt,43,16,0.58,0.555
3,Qwen/Qwen2.5-1.5B-Instruct,math500,RandOpt,43,17,0.56,0.555
3,Qwen/Qwen2.5-1.5B-Instruct,math500,RandOpt,43,18,0.545,0.555
3,Qwen/Qwen2.5-1.5B-Instruct,math500,RandOpt,43,19,0.53,0.555
3,Qwen/Qwen2.5-1.5B-Instruct,math500,RandOpt,43,20,0.57,0.555
3,Qwen/Qwen2.5-1.5B-Instruct,math500,RandOpt,43,21,0.57,0.555
3,Qwen/Qwen2.5-1.5B-Instruct,math500,RandOpt,43,22,0.55,0.555
3,Qwen/Qwen2.5-1.5B-Instruct,math500,RandOpt,43,23,0.58,0.555
3,Qwen/Qwen2.5-1.5B-Instruct,math500,RandOpt,43,24,0.54,0.555
3,Qwen/Qwen2.5-1.5B-Instruct,math500,RandOpt,43,25,0.565,0.555
3,Qwen/Qwen2.5-1.5B-Instruct,math500,RandOpt,43,26,0.58,0.555
3,Qwen/Qwen2.5-1.5B-Instruct,math500,RandOpt,43,27,0.55,0.555
3,Qwen/Qwen2.5-1.5B-Instruct,math500,RandOpt,43,28,0.545,0.555
3,Qwen/Qwen2.5-1.5B-Instruct,math500,RandOpt,43,29,0.56,0.555
3,Qwen/Qwen2.5-1.5B-Instruct,math500,RandOpt,43,30,0.55,0.555
3,Qwen/Qwen2.5-1.5B-Instruct,math500,RandOpt,43,31,0.535,0.555
3,Qwen/Qwen2.5-1.5B-Instruct,math500,RandOpt,43,32,0.51,0.555
3,Qwen/Qwen2.5-1.5B-Instruct,math500,RandOpt,43,33,0.55,0.555
3,Qwen/Qwen2.5-1.5B-Instruct,math500,RandOpt,43,34,0.58,0.555
3,Qwen/Qwen2.5-1.5B-Instruct,math500,RandOpt,43,35,0.52,0.555
3,Qwen/Qwen2.5-1.5B-Instruct,math500,RandOpt,43,36,0.555,0.555
3,Qwen/Qwen2.5-1.5B-Instruct,math500,RandOpt,43,37,0.58,0.555
3,Qwen/Qwen2.5-1.5B-Instruct,math500,RandOpt,43,38,0.52,0.555
3,Qwen/Qwen2.5-1.5B-Instruct,math500,RandOpt,43,39,0.56,0.555
3,Qwen/Qwen2.5-1.5B-Instruct,math500,RandOpt,43,40,0.545,0.555
3,Qwen/Qwen2.5-1.5B-Instruct,math500,RandOpt,43,41,0.575,0.555
3,Qwen/Qwen2.5-1.5B-Instruct,math500,RandOpt,43,42,0.57,0.555
3,Qwen/Qwen2.5-1.5B-Instruct,math500,RandOpt,43,43,0.555,0.555
3,Qwen/Qwen2.5-1.5B-Instruct,math500,RandOpt,43,44,0.56,0.555
3,Qwen/Qwen2.5-1.5B-Instruct,math500,RandOpt,43,45,0.56,0.555
3,Qwen/Qwen2.5-1.5B-Instruct,math500,RandOpt,43,46,0.58,0.555
3,Qwen/Qwen2.5-1.5B-Instruct,math500,RandOpt,43,47,0.58,0.555
3,Qwen/Qwen2.5-1.5B-Instruct,math500,RandOpt,43,48,0.56,0.555
3,Qwen/Qwen2.5-1.5B-Instruct,math500,RandOpt,43,49,0.59,0.555
3,Qwen/Qwen2.5-1.5B-Instruct,math500,RandOpt,43,50,0.565,0.555
3,Qwen/Qwen2.5-1.5B-Instruct,math500,RandOpt,43,51,0.525,0.555
3,Qwen/Qwen2.5-1.5B-Instruct,math500,RandOpt,43,52,0.6,0.555
3,Qwen/Qwen2.5-1.5B-Instruct,math500,RandOpt,43,53,0.52,0.555
3,Qwen/Qwen2.5-1.5B-Instruct,math500,RandOpt,43,54,0.54,0.555
3,Qwen/Qwen2.5-1.5B-Instruct,math500,RandOpt,43,55,0.55,0.555
3,Qwen/Qwen2.5-1.5B-Instruct,math500,RandOpt,43,56,0.535,0.555
3,Qwen/Qwen2.5-1.5B-Instruct,math500,RandOpt,43,57,0.53,0.555
3,Qwen/Qwen2.5-1.5B-Instruct,math500,RandOpt,43,58,0.565,0.555
3,Qwen/Qwen2.5-1.5B-Instruct,math500,RandOpt,43,59,0.575,0.555
3,Qwen/Qwen2.5-1.5B-Instruct,math500,RandOpt,43,60,0.56,0.555
3,Qwen/Qwen2.5-1.5B-Instruct,math500,RandOpt,43,61,0.555,0.555
3,Qwen/Qwen2.5-1.5B-Instruct,math500,RandOpt,43,62,0.535,0.555
3,Qwen/Qwen2.5-1.5B-Instruct,math500,RandOpt,43,63,0.565,0.555
3,Qwen/Qwen2.5-1.5B-Instruct,math500,RandOpt,43,64,0.585,0.555
3,Qwen/Qwen2.5-1.5B-Instruct,math500,RandOpt,43,65,0.565,0.555
3,Qwen/Qwen2.5-1.5B-Instruct,math500,RandOpt,43,66,0.585,0.555
3,Qwen/Qwen2.5-1.5B-Instruct,math500,RandOpt,43,67,0.595,0.555
3,Qwen/Qwen2.5-1.5B-Instruct,math500,RandOpt,43,68,0.565,0.555
3,Qwen/Qwen2.5-1.5B-Instruct,math500,RandOpt,43,69,0.545,0.555
3,Qwen/Qwen2.5-1.5B-Instruct,math500,RandOpt,43,70,0.595,0.555
3,Qwen/Qwen2.5-1.5B-Instruct,math500,RandOpt,43,71,0.565,0.555
3,Qwen/Qwen2.5-1.5B-Instruct,math500,RandOpt,43,72,0.555,0.555
3,Qwen/Qwen2.5-1.5B-Instruct,math500,RandOpt,43,73,0.57,0.555
3,Qwen/Qwen2.5-1.5B-Instruct,math500,RandOpt,43,74,0.555,0.555
3,Qwen/Qwen2.5-1.5B-Instruct,math500,RandOpt,43,75,0.57,0.555
3,Qwen/Qwen2.5-1.5B-Instruct,math500,RandOpt,43,76,0.58,0.555
3,Qwen/Qwen2.5-1.5B-Instruct,math500,RandOpt,43,77,0.57,0.555
3,Qwen/Qwen2.5-1.5B-Instruct,math500,RandOpt,43,78,0.55,0.555
3,Qwen/Qwen2.5-1.5B-Instruct,math500,RandOpt,43,79,0.575,0.555
3,Qwen/Qwen2.5-1.5B-Instruct,math500,RandOpt,43,80,0.53,0.555
3,Qwen/Qwen2.5-1.5B-Instruct,math500,RandOpt,43,81,0.56,0.555
3,Qwen/Qwen2.5-1.5B-Instruct,math500,RandOpt,43,82,0.56,0.555
3,Qwen/Qwen2.5-1.5B-Instruct,math500,RandOpt,43,83,0.585,0.555
3,Qwen/Qwen2.5-1.5B-Instruct,math500,RandOpt,43,84,0.59,0.555
3,Qwen/Qwen2.5-1.5B-Instruct,math500,RandOpt,43,85,0.585,0.555
3,Qwen/Qwen2.5-1.5B-Instruct,math500,RandOpt,43,86,0.525,0.555
3,Qwen/Qwen2.5-1.5B-Instruct,math500,RandOpt,43,87,0.53,0.555
3,Qwen/Qwen2.5-1.5B-Instruct,math500,RandOpt,43,88,0.555,0.555
3,Qwen/Qwen2.5-1.5B-Instruct,math500,RandOpt,43,89,0.58,0.555
3,Qwen/Qwen2.5-1.5B-Instruct,math500,RandOpt,43,90,0.545,0.555
3,Qwen/Qwen2.5-1.5B-Instruct,math500,RandOpt,43,91,0.56,0.555
3,Qwen/Qwen2.5-1.5B-Instruct,math500,RandOpt,43,92,0.525,0.555
3,Qwen/Qwen2.5-1.5B-Instruct,math500,RandOpt,43,93,0.575,0.555
3,Qwen/Qwen2.5-1.5B-Instruct,math500,RandOpt,43,94,0.545,0.555
3,Qwen/Qwen2.5-1.5B-Instruct,math500,RandOpt,43,95,0.58,0.555
3,Qwen/Qwen2.5-1.5B-Instruct,math500,RandOpt,43,96,0.565,0.555
3,Qwen/Qwen2.5-1.5B-Instruct,math500,RandOpt,43,97,0.57,0.555
3,Qwen/Qwen2.5-1.5B-Instruct,math500,RandOpt,43,98,0.555,0.555
3,Qwen/Qwen2.5-1.5B-Instruct,math500,RandOpt,43,99,0.545,0.555
3,Qwen/Qwen2.5-1.5B-Instruct,math500,RandOpt,44,0,0.585,0.555
3,Qwen/Qwen2.5-1.5B-Instruct,math500,RandOpt,44,1,0.54,0.555
3,Qwen/Qwen2.5-1.5B-Instruct,math500,RandOpt,44,2,0.56,0.555
3,Qwen/Qwen2.5-1.5B-Instruct,math500,RandOpt,44,3,0.55,0.555
3,Qwen/Qwen2.5-1.5B-Instruct,math500,RandOpt,44,4,0.56,0.555
3,Qwen/Qwen2.5-1.5B-Instruct,math500,RandOpt,44,5,0.58,0.555
3,Qwen/Qwen2.5-1.5B-Instruct,math500,RandOpt,44,6,0.585,0.555
3,Qwen/Qwen2.5-1.5B-Instruct,math500,RandOpt,44,7,0.56,0.555
3,Qwen/Qwen2.5-1.5B-Instruct,math500,RandOpt,44,8,0.57,0.555
3,Qwen/Qwen2.5-1.5B-Instruct,math500,RandOpt,44,9,0.56,0.555
3,Qwen/Qwen2.5-1.5B-Instruct,math500,RandOpt,44,10,0.56,0.555
3,Qwen/Qwen2.5-1.5B-Instruct,math500,RandOpt,44,11,0.535,0.555
3,Qwen/Qwen2.5-1.5B-Instruct,math500,RandOpt,44,12,0.55,0.555
3,Qwen/Qwen2.5-1.5B-Instruct,math500,RandOpt,44,13,0.54,0.555
3,Qwen/Qwen2.5-1.5B-Instruct,math500,RandOpt,44,14,0.54,0.555
3,Qwen/Qwen2.5-1.5B-Instruct,math500,RandOpt,44,15,0.515,0.555
3,Qwen/Qwen2.5-1.5B-Instruct,math500,RandOpt,44,16,0.545,0.555
3,Qwen/Qwen2.5-1.5B-Instruct,math500,RandOpt,44,17,0.525,0.555
3,Qwen/Qwen2.5-1.5B-Instruct,math500,RandOpt,44,18,0.61,0.555
3,Qwen/Qwen2.5-1.5B-Instruct,math500,RandOpt,44,19,0.575,0.555
3,Qwen/Qwen2.5-1.5B-Instruct,math500,RandOpt,44,20,0.59,0.555
3,Qwen/Qwen2.5-1.5B-Instruct,math500,RandOpt,44,21,0.555,0.555
3,Qwen/Qwen2.5-1.5B-Instruct,math500,RandOpt,44,22,0.555,0.555
3,Qwen/Qwen2.5-1.5B-Instruct,math500,RandOpt,44,23,0.56,0.555
3,Qwen/Qwen2.5-1.5B-Instruct,math500,RandOpt,44,24,0.545,0.555
3,Qwen/Qwen2.5-1.5B-Instruct,math500,RandOpt,44,25,0.585,0.555
3,Qwen/Qwen2.5-1.5B-Instruct,math500,RandOpt,44,26,0.585,0.555
3,Qwen/Qwen2.5-1.5B-Instruct,math500,RandOpt,44,27,0.555,0.555
3,Qwen/Qwen2.5-1.5B-Instruct,math500,RandOpt,44,28,0.515,0.555
3,Qwen/Qwen2.5-1.5B-Instruct,math500,RandOpt,44,29,0.57,0.555
3,Qwen/Qwen2.5-1.5B-Instruct,math500,RandOpt,44,30,0.565,0.555
3,Qwen/Qwen2.5-1.5B-Instruct,math500,RandOpt,44,31,0.515,0.555
3,Qwen/Qwen2.5-1.5B-Instruct,math500,RandOpt,44,32,0.54,0.555
3,Qwen/Qwen2.5-1.5B-Instruct,math500,RandOpt,44,33,0.525,0.555
3,Qwen/Qwen2.5-1.5B-Instruct,math500,RandOpt,44,34,0.555,0.555
3,Qwen/Qwen2.5-1.5B-Instruct,math500,RandOpt,44,35,0.535,0.555
3,Qwen/Qwen2.5-1.5B-Instruct,math500,RandOpt,44,36,0.57,0.555
3,Qwen/Qwen2.5-1.5B-Instruct,math500,RandOpt,44,37,0.54,0.555
3,Qwen/Qwen2.5-1.5B-Instruct,math500,RandOpt,44,38,0.57,0.555
3,Qwen/Qwen2.5-1.5B-Instruct,math500,RandOpt,44,39,0.555,0.555
3,Qwen/Qwen2.5-1.5B-Instruct,math500,RandOpt,44,40,0.58,0.555
3,Qwen/Qwen2.5-1.5B-Instruct,math500,RandOpt,44,41,0.54,0.555
3,Qwen/Qwen2.5-1.5B-Instruct,math500,RandOpt,44,42,0.585,0.555
3,Qwen/Qwen2.5-1.5B-Instruct,math500,RandOpt,44,43,0.58,0.555
3,Qwen/Qwen2.5-1.5B-Instruct,math500,RandOpt,44,44,0.58,0.555
3,Qwen/Qwen2.5-1.5B-Instruct,math500,RandOpt,44,45,0.545,0.555
3,Qwen/Qwen2.5-1.5B-Instruct,math500,RandOpt,44,46,0.595,0.555
3,Qwen/Qwen2.5-1.5B-Instruct,math500,RandOpt,44,47,0.555,0.555
3,Qwen/Qwen2.5-1.5B-Instruct,math500,RandOpt,44,48,0.535,0.555
3,Qwen/Qwen2.5-1.5B-Instruct,math500,RandOpt,44,49,0.545,0.555
3,Qwen/Qwen2.5-1.5B-Instruct,math500,RandOpt,44,50,0.555,0.555
3,Qwen/Qwen2.5-1.5B-Instruct,math500,RandOpt,44,51,0.605,0.555
3,Qwen/Qwen2.5-1.5B-Instruct,math500,RandOpt,44,52,0.535,0.555
3,Qwen/Qwen2.5-1.5B-Instruct,math500,RandOpt,44,53,0.53,0.555
3,Qwen/Qwen2.5-1.5B-Instruct,math500,RandOpt,44,54,0.58,0.555
3,Qwen/Qwen2.5-1.5B-Instruct,math500,RandOpt,44,55,0.55,0.555
3,Qwen/Qwen2.5-1.5B-Instruct,math500,RandOpt,44,56,0.56,0.555
3,Qwen/Qwen2.5-1.5B-Instruct,math500,RandOpt,44,57,0.54,0.555
3,Qwen/Qwen2.5-1.5B-Instruct,math500,RandOpt,44,58,0.55,0.555
3,Qwen/Qwen2.5-1.5B-Instruct,math500,RandOpt,44,59,0.545,0.555
3,Qwen/Qwen2.5-1.5B-Instruct,math500,RandOpt,44,60,0.565,0.555
3,Qwen/Qwen2.5-1.5B-Instruct,math500,RandOpt,44,61,0.57,0.555
3,Qwen/Qwen2.5-1.5B-Instruct,math500,RandOpt,44,62,0.55,0.555
3,Qwen/Qwen2.5-1.5B-Instruct,math500,RandOpt,44,63,0.58,0.555
3,Qwen/Qwen2.5-1.5B-Instruct,math500,RandOpt,44,64,0.55,0.555
3,Qwen/Qwen2.5-1.5B-Instruct,math500,RandOpt,44,65,0.53,0.555
3,Qwen/Qwen2.5-1.5B-Instruct,math500,RandOpt,44,66,0.56,0.555
3,Qwen/Qwen2.5-1.5B-Instruct,math500,RandOpt,44,67,0.525,0.555
3,Qwen/Qwen2.5-1.5B-Instruct,math500,RandOpt,44,68,0.585,0.555
3,Qwen/Qwen2.5-1.5B-Instruct,math500,RandOpt,44,69,0.555,0.555
3,Qwen/Qwen2.5-1.5B-Instruct,math500,RandOpt,44,70,0.55,0.555
3,Qwen/Qwen2.5-1.5B-Instruct,math500,RandOpt,44,71,0.57,0.555
3,Qwen/Qwen2.5-1.5B-Instruct,math500,RandOpt,44,72,0.565,0.555
3,Qwen/Qwen2.5-1.5B-Instruct,math500,RandOpt,44,73,0.57,0.555
3,Qwen/Qwen2.5-1.5B-Instruct,math500,RandOpt,44,74,0.55,0.555
3,Qwen/Qwen2.5-1.5B-Instruct,math500,RandOpt,44,75,0.59,0.555
3,Qwen/Qwen2.5-1.5B-Instruct,math500,RandOpt,44,76,0.575,0.555
3,Qwen/Qwen2.5-1.5B-Instruct,math500,RandOpt,44,77,0.56,0.555
3,Qwen/Qwen2.5-1.5B-Instruct,math500,RandOpt,44,78,0.545,0.555
3,Qwen/Qwen2.5-1.5B-Instruct,math500,RandOpt,44,79,0.565,0.555
3,Qwen/Qwen2.5-1.5B-Instruct,math500,RandOpt,44,80,0.545,0.555
3,Qwen/Qwen2.5-1.5B-Instruct,math500,RandOpt,44,81,0.54,0.555
3,Qwen/Qwen2.5-1.5B-Instruct,math500,RandOpt,44,82,0.545,0.555
3,Qwen/Qwen2.5-1.5B-Instruct,math500,RandOpt,44,83,0.545,0.555
3,Qwen/Qwen2.5-1.5B-Instruct,math500,RandOpt,44,84,0.565,0.555
3,Qwen/Qwen2.5-1.5B-Instruct,math500,RandOpt,44,85,0.53,0.555
3,Qwen/Qwen2.5-1.5B-Instruct,math500,RandOpt,44,86,0.525,0.555
3,Qwen/Qwen2.5-1.5B-Instruct,math500,RandOpt,44,87,0.575,0.555
3,Qwen/Qwen2.5-1.5B-Instruct,math500,RandOpt,44,88,0.57,0.555
3,Qwen/Qwen2.5-1.5B-Instruct,math500,RandOpt,44,89,0.575,0.555
3,Qwen/Qwen2.5-1.5B-Instruct,math500,RandOpt,44,90,0.545,0.555
3,Qwen/Qwen2.5-1.5B-Instruct,math500,RandOpt,44,91,0.575,0.555
3,Qwen/Qwen2.5-1.5B-Instruct,math500,RandOpt,44,92,0.565,0.555
3,Qwen/Qwen2.5-1.5B-Instruct,math500,RandOpt,44,93,0.54,0.555
3,Qwen/Qwen2.5-1.5B-Instruct,math500,RandOpt,44,94,0.56,0.555
3,Qwen/Qwen2.5-1.5B-Instruct,math500,RandOpt,44,95,0.565,0.555
3,Qwen/Qwen2.5-1.5B-Instruct,math500,RandOpt,44,96,0.59,0.555
3,Qwen/Qwen2.5-1.5B-Instruct,math500,RandOpt,44,97,0.585,0.555
3,Qwen/Qwen2.5-1.5B-Instruct,math500,RandOpt,44,98,0.6,0.555
3,Qwen/Qwen2.5-1.5B-Instruct,math500,RandOpt,44,99,0.53,0.555
3,Qwen/Qwen2.5-1.5B-Instruct,mbpp,Modular Norm RandOpt,42,0,0.495,0.495
3,Qwen/Qwen2.5-1.5B-Instruct,mbpp,Modular Norm RandOpt,42,1,0.515,0.495
3,Qwen/Qwen2.5-1.5B-Instruct,mbpp,Modular Norm RandOpt,42,2,0.56,0.495
3,Qwen/Qwen2.5-1.5B-Instruct,mbpp,Modular Norm RandOpt,42,3,0.575,0.495
3,Qwen/Qwen2.5-1.5B-Instruct,mbpp,Modular Norm RandOpt,42,4,0.515,0.495
3,Qwen/Qwen2.5-1.5B-Instruct,mbpp,Modular Norm RandOpt,42,5,0.505,0.495
3,Qwen/Qwen2.5-1.5B-Instruct,mbpp,Modular Norm RandOpt,42,6,0.51,0.495
3,Qwen/Qwen2.5-1.5B-Instruct,mbpp,Modular Norm RandOpt,42,7,0.46,0.495
3,Qwen/Qwen2.5-1.5B-Instruct,mbpp,Modular Norm RandOpt,42,8,0.505,0.495
3,Qwen/Qwen2.5-1.5B-Instruct,mbpp,Modular Norm RandOpt,42,9,0.485,0.495
3,Qwen/Qwen2.5-1.5B-Instruct,mbpp,Modular Norm RandOpt,42,10,0.56,0.495
3,Qwen/Qwen2.5-1.5B-Instruct,mbpp,Modular Norm RandOpt,42,11,0.555,0.495
3,Qwen/Qwen2.5-1.5B-Instruct,mbpp,Modular Norm RandOpt,42,12,0.52,0.495
3,Qwen/Qwen2.5-1.5B-Instruct,mbpp,Modular Norm RandOpt,42,13,0.525,0.495
3,Qwen/Qwen2.5-1.5B-Instruct,mbpp,Modular Norm RandOpt,42,14,0.485,0.495
3,Qwen/Qwen2.5-1.5B-Instruct,mbpp,Modular Norm RandOpt,42,15,0.535,0.495
3,Qwen/Qwen2.5-1.5B-Instruct,mbpp,Modular Norm RandOpt,42,16,0.51,0.495
3,Qwen/Qwen2.5-1.5B-Instruct,mbpp,Modular Norm RandOpt,42,17,0.475,0.495
3,Qwen/Qwen2.5-1.5B-Instruct,mbpp,Modular Norm RandOpt,42,18,0.49,0.495
3,Qwen/Qwen2.5-1.5B-Instruct,mbpp,Modular Norm RandOpt,42,19,0.515,0.495
3,Qwen/Qwen2.5-1.5B-Instruct,mbpp,Modular Norm RandOpt,42,20,0.53,0.495
3,Qwen/Qwen2.5-1.5B-Instruct,mbpp,Modular Norm RandOpt,42,21,0.53,0.495
3,Qwen/Qwen2.5-1.5B-Instruct,mbpp,Modular Norm RandOpt,42,22,0.5,0.495
3,Qwen/Qwen2.5-1.5B-Instruct,mbpp,Modular Norm RandOpt,42,23,0.53,0.495
3,Qwen/Qwen2.5-1.5B-Instruct,mbpp,Modular Norm RandOpt,42,24,0.52,0.495
3,Qwen/Qwen2.5-1.5B-Instruct,mbpp,Modular Norm RandOpt,42,25,0.515,0.495
3,Qwen/Qwen2.5-1.5B-Instruct,mbpp,Modular Norm RandOpt,42,26,0.555,0.495
3,Qwen/Qwen2.5-1.5B-Instruct,mbpp,Modular Norm RandOpt,42,27,0.48,0.495
3,Qwen/Qwen2.5-1.5B-Instruct,mbpp,Modular Norm RandOpt,42,28,0.49,0.495
3,Qwen/Qwen2.5-1.5B-Instruct,mbpp,Modular Norm RandOpt,42,29,0.525,0.495
3,Qwen/Qwen2.5-1.5B-Instruct,mbpp,Modular Norm RandOpt,42,30,0.525,0.495
3,Qwen/Qwen2.5-1.5B-Instruct,mbpp,Modular Norm RandOpt,42,31,0.5,0.495
3,Qwen/Qwen2.5-1.5B-Instruct,mbpp,Modular Norm RandOpt,42,32,0.465,0.495
3,Qwen/Qwen2.5-1.5B-Instruct,mbpp,Modular Norm RandOpt,42,33,0.505,0.495
3,Qwen/Qwen2.5-1.5B-Instruct,mbpp,Modular Norm RandOpt,42,34,0.5,0.495
3,Qwen/Qwen2.5-1.5B-Instruct,mbpp,Modular Norm RandOpt,42,35,0.5,0.495
3,Qwen/Qwen2.5-1.5B-Instruct,mbpp,Modular Norm RandOpt,42,36,0.45,0.495
3,Qwen/Qwen2.5-1.5B-Instruct,mbpp,Modular Norm RandOpt,42,37,0.5,0.495
3,Qwen/Qwen2.5-1.5B-Instruct,mbpp,Modular Norm RandOpt,42,38,0.475,0.495
3,Qwen/Qwen2.5-1.5B-Instruct,mbpp,Modular Norm RandOpt,42,39,0.48,0.495
3,Qwen/Qwen2.5-1.5B-Instruct,mbpp,Modular Norm RandOpt,42,40,0.5,0.495
3,Qwen/Qwen2.5-1.5B-Instruct,mbpp,Modular Norm RandOpt,42,41,0.505,0.495
3,Qwen/Qwen2.5-1.5B-Instruct,mbpp,Modular Norm RandOpt,42,42,0.54,0.495
3,Qwen/Qwen2.5-1.5B-Instruct,mbpp,Modular Norm RandOpt,42,43,0.55,0.495
3,Qwen/Qwen2.5-1.5B-Instruct,mbpp,Modular Norm RandOpt,42,44,0.505,0.495
3,Qwen/Qwen2.5-1.5B-Instruct,mbpp,Modular Norm RandOpt,42,45,0.53,0.495
3,Qwen/Qwen2.5-1.5B-Instruct,mbpp,Modular Norm RandOpt,42,46,0.5,0.495
3,Qwen/Qwen2.5-1.5B-Instruct,mbpp,Modular Norm RandOpt,42,47,0.575,0.495
3,Qwen/Qwen2.5-1.5B-Instruct,mbpp,Modular Norm RandOpt,42,48,0.535,0.495
3,Qwen/Qwen2.5-1.5B-Instruct,mbpp,Modular Norm RandOpt,42,49,0.495,0.495
3,Qwen/Qwen2.5-1.5B-Instruct,mbpp,Modular Norm RandOpt,42,50,0.505,0.495
3,Qwen/Qwen2.5-1.5B-Instruct,mbpp,Modular Norm RandOpt,42,51,0.54,0.495
3,Qwen/Qwen2.5-1.5B-Instruct,mbpp,Modular Norm RandOpt,42,52,0.525,0.495
3,Qwen/Qwen2.5-1.5B-Instruct,mbpp,Modular Norm RandOpt,42,53,0.5,0.495
3,Qwen/Qwen2.5-1.5B-Instruct,mbpp,Modular Norm RandOpt,42,54,0.53,0.495
3,Qwen/Qwen2.5-1.5B-Instruct,mbpp,Modular Norm RandOpt,42,55,0.52,0.495
3,Qwen/Qwen2.5-1.5B-Instruct,mbpp,Modular Norm RandOpt,42,56,0.51,0.495
3,Qwen/Qwen2.5-1.5B-Instruct,mbpp,Modular Norm RandOpt,42,57,0.51,0.495
3,Qwen/Qwen2.5-1.5B-Instruct,mbpp,Modular Norm RandOpt,42,58,0.515,0.495
3,Qwen/Qwen2.5-1.5B-Instruct,mbpp,Modular Norm RandOpt,42,59,0.53,0.495
3,Qwen/Qwen2.5-1.5B-Instruct,mbpp,Modular Norm RandOpt,42,60,0.505,0.495
3,Qwen/Qwen2.5-1.5B-Instruct,mbpp,Modular Norm RandOpt,42,61,0.5,0.495
3,Qwen/Qwen2.5-1.5B-Instruct,mbpp,Modular Norm RandOpt,42,62,0.535,0.495
3,Qwen/Qwen2.5-1.5B-Instruct,mbpp,Modular Norm RandOpt,42,63,0.53,0.495
3,Qwen/Qwen2.5-1.5B-Instruct,mbpp,Modular Norm RandOpt,42,64,0.515,0.495
3,Qwen/Qwen2.5-1.5B-Instruct,mbpp,Modular Norm RandOpt,42,65,0.51,0.495
3,Qwen/Qwen2.5-1.5B-Instruct,mbpp,Modular Norm RandOpt,42,66,0.495,0.495
3,Qwen/Qwen2.5-1.5B-Instruct,mbpp,Modular Norm RandOpt,42,67,0.495,0.495
3,Qwen/Qwen2.5-1.5B-Instruct,mbpp,Modular Norm RandOpt,42,68,0.46,0.495
3,Qwen/Qwen2.5-1.5B-Instruct,mbpp,Modular Norm RandOpt,42,69,0.535,0.495
3,Qwen/Qwen2.5-1.5B-Instruct,mbpp,Modular Norm RandOpt,42,70,0.505,0.495
3,Qwen/Qwen2.5-1.5B-Instruct,mbpp,Modular Norm RandOpt,42,71,0.47,0.495
3,Qwen/Qwen2.5-1.5B-Instruct,mbpp,Modular Norm RandOpt,42,72,0.51,0.495
3,Qwen/Qwen2.5-1.5B-Instruct,mbpp,Modular Norm RandOpt,42,73,0.49,0.495
3,Qwen/Qwen2.5-1.5B-Instruct,mbpp,Modular Norm RandOpt,42,74,0.53,0.495
3,Qwen/Qwen2.5-1.5B-Instruct,mbpp,Modular Norm RandOpt,42,75,0.505,0.495
3,Qwen/Qwen2.5-1.5B-Instruct,mbpp,Modular Norm RandOpt,42,76,0.49,0.495
3,Qwen/Qwen2.5-1.5B-Instruct,mbpp,Modular Norm RandOpt,42,77,0.49,0.495
3,Qwen/Qwen2.5-1.5B-Instruct,mbpp,Modular Norm RandOpt,42,78,0.515,0.495
3,Qwen/Qwen2.5-1.5B-Instruct,mbpp,Modular Norm RandOpt,42,79,0.555,0.495
3,Qwen/Qwen2.5-1.5B-Instruct,mbpp,Modular Norm RandOpt,42,80,0.51,0.495
3,Qwen/Qwen2.5-1.5B-Instruct,mbpp,Modular Norm RandOpt,42,81,0.52,0.495
3,Qwen/Qwen2.5-1.5B-Instruct,mbpp,Modular Norm RandOpt,42,82,0.49,0.495
3,Qwen/Qwen2.5-1.5B-Instruct,mbpp,Modular Norm RandOpt,42,83,0.495,0.495
3,Qwen/Qwen2.5-1.5B-Instruct,mbpp,Modular Norm RandOpt,42,84,0.545,0.495
3,Qwen/Qwen2.5-1.5B-Instruct,mbpp,Modular Norm RandOpt,42,85,0.54,0.495
3,Qwen/Qwen2.5-1.5B-Instruct,mbpp,Modular Norm RandOpt,42,86,0.525,0.495
3,Qwen/Qwen2.5-1.5B-Instruct,mbpp,Modular Norm RandOpt,42,87,0.52,0.495
3,Qwen/Qwen2.5-1.5B-Instruct,mbpp,Modular Norm RandOpt,42,88,0.525,0.495
3,Qwen/Qwen2.5-1.5B-Instruct,mbpp,Modular Norm RandOpt,42,89,0.5,0.495
3,Qwen/Qwen2.5-1.5B-Instruct,mbpp,Modular Norm RandOpt,42,90,0.51,0.495
3,Qwen/Qwen2.5-1.5B-Instruct,mbpp,Modular Norm RandOpt,42,91,0.515,0.495
3,Qwen/Qwen2.5-1.5B-Instruct,mbpp,Modular Norm RandOpt,42,92,0.505,0.495
3,Qwen/Qwen2.5-1.5B-Instruct,mbpp,Modular Norm RandOpt,42,93,0.515,0.495
3,Qwen/Qwen2.5-1.5B-Instruct,mbpp,Modular Norm RandOpt,42,94,0.45,0.495
3,Qwen/Qwen2.5-1.5B-Instruct,mbpp,Modular Norm RandOpt,42,95,0.545,0.495
3,Qwen/Qwen2.5-1.5B-Instruct,mbpp,Modular Norm RandOpt,42,96,0.505,0.495
3,Qwen/Qwen2.5-1.5B-Instruct,mbpp,Modular Norm RandOpt,42,97,0.515,0.495
3,Qwen/Qwen2.5-1.5B-Instruct,mbpp,Modular Norm RandOpt,42,98,0.51,0.495
3,Qwen/Qwen2.5-1.5B-Instruct,mbpp,Modular Norm RandOpt,42,99,0.49,0.495
3,Qwen/Qwen2.5-1.5B-Instruct,mbpp,Modular Norm RandOpt,43,0,0.54,0.495
3,Qwen/Qwen2.5-1.5B-Instruct,mbpp,Modular Norm RandOpt,43,1,0.495,0.495
3,Qwen/Qwen2.5-1.5B-Instruct,mbpp,Modular Norm RandOpt,43,2,0.515,0.495
3,Qwen/Qwen2.5-1.5B-Instruct,mbpp,Modular Norm RandOpt,43,3,0.51,0.495
3,Qwen/Qwen2.5-1.5B-Instruct,mbpp,Modular Norm RandOpt,43,4,0.49,0.495
3,Qwen/Qwen2.5-1.5B-Instruct,mbpp,Modular Norm RandOpt,43,5,0.535,0.495
3,Qwen/Qwen2.5-1.5B-Instruct,mbpp,Modular Norm RandOpt,43,6,0.495,0.495
3,Qwen/Qwen2.5-1.5B-Instruct,mbpp,Modular Norm RandOpt,43,7,0.47,0.495
3,Qwen/Qwen2.5-1.5B-Instruct,mbpp,Modular Norm RandOpt,43,8,0.5,0.495
3,Qwen/Qwen2.5-1.5B-Instruct,mbpp,Modular Norm RandOpt,43,9,0.53,0.495
3,Qwen/Qwen2.5-1.5B-Instruct,mbpp,Modular Norm RandOpt,43,10,0.475,0.495
3,Qwen/Qwen2.5-1.5B-Instruct,mbpp,Modular Norm RandOpt,43,11,0.49,0.495
3,Qwen/Qwen2.5-1.5B-Instruct,mbpp,Modular Norm RandOpt,43,12,0.49,0.495
3,Qwen/Qwen2.5-1.5B-Instruct,mbpp,Modular Norm RandOpt,43,13,0.51,0.495
3,Qwen/Qwen2.5-1.5B-Instruct,mbpp,Modular Norm RandOpt,43,14,0.5,0.495
3,Qwen/Qwen2.5-1.5B-Instruct,mbpp,Modular Norm RandOpt,43,15,0.52,0.495
3,Qwen/Qwen2.5-1.5B-Instruct,mbpp,Modular Norm RandOpt,43,16,0.55,0.495
3,Qwen/Qwen2.5-1.5B-Instruct,mbpp,Modular Norm RandOpt,43,17,0.5,0.495
3,Qwen/Qwen2.5-1.5B-Instruct,mbpp,Modular Norm RandOpt,43,18,0.5,0.495
3,Qwen/Qwen2.5-1.5B-Instruct,mbpp,Modular Norm RandOpt,43,19,0.46,0.495
3,Qwen/Qwen2.5-1.5B-Instruct,mbpp,Modular Norm RandOpt,43,20,0.555,0.495
3,Qwen/Qwen2.5-1.5B-Instruct,mbpp,Modular Norm RandOpt,43,21,0.535,0.495
3,Qwen/Qwen2.5-1.5B-Instruct,mbpp,Modular Norm RandOpt,43,22,0.475,0.495
3,Qwen/Qwen2.5-1.5B-Instruct,mbpp,Modular Norm RandOpt,43,23,0.555,0.495
3,Qwen/Qwen2.5-1.5B-Instruct,mbpp,Modular Norm RandOpt,43,24,0.47,0.495
3,Qwen/Qwen2.5-1.5B-Instruct,mbpp,Modular Norm RandOpt,43,25,0.535,0.495
3,Qwen/Qwen2.5-1.5B-Instruct,mbpp,Modular Norm RandOpt,43,26,0.52,0.495
3,Qwen/Qwen2.5-1.5B-Instruct,mbpp,Modular Norm RandOpt,43,27,0.51,0.495
3,Qwen/Qwen2.5-1.5B-Instruct,mbpp,Modular Norm RandOpt,43,28,0.515,0.495
3,Qwen/Qwen2.5-1.5B-Instruct,mbpp,Modular Norm RandOpt,43,29,0.485,0.495
3,Qwen/Qwen2.5-1.5B-Instruct,mbpp,Modular Norm RandOpt,43,30,0.505,0.495
3,Qwen/Qwen2.5-1.5B-Instruct,mbpp,Modular Norm RandOpt,43,31,0.505,0.495
3,Qwen/Qwen2.5-1.5B-Instruct,mbpp,Modular Norm RandOpt,43,32,0.505,0.495
3,Qwen/Qwen2.5-1.5B-Instruct,mbpp,Modular Norm RandOpt,43,33,0.48,0.495
3,Qwen/Qwen2.5-1.5B-Instruct,mbpp,Modular Norm RandOpt,43,34,0.48,0.495
3,Qwen/Qwen2.5-1.5B-Instruct,mbpp,Modular Norm RandOpt,43,35,0.505,0.495
3,Qwen/Qwen2.5-1.5B-Instruct,mbpp,Modular Norm RandOpt,43,36,0.51,0.495
3,Qwen/Qwen2.5-1.5B-Instruct,mbpp,Modular Norm RandOpt,43,37,0.48,0.495
3,Qwen/Qwen2.5-1.5B-Instruct,mbpp,Modular Norm RandOpt,43,38,0.505,0.495
3,Qwen/Qwen2.5-1.5B-Instruct,mbpp,Modular Norm RandOpt,43,39,0.515,0.495
3,Qwen/Qwen2.5-1.5B-Instruct,mbpp,Modular Norm RandOpt,43,40,0.495,0.495
3,Qwen/Qwen2.5-1.5B-Instruct,mbpp,Modular Norm RandOpt,43,41,0.525,0.495
3,Qwen/Qwen2.5-1.5B-Instruct,mbpp,Modular Norm RandOpt,43,42,0.505,0.495
3,Qwen/Qwen2.5-1.5B-Instruct,mbpp,Modular Norm RandOpt,43,43,0.49,0.495
3,Qwen/Qwen2.5-1.5B-Instruct,mbpp,Modular Norm RandOpt,43,44,0.49,0.495
3,Qwen/Qwen2.5-1.5B-Instruct,mbpp,Modular Norm RandOpt,43,45,0.535,0.495
3,Qwen/Qwen2.5-1.5B-Instruct,mbpp,Modular Norm RandOpt,43,46,0.545,0.495
3,Qwen/Qwen2.5-1.5B-Instruct,mbpp,Modular Norm RandOpt,43,47,0.455,0.495
3,Qwen/Qwen2.5-1.5B-Instruct,mbpp,Modular Norm RandOpt,43,48,0.535,0.495
3,Qwen/Qwen2.5-1.5B-Instruct,mbpp,Modular Norm RandOpt,43,49,0.53,0.495
3,Qwen/Qwen2.5-1.5B-Instruct,mbpp,Modular Norm RandOpt,43,50,0.485,0.495
3,Qwen/Qwen2.5-1.5B-Instruct,mbpp,Modular Norm RandOpt,43,51,0.475,0.495
3,Qwen/Qwen2.5-1.5B-Instruct,mbpp,Modular Norm RandOpt,43,52,0.51,0.495
3,Qwen/Qwen2.5-1.5B-Instruct,mbpp,Modular Norm RandOpt,43,53,0.545,0.495
3,Qwen/Qwen2.5-1.5B-Instruct,mbpp,Modular Norm RandOpt,43,54,0.505,0.495
3,Qwen/Qwen2.5-1.5B-Instruct,mbpp,Modular Norm RandOpt,43,55,0.525,0.495
3,Qwen/Qwen2.5-1.5B-Instruct,mbpp,Modular Norm RandOpt,43,56,0.555,0.495
3,Qwen/Qwen2.5-1.5B-Instruct,mbpp,Modular Norm RandOpt,43,57,0.49,0.495
3,Qwen/Qwen2.5-1.5B-Instruct,mbpp,Modular Norm RandOpt,43,58,0.47,0.495
3,Qwen/Qwen2.5-1.5B-Instruct,mbpp,Modular Norm RandOpt,43,59,0.495,0.495
3,Qwen/Qwen2.5-1.5B-Instruct,mbpp,Modular Norm RandOpt,43,60,0.485,0.495
3,Qwen/Qwen2.5-1.5B-Instruct,mbpp,Modular Norm RandOpt,43,61,0.525,0.495
3,Qwen/Qwen2.5-1.5B-Instruct,mbpp,Modular Norm RandOpt,43,62,0.485,0.495
3,Qwen/Qwen2.5-1.5B-Instruct,mbpp,Modular Norm RandOpt,43,63,0.54,0.495
3,Qwen/Qwen2.5-1.5B-Instruct,mbpp,Modular Norm RandOpt,43,64,0.495,0.495
3,Qwen/Qwen2.5-1.5B-Instruct,mbpp,Modular Norm RandOpt,43,65,0.505,0.495
3,Qwen/Qwen2.5-1.5B-Instruct,mbpp,Modular Norm RandOpt,43,66,0.48,0.495
3,Qwen/Qwen2.5-1.5B-Instruct,mbpp,Modular Norm RandOpt,43,67,0.56,0.495
3,Qwen/Qwen2.5-1.5B-Instruct,mbpp,Modular Norm RandOpt,43,68,0.535,0.495
3,Qwen/Qwen2.5-1.5B-Instruct,mbpp,Modular Norm RandOpt,43,69,0.45,0.495
3,Qwen/Qwen2.5-1.5B-Instruct,mbpp,Modular Norm RandOpt,43,70,0.49,0.495
3,Qwen/Qwen2.5-1.5B-Instruct,mbpp,Modular Norm RandOpt,43,71,0.49,0.495
3,Qwen/Qwen2.5-1.5B-Instruct,mbpp,Modular Norm RandOpt,43,72,0.515,0.495
3,Qwen/Qwen2.5-1.5B-Instruct,mbpp,Modular Norm RandOpt,43,73,0.505,0.495
3,Qwen/Qwen2.5-1.5B-Instruct,mbpp,Modular Norm RandOpt,43,74,0.475,0.495
3,Qwen/Qwen2.5-1.5B-Instruct,mbpp,Modular Norm RandOpt,43,75,0.515,0.495
3,Qwen/Qwen2.5-1.5B-Instruct,mbpp,Modular Norm RandOpt,43,76,0.505,0.495
3,Qwen/Qwen2.5-1.5B-Instruct,mbpp,Modular Norm RandOpt,43,77,0.505,0.495
3,Qwen/Qwen2.5-1.5B-Instruct,mbpp,Modular Norm RandOpt,43,78,0.54,0.495
3,Qwen/Qwen2.5-1.5B-Instruct,mbpp,Modular Norm RandOpt,43,79,0.525,0.495
3,Qwen/Qwen2.5-1.5B-Instruct,mbpp,Modular Norm RandOpt,43,80,0.53,0.495
3,Qwen/Qwen2.5-1.5B-Instruct,mbpp,Modular Norm RandOpt,43,81,0.485,0.495
3,Qwen/Qwen2.5-1.5B-Instruct,mbpp,Modular Norm RandOpt,43,82,0.525,0.495
3,Qwen/Qwen2.5-1.5B-Instruct,mbpp,Modular Norm RandOpt,43,83,0.49,0.495
3,Qwen/Qwen2.5-1.5B-Instruct,mbpp,Modular Norm RandOpt,43,84,0.515,0.495
3,Qwen/Qwen2.5-1.5B-Instruct,mbpp,Modular Norm RandOpt,43,85,0.47,0.495
3,Qwen/Qwen2.5-1.5B-Instruct,mbpp,Modular Norm RandOpt,43,86,0.495,0.495
3,Qwen/Qwen2.5-1.5B-Instruct,mbpp,Modular Norm RandOpt,43,87,0.49,0.495
3,Qwen/Qwen2.5-1.5B-Instruct,mbpp,Modular Norm RandOpt,43,88,0.505,0.495
3,Qwen/Qwen2.5-1.5B-Instruct,mbpp,Modular Norm RandOpt,43,89,0.52,0.495
3,Qwen/Qwen2.5-1.5B-Instruct,mbpp,Modular Norm RandOpt,43,90,0.53,0.495
3,Qwen/Qwen2.5-1.5B-Instruct,mbpp,Modular Norm RandOpt,43,91,0.49,0.495
3,Qwen/Qwen2.5-1.5B-Instruct,mbpp,Modular Norm RandOpt,43,92,0.545,0.495
3,Qwen/Qwen2.5-1.5B-Instruct,mbpp,Modular Norm RandOpt,43,93,0.53,0.495
3,Qwen/Qwen2.5-1.5B-Instruct,mbpp,Modular Norm RandOpt,43,94,0.49,0.495
3,Qwen/Qwen2.5-1.5B-Instruct,mbpp,Modular Norm RandOpt,43,95,0.455,0.495
3,Qwen/Qwen2.5-1.5B-Instruct,mbpp,Modular Norm RandOpt,43,96,0.53,0.495
3,Qwen/Qwen2.5-1.5B-Instruct,mbpp,Modular Norm RandOpt,43,97,0.48,0.495
3,Qwen/Qwen2.5-1.5B-Instruct,mbpp,Modular Norm RandOpt,43,98,0.51,0.495
3,Qwen/Qwen2.5-1.5B-Instruct,mbpp,Modular Norm RandOpt,43,99,0.51,0.495
3,Qwen/Qwen2.5-1.5B-Instruct,mbpp,Modular Norm RandOpt,44,0,0.515,0.495
3,Qwen/Qwen2.5-1.5B-Instruct,mbpp,Modular Norm RandOpt,44,1,0.545,0.495
3,Qwen/Qwen2.5-1.5B-Instruct,mbpp,Modular Norm RandOpt,44,2,0.54,0.495
3,Qwen/Qwen2.5-1.5B-Instruct,mbpp,Modular Norm RandOpt,44,3,0.53,0.495
3,Qwen/Qwen2.5-1.5B-Instruct,mbpp,Modular Norm RandOpt,44,4,0.51,0.495
3,Qwen/Qwen2.5-1.5B-Instruct,mbpp,Modular Norm RandOpt,44,5,0.55,0.495
3,Qwen/Qwen2.5-1.5B-Instruct,mbpp,Modular Norm RandOpt,44,6,0.535,0.495
3,Qwen/Qwen2.5-1.5B-Instruct,mbpp,Modular Norm RandOpt,44,7,0.48,0.495
3,Qwen/Qwen2.5-1.5B-Instruct,mbpp,Modular Norm RandOpt,44,8,0.52,0.495
3,Qwen/Qwen2.5-1.5B-Instruct,mbpp,Modular Norm RandOpt,44,9,0.515,0.495
3,Qwen/Qwen2.5-1.5B-Instruct,mbpp,Modular Norm RandOpt,44,10,0.5,0.495
3,Qwen/Qwen2.5-1.5B-Instruct,mbpp,Modular Norm RandOpt,44,11,0.495,0.495
3,Qwen/Qwen2.5-1.5B-Instruct,mbpp,Modular Norm RandOpt,44,12,0.495,0.495
3,Qwen/Qwen2.5-1.5B-Instruct,mbpp,Modular Norm RandOpt,44,13,0.535,0.495
3,Qwen/Qwen2.5-1.5B-Instruct,mbpp,Modular Norm RandOpt,44,14,0.51,0.495
3,Qwen/Qwen2.5-1.5B-Instruct,mbpp,Modular Norm RandOpt,44,15,0.49,0.495
3,Qwen/Qwen2.5-1.5B-Instruct,mbpp,Modular Norm RandOpt,44,16,0.525,0.495
3,Qwen/Qwen2.5-1.5B-Instruct,mbpp,Modular Norm RandOpt,44,17,0.505,0.495
3,Qwen/Qwen2.5-1.5B-Instruct,mbpp,Modular Norm RandOpt,44,18,0.54,0.495
3,Qwen/Qwen2.5-1.5B-Instruct,mbpp,Modular Norm RandOpt,44,19,0.53,0.495
3,Qwen/Qwen2.5-1.5B-Instruct,mbpp,Modular Norm RandOpt,44,20,0.515,0.495
3,Qwen/Qwen2.5-1.5B-Instruct,mbpp,Modular Norm RandOpt,44,21,0.545,0.495
3,Qwen/Qwen2.5-1.5B-Instruct,mbpp,Modular Norm RandOpt,44,22,0.53,0.495
3,Qwen/Qwen2.5-1.5B-Instruct,mbpp,Modular Norm RandOpt,44,23,0.52,0.495
3,Qwen/Qwen2.5-1.5B-Instruct,mbpp,Modular Norm RandOpt,44,24,0.51,0.495
3,Qwen/Qwen2.5-1.5B-Instruct,mbpp,Modular Norm RandOpt,44,25,0.475,0.495
3,Qwen/Qwen2.5-1.5B-Instruct,mbpp,Modular Norm RandOpt,44,26,0.5,0.495
3,Qwen/Qwen2.5-1.5B-Instruct,mbpp,Modular Norm RandOpt,44,27,0.48,0.495
3,Qwen/Qwen2.5-1.5B-Instruct,mbpp,Modular Norm RandOpt,44,28,0.495,0.495
3,Qwen/Qwen2.5-1.5B-Instruct,mbpp,Modular Norm RandOpt,44,29,0.485,0.495
3,Qwen/Qwen2.5-1.5B-Instruct,mbpp,Modular Norm RandOpt,44,30,0.52,0.495
3,Qwen/Qwen2.5-1.5B-Instruct,mbpp,Modular Norm RandOpt,44,31,0.52,0.495
3,Qwen/Qwen2.5-1.5B-Instruct,mbpp,Modular Norm RandOpt,44,32,0.54,0.495
3,Qwen/Qwen2.5-1.5B-Instruct,mbpp,Modular Norm RandOpt,44,33,0.53,0.495
3,Qwen/Qwen2.5-1.5B-Instruct,mbpp,Modular Norm RandOpt,44,34,0.51,0.495
3,Qwen/Qwen2.5-1.5B-Instruct,mbpp,Modular Norm RandOpt,44,35,0.535,0.495
3,Qwen/Qwen2.5-1.5B-Instruct,mbpp,Modular Norm RandOpt,44,36,0.515,0.495
3,Qwen/Qwen2.5-1.5B-Instruct,mbpp,Modular Norm RandOpt,44,37,0.495,0.495
3,Qwen/Qwen2.5-1.5B-Instruct,mbpp,Modular Norm RandOpt,44,38,0.515,0.495
3,Qwen/Qwen2.5-1.5B-Instruct,mbpp,Modular Norm RandOpt,44,39,0.51,0.495
3,Qwen/Qwen2.5-1.5B-Instruct,mbpp,Modular Norm RandOpt,44,40,0.525,0.495
3,Qwen/Qwen2.5-1.5B-Instruct,mbpp,Modular Norm RandOpt,44,41,0.515,0.495
3,Qwen/Qwen2.5-1.5B-Instruct,mbpp,Modular Norm RandOpt,44,42,0.535,0.495
3,Qwen/Qwen2.5-1.5B-Instruct,mbpp,Modular Norm RandOpt,44,43,0.535,0.495
3,Qwen/Qwen2.5-1.5B-Instruct,mbpp,Modular Norm RandOpt,44,44,0.515,0.495
3,Qwen/Qwen2.5-1.5B-Instruct,mbpp,Modular Norm RandOpt,44,45,0.495,0.495
3,Qwen/Qwen2.5-1.5B-Instruct,mbpp,Modular Norm RandOpt,44,46,0.48,0.495
3,Qwen/Qwen2.5-1.5B-Instruct,mbpp,Modular Norm RandOpt,44,47,0.525,0.495
3,Qwen/Qwen2.5-1.5B-Instruct,mbpp,Modular Norm RandOpt,44,48,0.565,0.495
3,Qwen/Qwen2.5-1.5B-Instruct,mbpp,Modular Norm RandOpt,44,49,0.5,0.495
3,Qwen/Qwen2.5-1.5B-Instruct,mbpp,Modular Norm RandOpt,44,50,0.485,0.495
3,Qwen/Qwen2.5-1.5B-Instruct,mbpp,Modular Norm RandOpt,44,51,0.475,0.495
3,Qwen/Qwen2.5-1.5B-Instruct,mbpp,Modular Norm RandOpt,44,52,0.47,0.495
3,Qwen/Qwen2.5-1.5B-Instruct,mbpp,Modular Norm RandOpt,44,53,0.51,0.495
3,Qwen/Qwen2.5-1.5B-Instruct,mbpp,Modular Norm RandOpt,44,54,0.545,0.495
3,Qwen/Qwen2.5-1.5B-Instruct,mbpp,Modular Norm RandOpt,44,55,0.515,0.495
3,Qwen/Qwen2.5-1.5B-Instruct,mbpp,Modular Norm RandOpt,44,56,0.54,0.495
3,Qwen/Qwen2.5-1.5B-Instruct,mbpp,Modular Norm RandOpt,44,57,0.5,0.495
3,Qwen/Qwen2.5-1.5B-Instruct,mbpp,Modular Norm RandOpt,44,58,0.495,0.495
3,Qwen/Qwen2.5-1.5B-Instruct,mbpp,Modular Norm RandOpt,44,59,0.5,0.495
3,Qwen/Qwen2.5-1.5B-Instruct,mbpp,Modular Norm RandOpt,44,60,0.485,0.495
3,Qwen/Qwen2.5-1.5B-Instruct,mbpp,Modular Norm RandOpt,44,61,0.55,0.495
3,Qwen/Qwen2.5-1.5B-Instruct,mbpp,Modular Norm RandOpt,44,62,0.5,0.495
3,Qwen/Qwen2.5-1.5B-Instruct,mbpp,Modular Norm RandOpt,44,63,0.48,0.495
3,Qwen/Qwen2.5-1.5B-Instruct,mbpp,Modular Norm RandOpt,44,64,0.515,0.495
3,Qwen/Qwen2.5-1.5B-Instruct,mbpp,Modular Norm RandOpt,44,65,0.535,0.495
3,Qwen/Qwen2.5-1.5B-Instruct,mbpp,Modular Norm RandOpt,44,66,0.525,0.495
3,Qwen/Qwen2.5-1.5B-Instruct,mbpp,Modular Norm RandOpt,44,67,0.495,0.495
3,Qwen/Qwen2.5-1.5B-Instruct,mbpp,Modular Norm RandOpt,44,68,0.52,0.495
3,Qwen/Qwen2.5-1.5B-Instruct,mbpp,Modular Norm RandOpt,44,69,0.49,0.495
3,Qwen/Qwen2.5-1.5B-Instruct,mbpp,Modular Norm RandOpt,44,70,0.54,0.495
3,Qwen/Qwen2.5-1.5B-Instruct,mbpp,Modular Norm RandOpt,44,71,0.525,0.495
3,Qwen/Qwen2.5-1.5B-Instruct,mbpp,Modular Norm RandOpt,44,72,0.5,0.495
3,Qwen/Qwen2.5-1.5B-Instruct,mbpp,Modular Norm RandOpt,44,73,0.515,0.495
3,Qwen/Qwen2.5-1.5B-Instruct,mbpp,Modular Norm RandOpt,44,74,0.475,0.495
3,Qwen/Qwen2.5-1.5B-Instruct,mbpp,Modular Norm RandOpt,44,75,0.515,0.495
3,Qwen/Qwen2.5-1.5B-Instruct,mbpp,Modular Norm RandOpt,44,76,0.475,0.495
3,Qwen/Qwen2.5-1.5B-Instruct,mbpp,Modular Norm RandOpt,44,77,0.49,0.495
3,Qwen/Qwen2.5-1.5B-Instruct,mbpp,Modular Norm RandOpt,44,78,0.475,0.495
3,Qwen/Qwen2.5-1.5B-Instruct,mbpp,Modular Norm RandOpt,44,79,0.495,0.495
3,Qwen/Qwen2.5-1.5B-Instruct,mbpp,Modular Norm RandOpt,44,80,0.535,0.495
3,Qwen/Qwen2.5-1.5B-Instruct,mbpp,Modular Norm RandOpt,44,81,0.48,0.495
3,Qwen/Qwen2.5-1.5B-Instruct,mbpp,Modular Norm RandOpt,44,82,0.48,0.495
3,Qwen/Qwen2.5-1.5B-Instruct,mbpp,Modular Norm RandOpt,44,83,0.52,0.495
3,Qwen/Qwen2.5-1.5B-Instruct,mbpp,Modular Norm RandOpt,44,84,0.51,0.495
3,Qwen/Qwen2.5-1.5B-Instruct,mbpp,Modular Norm RandOpt,44,85,0.53,0.495
3,Qwen/Qwen2.5-1.5B-Instruct,mbpp,Modular Norm RandOpt,44,86,0.48,0.495
3,Qwen/Qwen2.5-1.5B-Instruct,mbpp,Modular Norm RandOpt,44,87,0.52,0.495
3,Qwen/Qwen2.5-1.5B-Instruct,mbpp,Modular Norm RandOpt,44,88,0.49,0.495
3,Qwen/Qwen2.5-1.5B-Instruct,mbpp,Modular Norm RandOpt,44,89,0.5,0.495
3,Qwen/Qwen2.5-1.5B-Instruct,mbpp,Modular Norm RandOpt,44,90,0.51,0.495
3,Qwen/Qwen2.5-1.5B-Instruct,mbpp,Modular Norm RandOpt,44,91,0.49,0.495
3,Qwen/Qwen2.5-1.5B-Instruct,mbpp,Modular Norm RandOpt,44,92,0.485,0.495
3,Qwen/Qwen2.5-1.5B-Instruct,mbpp,Modular Norm RandOpt,44,93,0.485,0.495
3,Qwen/Qwen2.5-1.5B-Instruct,mbpp,Modular Norm RandOpt,44,94,0.5,0.495
3,Qwen/Qwen2.5-1.5B-Instruct,mbpp,Modular Norm RandOpt,44,95,0.48,0.495
3,Qwen/Qwen2.5-1.5B-Instruct,mbpp,Modular Norm RandOpt,44,96,0.49,0.495
3,Qwen/Qwen2.5-1.5B-Instruct,mbpp,Modular Norm RandOpt,44,97,0.495,0.495
3,Qwen/Qwen2.5-1.5B-Instruct,mbpp,Modular Norm RandOpt,44,98,0.505,0.495
3,Qwen/Qwen2.5-1.5B-Instruct,mbpp,Modular Norm RandOpt,44,99,0.49,0.495
3,Qwen/Qwen2.5-1.5B-Instruct,mbpp,RandOpt,42,0,0.51,0.495
3,Qwen/Qwen2.5-1.5B-Instruct,mbpp,RandOpt,42,1,0.515,0.495
3,Qwen/Qwen2.5-1.5B-Instruct,mbpp,RandOpt,42,2,0.475,0.495
3,Qwen/Qwen2.5-1.5B-Instruct,mbpp,RandOpt,42,3,0.485,0.495
3,Qwen/Qwen2.5-1.5B-Instruct,mbpp,RandOpt,42,4,0.495,0.495
3,Qwen/Qwen2.5-1.5B-Instruct,mbpp,RandOpt,42,5,0.495,0.495
3,Qwen/Qwen2.5-1.5B-Instruct,mbpp,RandOpt,42,6,0.53,0.495
3,Qwen/Qwen2.5-1.5B-Instruct,mbpp,RandOpt,42,7,0.485,0.495
3,Qwen/Qwen2.5-1.5B-Instruct,mbpp,RandOpt,42,8,0.52,0.495
3,Qwen/Qwen2.5-1.5B-Instruct,mbpp,RandOpt,42,9,0.49,0.495
3,Qwen/Qwen2.5-1.5B-Instruct,mbpp,RandOpt,42,10,0.54,0.495
3,Qwen/Qwen2.5-1.5B-Instruct,mbpp,RandOpt,42,11,0.51,0.495
3,Qwen/Qwen2.5-1.5B-Instruct,mbpp,RandOpt,42,12,0.515,0.495
3,Qwen/Qwen2.5-1.5B-Instruct,mbpp,RandOpt,42,13,0.56,0.495
3,Qwen/Qwen2.5-1.5B-Instruct,mbpp,RandOpt,42,14,0.495,0.495
3,Qwen/Qwen2.5-1.5B-Instruct,mbpp,RandOpt,42,15,0.505,0.495
3,Qwen/Qwen2.5-1.5B-Instruct,mbpp,RandOpt,42,16,0.525,0.495
3,Qwen/Qwen2.5-1.5B-Instruct,mbpp,RandOpt,42,17,0.5,0.495
3,Qwen/Qwen2.5-1.5B-Instruct,mbpp,RandOpt,42,18,0.505,0.495
3,Qwen/Qwen2.5-1.5B-Instruct,mbpp,RandOpt,42,19,0.515,0.495
3,Qwen/Qwen2.5-1.5B-Instruct,mbpp,RandOpt,42,20,0.51,0.495
3,Qwen/Qwen2.5-1.5B-Instruct,mbpp,RandOpt,42,21,0.475,0.495
3,Qwen/Qwen2.5-1.5B-Instruct,mbpp,RandOpt,42,22,0.51,0.495
3,Qwen/Qwen2.5-1.5B-Instruct,mbpp,RandOpt,42,23,0.52,0.495
3,Qwen/Qwen2.5-1.5B-Instruct,mbpp,RandOpt,42,24,0.505,0.495
3,Qwen/Qwen2.5-1.5B-Instruct,mbpp,RandOpt,42,25,0.535,0.495
3,Qwen/Qwen2.5-1.5B-Instruct,mbpp,RandOpt,42,26,0.51,0.495
3,Qwen/Qwen2.5-1.5B-Instruct,mbpp,RandOpt,42,27,0.51,0.495
3,Qwen/Qwen2.5-1.5B-Instruct,mbpp,RandOpt,42,28,0.5,0.495
3,Qwen/Qwen2.5-1.5B-Instruct,mbpp,RandOpt,42,29,0.515,0.495
3,Qwen/Qwen2.5-1.5B-Instruct,mbpp,RandOpt,42,30,0.53,0.495
3,Qwen/Qwen2.5-1.5B-Instruct,mbpp,RandOpt,42,31,0.535,0.495
3,Qwen/Qwen2.5-1.5B-Instruct,mbpp,RandOpt,42,32,0.52,0.495
3,Qwen/Qwen2.5-1.5B-Instruct,mbpp,RandOpt,42,33,0.505,0.495
3,Qwen/Qwen2.5-1.5B-Instruct,mbpp,RandOpt,42,34,0.48,0.495
3,Qwen/Qwen2.5-1.5B-Instruct,mbpp,RandOpt,42,35,0.495,0.495
3,Qwen/Qwen2.5-1.5B-Instruct,mbpp,RandOpt,42,36,0.49,0.495
3,Qwen/Qwen2.5-1.5B-Instruct,mbpp,RandOpt,42,37,0.465,0.495
3,Qwen/Qwen2.5-1.5B-Instruct,mbpp,RandOpt,42,38,0.505,0.495
3,Qwen/Qwen2.5-1.5B-Instruct,mbpp,RandOpt,42,39,0.51,0.495
3,Qwen/Qwen2.5-1.5B-Instruct,mbpp,RandOpt,42,40,0.54,0.495
3,Qwen/Qwen2.5-1.5B-Instruct,mbpp,RandOpt,42,41,0.545,0.495
3,Qwen/Qwen2.5-1.5B-Instruct,mbpp,RandOpt,42,42,0.52,0.495
3,Qwen/Qwen2.5-1.5B-Instruct,mbpp,RandOpt,42,43,0.47,0.495
3,Qwen/Qwen2.5-1.5B-Instruct,mbpp,RandOpt,42,44,0.475,0.495
3,Qwen/Qwen2.5-1.5B-Instruct,mbpp,RandOpt,42,45,0.52,0.495
3,Qwen/Qwen2.5-1.5B-Instruct,mbpp,RandOpt,42,46,0.51,0.495
3,Qwen/Qwen2.5-1.5B-Instruct,mbpp,RandOpt,42,47,0.53,0.495
3,Qwen/Qwen2.5-1.5B-Instruct,mbpp,RandOpt,42,48,0.51,0.495
3,Qwen/Qwen2.5-1.5B-Instruct,mbpp,RandOpt,42,49,0.495,0.495
3,Qwen/Qwen2.5-1.5B-Instruct,mbpp,RandOpt,42,50,0.515,0.495
3,Qwen/Qwen2.5-1.5B-Instruct,mbpp,RandOpt,42,51,0.475,0.495
3,Qwen/Qwen2.5-1.5B-Instruct,mbpp,RandOpt,42,52,0.52,0.495
3,Qwen/Qwen2.5-1.5B-Instruct,mbpp,RandOpt,42,53,0.495,0.495
3,Qwen/Qwen2.5-1.5B-Instruct,mbpp,RandOpt,42,54,0.495,0.495
3,Qwen/Qwen2.5-1.5B-Instruct,mbpp,RandOpt,42,55,0.54,0.495
3,Qwen/Qwen2.5-1.5B-Instruct,mbpp,RandOpt,42,56,0.48,0.495
3,Qwen/Qwen2.5-1.5B-Instruct,mbpp,RandOpt,42,57,0.495,0.495
3,Qwen/Qwen2.5-1.5B-Instruct,mbpp,RandOpt,42,58,0.495,0.495
3,Qwen/Qwen2.5-1.5B-Instruct,mbpp,RandOpt,42,59,0.53,0.495
3,Qwen/Qwen2.5-1.5B-Instruct,mbpp,RandOpt,42,60,0.5,0.495
3,Qwen/Qwen2.5-1.5B-Instruct,mbpp,RandOpt,42,61,0.505,0.495
3,Qwen/Qwen2.5-1.5B-Instruct,mbpp,RandOpt,42,62,0.495,0.495
3,Qwen/Qwen2.5-1.5B-Instruct,mbpp,RandOpt,42,63,0.515,0.495
3,Qwen/Qwen2.5-1.5B-Instruct,mbpp,RandOpt,42,64,0.485,0.495
3,Qwen/Qwen2.5-1.5B-Instruct,mbpp,RandOpt,42,65,0.515,0.495
3,Qwen/Qwen2.5-1.5B-Instruct,mbpp,RandOpt,42,66,0.465,0.495
3,Qwen/Qwen2.5-1.5B-Instruct,mbpp,RandOpt,42,67,0.51,0.495
3,Qwen/Qwen2.5-1.5B-Instruct,mbpp,RandOpt,42,68,0.525,0.495
3,Qwen/Qwen2.5-1.5B-Instruct,mbpp,RandOpt,42,69,0.54,0.495
3,Qwen/Qwen2.5-1.5B-Instruct,mbpp,RandOpt,42,70,0.48,0.495
3,Qwen/Qwen2.5-1.5B-Instruct,mbpp,RandOpt,42,71,0.46,0.495
3,Qwen/Qwen2.5-1.5B-Instruct,mbpp,RandOpt,42,72,0.52,0.495
3,Qwen/Qwen2.5-1.5B-Instruct,mbpp,RandOpt,42,73,0.5,0.495
3,Qwen/Qwen2.5-1.5B-Instruct,mbpp,RandOpt,42,74,0.48,0.495
3,Qwen/Qwen2.5-1.5B-Instruct,mbpp,RandOpt,42,75,0.53,0.495
3,Qwen/Qwen2.5-1.5B-Instruct,mbpp,RandOpt,42,76,0.495,0.495
3,Qwen/Qwen2.5-1.5B-Instruct,mbpp,RandOpt,42,77,0.5,0.495
3,Qwen/Qwen2.5-1.5B-Instruct,mbpp,RandOpt,42,78,0.515,0.495
3,Qwen/Qwen2.5-1.5B-Instruct,mbpp,RandOpt,42,79,0.485,0.495
3,Qwen/Qwen2.5-1.5B-Instruct,mbpp,RandOpt,42,80,0.49,0.495
3,Qwen/Qwen2.5-1.5B-Instruct,mbpp,RandOpt,42,81,0.505,0.495
3,Qwen/Qwen2.5-1.5B-Instruct,mbpp,RandOpt,42,82,0.505,0.495
3,Qwen/Qwen2.5-1.5B-Instruct,mbpp,RandOpt,42,83,0.505,0.495
3,Qwen/Qwen2.5-1.5B-Instruct,mbpp,RandOpt,42,84,0.485,0.495
3,Qwen/Qwen2.5-1.5B-Instruct,mbpp,RandOpt,42,85,0.53,0.495
3,Qwen/Qwen2.5-1.5B-Instruct,mbpp,RandOpt,42,86,0.475,0.495
3,Qwen/Qwen2.5-1.5B-Instruct,mbpp,RandOpt,42,87,0.515,0.495
3,Qwen/Qwen2.5-1.5B-Instruct,mbpp,RandOpt,42,88,0.515,0.495
3,Qwen/Qwen2.5-1.5B-Instruct,mbpp,RandOpt,42,89,0.495,0.495
3,Qwen/Qwen2.5-1.5B-Instruct,mbpp,RandOpt,42,90,0.5,0.495
3,Qwen/Qwen2.5-1.5B-Instruct,mbpp,RandOpt,42,91,0.48,0.495
3,Qwen/Qwen2.5-1.5B-Instruct,mbpp,RandOpt,42,92,0.515,0.495
3,Qwen/Qwen2.5-1.5B-Instruct,mbpp,RandOpt,42,93,0.485,0.495
3,Qwen/Qwen2.5-1.5B-Instruct,mbpp,RandOpt,42,94,0.515,0.495
3,Qwen/Qwen2.5-1.5B-Instruct,mbpp,RandOpt,42,95,0.505,0.495
3,Qwen/Qwen2.5-1.5B-Instruct,mbpp,RandOpt,42,96,0.495,0.495
3,Qwen/Qwen2.5-1.5B-Instruct,mbpp,RandOpt,42,97,0.5,0.495
3,Qwen/Qwen2.5-1.5B-Instruct,mbpp,RandOpt,42,98,0.52,0.495
3,Qwen/Qwen2.5-1.5B-Instruct,mbpp,RandOpt,42,99,0.525,0.495
3,Qwen/Qwen2.5-1.5B-Instruct,mbpp,RandOpt,43,0,0.53,0.495
3,Qwen/Qwen2.5-1.5B-Instruct,mbpp,RandOpt,43,1,0.495,0.495
3,Qwen/Qwen2.5-1.5B-Instruct,mbpp,RandOpt,43,2,0.51,0.495
3,Qwen/Qwen2.5-1.5B-Instruct,mbpp,RandOpt,43,3,0.51,0.495
3,Qwen/Qwen2.5-1.5B-Instruct,mbpp,RandOpt,43,4,0.475,0.495
3,Qwen/Qwen2.5-1.5B-Instruct,mbpp,RandOpt,43,5,0.47,0.495
3,Qwen/Qwen2.5-1.5B-Instruct,mbpp,RandOpt,43,6,0.525,0.495
3,Qwen/Qwen2.5-1.5B-Instruct,mbpp,RandOpt,43,7,0.5,0.495
3,Qwen/Qwen2.5-1.5B-Instruct,mbpp,RandOpt,43,8,0.505,0.495
3,Qwen/Qwen2.5-1.5B-Instruct,mbpp,RandOpt,43,9,0.505,0.495
3,Qwen/Qwen2.5-1.5B-Instruct,mbpp,RandOpt,43,10,0.52,0.495
3,Qwen/Qwen2.5-1.5B-Instruct,mbpp,RandOpt,43,11,0.505,0.495
3,Qwen/Qwen2.5-1.5B-Instruct,mbpp,RandOpt,43,12,0.515,0.495
3,Qwen/Qwen2.5-1.5B-Instruct,mbpp,RandOpt,43,13,0.5,0.495
3,Qwen/Qwen2.5-1.5B-Instruct,mbpp,RandOpt,43,14,0.505,0.495
3,Qwen/Qwen2.5-1.5B-Instruct,mbpp,RandOpt,43,15,0.52,0.495
3,Qwen/Qwen2.5-1.5B-Instruct,mbpp,RandOpt,43,16,0.51,0.495
3,Qwen/Qwen2.5-1.5B-Instruct,mbpp,RandOpt,43,17,0.475,0.495
3,Qwen/Qwen2.5-1.5B-Instruct,mbpp,RandOpt,43,18,0.495,0.495
3,Qwen/Qwen2.5-1.5B-Instruct,mbpp,RandOpt,43,19,0.5,0.495
3,Qwen/Qwen2.5-1.5B-Instruct,mbpp,RandOpt,43,20,0.505,0.495
3,Qwen/Qwen2.5-1.5B-Instruct,mbpp,RandOpt,43,21,0.525,0.495
3,Qwen/Qwen2.5-1.5B-Instruct,mbpp,RandOpt,43,22,0.5,0.495
3,Qwen/Qwen2.5-1.5B-Instruct,mbpp,RandOpt,43,23,0.52,0.495
3,Qwen/Qwen2.5-1.5B-Instruct,mbpp,RandOpt,43,24,0.475,0.495
3,Qwen/Qwen2.5-1.5B-Instruct,mbpp,RandOpt,43,25,0.525,0.495
3,Qwen/Qwen2.5-1.5B-Instruct,mbpp,RandOpt,43,26,0.535,0.495
3,Qwen/Qwen2.5-1.5B-Instruct,mbpp,RandOpt,43,27,0.51,0.495
3,Qwen/Qwen2.5-1.5B-Instruct,mbpp,RandOpt,43,28,0.53,0.495
3,Qwen/Qwen2.5-1.5B-Instruct,mbpp,RandOpt,43,29,0.5,0.495
3,Qwen/Qwen2.5-1.5B-Instruct,mbpp,RandOpt,43,30,0.505,0.495
3,Qwen/Qwen2.5-1.5B-Instruct,mbpp,RandOpt,43,31,0.51,0.495
3,Qwen/Qwen2.5-1.5B-Instruct,mbpp,RandOpt,43,32,0.5,0.495
3,Qwen/Qwen2.5-1.5B-Instruct,mbpp,RandOpt,43,33,0.52,0.495
3,Qwen/Qwen2.5-1.5B-Instruct,mbpp,RandOpt,43,34,0.52,0.495
3,Qwen/Qwen2.5-1.5B-Instruct,mbpp,RandOpt,43,35,0.455,0.495
3,Qwen/Qwen2.5-1.5B-Instruct,mbpp,RandOpt,43,36,0.5,0.495
3,Qwen/Qwen2.5-1.5B-Instruct,mbpp,RandOpt,43,37,0.485,0.495
3,Qwen/Qwen2.5-1.5B-Instruct,mbpp,RandOpt,43,38,0.495,0.495
3,Qwen/Qwen2.5-1.5B-Instruct,mbpp,RandOpt,43,39,0.48,0.495
3,Qwen/Qwen2.5-1.5B-Instruct,mbpp,RandOpt,43,40,0.535,0.495
3,Qwen/Qwen2.5-1.5B-Instruct,mbpp,RandOpt,43,41,0.52,0.495
3,Qwen/Qwen2.5-1.5B-Instruct,mbpp,RandOpt,43,42,0.495,0.495
3,Qwen/Qwen2.5-1.5B-Instruct,mbpp,RandOpt,43,43,0.48,0.495
3,Qwen/Qwen2.5-1.5B-Instruct,mbpp,RandOpt,43,44,0.515,0.495
3,Qwen/Qwen2.5-1.5B-Instruct,mbpp,RandOpt,43,45,0.495,0.495
3,Qwen/Qwen2.5-1.5B-Instruct,mbpp,RandOpt,43,46,0.515,0.495
3,Qwen/Qwen2.5-1.5B-Instruct,mbpp,RandOpt,43,47,0.495,0.495
3,Qwen/Qwen2.5-1.5B-Instruct,mbpp,RandOpt,43,48,0.485,0.495
3,Qwen/Qwen2.5-1.5B-Instruct,mbpp,RandOpt,43,49,0.515,0.495
3,Qwen/Qwen2.5-1.5B-Instruct,mbpp,RandOpt,43,50,0.515,0.495
3,Qwen/Qwen2.5-1.5B-Instruct,mbpp,RandOpt,43,51,0.52,0.495
3,Qwen/Qwen2.5-1.5B-Instruct,mbpp,RandOpt,43,52,0.53,0.495
3,Qwen/Qwen2.5-1.5B-Instruct,mbpp,RandOpt,43,53,0.525,0.495
3,Qwen/Qwen2.5-1.5B-Instruct,mbpp,RandOpt,43,54,0.505,0.495
3,Qwen/Qwen2.5-1.5B-Instruct,mbpp,RandOpt,43,55,0.52,0.495
3,Qwen/Qwen2.5-1.5B-Instruct,mbpp,RandOpt,43,56,0.505,0.495
3,Qwen/Qwen2.5-1.5B-Instruct,mbpp,RandOpt,43,57,0.535,0.495
3,Qwen/Qwen2.5-1.5B-Instruct,mbpp,RandOpt,43,58,0.5,0.495
3,Qwen/Qwen2.5-1.5B-Instruct,mbpp,RandOpt,43,59,0.565,0.495
3,Qwen/Qwen2.5-1.5B-Instruct,mbpp,RandOpt,43,60,0.485,0.495
3,Qwen/Qwen2.5-1.5B-Instruct,mbpp,RandOpt,43,61,0.5,0.495
3,Qwen/Qwen2.5-1.5B-Instruct,mbpp,RandOpt,43,62,0.505,0.495
3,Qwen/Qwen2.5-1.5B-Instruct,mbpp,RandOpt,43,63,0.53,0.495
3,Qwen/Qwen2.5-1.5B-Instruct,mbpp,RandOpt,43,64,0.465,0.495
3,Qwen/Qwen2.5-1.5B-Instruct,mbpp,RandOpt,43,65,0.485,0.495
3,Qwen/Qwen2.5-1.5B-Instruct,mbpp,RandOpt,43,66,0.54,0.495
3,Qwen/Qwen2.5-1.5B-Instruct,mbpp,RandOpt,43,67,0.535,0.495
3,Qwen/Qwen2.5-1.5B-Instruct,mbpp,RandOpt,43,68,0.495,0.495
3,Qwen/Qwen2.5-1.5B-Instruct,mbpp,RandOpt,43,69,0.49,0.495
3,Qwen/Qwen2.5-1.5B-Instruct,mbpp,RandOpt,43,70,0.52,0.495
3,Qwen/Qwen2.5-1.5B-Instruct,mbpp,RandOpt,43,71,0.51,0.495
3,Qwen/Qwen2.5-1.5B-Instruct,mbpp,RandOpt,43,72,0.515,0.495
3,Qwen/Qwen2.5-1.5B-Instruct,mbpp,RandOpt,43,73,0.525,0.495
3,Qwen/Qwen2.5-1.5B-Instruct,mbpp,RandOpt,43,74,0.51,0.495
3,Qwen/Qwen2.5-1.5B-Instruct,mbpp,RandOpt,43,75,0.515,0.495
3,Qwen/Qwen2.5-1.5B-Instruct,mbpp,RandOpt,43,76,0.51,0.495
3,Qwen/Qwen2.5-1.5B-Instruct,mbpp,RandOpt,43,77,0.525,0.495
3,Qwen/Qwen2.5-1.5B-Instruct,mbpp,RandOpt,43,78,0.52,0.495
3,Qwen/Qwen2.5-1.5B-Instruct,mbpp,RandOpt,43,79,0.495,0.495
3,Qwen/Qwen2.5-1.5B-Instruct,mbpp,RandOpt,43,80,0.485,0.495
3,Qwen/Qwen2.5-1.5B-Instruct,mbpp,RandOpt,43,81,0.515,0.495
3,Qwen/Qwen2.5-1.5B-Instruct,mbpp,RandOpt,43,82,0.515,0.495
3,Qwen/Qwen2.5-1.5B-Instruct,mbpp,RandOpt,43,83,0.535,0.495
3,Qwen/Qwen2.5-1.5B-Instruct,mbpp,RandOpt,43,84,0.5,0.495
3,Qwen/Qwen2.5-1.5B-Instruct,mbpp,RandOpt,43,85,0.48,0.495
3,Qwen/Qwen2.5-1.5B-Instruct,mbpp,RandOpt,43,86,0.54,0.495
3,Qwen/Qwen2.5-1.5B-Instruct,mbpp,RandOpt,43,87,0.505,0.495
3,Qwen/Qwen2.5-1.5B-Instruct,mbpp,RandOpt,43,88,0.515,0.495
3,Qwen/Qwen2.5-1.5B-Instruct,mbpp,RandOpt,43,89,0.505,0.495
3,Qwen/Qwen2.5-1.5B-Instruct,mbpp,RandOpt,43,90,0.51,0.495
3,Qwen/Qwen2.5-1.5B-Instruct,mbpp,RandOpt,43,91,0.485,0.495
3,Qwen/Qwen2.5-1.5B-Instruct,mbpp,RandOpt,43,92,0.505,0.495
3,Qwen/Qwen2.5-1.5B-Instruct,mbpp,RandOpt,43,93,0.51,0.495
3,Qwen/Qwen2.5-1.5B-Instruct,mbpp,RandOpt,43,94,0.535,0.495
3,Qwen/Qwen2.5-1.5B-Instruct,mbpp,RandOpt,43,95,0.535,0.495
3,Qwen/Qwen2.5-1.5B-Instruct,mbpp,RandOpt,43,96,0.49,0.495
3,Qwen/Qwen2.5-1.5B-Instruct,mbpp,RandOpt,43,97,0.525,0.495
3,Qwen/Qwen2.5-1.5B-Instruct,mbpp,RandOpt,43,98,0.515,0.495
3,Qwen/Qwen2.5-1.5B-Instruct,mbpp,RandOpt,43,99,0.545,0.495
3,Qwen/Qwen2.5-1.5B-Instruct,mbpp,RandOpt,44,0,0.51,0.495
3,Qwen/Qwen2.5-1.5B-Instruct,mbpp,RandOpt,44,1,0.5,0.495
3,Qwen/Qwen2.5-1.5B-Instruct,mbpp,RandOpt,44,2,0.53,0.495
3,Qwen/Qwen2.5-1.5B-Instruct,mbpp,RandOpt,44,3,0.49,0.495
3,Qwen/Qwen2.5-1.5B-Instruct,mbpp,RandOpt,44,4,0.52,0.495
3,Qwen/Qwen2.5-1.5B-Instruct,mbpp,RandOpt,44,5,0.54,0.495
3,Qwen/Qwen2.5-1.5B-Instruct,mbpp,RandOpt,44,6,0.55,0.495
3,Qwen/Qwen2.5-1.5B-Instruct,mbpp,RandOpt,44,7,0.545,0.495
3,Qwen/Qwen2.5-1.5B-Instruct,mbpp,RandOpt,44,8,0.48,0.495
3,Qwen/Qwen2.5-1.5B-Instruct,mbpp,RandOpt,44,9,0.51,0.495
3,Qwen/Qwen2.5-1.5B-Instruct,mbpp,RandOpt,44,10,0.52,0.495
3,Qwen/Qwen2.5-1.5B-Instruct,mbpp,RandOpt,44,11,0.505,0.495
3,Qwen/Qwen2.5-1.5B-Instruct,mbpp,RandOpt,44,12,0.485,0.495
3,Qwen/Qwen2.5-1.5B-Instruct,mbpp,RandOpt,44,13,0.505,0.495
3,Qwen/Qwen2.5-1.5B-Instruct,mbpp,RandOpt,44,14,0.495,0.495
3,Qwen/Qwen2.5-1.5B-Instruct,mbpp,RandOpt,44,15,0.48,0.495
3,Qwen/Qwen2.5-1.5B-Instruct,mbpp,RandOpt,44,16,0.535,0.495
3,Qwen/Qwen2.5-1.5B-Instruct,mbpp,RandOpt,44,17,0.505,0.495
3,Qwen/Qwen2.5-1.5B-Instruct,mbpp,RandOpt,44,18,0.515,0.495
3,Qwen/Qwen2.5-1.5B-Instruct,mbpp,RandOpt,44,19,0.465,0.495
3,Qwen/Qwen2.5-1.5B-Instruct,mbpp,RandOpt,44,20,0.525,0.495
3,Qwen/Qwen2.5-1.5B-Instruct,mbpp,RandOpt,44,21,0.535,0.495
3,Qwen/Qwen2.5-1.5B-Instruct,mbpp,RandOpt,44,22,0.515,0.495
3,Qwen/Qwen2.5-1.5B-Instruct,mbpp,RandOpt,44,23,0.51,0.495
3,Qwen/Qwen2.5-1.5B-Instruct,mbpp,RandOpt,44,24,0.48,0.495
3,Qwen/Qwen2.5-1.5B-Instruct,mbpp,RandOpt,44,25,0.5,0.495
3,Qwen/Qwen2.5-1.5B-Instruct,mbpp,RandOpt,44,26,0.51,0.495
3,Qwen/Qwen2.5-1.5B-Instruct,mbpp,RandOpt,44,27,0.5,0.495
3,Qwen/Qwen2.5-1.5B-Instruct,mbpp,RandOpt,44,28,0.475,0.495
3,Qwen/Qwen2.5-1.5B-Instruct,mbpp,RandOpt,44,29,0.5,0.495
3,Qwen/Qwen2.5-1.5B-Instruct,mbpp,RandOpt,44,30,0.5,0.495
3,Qwen/Qwen2.5-1.5B-Instruct,mbpp,RandOpt,44,31,0.545,0.495
3,Qwen/Qwen2.5-1.5B-Instruct,mbpp,RandOpt,44,32,0.505,0.495
3,Qwen/Qwen2.5-1.5B-Instruct,mbpp,RandOpt,44,33,0.51,0.495
3,Qwen/Qwen2.5-1.5B-Instruct,mbpp,RandOpt,44,34,0.5,0.495
3,Qwen/Qwen2.5-1.5B-Instruct,mbpp,RandOpt,44,35,0.52,0.495
3,Qwen/Qwen2.5-1.5B-Instruct,mbpp,RandOpt,44,36,0.525,0.495
3,Qwen/Qwen2.5-1.5B-Instruct,mbpp,RandOpt,44,37,0.49,0.495
3,Qwen/Qwen2.5-1.5B-Instruct,mbpp,RandOpt,44,38,0.55,0.495
3,Qwen/Qwen2.5-1.5B-Instruct,mbpp,RandOpt,44,39,0.475,0.495
3,Qwen/Qwen2.5-1.5B-Instruct,mbpp,RandOpt,44,40,0.53,0.495
3,Qwen/Qwen2.5-1.5B-Instruct,mbpp,RandOpt,44,41,0.54,0.495
3,Qwen/Qwen2.5-1.5B-Instruct,mbpp,RandOpt,44,42,0.52,0.495
3,Qwen/Qwen2.5-1.5B-Instruct,mbpp,RandOpt,44,43,0.49,0.495
3,Qwen/Qwen2.5-1.5B-Instruct,mbpp,RandOpt,44,44,0.5,0.495
3,Qwen/Qwen2.5-1.5B-Instruct,mbpp,RandOpt,44,45,0.515,0.495
3,Qwen/Qwen2.5-1.5B-Instruct,mbpp,RandOpt,44,46,0.52,0.495
3,Qwen/Qwen2.5-1.5B-Instruct,mbpp,RandOpt,44,47,0.485,0.495
3,Qwen/Qwen2.5-1.5B-Instruct,mbpp,RandOpt,44,48,0.55,0.495
3,Qwen/Qwen2.5-1.5B-Instruct,mbpp,RandOpt,44,49,0.5,0.495
3,Qwen/Qwen2.5-1.5B-Instruct,mbpp,RandOpt,44,50,0.5,0.495
3,Qwen/Qwen2.5-1.5B-Instruct,mbpp,RandOpt,44,51,0.485,0.495
3,Qwen/Qwen2.5-1.5B-Instruct,mbpp,RandOpt,44,52,0.5,0.495
3,Qwen/Qwen2.5-1.5B-Instruct,mbpp,RandOpt,44,53,0.495,0.495
3,Qwen/Qwen2.5-1.5B-Instruct,mbpp,RandOpt,44,54,0.465,0.495
3,Qwen/Qwen2.5-1.5B-Instruct,mbpp,RandOpt,44,55,0.515,0.495
3,Qwen/Qwen2.5-1.5B-Instruct,mbpp,RandOpt,44,56,0.51,0.495
3,Qwen/Qwen2.5-1.5B-Instruct,mbpp,RandOpt,44,57,0.515,0.495
3,Qwen/Qwen2.5-1.5B-Instruct,mbpp,RandOpt,44,58,0.47,0.495
3,Qwen/Qwen2.5-1.5B-Instruct,mbpp,RandOpt,44,59,0.525,0.495
3,Qwen/Qwen2.5-1.5B-Instruct,mbpp,RandOpt,44,60,0.52,0.495
3,Qwen/Qwen2.5-1.5B-Instruct,mbpp,RandOpt,44,61,0.505,0.495
3,Qwen/Qwen2.5-1.5B-Instruct,mbpp,RandOpt,44,62,0.5,0.495
3,Qwen/Qwen2.5-1.5B-Instruct,mbpp,RandOpt,44,63,0.52,0.495
3,Qwen/Qwen2.5-1.5B-Instruct,mbpp,RandOpt,44,64,0.545,0.495
3,Qwen/Qwen2.5-1.5B-Instruct,mbpp,RandOpt,44,65,0.5,0.495
3,Qwen/Qwen2.5-1.5B-Instruct,mbpp,RandOpt,44,66,0.515,0.495
3,Qwen/Qwen2.5-1.5B-Instruct,mbpp,RandOpt,44,67,0.525,0.495
3,Qwen/Qwen2.5-1.5B-Instruct,mbpp,RandOpt,44,68,0.49,0.495
3,Qwen/Qwen2.5-1.5B-Instruct,mbpp,RandOpt,44,69,0.515,0.495
3,Qwen/Qwen2.5-1.5B-Instruct,mbpp,RandOpt,44,70,0.505,0.495
3,Qwen/Qwen2.5-1.5B-Instruct,mbpp,RandOpt,44,71,0.525,0.495
3,Qwen/Qwen2.5-1.5B-Instruct,mbpp,RandOpt,44,72,0.535,0.495
3,Qwen/Qwen2.5-1.5B-Instruct,mbpp,RandOpt,44,73,0.505,0.495
3,Qwen/Qwen2.5-1.5B-Instruct,mbpp,RandOpt,44,74,0.505,0.495
3,Qwen/Qwen2.5-1.5B-Instruct,mbpp,RandOpt,44,75,0.525,0.495
3,Qwen/Qwen2.5-1.5B-Instruct,mbpp,RandOpt,44,76,0.52,0.495
3,Qwen/Qwen2.5-1.5B-Instruct,mbpp,RandOpt,44,77,0.49,0.495
3,Qwen/Qwen2.5-1.5B-Instruct,mbpp,RandOpt,44,78,0.555,0.495
3,Qwen/Qwen2.5-1.5B-Instruct,mbpp,RandOpt,44,79,0.495,0.495
3,Qwen/Qwen2.5-1.5B-Instruct,mbpp,RandOpt,44,80,0.495,0.495
3,Qwen/Qwen2.5-1.5B-Instruct,mbpp,RandOpt,44,81,0.49,0.495
3,Qwen/Qwen2.5-1.5B-Instruct,mbpp,RandOpt,44,82,0.48,0.495
3,Qwen/Qwen2.5-1.5B-Instruct,mbpp,RandOpt,44,83,0.53,0.495
3,Qwen/Qwen2.5-1.5B-Instruct,mbpp,RandOpt,44,84,0.56,0.495
3,Qwen/Qwen2.5-1.5B-Instruct,mbpp,RandOpt,44,85,0.505,0.495
3,Qwen/Qwen2.5-1.5B-Instruct,mbpp,RandOpt,44,86,0.5,0.495
3,Qwen/Qwen2.5-1.5B-Instruct,mbpp,RandOpt,44,87,0.52,0.495
3,Qwen/Qwen2.5-1.5B-Instruct,mbpp,RandOpt,44,88,0.48,0.495
3,Qwen/Qwen2.5-1.5B-Instruct,mbpp,RandOpt,44,89,0.535,0.495
3,Qwen/Qwen2.5-1.5B-Instruct,mbpp,RandOpt,44,90,0.505,0.495
3,Qwen/Qwen2.5-1.5B-Instruct,mbpp,RandOpt,44,91,0.525,0.495
3,Qwen/Qwen2.5-1.5B-Instruct,mbpp,RandOpt,44,92,0.51,0.495
3,Qwen/Qwen2.5-1.5B-Instruct,mbpp,RandOpt,44,93,0.505,0.495
3,Qwen/Qwen2.5-1.5B-Instruct,mbpp,RandOpt,44,94,0.54,0.495
3,Qwen/Qwen2.5-1.5B-Instruct,mbpp,RandOpt,44,95,0.495,0.495
3,Qwen/Qwen2.5-1.5B-Instruct,mbpp,RandOpt,44,96,0.54,0.495
3,Qwen/Qwen2.5-1.5B-Instruct,mbpp,RandOpt,44,97,0.51,0.495
3,Qwen/Qwen2.5-1.5B-Instruct,mbpp,RandOpt,44,98,0.495,0.495
3,Qwen/Qwen2.5-1.5B-Instruct,mbpp,RandOpt,44,99,0.495,0.495
3,Qwen/Qwen2.5-1.5B-Instruct,olympiadbench,Modular Norm RandOpt,42,0,0.17,0.18
3,Qwen/Qwen2.5-1.5B-Instruct,olympiadbench,Modular Norm RandOpt,42,1,0.155,0.18
3,Qwen/Qwen2.5-1.5B-Instruct,olympiadbench,Modular Norm RandOpt,42,2,0.16,0.18
3,Qwen/Qwen2.5-1.5B-Instruct,olympiadbench,Modular Norm RandOpt,42,3,0.17,0.18
3,Qwen/Qwen2.5-1.5B-Instruct,olympiadbench,Modular Norm RandOpt,42,4,0.195,0.18
3,Qwen/Qwen2.5-1.5B-Instruct,olympiadbench,Modular Norm RandOpt,42,5,0.15,0.18
3,Qwen/Qwen2.5-1.5B-Instruct,olympiadbench,Modular Norm RandOpt,42,6,0.17,0.18
3,Qwen/Qwen2.5-1.5B-Instruct,olympiadbench,Modular Norm RandOpt,42,7,0.15,0.18
3,Qwen/Qwen2.5-1.5B-Instruct,olympiadbench,Modular Norm RandOpt,42,8,0.16,0.18
3,Qwen/Qwen2.5-1.5B-Instruct,olympiadbench,Modular Norm RandOpt,42,9,0.175,0.18
3,Qwen/Qwen2.5-1.5B-Instruct,olympiadbench,Modular Norm RandOpt,42,10,0.155,0.18
3,Qwen/Qwen2.5-1.5B-Instruct,olympiadbench,Modular Norm RandOpt,42,11,0.195,0.18
3,Qwen/Qwen2.5-1.5B-Instruct,olympiadbench,Modular Norm RandOpt,42,12,0.16,0.18
3,Qwen/Qwen2.5-1.5B-Instruct,olympiadbench,Modular Norm RandOpt,42,13,0.18,0.18
3,Qwen/Qwen2.5-1.5B-Instruct,olympiadbench,Modular Norm RandOpt,42,14,0.155,0.18
3,Qwen/Qwen2.5-1.5B-Instruct,olympiadbench,Modular Norm RandOpt,42,15,0.155,0.18
3,Qwen/Qwen2.5-1.5B-Instruct,olympiadbench,Modular Norm RandOpt,42,16,0.16,0.18
3,Qwen/Qwen2.5-1.5B-Instruct,olympiadbench,Modular Norm RandOpt,42,17,0.19,0.18
3,Qwen/Qwen2.5-1.5B-Instruct,olympiadbench,Modular Norm RandOpt,42,18,0.17,0.18
3,Qwen/Qwen2.5-1.5B-Instruct,olympiadbench,Modular Norm RandOpt,42,19,0.17,0.18
3,Qwen/Qwen2.5-1.5B-Instruct,olympiadbench,Modular Norm RandOpt,42,20,0.175,0.18
3,Qwen/Qwen2.5-1.5B-Instruct,olympiadbench,Modular Norm RandOpt,42,21,0.18,0.18
3,Qwen/Qwen2.5-1.5B-Instruct,olympiadbench,Modular Norm RandOpt,42,22,0.2,0.18
3,Qwen/Qwen2.5-1.5B-Instruct,olympiadbench,Modular Norm RandOpt,42,23,0.16,0.18
3,Qwen/Qwen2.5-1.5B-Instruct,olympiadbench,Modular Norm RandOpt,42,24,0.135,0.18
3,Qwen/Qwen2.5-1.5B-Instruct,olympiadbench,Modular Norm RandOpt,42,25,0.155,0.18
3,Qwen/Qwen2.5-1.5B-Instruct,olympiadbench,Modular Norm RandOpt,42,26,0.145,0.18
3,Qwen/Qwen2.5-1.5B-Instruct,olympiadbench,Modular Norm RandOpt,42,27,0.15,0.18
3,Qwen/Qwen2.5-1.5B-Instruct,olympiadbench,Modular Norm RandOpt,42,28,0.15,0.18
3,Qwen/Qwen2.5-1.5B-Instruct,olympiadbench,Modular Norm RandOpt,42,29,0.16,0.18
3,Qwen/Qwen2.5-1.5B-Instruct,olympiadbench,Modular Norm RandOpt,42,30,0.115,0.18
3,Qwen/Qwen2.5-1.5B-Instruct,olympiadbench,Modular Norm RandOpt,42,31,0.18,0.18
3,Qwen/Qwen2.5-1.5B-Instruct,olympiadbench,Modular Norm RandOpt,42,32,0.155,0.18
3,Qwen/Qwen2.5-1.5B-Instruct,olympiadbench,Modular Norm RandOpt,42,33,0.17,0.18
3,Qwen/Qwen2.5-1.5B-Instruct,olympiadbench,Modular Norm RandOpt,42,34,0.195,0.18
3,Qwen/Qwen2.5-1.5B-Instruct,olympiadbench,Modular Norm RandOpt,42,35,0.15,0.18
3,Qwen/Qwen2.5-1.5B-Instruct,olympiadbench,Modular Norm RandOpt,42,36,0.14,0.18
3,Qwen/Qwen2.5-1.5B-Instruct,olympiadbench,Modular Norm RandOpt,42,37,0.165,0.18
3,Qwen/Qwen2.5-1.5B-Instruct,olympiadbench,Modular Norm RandOpt,42,38,0.145,0.18
3,Qwen/Qwen2.5-1.5B-Instruct,olympiadbench,Modular Norm RandOpt,42,39,0.18,0.18
3,Qwen/Qwen2.5-1.5B-Instruct,olympiadbench,Modular Norm RandOpt,42,40,0.18,0.18
3,Qwen/Qwen2.5-1.5B-Instruct,olympiadbench,Modular Norm RandOpt,42,41,0.185,0.18
3,Qwen/Qwen2.5-1.5B-Instruct,olympiadbench,Modular Norm RandOpt,42,42,0.175,0.18
3,Qwen/Qwen2.5-1.5B-Instruct,olympiadbench,Modular Norm RandOpt,42,43,0.18,0.18
3,Qwen/Qwen2.5-1.5B-Instruct,olympiadbench,Modular Norm RandOpt,42,44,0.155,0.18
3,Qwen/Qwen2.5-1.5B-Instruct,olympiadbench,Modular Norm RandOpt,42,45,0.13,0.18
3,Qwen/Qwen2.5-1.5B-Instruct,olympiadbench,Modular Norm RandOpt,42,46,0.19,0.18
3,Qwen/Qwen2.5-1.5B-Instruct,olympiadbench,Modular Norm RandOpt,42,47,0.15,0.18
3,Qwen/Qwen2.5-1.5B-Instruct,olympiadbench,Modular Norm RandOpt,42,48,0.165,0.18
3,Qwen/Qwen2.5-1.5B-Instruct,olympiadbench,Modular Norm RandOpt,42,49,0.145,0.18
3,Qwen/Qwen2.5-1.5B-Instruct,olympiadbench,Modular Norm RandOpt,42,50,0.185,0.18
3,Qwen/Qwen2.5-1.5B-Instruct,olympiadbench,Modular Norm RandOpt,42,51,0.17,0.18
3,Qwen/Qwen2.5-1.5B-Instruct,olympiadbench,Modular Norm RandOpt,42,52,0.155,0.18
3,Qwen/Qwen2.5-1.5B-Instruct,olympiadbench,Modular Norm RandOpt,42,53,0.17,0.18
3,Qwen/Qwen2.5-1.5B-Instruct,olympiadbench,Modular Norm RandOpt,42,54,0.135,0.18
3,Qwen/Qwen2.5-1.5B-Instruct,olympiadbench,Modular Norm RandOpt,42,55,0.155,0.18
3,Qwen/Qwen2.5-1.5B-Instruct,olympiadbench,Modular Norm RandOpt,42,56,0.155,0.18
3,Qwen/Qwen2.5-1.5B-Instruct,olympiadbench,Modular Norm RandOpt,42,57,0.18,0.18
3,Qwen/Qwen2.5-1.5B-Instruct,olympiadbench,Modular Norm RandOpt,42,58,0.115,0.18
3,Qwen/Qwen2.5-1.5B-Instruct,olympiadbench,Modular Norm RandOpt,42,59,0.17,0.18
3,Qwen/Qwen2.5-1.5B-Instruct,olympiadbench,Modular Norm RandOpt,42,60,0.19,0.18
3,Qwen/Qwen2.5-1.5B-Instruct,olympiadbench,Modular Norm RandOpt,42,61,0.125,0.18
3,Qwen/Qwen2.5-1.5B-Instruct,olympiadbench,Modular Norm RandOpt,42,62,0.165,0.18
3,Qwen/Qwen2.5-1.5B-Instruct,olympiadbench,Modular Norm RandOpt,42,63,0.15,0.18
3,Qwen/Qwen2.5-1.5B-Instruct,olympiadbench,Modular Norm RandOpt,42,64,0.175,0.18
3,Qwen/Qwen2.5-1.5B-Instruct,olympiadbench,Modular Norm RandOpt,42,65,0.15,0.18
3,Qwen/Qwen2.5-1.5B-Instruct,olympiadbench,Modular Norm RandOpt,42,66,0.145,0.18
3,Qwen/Qwen2.5-1.5B-Instruct,olympiadbench,Modular Norm RandOpt,42,67,0.195,0.18
3,Qwen/Qwen2.5-1.5B-Instruct,olympiadbench,Modular Norm RandOpt,42,68,0.15,0.18
3,Qwen/Qwen2.5-1.5B-Instruct,olympiadbench,Modular Norm RandOpt,42,69,0.195,0.18
3,Qwen/Qwen2.5-1.5B-Instruct,olympiadbench,Modular Norm RandOpt,42,70,0.19,0.18
3,Qwen/Qwen2.5-1.5B-Instruct,olympiadbench,Modular Norm RandOpt,42,71,0.135,0.18
3,Qwen/Qwen2.5-1.5B-Instruct,olympiadbench,Modular Norm RandOpt,42,72,0.175,0.18
3,Qwen/Qwen2.5-1.5B-Instruct,olympiadbench,Modular Norm RandOpt,42,73,0.145,0.18
3,Qwen/Qwen2.5-1.5B-Instruct,olympiadbench,Modular Norm RandOpt,42,74,0.21,0.18
3,Qwen/Qwen2.5-1.5B-Instruct,olympiadbench,Modular Norm RandOpt,42,75,0.15,0.18
3,Qwen/Qwen2.5-1.5B-Instruct,olympiadbench,Modular Norm RandOpt,42,76,0.155,0.18
3,Qwen/Qwen2.5-1.5B-Instruct,olympiadbench,Modular Norm RandOpt,42,77,0.155,0.18
3,Qwen/Qwen2.5-1.5B-Instruct,olympiadbench,Modular Norm RandOpt,42,78,0.22,0.18
3,Qwen/Qwen2.5-1.5B-Instruct,olympiadbench,Modular Norm RandOpt,42,79,0.17,0.18
3,Qwen/Qwen2.5-1.5B-Instruct,olympiadbench,Modular Norm RandOpt,42,80,0.155,0.18
3,Qwen/Qwen2.5-1.5B-Instruct,olympiadbench,Modular Norm RandOpt,42,81,0.155,0.18
3,Qwen/Qwen2.5-1.5B-Instruct,olympiadbench,Modular Norm RandOpt,42,82,0.155,0.18
3,Qwen/Qwen2.5-1.5B-Instruct,olympiadbench,Modular Norm RandOpt,42,83,0.165,0.18
3,Qwen/Qwen2.5-1.5B-Instruct,olympiadbench,Modular Norm RandOpt,42,84,0.17,0.18
3,Qwen/Qwen2.5-1.5B-Instruct,olympiadbench,Modular Norm RandOpt,42,85,0.19,0.18
3,Qwen/Qwen2.5-1.5B-Instruct,olympiadbench,Modular Norm RandOpt,42,86,0.19,0.18
3,Qwen/Qwen2.5-1.5B-Instruct,olympiadbench,Modular Norm RandOpt,42,87,0.14,0.18
3,Qwen/Qwen2.5-1.5B-Instruct,olympiadbench,Modular Norm RandOpt,42,88,0.175,0.18
3,Qwen/Qwen2.5-1.5B-Instruct,olympiadbench,Modular Norm RandOpt,42,89,0.135,0.18
3,Qwen/Qwen2.5-1.5B-Instruct,olympiadbench,Modular Norm RandOpt,42,90,0.18,0.18
3,Qwen/Qwen2.5-1.5B-Instruct,olympiadbench,Modular Norm RandOpt,42,91,0.17,0.18
3,Qwen/Qwen2.5-1.5B-Instruct,olympiadbench,Modular Norm RandOpt,42,92,0.16,0.18
3,Qwen/Qwen2.5-1.5B-Instruct,olympiadbench,Modular Norm RandOpt,42,93,0.19,0.18
3,Qwen/Qwen2.5-1.5B-Instruct,olympiadbench,Modular Norm RandOpt,42,94,0.185,0.18
3,Qwen/Qwen2.5-1.5B-Instruct,olympiadbench,Modular Norm RandOpt,42,95,0.155,0.18
3,Qwen/Qwen2.5-1.5B-Instruct,olympiadbench,Modular Norm RandOpt,42,96,0.165,0.18
3,Qwen/Qwen2.5-1.5B-Instruct,olympiadbench,Modular Norm RandOpt,42,97,0.14,0.18
3,Qwen/Qwen2.5-1.5B-Instruct,olympiadbench,Modular Norm RandOpt,42,98,0.125,0.18
3,Qwen/Qwen2.5-1.5B-Instruct,olympiadbench,Modular Norm RandOpt,42,99,0.13,0.18
3,Qwen/Qwen2.5-1.5B-Instruct,olympiadbench,Modular Norm RandOpt,43,0,0.15,0.18
3,Qwen/Qwen2.5-1.5B-Instruct,olympiadbench,Modular Norm RandOpt,43,1,0.135,0.18
3,Qwen/Qwen2.5-1.5B-Instruct,olympiadbench,Modular Norm RandOpt,43,2,0.155,0.18
3,Qwen/Qwen2.5-1.5B-Instruct,olympiadbench,Modular Norm RandOpt,43,3,0.155,0.18
3,Qwen/Qwen2.5-1.5B-Instruct,olympiadbench,Modular Norm RandOpt,43,4,0.18,0.18
3,Qwen/Qwen2.5-1.5B-Instruct,olympiadbench,Modular Norm RandOpt,43,5,0.17,0.18
3,Qwen/Qwen2.5-1.5B-Instruct,olympiadbench,Modular Norm RandOpt,43,6,0.135,0.18
3,Qwen/Qwen2.5-1.5B-Instruct,olympiadbench,Modular Norm RandOpt,43,7,0.175,0.18
3,Qwen/Qwen2.5-1.5B-Instruct,olympiadbench,Modular Norm RandOpt,43,8,0.17,0.18
3,Qwen/Qwen2.5-1.5B-Instruct,olympiadbench,Modular Norm RandOpt,43,9,0.175,0.18
3,Qwen/Qwen2.5-1.5B-Instruct,olympiadbench,Modular Norm RandOpt,43,10,0.135,0.18
3,Qwen/Qwen2.5-1.5B-Instruct,olympiadbench,Modular Norm RandOpt,43,11,0.19,0.18
3,Qwen/Qwen2.5-1.5B-Instruct,olympiadbench,Modular Norm RandOpt,43,12,0.18,0.18
3,Qwen/Qwen2.5-1.5B-Instruct,olympiadbench,Modular Norm RandOpt,43,13,0.18,0.18
3,Qwen/Qwen2.5-1.5B-Instruct,olympiadbench,Modular Norm RandOpt,43,14,0.16,0.18
3,Qwen/Qwen2.5-1.5B-Instruct,olympiadbench,Modular Norm RandOpt,43,15,0.13,0.18
3,Qwen/Qwen2.5-1.5B-Instruct,olympiadbench,Modular Norm RandOpt,43,16,0.13,0.18
3,Qwen/Qwen2.5-1.5B-Instruct,olympiadbench,Modular Norm RandOpt,43,17,0.125,0.18
3,Qwen/Qwen2.5-1.5B-Instruct,olympiadbench,Modular Norm RandOpt,43,18,0.175,0.18
3,Qwen/Qwen2.5-1.5B-Instruct,olympiadbench,Modular Norm RandOpt,43,19,0.15,0.18
3,Qwen/Qwen2.5-1.5B-Instruct,olympiadbench,Modular Norm RandOpt,43,20,0.15,0.18
3,Qwen/Qwen2.5-1.5B-Instruct,olympiadbench,Modular Norm RandOpt,43,21,0.195,0.18
3,Qwen/Qwen2.5-1.5B-Instruct,olympiadbench,Modular Norm RandOpt,43,22,0.18,0.18
3,Qwen/Qwen2.5-1.5B-Instruct,olympiadbench,Modular Norm RandOpt,43,23,0.175,0.18
3,Qwen/Qwen2.5-1.5B-Instruct,olympiadbench,Modular Norm RandOpt,43,24,0.15,0.18
3,Qwen/Qwen2.5-1.5B-Instruct,olympiadbench,Modular Norm RandOpt,43,25,0.14,0.18
3,Qwen/Qwen2.5-1.5B-Instruct,olympiadbench,Modular Norm RandOpt,43,26,0.125,0.18
3,Qwen/Qwen2.5-1.5B-Instruct,olympiadbench,Modular Norm RandOpt,43,27,0.155,0.18
3,Qwen/Qwen2.5-1.5B-Instruct,olympiadbench,Modular Norm RandOpt,43,28,0.16,0.18
3,Qwen/Qwen2.5-1.5B-Instruct,olympiadbench,Modular Norm RandOpt,43,29,0.125,0.18
3,Qwen/Qwen2.5-1.5B-Instruct,olympiadbench,Modular Norm RandOpt,43,30,0.145,0.18
3,Qwen/Qwen2.5-1.5B-Instruct,olympiadbench,Modular Norm RandOpt,43,31,0.175,0.18
3,Qwen/Qwen2.5-1.5B-Instruct,olympiadbench,Modular Norm RandOpt,43,32,0.175,0.18
3,Qwen/Qwen2.5-1.5B-Instruct,olympiadbench,Modular Norm RandOpt,43,33,0.165,0.18
3,Qwen/Qwen2.5-1.5B-Instruct,olympiadbench,Modular Norm RandOpt,43,34,0.14,0.18
3,Qwen/Qwen2.5-1.5B-Instruct,olympiadbench,Modular Norm RandOpt,43,35,0.18,0.18
3,Qwen/Qwen2.5-1.5B-Instruct,olympiadbench,Modular Norm RandOpt,43,36,0.16,0.18
3,Qwen/Qwen2.5-1.5B-Instruct,olympiadbench,Modular Norm RandOpt,43,37,0.175,0.18
3,Qwen/Qwen2.5-1.5B-Instruct,olympiadbench,Modular Norm RandOpt,43,38,0.155,0.18
3,Qwen/Qwen2.5-1.5B-Instruct,olympiadbench,Modular Norm RandOpt,43,39,0.15,0.18
3,Qwen/Qwen2.5-1.5B-Instruct,olympiadbench,Modular Norm RandOpt,43,40,0.13,0.18
3,Qwen/Qwen2.5-1.5B-Instruct,olympiadbench,Modular Norm RandOpt,43,41,0.13,0.18
3,Qwen/Qwen2.5-1.5B-Instruct,olympiadbench,Modular Norm RandOpt,43,42,0.155,0.18
3,Qwen/Qwen2.5-1.5B-Instruct,olympiadbench,Modular Norm RandOpt,43,43,0.175,0.18
3,Qwen/Qwen2.5-1.5B-Instruct,olympiadbench,Modular Norm RandOpt,43,44,0.155,0.18
3,Qwen/Qwen2.5-1.5B-Instruct,olympiadbench,Modular Norm RandOpt,43,45,0.14,0.18
3,Qwen/Qwen2.5-1.5B-Instruct,olympiadbench,Modular Norm RandOpt,43,46,0.175,0.18
3,Qwen/Qwen2.5-1.5B-Instruct,olympiadbench,Modular Norm RandOpt,43,47,0.155,0.18
3,Qwen/Qwen2.5-1.5B-Instruct,olympiadbench,Modular Norm RandOpt,43,48,0.155,0.18
3,Qwen/Qwen2.5-1.5B-Instruct,olympiadbench,Modular Norm RandOpt,43,49,0.145,0.18
3,Qwen/Qwen2.5-1.5B-Instruct,olympiadbench,Modular Norm RandOpt,43,50,0.195,0.18
3,Qwen/Qwen2.5-1.5B-Instruct,olympiadbench,Modular Norm RandOpt,43,51,0.175,0.18
3,Qwen/Qwen2.5-1.5B-Instruct,olympiadbench,Modular Norm RandOpt,43,52,0.205,0.18
3,Qwen/Qwen2.5-1.5B-Instruct,olympiadbench,Modular Norm RandOpt,43,53,0.175,0.18
3,Qwen/Qwen2.5-1.5B-Instruct,olympiadbench,Modular Norm RandOpt,43,54,0.155,0.18
3,Qwen/Qwen2.5-1.5B-Instruct,olympiadbench,Modular Norm RandOpt,43,55,0.15,0.18
3,Qwen/Qwen2.5-1.5B-Instruct,olympiadbench,Modular Norm RandOpt,43,56,0.15,0.18
3,Qwen/Qwen2.5-1.5B-Instruct,olympiadbench,Modular Norm RandOpt,43,57,0.135,0.18
3,Qwen/Qwen2.5-1.5B-Instruct,olympiadbench,Modular Norm RandOpt,43,58,0.14,0.18
3,Qwen/Qwen2.5-1.5B-Instruct,olympiadbench,Modular Norm RandOpt,43,59,0.18,0.18
3,Qwen/Qwen2.5-1.5B-Instruct,olympiadbench,Modular Norm RandOpt,43,60,0.16,0.18
3,Qwen/Qwen2.5-1.5B-Instruct,olympiadbench,Modular Norm RandOpt,43,61,0.2,0.18
3,Qwen/Qwen2.5-1.5B-Instruct,olympiadbench,Modular Norm RandOpt,43,62,0.175,0.18
3,Qwen/Qwen2.5-1.5B-Instruct,olympiadbench,Modular Norm RandOpt,43,63,0.165,0.18
3,Qwen/Qwen2.5-1.5B-Instruct,olympiadbench,Modular Norm RandOpt,43,64,0.16,0.18
3,Qwen/Qwen2.5-1.5B-Instruct,olympiadbench,Modular Norm RandOpt,43,65,0.14,0.18
3,Qwen/Qwen2.5-1.5B-Instruct,olympiadbench,Modular Norm RandOpt,43,66,0.18,0.18
3,Qwen/Qwen2.5-1.5B-Instruct,olympiadbench,Modular Norm RandOpt,43,67,0.165,0.18
3,Qwen/Qwen2.5-1.5B-Instruct,olympiadbench,Modular Norm RandOpt,43,68,0.145,0.18
3,Qwen/Qwen2.5-1.5B-Instruct,olympiadbench,Modular Norm RandOpt,43,69,0.16,0.18
3,Qwen/Qwen2.5-1.5B-Instruct,olympiadbench,Modular Norm RandOpt,43,70,0.105,0.18
3,Qwen/Qwen2.5-1.5B-Instruct,olympiadbench,Modular Norm RandOpt,43,71,0.16,0.18
3,Qwen/Qwen2.5-1.5B-Instruct,olympiadbench,Modular Norm RandOpt,43,72,0.185,0.18
3,Qwen/Qwen2.5-1.5B-Instruct,olympiadbench,Modular Norm RandOpt,43,73,0.17,0.18
3,Qwen/Qwen2.5-1.5B-Instruct,olympiadbench,Modular Norm RandOpt,43,74,0.185,0.18
3,Qwen/Qwen2.5-1.5B-Instruct,olympiadbench,Modular Norm RandOpt,43,75,0.135,0.18
3,Qwen/Qwen2.5-1.5B-Instruct,olympiadbench,Modular Norm RandOpt,43,76,0.135,0.18
3,Qwen/Qwen2.5-1.5B-Instruct,olympiadbench,Modular Norm RandOpt,43,77,0.18,0.18
3,Qwen/Qwen2.5-1.5B-Instruct,olympiadbench,Modular Norm RandOpt,43,78,0.15,0.18
3,Qwen/Qwen2.5-1.5B-Instruct,olympiadbench,Modular Norm RandOpt,43,79,0.13,0.18
3,Qwen/Qwen2.5-1.5B-Instruct,olympiadbench,Modular Norm RandOpt,43,80,0.15,0.18
3,Qwen/Qwen2.5-1.5B-Instruct,olympiadbench,Modular Norm RandOpt,43,81,0.165,0.18
3,Qwen/Qwen2.5-1.5B-Instruct,olympiadbench,Modular Norm RandOpt,43,82,0.15,0.18
3,Qwen/Qwen2.5-1.5B-Instruct,olympiadbench,Modular Norm RandOpt,43,83,0.15,0.18
3,Qwen/Qwen2.5-1.5B-Instruct,olympiadbench,Modular Norm RandOpt,43,84,0.145,0.18
3,Qwen/Qwen2.5-1.5B-Instruct,olympiadbench,Modular Norm RandOpt,43,85,0.165,0.18
3,Qwen/Qwen2.5-1.5B-Instruct,olympiadbench,Modular Norm RandOpt,43,86,0.17,0.18
3,Qwen/Qwen2.5-1.5B-Instruct,olympiadbench,Modular Norm RandOpt,43,87,0.17,0.18
3,Qwen/Qwen2.5-1.5B-Instruct,olympiadbench,Modular Norm RandOpt,43,88,0.155,0.18
3,Qwen/Qwen2.5-1.5B-Instruct,olympiadbench,Modular Norm RandOpt,43,89,0.155,0.18
3,Qwen/Qwen2.5-1.5B-Instruct,olympiadbench,Modular Norm RandOpt,43,90,0.18,0.18
3,Qwen/Qwen2.5-1.5B-Instruct,olympiadbench,Modular Norm RandOpt,43,91,0.17,0.18
3,Qwen/Qwen2.5-1.5B-Instruct,olympiadbench,Modular Norm RandOpt,43,92,0.14,0.18
3,Qwen/Qwen2.5-1.5B-Instruct,olympiadbench,Modular Norm RandOpt,43,93,0.12,0.18
3,Qwen/Qwen2.5-1.5B-Instruct,olympiadbench,Modular Norm RandOpt,43,94,0.155,0.18
3,Qwen/Qwen2.5-1.5B-Instruct,olympiadbench,Modular Norm RandOpt,43,95,0.18,0.18
3,Qwen/Qwen2.5-1.5B-Instruct,olympiadbench,Modular Norm RandOpt,43,96,0.14,0.18
3,Qwen/Qwen2.5-1.5B-Instruct,olympiadbench,Modular Norm RandOpt,43,97,0.17,0.18
3,Qwen/Qwen2.5-1.5B-Instruct,olympiadbench,Modular Norm RandOpt,43,98,0.175,0.18
3,Qwen/Qwen2.5-1.5B-Instruct,olympiadbench,Modular Norm RandOpt,43,99,0.17,0.18
3,Qwen/Qwen2.5-1.5B-Instruct,olympiadbench,Modular Norm RandOpt,44,0,0.17,0.18
3,Qwen/Qwen2.5-1.5B-Instruct,olympiadbench,Modular Norm RandOpt,44,1,0.125,0.18
3,Qwen/Qwen2.5-1.5B-Instruct,olympiadbench,Modular Norm RandOpt,44,2,0.135,0.18
3,Qwen/Qwen2.5-1.5B-Instruct,olympiadbench,Modular Norm RandOpt,44,3,0.165,0.18
3,Qwen/Qwen2.5-1.5B-Instruct,olympiadbench,Modular Norm RandOpt,44,4,0.15,0.18
3,Qwen/Qwen2.5-1.5B-Instruct,olympiadbench,Modular Norm RandOpt,44,5,0.15,0.18
3,Qwen/Qwen2.5-1.5B-Instruct,olympiadbench,Modular Norm RandOpt,44,6,0.155,0.18
3,Qwen/Qwen2.5-1.5B-Instruct,olympiadbench,Modular Norm RandOpt,44,7,0.17,0.18
3,Qwen/Qwen2.5-1.5B-Instruct,olympiadbench,Modular Norm RandOpt,44,8,0.145,0.18
3,Qwen/Qwen2.5-1.5B-Instruct,olympiadbench,Modular Norm RandOpt,44,9,0.17,0.18
3,Qwen/Qwen2.5-1.5B-Instruct,olympiadbench,Modular Norm RandOpt,44,10,0.17,0.18
3,Qwen/Qwen2.5-1.5B-Instruct,olympiadbench,Modular Norm RandOpt,44,11,0.18,0.18
3,Qwen/Qwen2.5-1.5B-Instruct,olympiadbench,Modular Norm RandOpt,44,12,0.175,0.18
3,Qwen/Qwen2.5-1.5B-Instruct,olympiadbench,Modular Norm RandOpt,44,13,0.155,0.18
3,Qwen/Qwen2.5-1.5B-Instruct,olympiadbench,Modular Norm RandOpt,44,14,0.17,0.18
3,Qwen/Qwen2.5-1.5B-Instruct,olympiadbench,Modular Norm RandOpt,44,15,0.135,0.18
3,Qwen/Qwen2.5-1.5B-Instruct,olympiadbench,Modular Norm RandOpt,44,16,0.16,0.18
3,Qwen/Qwen2.5-1.5B-Instruct,olympiadbench,Modular Norm RandOpt,44,17,0.12,0.18
3,Qwen/Qwen2.5-1.5B-Instruct,olympiadbench,Modular Norm RandOpt,44,18,0.16,0.18
3,Qwen/Qwen2.5-1.5B-Instruct,olympiadbench,Modular Norm RandOpt,44,19,0.18,0.18
3,Qwen/Qwen2.5-1.5B-Instruct,olympiadbench,Modular Norm RandOpt,44,20,0.155,0.18
3,Qwen/Qwen2.5-1.5B-Instruct,olympiadbench,Modular Norm RandOpt,44,21,0.175,0.18
3,Qwen/Qwen2.5-1.5B-Instruct,olympiadbench,Modular Norm RandOpt,44,22,0.14,0.18
3,Qwen/Qwen2.5-1.5B-Instruct,olympiadbench,Modular Norm RandOpt,44,23,0.16,0.18
3,Qwen/Qwen2.5-1.5B-Instruct,olympiadbench,Modular Norm RandOpt,44,24,0.18,0.18
3,Qwen/Qwen2.5-1.5B-Instruct,olympiadbench,Modular Norm RandOpt,44,25,0.155,0.18
3,Qwen/Qwen2.5-1.5B-Instruct,olympiadbench,Modular Norm RandOpt,44,26,0.145,0.18
3,Qwen/Qwen2.5-1.5B-Instruct,olympiadbench,Modular Norm RandOpt,44,27,0.14,0.18
3,Qwen/Qwen2.5-1.5B-Instruct,olympiadbench,Modular Norm RandOpt,44,28,0.165,0.18
3,Qwen/Qwen2.5-1.5B-Instruct,olympiadbench,Modular Norm RandOpt,44,29,0.14,0.18
3,Qwen/Qwen2.5-1.5B-Instruct,olympiadbench,Modular Norm RandOpt,44,30,0.19,0.18
3,Qwen/Qwen2.5-1.5B-Instruct,olympiadbench,Modular Norm RandOpt,44,31,0.18,0.18
3,Qwen/Qwen2.5-1.5B-Instruct,olympiadbench,Modular Norm RandOpt,44,32,0.15,0.18
3,Qwen/Qwen2.5-1.5B-Instruct,olympiadbench,Modular Norm RandOpt,44,33,0.145,0.18
3,Qwen/Qwen2.5-1.5B-Instruct,olympiadbench,Modular Norm RandOpt,44,34,0.145,0.18
3,Qwen/Qwen2.5-1.5B-Instruct,olympiadbench,Modular Norm RandOpt,44,35,0.165,0.18
3,Qwen/Qwen2.5-1.5B-Instruct,olympiadbench,Modular Norm RandOpt,44,36,0.16,0.18
3,Qwen/Qwen2.5-1.5B-Instruct,olympiadbench,Modular Norm RandOpt,44,37,0.16,0.18
3,Qwen/Qwen2.5-1.5B-Instruct,olympiadbench,Modular Norm RandOpt,44,38,0.14,0.18
3,Qwen/Qwen2.5-1.5B-Instruct,olympiadbench,Modular Norm RandOpt,44,39,0.145,0.18
3,Qwen/Qwen2.5-1.5B-Instruct,olympiadbench,Modular Norm RandOpt,44,40,0.165,0.18
3,Qwen/Qwen2.5-1.5B-Instruct,olympiadbench,Modular Norm RandOpt,44,41,0.16,0.18
3,Qwen/Qwen2.5-1.5B-Instruct,olympiadbench,Modular Norm RandOpt,44,42,0.175,0.18
3,Qwen/Qwen2.5-1.5B-Instruct,olympiadbench,Modular Norm RandOpt,44,43,0.175,0.18
3,Qwen/Qwen2.5-1.5B-Instruct,olympiadbench,Modular Norm RandOpt,44,44,0.135,0.18
3,Qwen/Qwen2.5-1.5B-Instruct,olympiadbench,Modular Norm RandOpt,44,45,0.155,0.18
3,Qwen/Qwen2.5-1.5B-Instruct,olympiadbench,Modular Norm RandOpt,44,46,0.125,0.18
3,Qwen/Qwen2.5-1.5B-Instruct,olympiadbench,Modular Norm RandOpt,44,47,0.155,0.18
3,Qwen/Qwen2.5-1.5B-Instruct,olympiadbench,Modular Norm RandOpt,44,48,0.14,0.18
3,Qwen/Qwen2.5-1.5B-Instruct,olympiadbench,Modular Norm RandOpt,44,49,0.18,0.18
3,Qwen/Qwen2.5-1.5B-Instruct,olympiadbench,Modular Norm RandOpt,44,50,0.155,0.18
3,Qwen/Qwen2.5-1.5B-Instruct,olympiadbench,Modular Norm RandOpt,44,51,0.17,0.18
3,Qwen/Qwen2.5-1.5B-Instruct,olympiadbench,Modular Norm RandOpt,44,52,0.205,0.18
3,Qwen/Qwen2.5-1.5B-Instruct,olympiadbench,Modular Norm RandOpt,44,53,0.165,0.18
3,Qwen/Qwen2.5-1.5B-Instruct,olympiadbench,Modular Norm RandOpt,44,54,0.14,0.18
3,Qwen/Qwen2.5-1.5B-Instruct,olympiadbench,Modular Norm RandOpt,44,55,0.205,0.18
3,Qwen/Qwen2.5-1.5B-Instruct,olympiadbench,Modular Norm RandOpt,44,56,0.205,0.18
3,Qwen/Qwen2.5-1.5B-Instruct,olympiadbench,Modular Norm RandOpt,44,57,0.165,0.18
3,Qwen/Qwen2.5-1.5B-Instruct,olympiadbench,Modular Norm RandOpt,44,58,0.16,0.18
3,Qwen/Qwen2.5-1.5B-Instruct,olympiadbench,Modular Norm RandOpt,44,59,0.155,0.18
3,Qwen/Qwen2.5-1.5B-Instruct,olympiadbench,Modular Norm RandOpt,44,60,0.205,0.18
3,Qwen/Qwen2.5-1.5B-Instruct,olympiadbench,Modular Norm RandOpt,44,61,0.175,0.18
3,Qwen/Qwen2.5-1.5B-Instruct,olympiadbench,Modular Norm RandOpt,44,62,0.185,0.18
3,Qwen/Qwen2.5-1.5B-Instruct,olympiadbench,Modular Norm RandOpt,44,63,0.14,0.18
3,Qwen/Qwen2.5-1.5B-Instruct,olympiadbench,Modular Norm RandOpt,44,64,0.15,0.18
3,Qwen/Qwen2.5-1.5B-Instruct,olympiadbench,Modular Norm RandOpt,44,65,0.165,0.18
3,Qwen/Qwen2.5-1.5B-Instruct,olympiadbench,Modular Norm RandOpt,44,66,0.15,0.18
3,Qwen/Qwen2.5-1.5B-Instruct,olympiadbench,Modular Norm RandOpt,44,67,0.165,0.18
3,Qwen/Qwen2.5-1.5B-Instruct,olympiadbench,Modular Norm RandOpt,44,68,0.155,0.18
3,Qwen/Qwen2.5-1.5B-Instruct,olympiadbench,Modular Norm RandOpt,44,69,0.175,0.18
3,Qwen/Qwen2.5-1.5B-Instruct,olympiadbench,Modular Norm RandOpt,44,70,0.175,0.18
3,Qwen/Qwen2.5-1.5B-Instruct,olympiadbench,Modular Norm RandOpt,44,71,0.17,0.18
3,Qwen/Qwen2.5-1.5B-Instruct,olympiadbench,Modular Norm RandOpt,44,72,0.175,0.18
3,Qwen/Qwen2.5-1.5B-Instruct,olympiadbench,Modular Norm RandOpt,44,73,0.12,0.18
3,Qwen/Qwen2.5-1.5B-Instruct,olympiadbench,Modular Norm RandOpt,44,74,0.17,0.18
3,Qwen/Qwen2.5-1.5B-Instruct,olympiadbench,Modular Norm RandOpt,44,75,0.165,0.18
3,Qwen/Qwen2.5-1.5B-Instruct,olympiadbench,Modular Norm RandOpt,44,76,0.14,0.18
3,Qwen/Qwen2.5-1.5B-Instruct,olympiadbench,Modular Norm RandOpt,44,77,0.15,0.18
3,Qwen/Qwen2.5-1.5B-Instruct,olympiadbench,Modular Norm RandOpt,44,78,0.175,0.18
3,Qwen/Qwen2.5-1.5B-Instruct,olympiadbench,Modular Norm RandOpt,44,79,0.155,0.18
3,Qwen/Qwen2.5-1.5B-Instruct,olympiadbench,Modular Norm RandOpt,44,80,0.16,0.18
3,Qwen/Qwen2.5-1.5B-Instruct,olympiadbench,Modular Norm RandOpt,44,81,0.13,0.18
3,Qwen/Qwen2.5-1.5B-Instruct,olympiadbench,Modular Norm RandOpt,44,82,0.155,0.18
3,Qwen/Qwen2.5-1.5B-Instruct,olympiadbench,Modular Norm RandOpt,44,83,0.18,0.18
3,Qwen/Qwen2.5-1.5B-Instruct,olympiadbench,Modular Norm RandOpt,44,84,0.165,0.18
3,Qwen/Qwen2.5-1.5B-Instruct,olympiadbench,Modular Norm RandOpt,44,85,0.17,0.18
3,Qwen/Qwen2.5-1.5B-Instruct,olympiadbench,Modular Norm RandOpt,44,86,0.165,0.18
3,Qwen/Qwen2.5-1.5B-Instruct,olympiadbench,Modular Norm RandOpt,44,87,0.155,0.18
3,Qwen/Qwen2.5-1.5B-Instruct,olympiadbench,Modular Norm RandOpt,44,88,0.16,0.18
3,Qwen/Qwen2.5-1.5B-Instruct,olympiadbench,Modular Norm RandOpt,44,89,0.165,0.18
3,Qwen/Qwen2.5-1.5B-Instruct,olympiadbench,Modular Norm RandOpt,44,90,0.18,0.18
3,Qwen/Qwen2.5-1.5B-Instruct,olympiadbench,Modular Norm RandOpt,44,91,0.15,0.18
3,Qwen/Qwen2.5-1.5B-Instruct,olympiadbench,Modular Norm RandOpt,44,92,0.205,0.18
3,Qwen/Qwen2.5-1.5B-Instruct,olympiadbench,Modular Norm RandOpt,44,93,0.145,0.18
3,Qwen/Qwen2.5-1.5B-Instruct,olympiadbench,Modular Norm RandOpt,44,94,0.155,0.18
3,Qwen/Qwen2.5-1.5B-Instruct,olympiadbench,Modular Norm RandOpt,44,95,0.16,0.18
3,Qwen/Qwen2.5-1.5B-Instruct,olympiadbench,Modular Norm RandOpt,44,96,0.165,0.18
3,Qwen/Qwen2.5-1.5B-Instruct,olympiadbench,Modular Norm RandOpt,44,97,0.155,0.18
3,Qwen/Qwen2.5-1.5B-Instruct,olympiadbench,Modular Norm RandOpt,44,98,0.175,0.18
3,Qwen/Qwen2.5-1.5B-Instruct,olympiadbench,Modular Norm RandOpt,44,99,0.18,0.18
3,Qwen/Qwen2.5-1.5B-Instruct,olympiadbench,RandOpt,42,0,0.15,0.18
3,Qwen/Qwen2.5-1.5B-Instruct,olympiadbench,RandOpt,42,1,0.165,0.18
3,Qwen/Qwen2.5-1.5B-Instruct,olympiadbench,RandOpt,42,2,0.16,0.18
3,Qwen/Qwen2.5-1.5B-Instruct,olympiadbench,RandOpt,42,3,0.17,0.18
3,Qwen/Qwen2.5-1.5B-Instruct,olympiadbench,RandOpt,42,4,0.155,0.18
3,Qwen/Qwen2.5-1.5B-Instruct,olympiadbench,RandOpt,42,5,0.19,0.18
3,Qwen/Qwen2.5-1.5B-Instruct,olympiadbench,RandOpt,42,6,0.16,0.18
3,Qwen/Qwen2.5-1.5B-Instruct,olympiadbench,RandOpt,42,7,0.17,0.18
3,Qwen/Qwen2.5-1.5B-Instruct,olympiadbench,RandOpt,42,8,0.16,0.18
3,Qwen/Qwen2.5-1.5B-Instruct,olympiadbench,RandOpt,42,9,0.135,0.18
3,Qwen/Qwen2.5-1.5B-Instruct,olympiadbench,RandOpt,42,10,0.145,0.18
3,Qwen/Qwen2.5-1.5B-Instruct,olympiadbench,RandOpt,42,11,0.145,0.18
3,Qwen/Qwen2.5-1.5B-Instruct,olympiadbench,RandOpt,42,12,0.155,0.18
3,Qwen/Qwen2.5-1.5B-Instruct,olympiadbench,RandOpt,42,13,0.13,0.18
3,Qwen/Qwen2.5-1.5B-Instruct,olympiadbench,RandOpt,42,14,0.155,0.18
3,Qwen/Qwen2.5-1.5B-Instruct,olympiadbench,RandOpt,42,15,0.155,0.18
3,Qwen/Qwen2.5-1.5B-Instruct,olympiadbench,RandOpt,42,16,0.175,0.18
3,Qwen/Qwen2.5-1.5B-Instruct,olympiadbench,RandOpt,42,17,0.2,0.18
3,Qwen/Qwen2.5-1.5B-Instruct,olympiadbench,RandOpt,42,18,0.15,0.18
3,Qwen/Qwen2.5-1.5B-Instruct,olympiadbench,RandOpt,42,19,0.165,0.18
3,Qwen/Qwen2.5-1.5B-Instruct,olympiadbench,RandOpt,42,20,0.185,0.18
3,Qwen/Qwen2.5-1.5B-Instruct,olympiadbench,RandOpt,42,21,0.165,0.18
3,Qwen/Qwen2.5-1.5B-Instruct,olympiadbench,RandOpt,42,22,0.16,0.18
3,Qwen/Qwen2.5-1.5B-Instruct,olympiadbench,RandOpt,42,23,0.16,0.18
3,Qwen/Qwen2.5-1.5B-Instruct,olympiadbench,RandOpt,42,24,0.16,0.18
3,Qwen/Qwen2.5-1.5B-Instruct,olympiadbench,RandOpt,42,25,0.175,0.18
3,Qwen/Qwen2.5-1.5B-Instruct,olympiadbench,RandOpt,42,26,0.195,0.18
3,Qwen/Qwen2.5-1.5B-Instruct,olympiadbench,RandOpt,42,27,0.16,0.18
3,Qwen/Qwen2.5-1.5B-Instruct,olympiadbench,RandOpt,42,28,0.18,0.18
3,Qwen/Qwen2.5-1.5B-Instruct,olympiadbench,RandOpt,42,29,0.15,0.18
3,Qwen/Qwen2.5-1.5B-Instruct,olympiadbench,RandOpt,42,30,0.135,0.18
3,Qwen/Qwen2.5-1.5B-Instruct,olympiadbench,RandOpt,42,31,0.145,0.18
3,Qwen/Qwen2.5-1.5B-Instruct,olympiadbench,RandOpt,42,32,0.135,0.18
3,Qwen/Qwen2.5-1.5B-Instruct,olympiadbench,RandOpt,42,33,0.17,0.18
3,Qwen/Qwen2.5-1.5B-Instruct,olympiadbench,RandOpt,42,34,0.16,0.18
3,Qwen/Qwen2.5-1.5B-Instruct,olympiadbench,RandOpt,42,35,0.17,0.18
3,Qwen/Qwen2.5-1.5B-Instruct,olympiadbench,RandOpt,42,36,0.155,0.18
3,Qwen/Qwen2.5-1.5B-Instruct,olympiadbench,RandOpt,42,37,0.155,0.18
3,Qwen/Qwen2.5-1.5B-Instruct,olympiadbench,RandOpt,42,38,0.195,0.18
3,Qwen/Qwen2.5-1.5B-Instruct,olympiadbench,RandOpt,42,39,0.195,0.18
3,Qwen/Qwen2.5-1.5B-Instruct,olympiadbench,RandOpt,42,40,0.135,0.18
3,Qwen/Qwen2.5-1.5B-Instruct,olympiadbench,RandOpt,42,41,0.17,0.18
3,Qwen/Qwen2.5-1.5B-Instruct,olympiadbench,RandOpt,42,42,0.17,0.18
3,Qwen/Qwen2.5-1.5B-Instruct,olympiadbench,RandOpt,42,43,0.165,0.18
3,Qwen/Qwen2.5-1.5B-Instruct,olympiadbench,RandOpt,42,44,0.17,0.18
3,Qwen/Qwen2.5-1.5B-Instruct,olympiadbench,RandOpt,42,45,0.16,0.18
3,Qwen/Qwen2.5-1.5B-Instruct,olympiadbench,RandOpt,42,46,0.155,0.18
3,Qwen/Qwen2.5-1.5B-Instruct,olympiadbench,RandOpt,42,47,0.18,0.18
3,Qwen/Qwen2.5-1.5B-Instruct,olympiadbench,RandOpt,42,48,0.175,0.18
3,Qwen/Qwen2.5-1.5B-Instruct,olympiadbench,RandOpt,42,49,0.15,0.18
3,Qwen/Qwen2.5-1.5B-Instruct,olympiadbench,RandOpt,42,50,0.185,0.18
3,Qwen/Qwen2.5-1.5B-Instruct,olympiadbench,RandOpt,42,51,0.16,0.18
3,Qwen/Qwen2.5-1.5B-Instruct,olympiadbench,RandOpt,42,52,0.15,0.18
3,Qwen/Qwen2.5-1.5B-Instruct,olympiadbench,RandOpt,42,53,0.165,0.18
3,Qwen/Qwen2.5-1.5B-Instruct,olympiadbench,RandOpt,42,54,0.135,0.18
3,Qwen/Qwen2.5-1.5B-Instruct,olympiadbench,RandOpt,42,55,0.16,0.18
3,Qwen/Qwen2.5-1.5B-Instruct,olympiadbench,RandOpt,42,56,0.175,0.18
3,Qwen/Qwen2.5-1.5B-Instruct,olympiadbench,RandOpt,42,57,0.16,0.18
3,Qwen/Qwen2.5-1.5B-Instruct,olympiadbench,RandOpt,42,58,0.17,0.18
3,Qwen/Qwen2.5-1.5B-Instruct,olympiadbench,RandOpt,42,59,0.15,0.18
3,Qwen/Qwen2.5-1.5B-Instruct,olympiadbench,RandOpt,42,60,0.17,0.18
3,Qwen/Qwen2.5-1.5B-Instruct,olympiadbench,RandOpt,42,61,0.19,0.18
3,Qwen/Qwen2.5-1.5B-Instruct,olympiadbench,RandOpt,42,62,0.14,0.18
3,Qwen/Qwen2.5-1.5B-Instruct,olympiadbench,RandOpt,42,63,0.15,0.18
3,Qwen/Qwen2.5-1.5B-Instruct,olympiadbench,RandOpt,42,64,0.165,0.18
3,Qwen/Qwen2.5-1.5B-Instruct,olympiadbench,RandOpt,42,65,0.18,0.18
3,Qwen/Qwen2.5-1.5B-Instruct,olympiadbench,RandOpt,42,66,0.155,0.18
3,Qwen/Qwen2.5-1.5B-Instruct,olympiadbench,RandOpt,42,67,0.155,0.18
3,Qwen/Qwen2.5-1.5B-Instruct,olympiadbench,RandOpt,42,68,0.18,0.18
3,Qwen/Qwen2.5-1.5B-Instruct,olympiadbench,RandOpt,42,69,0.13,0.18
3,Qwen/Qwen2.5-1.5B-Instruct,olympiadbench,RandOpt,42,70,0.165,0.18
3,Qwen/Qwen2.5-1.5B-Instruct,olympiadbench,RandOpt,42,71,0.135,0.18
3,Qwen/Qwen2.5-1.5B-Instruct,olympiadbench,RandOpt,42,72,0.145,0.18
3,Qwen/Qwen2.5-1.5B-Instruct,olympiadbench,RandOpt,42,73,0.155,0.18
3,Qwen/Qwen2.5-1.5B-Instruct,olympiadbench,RandOpt,42,74,0.155,0.18
3,Qwen/Qwen2.5-1.5B-Instruct,olympiadbench,RandOpt,42,75,0.15,0.18
3,Qwen/Qwen2.5-1.5B-Instruct,olympiadbench,RandOpt,42,76,0.155,0.18
3,Qwen/Qwen2.5-1.5B-Instruct,olympiadbench,RandOpt,42,77,0.15,0.18
3,Qwen/Qwen2.5-1.5B-Instruct,olympiadbench,RandOpt,42,78,0.155,0.18
3,Qwen/Qwen2.5-1.5B-Instruct,olympiadbench,RandOpt,42,79,0.175,0.18
3,Qwen/Qwen2.5-1.5B-Instruct,olympiadbench,RandOpt,42,80,0.185,0.18
3,Qwen/Qwen2.5-1.5B-Instruct,olympiadbench,RandOpt,42,81,0.155,0.18
3,Qwen/Qwen2.5-1.5B-Instruct,olympiadbench,RandOpt,42,82,0.155,0.18
3,Qwen/Qwen2.5-1.5B-Instruct,olympiadbench,RandOpt,42,83,0.17,0.18
3,Qwen/Qwen2.5-1.5B-Instruct,olympiadbench,RandOpt,42,84,0.15,0.18
3,Qwen/Qwen2.5-1.5B-Instruct,olympiadbench,RandOpt,42,85,0.185,0.18
3,Qwen/Qwen2.5-1.5B-Instruct,olympiadbench,RandOpt,42,86,0.19,0.18
3,Qwen/Qwen2.5-1.5B-Instruct,olympiadbench,RandOpt,42,87,0.16,0.18
3,Qwen/Qwen2.5-1.5B-Instruct,olympiadbench,RandOpt,42,88,0.185,0.18
3,Qwen/Qwen2.5-1.5B-Instruct,olympiadbench,RandOpt,42,89,0.175,0.18
3,Qwen/Qwen2.5-1.5B-Instruct,olympiadbench,RandOpt,42,90,0.2,0.18
3,Qwen/Qwen2.5-1.5B-Instruct,olympiadbench,RandOpt,42,91,0.14,0.18
3,Qwen/Qwen2.5-1.5B-Instruct,olympiadbench,RandOpt,42,92,0.175,0.18
3,Qwen/Qwen2.5-1.5B-Instruct,olympiadbench,RandOpt,42,93,0.155,0.18
3,Qwen/Qwen2.5-1.5B-Instruct,olympiadbench,RandOpt,42,94,0.175,0.18
3,Qwen/Qwen2.5-1.5B-Instruct,olympiadbench,RandOpt,42,95,0.165,0.18
3,Qwen/Qwen2.5-1.5B-Instruct,olympiadbench,RandOpt,42,96,0.165,0.18
3,Qwen/Qwen2.5-1.5B-Instruct,olympiadbench,RandOpt,42,97,0.165,0.18
3,Qwen/Qwen2.5-1.5B-Instruct,olympiadbench,RandOpt,42,98,0.14,0.18
3,Qwen/Qwen2.5-1.5B-Instruct,olympiadbench,RandOpt,42,99,0.16,0.18
3,Qwen/Qwen2.5-1.5B-Instruct,olympiadbench,RandOpt,43,0,0.135,0.18
3,Qwen/Qwen2.5-1.5B-Instruct,olympiadbench,RandOpt,43,1,0.175,0.18
3,Qwen/Qwen2.5-1.5B-Instruct,olympiadbench,RandOpt,43,2,0.175,0.18
3,Qwen/Qwen2.5-1.5B-Instruct,olympiadbench,RandOpt,43,3,0.16,0.18
3,Qwen/Qwen2.5-1.5B-Instruct,olympiadbench,RandOpt,43,4,0.155,0.18
3,Qwen/Qwen2.5-1.5B-Instruct,olympiadbench,RandOpt,43,5,0.175,0.18
3,Qwen/Qwen2.5-1.5B-Instruct,olympiadbench,RandOpt,43,6,0.175,0.18
3,Qwen/Qwen2.5-1.5B-Instruct,olympiadbench,RandOpt,43,7,0.175,0.18
3,Qwen/Qwen2.5-1.5B-Instruct,olympiadbench,RandOpt,43,8,0.17,0.18
3,Qwen/Qwen2.5-1.5B-Instruct,olympiadbench,RandOpt,43,9,0.175,0.18
3,Qwen/Qwen2.5-1.5B-Instruct,olympiadbench,RandOpt,43,10,0.16,0.18
3,Qwen/Qwen2.5-1.5B-Instruct,olympiadbench,RandOpt,43,11,0.175,0.18
3,Qwen/Qwen2.5-1.5B-Instruct,olympiadbench,RandOpt,43,12,0.165,0.18
3,Qwen/Qwen2.5-1.5B-Instruct,olympiadbench,RandOpt,43,13,0.145,0.18
3,Qwen/Qwen2.5-1.5B-Instruct,olympiadbench,RandOpt,43,14,0.145,0.18
3,Qwen/Qwen2.5-1.5B-Instruct,olympiadbench,RandOpt,43,15,0.16,0.18
3,Qwen/Qwen2.5-1.5B-Instruct,olympiadbench,RandOpt,43,16,0.165,0.18
3,Qwen/Qwen2.5-1.5B-Instruct,olympiadbench,RandOpt,43,17,0.195,0.18
3,Qwen/Qwen2.5-1.5B-Instruct,olympiadbench,RandOpt,43,18,0.145,0.18
3,Qwen/Qwen2.5-1.5B-Instruct,olympiadbench,RandOpt,43,19,0.17,0.18
3,Qwen/Qwen2.5-1.5B-Instruct,olympiadbench,RandOpt,43,20,0.175,0.18
3,Qwen/Qwen2.5-1.5B-Instruct,olympiadbench,RandOpt,43,21,0.17,0.18
3,Qwen/Qwen2.5-1.5B-Instruct,olympiadbench,RandOpt,43,22,0.17,0.18
3,Qwen/Qwen2.5-1.5B-Instruct,olympiadbench,RandOpt,43,23,0.125,0.18
3,Qwen/Qwen2.5-1.5B-Instruct,olympiadbench,RandOpt,43,24,0.165,0.18
3,Qwen/Qwen2.5-1.5B-Instruct,olympiadbench,RandOpt,43,25,0.18,0.18
3,Qwen/Qwen2.5-1.5B-Instruct,olympiadbench,RandOpt,43,26,0.145,0.18
3,Qwen/Qwen2.5-1.5B-Instruct,olympiadbench,RandOpt,43,27,0.185,0.18
3,Qwen/Qwen2.5-1.5B-Instruct,olympiadbench,RandOpt,43,28,0.175,0.18
3,Qwen/Qwen2.5-1.5B-Instruct,olympiadbench,RandOpt,43,29,0.17,0.18
3,Qwen/Qwen2.5-1.5B-Instruct,olympiadbench,RandOpt,43,30,0.17,0.18
3,Qwen/Qwen2.5-1.5B-Instruct,olympiadbench,RandOpt,43,31,0.155,0.18
3,Qwen/Qwen2.5-1.5B-Instruct,olympiadbench,RandOpt,43,32,0.165,0.18
3,Qwen/Qwen2.5-1.5B-Instruct,olympiadbench,RandOpt,43,33,0.2,0.18
3,Qwen/Qwen2.5-1.5B-Instruct,olympiadbench,RandOpt,43,34,0.16,0.18
3,Qwen/Qwen2.5-1.5B-Instruct,olympiadbench,RandOpt,43,35,0.15,0.18
3,Qwen/Qwen2.5-1.5B-Instruct,olympiadbench,RandOpt,43,36,0.145,0.18
3,Qwen/Qwen2.5-1.5B-Instruct,olympiadbench,RandOpt,43,37,0.18,0.18
3,Qwen/Qwen2.5-1.5B-Instruct,olympiadbench,RandOpt,43,38,0.145,0.18
3,Qwen/Qwen2.5-1.5B-Instruct,olympiadbench,RandOpt,43,39,0.16,0.18
3,Qwen/Qwen2.5-1.5B-Instruct,olympiadbench,RandOpt,43,40,0.16,0.18
3,Qwen/Qwen2.5-1.5B-Instruct,olympiadbench,RandOpt,43,41,0.16,0.18
3,Qwen/Qwen2.5-1.5B-Instruct,olympiadbench,RandOpt,43,42,0.165,0.18
3,Qwen/Qwen2.5-1.5B-Instruct,olympiadbench,RandOpt,43,43,0.165,0.18
3,Qwen/Qwen2.5-1.5B-Instruct,olympiadbench,RandOpt,43,44,0.135,0.18
3,Qwen/Qwen2.5-1.5B-Instruct,olympiadbench,RandOpt,43,45,0.12,0.18
3,Qwen/Qwen2.5-1.5B-Instruct,olympiadbench,RandOpt,43,46,0.125,0.18
3,Qwen/Qwen2.5-1.5B-Instruct,olympiadbench,RandOpt,43,47,0.165,0.18
3,Qwen/Qwen2.5-1.5B-Instruct,olympiadbench,RandOpt,43,48,0.17,0.18
3,Qwen/Qwen2.5-1.5B-Instruct,olympiadbench,RandOpt,43,49,0.16,0.18
3,Qwen/Qwen2.5-1.5B-Instruct,olympiadbench,RandOpt,43,50,0.145,0.18
3,Qwen/Qwen2.5-1.5B-Instruct,olympiadbench,RandOpt,43,51,0.15,0.18
3,Qwen/Qwen2.5-1.5B-Instruct,olympiadbench,RandOpt,43,52,0.165,0.18
3,Qwen/Qwen2.5-1.5B-Instruct,olympiadbench,RandOpt,43,53,0.185,0.18
3,Qwen/Qwen2.5-1.5B-Instruct,olympiadbench,RandOpt,43,54,0.15,0.18
3,Qwen/Qwen2.5-1.5B-Instruct,olympiadbench,RandOpt,43,55,0.165,0.18
3,Qwen/Qwen2.5-1.5B-Instruct,olympiadbench,RandOpt,43,56,0.155,0.18
3,Qwen/Qwen2.5-1.5B-Instruct,olympiadbench,RandOpt,43,57,0.145,0.18
3,Qwen/Qwen2.5-1.5B-Instruct,olympiadbench,RandOpt,43,58,0.19,0.18
3,Qwen/Qwen2.5-1.5B-Instruct,olympiadbench,RandOpt,43,59,0.175,0.18
3,Qwen/Qwen2.5-1.5B-Instruct,olympiadbench,RandOpt,43,60,0.145,0.18
3,Qwen/Qwen2.5-1.5B-Instruct,olympiadbench,RandOpt,43,61,0.2,0.18
3,Qwen/Qwen2.5-1.5B-Instruct,olympiadbench,RandOpt,43,62,0.2,0.18
3,Qwen/Qwen2.5-1.5B-Instruct,olympiadbench,RandOpt,43,63,0.175,0.18
3,Qwen/Qwen2.5-1.5B-Instruct,olympiadbench,RandOpt,43,64,0.175,0.18
3,Qwen/Qwen2.5-1.5B-Instruct,olympiadbench,RandOpt,43,65,0.18,0.18
3,Qwen/Qwen2.5-1.5B-Instruct,olympiadbench,RandOpt,43,66,0.155,0.18
3,Qwen/Qwen2.5-1.5B-Instruct,olympiadbench,RandOpt,43,67,0.18,0.18
3,Qwen/Qwen2.5-1.5B-Instruct,olympiadbench,RandOpt,43,68,0.18,0.18
3,Qwen/Qwen2.5-1.5B-Instruct,olympiadbench,RandOpt,43,69,0.135,0.18
3,Qwen/Qwen2.5-1.5B-Instruct,olympiadbench,RandOpt,43,70,0.175,0.18
3,Qwen/Qwen2.5-1.5B-Instruct,olympiadbench,RandOpt,43,71,0.125,0.18
3,Qwen/Qwen2.5-1.5B-Instruct,olympiadbench,RandOpt,43,72,0.175,0.18
3,Qwen/Qwen2.5-1.5B-Instruct,olympiadbench,RandOpt,43,73,0.16,0.18
3,Qwen/Qwen2.5-1.5B-Instruct,olympiadbench,RandOpt,43,74,0.185,0.18
3,Qwen/Qwen2.5-1.5B-Instruct,olympiadbench,RandOpt,43,75,0.175,0.18
3,Qwen/Qwen2.5-1.5B-Instruct,olympiadbench,RandOpt,43,76,0.175,0.18
3,Qwen/Qwen2.5-1.5B-Instruct,olympiadbench,RandOpt,43,77,0.135,0.18
3,Qwen/Qwen2.5-1.5B-Instruct,olympiadbench,RandOpt,43,78,0.125,0.18
3,Qwen/Qwen2.5-1.5B-Instruct,olympiadbench,RandOpt,43,79,0.185,0.18
3,Qwen/Qwen2.5-1.5B-Instruct,olympiadbench,RandOpt,43,80,0.2,0.18
3,Qwen/Qwen2.5-1.5B-Instruct,olympiadbench,RandOpt,43,81,0.155,0.18
3,Qwen/Qwen2.5-1.5B-Instruct,olympiadbench,RandOpt,43,82,0.155,0.18
3,Qwen/Qwen2.5-1.5B-Instruct,olympiadbench,RandOpt,43,83,0.165,0.18
3,Qwen/Qwen2.5-1.5B-Instruct,olympiadbench,RandOpt,43,84,0.18,0.18
3,Qwen/Qwen2.5-1.5B-Instruct,olympiadbench,RandOpt,43,85,0.165,0.18
3,Qwen/Qwen2.5-1.5B-Instruct,olympiadbench,RandOpt,43,86,0.18,0.18
3,Qwen/Qwen2.5-1.5B-Instruct,olympiadbench,RandOpt,43,87,0.15,0.18
3,Qwen/Qwen2.5-1.5B-Instruct,olympiadbench,RandOpt,43,88,0.14,0.18
3,Qwen/Qwen2.5-1.5B-Instruct,olympiadbench,RandOpt,43,89,0.19,0.18
3,Qwen/Qwen2.5-1.5B-Instruct,olympiadbench,RandOpt,43,90,0.145,0.18
3,Qwen/Qwen2.5-1.5B-Instruct,olympiadbench,RandOpt,43,91,0.14,0.18
3,Qwen/Qwen2.5-1.5B-Instruct,olympiadbench,RandOpt,43,92,0.205,0.18
3,Qwen/Qwen2.5-1.5B-Instruct,olympiadbench,RandOpt,43,93,0.17,0.18
3,Qwen/Qwen2.5-1.5B-Instruct,olympiadbench,RandOpt,43,94,0.155,0.18
3,Qwen/Qwen2.5-1.5B-Instruct,olympiadbench,RandOpt,43,95,0.15,0.18
3,Qwen/Qwen2.5-1.5B-Instruct,olympiadbench,RandOpt,43,96,0.125,0.18
3,Qwen/Qwen2.5-1.5B-Instruct,olympiadbench,RandOpt,43,97,0.17,0.18
3,Qwen/Qwen2.5-1.5B-Instruct,olympiadbench,RandOpt,43,98,0.16,0.18
3,Qwen/Qwen2.5-1.5B-Instruct,olympiadbench,RandOpt,43,99,0.175,0.18
3,Qwen/Qwen2.5-1.5B-Instruct,olympiadbench,RandOpt,44,0,0.18,0.18
3,Qwen/Qwen2.5-1.5B-Instruct,olympiadbench,RandOpt,44,1,0.155,0.18
3,Qwen/Qwen2.5-1.5B-Instruct,olympiadbench,RandOpt,44,2,0.18,0.18
3,Qwen/Qwen2.5-1.5B-Instruct,olympiadbench,RandOpt,44,3,0.19,0.18
3,Qwen/Qwen2.5-1.5B-Instruct,olympiadbench,RandOpt,44,4,0.17,0.18
3,Qwen/Qwen2.5-1.5B-Instruct,olympiadbench,RandOpt,44,5,0.155,0.18
3,Qwen/Qwen2.5-1.5B-Instruct,olympiadbench,RandOpt,44,6,0.15,0.18
3,Qwen/Qwen2.5-1.5B-Instruct,olympiadbench,RandOpt,44,7,0.2,0.18
3,Qwen/Qwen2.5-1.5B-Instruct,olympiadbench,RandOpt,44,8,0.165,0.18
3,Qwen/Qwen2.5-1.5B-Instruct,olympiadbench,RandOpt,44,9,0.18,0.18
3,Qwen/Qwen2.5-1.5B-Instruct,olympiadbench,RandOpt,44,10,0.165,0.18
3,Qwen/Qwen2.5-1.5B-Instruct,olympiadbench,RandOpt,44,11,0.155,0.18
3,Qwen/Qwen2.5-1.5B-Instruct,olympiadbench,RandOpt,44,12,0.19,0.18
3,Qwen/Qwen2.5-1.5B-Instruct,olympiadbench,RandOpt,44,13,0.16,0.18
3,Qwen/Qwen2.5-1.5B-Instruct,olympiadbench,RandOpt,44,14,0.16,0.18
3,Qwen/Qwen2.5-1.5B-Instruct,olympiadbench,RandOpt,44,15,0.175,0.18
3,Qwen/Qwen2.5-1.5B-Instruct,olympiadbench,RandOpt,44,16,0.16,0.18
3,Qwen/Qwen2.5-1.5B-Instruct,olympiadbench,RandOpt,44,17,0.135,0.18
3,Qwen/Qwen2.5-1.5B-Instruct,olympiadbench,RandOpt,44,18,0.13,0.18
3,Qwen/Qwen2.5-1.5B-Instruct,olympiadbench,RandOpt,44,19,0.18,0.18
3,Qwen/Qwen2.5-1.5B-Instruct,olympiadbench,RandOpt,44,20,0.155,0.18
3,Qwen/Qwen2.5-1.5B-Instruct,olympiadbench,RandOpt,44,21,0.13,0.18
3,Qwen/Qwen2.5-1.5B-Instruct,olympiadbench,RandOpt,44,22,0.195,0.18
3,Qwen/Qwen2.5-1.5B-Instruct,olympiadbench,RandOpt,44,23,0.155,0.18
3,Qwen/Qwen2.5-1.5B-Instruct,olympiadbench,RandOpt,44,24,0.165,0.18
3,Qwen/Qwen2.5-1.5B-Instruct,olympiadbench,RandOpt,44,25,0.15,0.18
3,Qwen/Qwen2.5-1.5B-Instruct,olympiadbench,RandOpt,44,26,0.185,0.18
3,Qwen/Qwen2.5-1.5B-Instruct,olympiadbench,RandOpt,44,27,0.2,0.18
3,Qwen/Qwen2.5-1.5B-Instruct,olympiadbench,RandOpt,44,28,0.17,0.18
3,Qwen/Qwen2.5-1.5B-Instruct,olympiadbench,RandOpt,44,29,0.145,0.18
3,Qwen/Qwen2.5-1.5B-Instruct,olympiadbench,RandOpt,44,30,0.18,0.18
3,Qwen/Qwen2.5-1.5B-Instruct,olympiadbench,RandOpt,44,31,0.16,0.18
3,Qwen/Qwen2.5-1.5B-Instruct,olympiadbench,RandOpt,44,32,0.16,0.18
3,Qwen/Qwen2.5-1.5B-Instruct,olympiadbench,RandOpt,44,33,0.155,0.18
3,Qwen/Qwen2.5-1.5B-Instruct,olympiadbench,RandOpt,44,34,0.14,0.18
3,Qwen/Qwen2.5-1.5B-Instruct,olympiadbench,RandOpt,44,35,0.18,0.18
3,Qwen/Qwen2.5-1.5B-Instruct,olympiadbench,RandOpt,44,36,0.16,0.18
3,Qwen/Qwen2.5-1.5B-Instruct,olympiadbench,RandOpt,44,37,0.185,0.18
3,Qwen/Qwen2.5-1.5B-Instruct,olympiadbench,RandOpt,44,38,0.165,0.18
3,Qwen/Qwen2.5-1.5B-Instruct,olympiadbench,RandOpt,44,39,0.17,0.18
3,Qwen/Qwen2.5-1.5B-Instruct,olympiadbench,RandOpt,44,40,0.175,0.18
3,Qwen/Qwen2.5-1.5B-Instruct,olympiadbench,RandOpt,44,41,0.15,0.18
3,Qwen/Qwen2.5-1.5B-Instruct,olympiadbench,RandOpt,44,42,0.17,0.18
3,Qwen/Qwen2.5-1.5B-Instruct,olympiadbench,RandOpt,44,43,0.17,0.18
3,Qwen/Qwen2.5-1.5B-Instruct,olympiadbench,RandOpt,44,44,0.18,0.18
3,Qwen/Qwen2.5-1.5B-Instruct,olympiadbench,RandOpt,44,45,0.175,0.18
3,Qwen/Qwen2.5-1.5B-Instruct,olympiadbench,RandOpt,44,46,0.14,0.18
3,Qwen/Qwen2.5-1.5B-Instruct,olympiadbench,RandOpt,44,47,0.15,0.18
3,Qwen/Qwen2.5-1.5B-Instruct,olympiadbench,RandOpt,44,48,0.14,0.18
3,Qwen/Qwen2.5-1.5B-Instruct,olympiadbench,RandOpt,44,49,0.11,0.18
3,Qwen/Qwen2.5-1.5B-Instruct,olympiadbench,RandOpt,44,50,0.15,0.18
3,Qwen/Qwen2.5-1.5B-Instruct,olympiadbench,RandOpt,44,51,0.135,0.18
3,Qwen/Qwen2.5-1.5B-Instruct,olympiadbench,RandOpt,44,52,0.155,0.18
3,Qwen/Qwen2.5-1.5B-Instruct,olympiadbench,RandOpt,44,53,0.155,0.18
3,Qwen/Qwen2.5-1.5B-Instruct,olympiadbench,RandOpt,44,54,0.16,0.18
3,Qwen/Qwen2.5-1.5B-Instruct,olympiadbench,RandOpt,44,55,0.16,0.18
3,Qwen/Qwen2.5-1.5B-Instruct,olympiadbench,RandOpt,44,56,0.215,0.18
3,Qwen/Qwen2.5-1.5B-Instruct,olympiadbench,RandOpt,44,57,0.165,0.18
3,Qwen/Qwen2.5-1.5B-Instruct,olympiadbench,RandOpt,44,58,0.165,0.18
3,Qwen/Qwen2.5-1.5B-Instruct,olympiadbench,RandOpt,44,59,0.17,0.18
3,Qwen/Qwen2.5-1.5B-Instruct,olympiadbench,RandOpt,44,60,0.17,0.18
3,Qwen/Qwen2.5-1.5B-Instruct,olympiadbench,RandOpt,44,61,0.14,0.18
3,Qwen/Qwen2.5-1.5B-Instruct,olympiadbench,RandOpt,44,62,0.15,0.18
3,Qwen/Qwen2.5-1.5B-Instruct,olympiadbench,RandOpt,44,63,0.15,0.18
3,Qwen/Qwen2.5-1.5B-Instruct,olympiadbench,RandOpt,44,64,0.16,0.18
3,Qwen/Qwen2.5-1.5B-Instruct,olympiadbench,RandOpt,44,65,0.18,0.18
3,Qwen/Qwen2.5-1.5B-Instruct,olympiadbench,RandOpt,44,66,0.165,0.18
3,Qwen/Qwen2.5-1.5B-Instruct,olympiadbench,RandOpt,44,67,0.16,0.18
3,Qwen/Qwen2.5-1.5B-Instruct,olympiadbench,RandOpt,44,68,0.16,0.18
3,Qwen/Qwen2.5-1.5B-Instruct,olympiadbench,RandOpt,44,69,0.185,0.18
3,Qwen/Qwen2.5-1.5B-Instruct,olympiadbench,RandOpt,44,70,0.17,0.18
3,Qwen/Qwen2.5-1.5B-Instruct,olympiadbench,RandOpt,44,71,0.16,0.18
3,Qwen/Qwen2.5-1.5B-Instruct,olympiadbench,RandOpt,44,72,0.17,0.18
3,Qwen/Qwen2.5-1.5B-Instruct,olympiadbench,RandOpt,44,73,0.175,0.18
3,Qwen/Qwen2.5-1.5B-Instruct,olympiadbench,RandOpt,44,74,0.165,0.18
3,Qwen/Qwen2.5-1.5B-Instruct,olympiadbench,RandOpt,44,75,0.175,0.18
3,Qwen/Qwen2.5-1.5B-Instruct,olympiadbench,RandOpt,44,76,0.17,0.18
3,Qwen/Qwen2.5-1.5B-Instruct,olympiadbench,RandOpt,44,77,0.155,0.18
3,Qwen/Qwen2.5-1.5B-Instruct,olympiadbench,RandOpt,44,78,0.18,0.18
3,Qwen/Qwen2.5-1.5B-Instruct,olympiadbench,RandOpt,44,79,0.13,0.18
3,Qwen/Qwen2.5-1.5B-Instruct,olympiadbench,RandOpt,44,80,0.15,0.18
3,Qwen/Qwen2.5-1.5B-Instruct,olympiadbench,RandOpt,44,81,0.12,0.18
3,Qwen/Qwen2.5-1.5B-Instruct,olympiadbench,RandOpt,44,82,0.115,0.18
3,Qwen/Qwen2.5-1.5B-Instruct,olympiadbench,RandOpt,44,83,0.165,0.18
3,Qwen/Qwen2.5-1.5B-Instruct,olympiadbench,RandOpt,44,84,0.18,0.18
3,Qwen/Qwen2.5-1.5B-Instruct,olympiadbench,RandOpt,44,85,0.165,0.18
3,Qwen/Qwen2.5-1.5B-Instruct,olympiadbench,RandOpt,44,86,0.165,0.18
3,Qwen/Qwen2.5-1.5B-Instruct,olympiadbench,RandOpt,44,87,0.145,0.18
3,Qwen/Qwen2.5-1.5B-Instruct,olympiadbench,RandOpt,44,88,0.14,0.18
3,Qwen/Qwen2.5-1.5B-Instruct,olympiadbench,RandOpt,44,89,0.155,0.18
3,Qwen/Qwen2.5-1.5B-Instruct,olympiadbench,RandOpt,44,90,0.17,0.18
3,Qwen/Qwen2.5-1.5B-Instruct,olympiadbench,RandOpt,44,91,0.145,0.18
3,Qwen/Qwen2.5-1.5B-Instruct,olympiadbench,RandOpt,44,92,0.135,0.18
3,Qwen/Qwen2.5-1.5B-Instruct,olympiadbench,RandOpt,44,93,0.15,0.18
3,Qwen/Qwen2.5-1.5B-Instruct,olympiadbench,RandOpt,44,94,0.175,0.18
3,Qwen/Qwen2.5-1.5B-Instruct,olympiadbench,RandOpt,44,95,0.16,0.18
3,Qwen/Qwen2.5-1.5B-Instruct,olympiadbench,RandOpt,44,96,0.185,0.18
3,Qwen/Qwen2.5-1.5B-Instruct,olympiadbench,RandOpt,44,97,0.2,0.18
3,Qwen/Qwen2.5-1.5B-Instruct,olympiadbench,RandOpt,44,98,0.16,0.18
3,Qwen/Qwen2.5-1.5B-Instruct,olympiadbench,RandOpt,44,99,0.15,0.18
3,Qwen/Qwen2.5-1.5B-Instruct,rocstories,Modular Norm RandOpt,42,0,0.4471,0.44510000000000005
3,Qwen/Qwen2.5-1.5B-Instruct,rocstories,Modular Norm RandOpt,42,1,0.44440000000000013,0.44510000000000005
3,Qwen/Qwen2.5-1.5B-Instruct,rocstories,Modular Norm RandOpt,42,2,0.4457000000000001,0.44510000000000005
3,Qwen/Qwen2.5-1.5B-Instruct,rocstories,Modular Norm RandOpt,42,3,0.45080000000000015,0.44510000000000005
3,Qwen/Qwen2.5-1.5B-Instruct,rocstories,Modular Norm RandOpt,42,4,0.45320000000000005,0.44510000000000005
3,Qwen/Qwen2.5-1.5B-Instruct,rocstories,Modular Norm RandOpt,42,5,0.4378,0.44510000000000005
3,Qwen/Qwen2.5-1.5B-Instruct,rocstories,Modular Norm RandOpt,42,6,0.4444000000000001,0.44510000000000005
3,Qwen/Qwen2.5-1.5B-Instruct,rocstories,Modular Norm RandOpt,42,7,0.4482000000000001,0.44510000000000005
3,Qwen/Qwen2.5-1.5B-Instruct,rocstories,Modular Norm RandOpt,42,8,0.4468000000000001,0.44510000000000005
3,Qwen/Qwen2.5-1.5B-Instruct,rocstories,Modular Norm RandOpt,42,9,0.4555,0.44510000000000005
3,Qwen/Qwen2.5-1.5B-Instruct,rocstories,Modular Norm RandOpt,42,10,0.4472,0.44510000000000005
3,Qwen/Qwen2.5-1.5B-Instruct,rocstories,Modular Norm RandOpt,42,11,0.44290000000000007,0.44510000000000005
3,Qwen/Qwen2.5-1.5B-Instruct,rocstories,Modular Norm RandOpt,42,12,0.4439,0.44510000000000005
3,Qwen/Qwen2.5-1.5B-Instruct,rocstories,Modular Norm RandOpt,42,13,0.44650000000000006,0.44510000000000005
3,Qwen/Qwen2.5-1.5B-Instruct,rocstories,Modular Norm RandOpt,42,14,0.44850000000000007,0.44510000000000005
3,Qwen/Qwen2.5-1.5B-Instruct,rocstories,Modular Norm RandOpt,42,15,0.45630000000000004,0.44510000000000005
3,Qwen/Qwen2.5-1.5B-Instruct,rocstories,Modular Norm RandOpt,42,16,0.4363,0.44510000000000005
3,Qwen/Qwen2.5-1.5B-Instruct,rocstories,Modular Norm RandOpt,42,17,0.43700000000000006,0.44510000000000005
3,Qwen/Qwen2.5-1.5B-Instruct,rocstories,Modular Norm RandOpt,42,18,0.4446,0.44510000000000005
3,Qwen/Qwen2.5-1.5B-Instruct,rocstories,Modular Norm RandOpt,42,19,0.45030000000000003,0.44510000000000005
3,Qwen/Qwen2.5-1.5B-Instruct,rocstories,Modular Norm RandOpt,42,20,0.4597,0.44510000000000005
3,Qwen/Qwen2.5-1.5B-Instruct,rocstories,Modular Norm RandOpt,42,21,0.44079999999999997,0.44510000000000005
3,Qwen/Qwen2.5-1.5B-Instruct,rocstories,Modular Norm RandOpt,42,22,0.4495,0.44510000000000005
3,Qwen/Qwen2.5-1.5B-Instruct,rocstories,Modular Norm RandOpt,42,23,0.44050000000000006,0.44510000000000005
3,Qwen/Qwen2.5-1.5B-Instruct,rocstories,Modular Norm RandOpt,42,24,0.45620000000000005,0.44510000000000005
3,Qwen/Qwen2.5-1.5B-Instruct,rocstories,Modular Norm RandOpt,42,25,0.44780000000000003,0.44510000000000005
3,Qwen/Qwen2.5-1.5B-Instruct,rocstories,Modular Norm RandOpt,42,26,0.44620000000000004,0.44510000000000005
3,Qwen/Qwen2.5-1.5B-Instruct,rocstories,Modular Norm RandOpt,42,27,0.45860000000000006,0.44510000000000005
3,Qwen/Qwen2.5-1.5B-Instruct,rocstories,Modular Norm RandOpt,42,28,0.4541000000000001,0.44510000000000005
3,Qwen/Qwen2.5-1.5B-Instruct,rocstories,Modular Norm RandOpt,42,29,0.4459,0.44510000000000005
3,Qwen/Qwen2.5-1.5B-Instruct,rocstories,Modular Norm RandOpt,42,30,0.44050000000000006,0.44510000000000005
3,Qwen/Qwen2.5-1.5B-Instruct,rocstories,Modular Norm RandOpt,42,31,0.4513000000000001,0.44510000000000005
3,Qwen/Qwen2.5-1.5B-Instruct,rocstories,Modular Norm RandOpt,42,32,0.4378,0.44510000000000005
3,Qwen/Qwen2.5-1.5B-Instruct,rocstories,Modular Norm RandOpt,42,33,0.4446000000000001,0.44510000000000005
3,Qwen/Qwen2.5-1.5B-Instruct,rocstories,Modular Norm RandOpt,42,34,0.4511,0.44510000000000005
3,Qwen/Qwen2.5-1.5B-Instruct,rocstories,Modular Norm RandOpt,42,35,0.4432000000000001,0.44510000000000005
3,Qwen/Qwen2.5-1.5B-Instruct,rocstories,Modular Norm RandOpt,42,36,0.44480000000000003,0.44510000000000005
3,Qwen/Qwen2.5-1.5B-Instruct,rocstories,Modular Norm RandOpt,42,37,0.4399,0.44510000000000005
3,Qwen/Qwen2.5-1.5B-Instruct,rocstories,Modular Norm RandOpt,42,38,0.4495,0.44510000000000005
3,Qwen/Qwen2.5-1.5B-Instruct,rocstories,Modular Norm RandOpt,42,39,0.4482000000000001,0.44510000000000005
3,Qwen/Qwen2.5-1.5B-Instruct,rocstories,Modular Norm RandOpt,42,40,0.4408000000000001,0.44510000000000005
3,Qwen/Qwen2.5-1.5B-Instruct,rocstories,Modular Norm RandOpt,42,41,0.4445,0.44510000000000005
3,Qwen/Qwen2.5-1.5B-Instruct,rocstories,Modular Norm RandOpt,42,42,0.44150000000000006,0.44510000000000005
3,Qwen/Qwen2.5-1.5B-Instruct,rocstories,Modular Norm RandOpt,42,43,0.4544,0.44510000000000005
3,Qwen/Qwen2.5-1.5B-Instruct,rocstories,Modular Norm RandOpt,42,44,0.4423,0.44510000000000005
3,Qwen/Qwen2.5-1.5B-Instruct,rocstories,Modular Norm RandOpt,42,45,0.4482000000000001,0.44510000000000005
3,Qwen/Qwen2.5-1.5B-Instruct,rocstories,Modular Norm RandOpt,42,46,0.4517,0.44510000000000005
3,Qwen/Qwen2.5-1.5B-Instruct,rocstories,Modular Norm RandOpt,42,47,0.45230000000000004,0.44510000000000005
3,Qwen/Qwen2.5-1.5B-Instruct,rocstories,Modular Norm RandOpt,42,48,0.4474000000000001,0.44510000000000005
3,Qwen/Qwen2.5-1.5B-Instruct,rocstories,Modular Norm RandOpt,42,49,0.44040000000000007,0.44510000000000005
3,Qwen/Qwen2.5-1.5B-Instruct,rocstories,Modular Norm RandOpt,42,50,0.44050000000000006,0.44510000000000005
3,Qwen/Qwen2.5-1.5B-Instruct,rocstories,Modular Norm RandOpt,42,51,0.44580000000000003,0.44510000000000005
3,Qwen/Qwen2.5-1.5B-Instruct,rocstories,Modular Norm RandOpt,42,52,0.4486,0.44510000000000005
3,Qwen/Qwen2.5-1.5B-Instruct,rocstories,Modular Norm RandOpt,42,53,0.45320000000000005,0.44510000000000005
3,Qwen/Qwen2.5-1.5B-Instruct,rocstories,Modular Norm RandOpt,42,54,0.4464,0.44510000000000005
3,Qwen/Qwen2.5-1.5B-Instruct,rocstories,Modular Norm RandOpt,42,55,0.4436,0.44510000000000005
3,Qwen/Qwen2.5-1.5B-Instruct,rocstories,Modular Norm RandOpt,42,56,0.45720000000000005,0.44510000000000005
3,Qwen/Qwen2.5-1.5B-Instruct,rocstories,Modular Norm RandOpt,42,57,0.4495,0.44510000000000005
3,Qwen/Qwen2.5-1.5B-Instruct,rocstories,Modular Norm RandOpt,42,58,0.4449000000000001,0.44510000000000005
3,Qwen/Qwen2.5-1.5B-Instruct,rocstories,Modular Norm RandOpt,42,59,0.4433,0.44510000000000005
3,Qwen/Qwen2.5-1.5B-Instruct,rocstories,Modular Norm RandOpt,42,60,0.4486,0.44510000000000005
3,Qwen/Qwen2.5-1.5B-Instruct,rocstories,Modular Norm RandOpt,42,61,0.4435,0.44510000000000005
3,Qwen/Qwen2.5-1.5B-Instruct,rocstories,Modular Norm RandOpt,42,62,0.4499000000000001,0.44510000000000005
3,Qwen/Qwen2.5-1.5B-Instruct,rocstories,Modular Norm RandOpt,42,63,0.4474,0.44510000000000005
3,Qwen/Qwen2.5-1.5B-Instruct,rocstories,Modular Norm RandOpt,42,64,0.45620000000000005,0.44510000000000005
3,Qwen/Qwen2.5-1.5B-Instruct,rocstories,Modular Norm RandOpt,42,65,0.44630000000000003,0.44510000000000005
3,Qwen/Qwen2.5-1.5B-Instruct,rocstories,Modular Norm RandOpt,42,66,0.45280000000000004,0.44510000000000005
3,Qwen/Qwen2.5-1.5B-Instruct,rocstories,Modular Norm RandOpt,42,67,0.4468000000000001,0.44510000000000005
3,Qwen/Qwen2.5-1.5B-Instruct,rocstories,Modular Norm RandOpt,42,68,0.4446000000000001,0.44510000000000005
3,Qwen/Qwen2.5-1.5B-Instruct,rocstories,Modular Norm RandOpt,42,69,0.45770000000000005,0.44510000000000005
3,Qwen/Qwen2.5-1.5B-Instruct,rocstories,Modular Norm RandOpt,42,70,0.44290000000000007,0.44510000000000005
3,Qwen/Qwen2.5-1.5B-Instruct,rocstories,Modular Norm RandOpt,42,71,0.4457000000000001,0.44510000000000005
3,Qwen/Qwen2.5-1.5B-Instruct,rocstories,Modular Norm RandOpt,42,72,0.45840000000000003,0.44510000000000005
3,Qwen/Qwen2.5-1.5B-Instruct,rocstories,Modular Norm RandOpt,42,73,0.4444000000000001,0.44510000000000005
3,Qwen/Qwen2.5-1.5B-Instruct,rocstories,Modular Norm RandOpt,42,74,0.4439,0.44510000000000005
3,Qwen/Qwen2.5-1.5B-Instruct,rocstories,Modular Norm RandOpt,42,75,0.44550000000000006,0.44510000000000005
3,Qwen/Qwen2.5-1.5B-Instruct,rocstories,Modular Norm RandOpt,42,76,0.45840000000000003,0.44510000000000005
3,Qwen/Qwen2.5-1.5B-Instruct,rocstories,Modular Norm RandOpt,42,77,0.44260000000000005,0.44510000000000005
3,Qwen/Qwen2.5-1.5B-Instruct,rocstories,Modular Norm RandOpt,42,78,0.45150000000000007,0.44510000000000005
3,Qwen/Qwen2.5-1.5B-Instruct,rocstories,Modular Norm RandOpt,42,79,0.4432,0.44510000000000005
3,Qwen/Qwen2.5-1.5B-Instruct,rocstories,Modular Norm RandOpt,42,80,0.44730000000000003,0.44510000000000005
3,Qwen/Qwen2.5-1.5B-Instruct,rocstories,Modular Norm RandOpt,42,81,0.4525,0.44510000000000005
3,Qwen/Qwen2.5-1.5B-Instruct,rocstories,Modular Norm RandOpt,42,82,0.44939999999999997,0.44510000000000005
3,Qwen/Qwen2.5-1.5B-Instruct,rocstories,Modular Norm RandOpt,42,83,0.4452000000000001,0.44510000000000005
3,Qwen/Qwen2.5-1.5B-Instruct,rocstories,Modular Norm RandOpt,42,84,0.44710000000000005,0.44510000000000005
3,Qwen/Qwen2.5-1.5B-Instruct,rocstories,Modular Norm RandOpt,42,85,0.44500000000000006,0.44510000000000005
3,Qwen/Qwen2.5-1.5B-Instruct,rocstories,Modular Norm RandOpt,42,86,0.44370000000000004,0.44510000000000005
3,Qwen/Qwen2.5-1.5B-Instruct,rocstories,Modular Norm RandOpt,42,87,0.4493000000000001,0.44510000000000005
3,Qwen/Qwen2.5-1.5B-Instruct,rocstories,Modular Norm RandOpt,42,88,0.44500000000000006,0.44510000000000005
3,Qwen/Qwen2.5-1.5B-Instruct,rocstories,Modular Norm RandOpt,42,89,0.4439000000000001,0.44510000000000005
3,Qwen/Qwen2.5-1.5B-Instruct,rocstories,Modular Norm RandOpt,42,90,0.44120000000000004,0.44510000000000005
3,Qwen/Qwen2.5-1.5B-Instruct,rocstories,Modular Norm RandOpt,42,91,0.4464,0.44510000000000005
3,Qwen/Qwen2.5-1.5B-Instruct,rocstories,Modular Norm RandOpt,42,92,0.45000000000000007,0.44510000000000005
3,Qwen/Qwen2.5-1.5B-Instruct,rocstories,Modular Norm RandOpt,42,93,0.4509,0.44510000000000005
3,Qwen/Qwen2.5-1.5B-Instruct,rocstories,Modular Norm RandOpt,42,94,0.45120000000000005,0.44510000000000005
3,Qwen/Qwen2.5-1.5B-Instruct,rocstories,Modular Norm RandOpt,42,95,0.44400000000000006,0.44510000000000005
3,Qwen/Qwen2.5-1.5B-Instruct,rocstories,Modular Norm RandOpt,42,96,0.4459,0.44510000000000005
3,Qwen/Qwen2.5-1.5B-Instruct,rocstories,Modular Norm RandOpt,42,97,0.4506,0.44510000000000005
3,Qwen/Qwen2.5-1.5B-Instruct,rocstories,Modular Norm RandOpt,42,98,0.44380000000000003,0.44510000000000005
3,Qwen/Qwen2.5-1.5B-Instruct,rocstories,Modular Norm RandOpt,42,99,0.45230000000000004,0.44510000000000005
3,Qwen/Qwen2.5-1.5B-Instruct,rocstories,Modular Norm RandOpt,43,0,0.44120000000000004,0.44510000000000005
3,Qwen/Qwen2.5-1.5B-Instruct,rocstories,Modular Norm RandOpt,43,1,0.45330000000000015,0.44510000000000005
3,Qwen/Qwen2.5-1.5B-Instruct,rocstories,Modular Norm RandOpt,43,2,0.4645,0.44510000000000005
3,Qwen/Qwen2.5-1.5B-Instruct,rocstories,Modular Norm RandOpt,43,3,0.4456000000000001,0.44510000000000005
3,Qwen/Qwen2.5-1.5B-Instruct,rocstories,Modular Norm RandOpt,43,4,0.4519,0.44510000000000005
3,Qwen/Qwen2.5-1.5B-Instruct,rocstories,Modular Norm RandOpt,43,5,0.44920000000000004,0.44510000000000005
3,Qwen/Qwen2.5-1.5B-Instruct,rocstories,Modular Norm RandOpt,43,6,0.44980000000000003,0.44510000000000005
3,Qwen/Qwen2.5-1.5B-Instruct,rocstories,Modular Norm RandOpt,43,7,0.44329999999999997,0.44510000000000005
3,Qwen/Qwen2.5-1.5B-Instruct,rocstories,Modular Norm RandOpt,43,8,0.43990000000000007,0.44510000000000005
3,Qwen/Qwen2.5-1.5B-Instruct,rocstories,Modular Norm RandOpt,43,9,0.4518000000000001,0.44510000000000005
3,Qwen/Qwen2.5-1.5B-Instruct,rocstories,Modular Norm RandOpt,43,10,0.4526,0.44510000000000005
3,Qwen/Qwen2.5-1.5B-Instruct,rocstories,Modular Norm RandOpt,43,11,0.43720000000000003,0.44510000000000005
3,Qwen/Qwen2.5-1.5B-Instruct,rocstories,Modular Norm RandOpt,43,12,0.4405000000000001,0.44510000000000005
3,Qwen/Qwen2.5-1.5B-Instruct,rocstories,Modular Norm RandOpt,43,13,0.43740000000000007,0.44510000000000005
3,Qwen/Qwen2.5-1.5B-Instruct,rocstories,Modular Norm RandOpt,43,14,0.4391000000000001,0.44510000000000005
3,Qwen/Qwen2.5-1.5B-Instruct,rocstories,Modular Norm RandOpt,43,15,0.44480000000000003,0.44510000000000005
3,Qwen/Qwen2.5-1.5B-Instruct,rocstories,Modular Norm RandOpt,43,16,0.4507000000000001,0.44510000000000005
3,Qwen/Qwen2.5-1.5B-Instruct,rocstories,Modular Norm RandOpt,43,17,0.44550000000000006,0.44510000000000005
3,Qwen/Qwen2.5-1.5B-Instruct,rocstories,Modular Norm RandOpt,43,18,0.4431000000000001,0.44510000000000005
3,Qwen/Qwen2.5-1.5B-Instruct,rocstories,Modular Norm RandOpt,43,19,0.45189999999999997,0.44510000000000005
3,Qwen/Qwen2.5-1.5B-Instruct,rocstories,Modular Norm RandOpt,43,20,0.45030000000000003,0.44510000000000005
3,Qwen/Qwen2.5-1.5B-Instruct,rocstories,Modular Norm RandOpt,43,21,0.45510000000000006,0.44510000000000005
3,Qwen/Qwen2.5-1.5B-Instruct,rocstories,Modular Norm RandOpt,43,22,0.4454000000000001,0.44510000000000005
3,Qwen/Qwen2.5-1.5B-Instruct,rocstories,Modular Norm RandOpt,43,23,0.44650000000000006,0.44510000000000005
3,Qwen/Qwen2.5-1.5B-Instruct,rocstories,Modular Norm RandOpt,43,24,0.4468000000000001,0.44510000000000005
3,Qwen/Qwen2.5-1.5B-Instruct,rocstories,Modular Norm RandOpt,43,25,0.45520000000000005,0.44510000000000005
3,Qwen/Qwen2.5-1.5B-Instruct,rocstories,Modular Norm RandOpt,43,26,0.44909999999999994,0.44510000000000005
3,Qwen/Qwen2.5-1.5B-Instruct,rocstories,Modular Norm RandOpt,43,27,0.44470000000000004,0.44510000000000005
3,Qwen/Qwen2.5-1.5B-Instruct,rocstories,Modular Norm RandOpt,43,28,0.43650000000000005,0.44510000000000005
3,Qwen/Qwen2.5-1.5B-Instruct,rocstories,Modular Norm RandOpt,43,29,0.45120000000000005,0.44510000000000005
3,Qwen/Qwen2.5-1.5B-Instruct,rocstories,Modular Norm RandOpt,43,30,0.4613000000000001,0.44510000000000005
3,Qwen/Qwen2.5-1.5B-Instruct,rocstories,Modular Norm RandOpt,43,31,0.45770000000000005,0.44510000000000005
3,Qwen/Qwen2.5-1.5B-Instruct,rocstories,Modular Norm RandOpt,43,32,0.45250000000000007,0.44510000000000005
3,Qwen/Qwen2.5-1.5B-Instruct,rocstories,Modular Norm RandOpt,43,33,0.4446000000000001,0.44510000000000005
3,Qwen/Qwen2.5-1.5B-Instruct,rocstories,Modular Norm RandOpt,43,34,0.44310000000000005,0.44510000000000005
3,Qwen/Qwen2.5-1.5B-Instruct,rocstories,Modular Norm RandOpt,43,35,0.4527000000000001,0.44510000000000005
3,Qwen/Qwen2.5-1.5B-Instruct,rocstories,Modular Norm RandOpt,43,36,0.45820000000000005,0.44510000000000005
3,Qwen/Qwen2.5-1.5B-Instruct,rocstories,Modular Norm RandOpt,43,37,0.4521,0.44510000000000005
3,Qwen/Qwen2.5-1.5B-Instruct,rocstories,Modular Norm RandOpt,43,38,0.446,0.44510000000000005
3,Qwen/Qwen2.5-1.5B-Instruct,rocstories,Modular Norm RandOpt,43,39,0.45080000000000003,0.44510000000000005
3,Qwen/Qwen2.5-1.5B-Instruct,rocstories,Modular Norm RandOpt,43,40,0.43939999999999996,0.44510000000000005
3,Qwen/Qwen2.5-1.5B-Instruct,rocstories,Modular Norm RandOpt,43,41,0.44660000000000005,0.44510000000000005
3,Qwen/Qwen2.5-1.5B-Instruct,rocstories,Modular Norm RandOpt,43,42,0.44060000000000005,0.44510000000000005
3,Qwen/Qwen2.5-1.5B-Instruct,rocstories,Modular Norm RandOpt,43,43,0.4324,0.44510000000000005
3,Qwen/Qwen2.5-1.5B-Instruct,rocstories,Modular Norm RandOpt,43,44,0.45570000000000005,0.44510000000000005
3,Qwen/Qwen2.5-1.5B-Instruct,rocstories,Modular Norm RandOpt,43,45,0.44470000000000004,0.44510000000000005
3,Qwen/Qwen2.5-1.5B-Instruct,rocstories,Modular Norm RandOpt,43,46,0.44720000000000004,0.44510000000000005
3,Qwen/Qwen2.5-1.5B-Instruct,rocstories,Modular Norm RandOpt,43,47,0.4457000000000001,0.44510000000000005
3,Qwen/Qwen2.5-1.5B-Instruct,rocstories,Modular Norm RandOpt,43,48,0.4534,0.44510000000000005
3,Qwen/Qwen2.5-1.5B-Instruct,rocstories,Modular Norm RandOpt,43,49,0.45160000000000006,0.44510000000000005
3,Qwen/Qwen2.5-1.5B-Instruct,rocstories,Modular Norm RandOpt,43,50,0.44350000000000006,0.44510000000000005
3,Qwen/Qwen2.5-1.5B-Instruct,rocstories,Modular Norm RandOpt,43,51,0.45020000000000004,0.44510000000000005
3,Qwen/Qwen2.5-1.5B-Instruct,rocstories,Modular Norm RandOpt,43,52,0.4517,0.44510000000000005
3,Qwen/Qwen2.5-1.5B-Instruct,rocstories,Modular Norm RandOpt,43,53,0.4486,0.44510000000000005
3,Qwen/Qwen2.5-1.5B-Instruct,rocstories,Modular Norm RandOpt,43,54,0.44,0.44510000000000005
3,Qwen/Qwen2.5-1.5B-Instruct,rocstories,Modular Norm RandOpt,43,55,0.4559,0.44510000000000005
3,Qwen/Qwen2.5-1.5B-Instruct,rocstories,Modular Norm RandOpt,43,56,0.44880000000000003,0.44510000000000005
3,Qwen/Qwen2.5-1.5B-Instruct,rocstories,Modular Norm RandOpt,43,57,0.4497,0.44510000000000005
3,Qwen/Qwen2.5-1.5B-Instruct,rocstories,Modular Norm RandOpt,43,58,0.4418000000000001,0.44510000000000005
3,Qwen/Qwen2.5-1.5B-Instruct,rocstories,Modular Norm RandOpt,43,59,0.43860000000000005,0.44510000000000005
3,Qwen/Qwen2.5-1.5B-Instruct,rocstories,Modular Norm RandOpt,43,60,0.44600000000000006,0.44510000000000005
3,Qwen/Qwen2.5-1.5B-Instruct,rocstories,Modular Norm RandOpt,43,61,0.45010000000000006,0.44510000000000005
3,Qwen/Qwen2.5-1.5B-Instruct,rocstories,Modular Norm RandOpt,43,62,0.45260000000000006,0.44510000000000005
3,Qwen/Qwen2.5-1.5B-Instruct,rocstories,Modular Norm RandOpt,43,63,0.4347000000000001,0.44510000000000005
3,Qwen/Qwen2.5-1.5B-Instruct,rocstories,Modular Norm RandOpt,43,64,0.4483,0.44510000000000005
3,Qwen/Qwen2.5-1.5B-Instruct,rocstories,Modular Norm RandOpt,43,65,0.4522,0.44510000000000005
3,Qwen/Qwen2.5-1.5B-Instruct,rocstories,Modular Norm RandOpt,43,66,0.4486,0.44510000000000005
3,Qwen/Qwen2.5-1.5B-Instruct,rocstories,Modular Norm RandOpt,43,67,0.4383000000000001,0.44510000000000005
3,Qwen/Qwen2.5-1.5B-Instruct,rocstories,Modular Norm RandOpt,43,68,0.4595,0.44510000000000005
3,Qwen/Qwen2.5-1.5B-Instruct,rocstories,Modular Norm RandOpt,43,69,0.4496,0.44510000000000005
3,Qwen/Qwen2.5-1.5B-Instruct,rocstories,Modular Norm RandOpt,43,70,0.4555000000000001,0.44510000000000005
3,Qwen/Qwen2.5-1.5B-Instruct,rocstories,Modular Norm RandOpt,43,71,0.4503000000000001,0.44510000000000005
3,Qwen/Qwen2.5-1.5B-Instruct,rocstories,Modular Norm RandOpt,43,72,0.4506,0.44510000000000005
3,Qwen/Qwen2.5-1.5B-Instruct,rocstories,Modular Norm RandOpt,43,73,0.4518000000000001,0.44510000000000005
3,Qwen/Qwen2.5-1.5B-Instruct,rocstories,Modular Norm RandOpt,43,74,0.44060000000000005,0.44510000000000005
3,Qwen/Qwen2.5-1.5B-Instruct,rocstories,Modular Norm RandOpt,43,75,0.44620000000000004,0.44510000000000005
3,Qwen/Qwen2.5-1.5B-Instruct,rocstories,Modular Norm RandOpt,43,76,0.45300000000000007,0.44510000000000005
3,Qwen/Qwen2.5-1.5B-Instruct,rocstories,Modular Norm RandOpt,43,77,0.4456,0.44510000000000005
3,Qwen/Qwen2.5-1.5B-Instruct,rocstories,Modular Norm RandOpt,43,78,0.44300000000000006,0.44510000000000005
3,Qwen/Qwen2.5-1.5B-Instruct,rocstories,Modular Norm RandOpt,43,79,0.4398,0.44510000000000005
3,Qwen/Qwen2.5-1.5B-Instruct,rocstories,Modular Norm RandOpt,43,80,0.44670000000000004,0.44510000000000005
3,Qwen/Qwen2.5-1.5B-Instruct,rocstories,Modular Norm RandOpt,43,81,0.4484,0.44510000000000005
3,Qwen/Qwen2.5-1.5B-Instruct,rocstories,Modular Norm RandOpt,43,82,0.44910000000000005,0.44510000000000005
3,Qwen/Qwen2.5-1.5B-Instruct,rocstories,Modular Norm RandOpt,43,83,0.4446000000000001,0.44510000000000005
3,Qwen/Qwen2.5-1.5B-Instruct,rocstories,Modular Norm RandOpt,43,84,0.43990000000000007,0.44510000000000005
3,Qwen/Qwen2.5-1.5B-Instruct,rocstories,Modular Norm RandOpt,43,85,0.43439999999999995,0.44510000000000005
3,Qwen/Qwen2.5-1.5B-Instruct,rocstories,Modular Norm RandOpt,43,86,0.44600000000000006,0.44510000000000005
3,Qwen/Qwen2.5-1.5B-Instruct,rocstories,Modular Norm RandOpt,43,87,0.4483,0.44510000000000005
3,Qwen/Qwen2.5-1.5B-Instruct,rocstories,Modular Norm RandOpt,43,88,0.44730000000000003,0.44510000000000005
3,Qwen/Qwen2.5-1.5B-Instruct,rocstories,Modular Norm RandOpt,43,89,0.4434,0.44510000000000005
3,Qwen/Qwen2.5-1.5B-Instruct,rocstories,Modular Norm RandOpt,43,90,0.4505000000000001,0.44510000000000005
3,Qwen/Qwen2.5-1.5B-Instruct,rocstories,Modular Norm RandOpt,43,91,0.44020000000000004,0.44510000000000005
3,Qwen/Qwen2.5-1.5B-Instruct,rocstories,Modular Norm RandOpt,43,92,0.4474000000000001,0.44510000000000005
3,Qwen/Qwen2.5-1.5B-Instruct,rocstories,Modular Norm RandOpt,43,93,0.4428,0.44510000000000005
3,Qwen/Qwen2.5-1.5B-Instruct,rocstories,Modular Norm RandOpt,43,94,0.44870000000000004,0.44510000000000005
3,Qwen/Qwen2.5-1.5B-Instruct,rocstories,Modular Norm RandOpt,43,95,0.4457000000000001,0.44510000000000005
3,Qwen/Qwen2.5-1.5B-Instruct,rocstories,Modular Norm RandOpt,43,96,0.44720000000000004,0.44510000000000005
3,Qwen/Qwen2.5-1.5B-Instruct,rocstories,Modular Norm RandOpt,43,97,0.4434,0.44510000000000005
3,Qwen/Qwen2.5-1.5B-Instruct,rocstories,Modular Norm RandOpt,43,98,0.4633,0.44510000000000005
3,Qwen/Qwen2.5-1.5B-Instruct,rocstories,Modular Norm RandOpt,43,99,0.4481,0.44510000000000005
3,Qwen/Qwen2.5-1.5B-Instruct,rocstories,Modular Norm RandOpt,44,0,0.4541000000000001,0.44510000000000005
3,Qwen/Qwen2.5-1.5B-Instruct,rocstories,Modular Norm RandOpt,44,1,0.4454000000000001,0.44510000000000005
3,Qwen/Qwen2.5-1.5B-Instruct,rocstories,Modular Norm RandOpt,44,2,0.4456,0.44510000000000005
3,Qwen/Qwen2.5-1.5B-Instruct,rocstories,Modular Norm RandOpt,44,3,0.44250000000000006,0.44510000000000005
3,Qwen/Qwen2.5-1.5B-Instruct,rocstories,Modular Norm RandOpt,44,4,0.4444000000000001,0.44510000000000005
3,Qwen/Qwen2.5-1.5B-Instruct,rocstories,Modular Norm RandOpt,44,5,0.45260000000000006,0.44510000000000005
3,Qwen/Qwen2.5-1.5B-Instruct,rocstories,Modular Norm RandOpt,44,6,0.4452000000000001,0.44510000000000005
3,Qwen/Qwen2.5-1.5B-Instruct,rocstories,Modular Norm RandOpt,44,7,0.4565000000000001,0.44510000000000005
3,Qwen/Qwen2.5-1.5B-Instruct,rocstories,Modular Norm RandOpt,44,8,0.44910000000000005,0.44510000000000005
3,Qwen/Qwen2.5-1.5B-Instruct,rocstories,Modular Norm RandOpt,44,9,0.44520000000000004,0.44510000000000005
3,Qwen/Qwen2.5-1.5B-Instruct,rocstories,Modular Norm RandOpt,44,10,0.4445,0.44510000000000005
3,Qwen/Qwen2.5-1.5B-Instruct,rocstories,Modular Norm RandOpt,44,11,0.4542,0.44510000000000005
3,Qwen/Qwen2.5-1.5B-Instruct,rocstories,Modular Norm RandOpt,44,12,0.45520000000000005,0.44510000000000005
3,Qwen/Qwen2.5-1.5B-Instruct,rocstories,Modular Norm RandOpt,44,13,0.4442000000000001,0.44510000000000005
3,Qwen/Qwen2.5-1.5B-Instruct,rocstories,Modular Norm RandOpt,44,14,0.4547,0.44510000000000005
3,Qwen/Qwen2.5-1.5B-Instruct,rocstories,Modular Norm RandOpt,44,15,0.4442000000000001,0.44510000000000005
3,Qwen/Qwen2.5-1.5B-Instruct,rocstories,Modular Norm RandOpt,44,16,0.4433,0.44510000000000005
3,Qwen/Qwen2.5-1.5B-Instruct,rocstories,Modular Norm RandOpt,44,17,0.45439999999999997,0.44510000000000005
3,Qwen/Qwen2.5-1.5B-Instruct,rocstories,Modular Norm RandOpt,44,18,0.4485,0.44510000000000005
3,Qwen/Qwen2.5-1.5B-Instruct,rocstories,Modular Norm RandOpt,44,19,0.4507000000000001,0.44510000000000005
3,Qwen/Qwen2.5-1.5B-Instruct,rocstories,Modular Norm RandOpt,44,20,0.4481,0.44510000000000005
3,Qwen/Qwen2.5-1.5B-Instruct,rocstories,Modular Norm RandOpt,44,21,0.4430000000000001,0.44510000000000005
3,Qwen/Qwen2.5-1.5B-Instruct,rocstories,Modular Norm RandOpt,44,22,0.4414,0.44510000000000005
3,Qwen/Qwen2.5-1.5B-Instruct,rocstories,Modular Norm RandOpt,44,23,0.44020000000000004,0.44510000000000005
3,Qwen/Qwen2.5-1.5B-Instruct,rocstories,Modular Norm RandOpt,44,24,0.45100000000000007,0.44510000000000005
3,Qwen/Qwen2.5-1.5B-Instruct,rocstories,Modular Norm RandOpt,44,25,0.44350000000000006,0.44510000000000005
3,Qwen/Qwen2.5-1.5B-Instruct,rocstories,Modular Norm RandOpt,44,26,0.45,0.44510000000000005
3,Qwen/Qwen2.5-1.5B-Instruct,rocstories,Modular Norm RandOpt,44,27,0.45840000000000003,0.44510000000000005
3,Qwen/Qwen2.5-1.5B-Instruct,rocstories,Modular Norm RandOpt,44,28,0.4438000000000001,0.44510000000000005
3,Qwen/Qwen2.5-1.5B-Instruct,rocstories,Modular Norm RandOpt,44,29,0.43010000000000004,0.44510000000000005
3,Qwen/Qwen2.5-1.5B-Instruct,rocstories,Modular Norm RandOpt,44,30,0.45050000000000007,0.44510000000000005
3,Qwen/Qwen2.5-1.5B-Instruct,rocstories,Modular Norm RandOpt,44,31,0.4454000000000001,0.44510000000000005
3,Qwen/Qwen2.5-1.5B-Instruct,rocstories,Modular Norm RandOpt,44,32,0.4497,0.44510000000000005
3,Qwen/Qwen2.5-1.5B-Instruct,rocstories,Modular Norm RandOpt,44,33,0.4472,0.44510000000000005
3,Qwen/Qwen2.5-1.5B-Instruct,rocstories,Modular Norm RandOpt,44,34,0.45100000000000007,0.44510000000000005
3,Qwen/Qwen2.5-1.5B-Instruct,rocstories,Modular Norm RandOpt,44,35,0.44830000000000003,0.44510000000000005
3,Qwen/Qwen2.5-1.5B-Instruct,rocstories,Modular Norm RandOpt,44,36,0.4414,0.44510000000000005
3,Qwen/Qwen2.5-1.5B-Instruct,rocstories,Modular Norm RandOpt,44,37,0.44710000000000005,0.44510000000000005
3,Qwen/Qwen2.5-1.5B-Instruct,rocstories,Modular Norm RandOpt,44,38,0.44850000000000007,0.44510000000000005
3,Qwen/Qwen2.5-1.5B-Instruct,rocstories,Modular Norm RandOpt,44,39,0.45510000000000006,0.44510000000000005
3,Qwen/Qwen2.5-1.5B-Instruct,rocstories,Modular Norm RandOpt,44,40,0.45050000000000007,0.44510000000000005
3,Qwen/Qwen2.5-1.5B-Instruct,rocstories,Modular Norm RandOpt,44,41,0.45000000000000007,0.44510000000000005
3,Qwen/Qwen2.5-1.5B-Instruct,rocstories,Modular Norm RandOpt,44,42,0.44650000000000006,0.44510000000000005
3,Qwen/Qwen2.5-1.5B-Instruct,rocstories,Modular Norm RandOpt,44,43,0.45280000000000004,0.44510000000000005
3,Qwen/Qwen2.5-1.5B-Instruct,rocstories,Modular Norm RandOpt,44,44,0.4531,0.44510000000000005
3,Qwen/Qwen2.5-1.5B-Instruct,rocstories,Modular Norm RandOpt,44,45,0.4517,0.44510000000000005
3,Qwen/Qwen2.5-1.5B-Instruct,rocstories,Modular Norm RandOpt,44,46,0.44400000000000006,0.44510000000000005
3,Qwen/Qwen2.5-1.5B-Instruct,rocstories,Modular Norm RandOpt,44,47,0.4531,0.44510000000000005
3,Qwen/Qwen2.5-1.5B-Instruct,rocstories,Modular Norm RandOpt,44,48,0.44900000000000007,0.44510000000000005
3,Qwen/Qwen2.5-1.5B-Instruct,rocstories,Modular Norm RandOpt,44,49,0.4491000000000001,0.44510000000000005
3,Qwen/Qwen2.5-1.5B-Instruct,rocstories,Modular Norm RandOpt,44,50,0.45160000000000006,0.44510000000000005
3,Qwen/Qwen2.5-1.5B-Instruct,rocstories,Modular Norm RandOpt,44,51,0.4559,0.44510000000000005
3,Qwen/Qwen2.5-1.5B-Instruct,rocstories,Modular Norm RandOpt,44,52,0.44620000000000004,0.44510000000000005
3,Qwen/Qwen2.5-1.5B-Instruct,rocstories,Modular Norm RandOpt,44,53,0.44730000000000003,0.44510000000000005
3,Qwen/Qwen2.5-1.5B-Instruct,rocstories,Modular Norm RandOpt,44,54,0.45370000000000005,0.44510000000000005
3,Qwen/Qwen2.5-1.5B-Instruct,rocstories,Modular Norm RandOpt,44,55,0.4428,0.44510000000000005
3,Qwen/Qwen2.5-1.5B-Instruct,rocstories,Modular Norm RandOpt,44,56,0.44830000000000003,0.44510000000000005
3,Qwen/Qwen2.5-1.5B-Instruct,rocstories,Modular Norm RandOpt,44,57,0.44380000000000003,0.44510000000000005
3,Qwen/Qwen2.5-1.5B-Instruct,rocstories,Modular Norm RandOpt,44,58,0.44780000000000003,0.44510000000000005
3,Qwen/Qwen2.5-1.5B-Instruct,rocstories,Modular Norm RandOpt,44,59,0.4444000000000001,0.44510000000000005
3,Qwen/Qwen2.5-1.5B-Instruct,rocstories,Modular Norm RandOpt,44,60,0.4518,0.44510000000000005
3,Qwen/Qwen2.5-1.5B-Instruct,rocstories,Modular Norm RandOpt,44,61,0.4484,0.44510000000000005
3,Qwen/Qwen2.5-1.5B-Instruct,rocstories,Modular Norm RandOpt,44,62,0.4469000000000001,0.44510000000000005
3,Qwen/Qwen2.5-1.5B-Instruct,rocstories,Modular Norm RandOpt,44,63,0.45530000000000004,0.44510000000000005
3,Qwen/Qwen2.5-1.5B-Instruct,rocstories,Modular Norm RandOpt,44,64,0.44150000000000006,0.44510000000000005
3,Qwen/Qwen2.5-1.5B-Instruct,rocstories,Modular Norm RandOpt,44,65,0.4539,0.44510000000000005
3,Qwen/Qwen2.5-1.5B-Instruct,rocstories,Modular Norm RandOpt,44,66,0.45640000000000003,0.44510000000000005
3,Qwen/Qwen2.5-1.5B-Instruct,rocstories,Modular Norm RandOpt,44,67,0.4468000000000001,0.44510000000000005
3,Qwen/Qwen2.5-1.5B-Instruct,rocstories,Modular Norm RandOpt,44,68,0.44549999999999995,0.44510000000000005
3,Qwen/Qwen2.5-1.5B-Instruct,rocstories,Modular Norm RandOpt,44,69,0.44920000000000004,0.44510000000000005
3,Qwen/Qwen2.5-1.5B-Instruct,rocstories,Modular Norm RandOpt,44,70,0.4436,0.44510000000000005
3,Qwen/Qwen2.5-1.5B-Instruct,rocstories,Modular Norm RandOpt,44,71,0.45380000000000004,0.44510000000000005
3,Qwen/Qwen2.5-1.5B-Instruct,rocstories,Modular Norm RandOpt,44,72,0.4463000000000001,0.44510000000000005
3,Qwen/Qwen2.5-1.5B-Instruct,rocstories,Modular Norm RandOpt,44,73,0.4348,0.44510000000000005
3,Qwen/Qwen2.5-1.5B-Instruct,rocstories,Modular Norm RandOpt,44,74,0.4363,0.44510000000000005
3,Qwen/Qwen2.5-1.5B-Instruct,rocstories,Modular Norm RandOpt,44,75,0.4261,0.44510000000000005
3,Qwen/Qwen2.5-1.5B-Instruct,rocstories,Modular Norm RandOpt,44,76,0.43870000000000003,0.44510000000000005
3,Qwen/Qwen2.5-1.5B-Instruct,rocstories,Modular Norm RandOpt,44,77,0.45020000000000004,0.44510000000000005
3,Qwen/Qwen2.5-1.5B-Instruct,rocstories,Modular Norm RandOpt,44,78,0.4393000000000001,0.44510000000000005
3,Qwen/Qwen2.5-1.5B-Instruct,rocstories,Modular Norm RandOpt,44,79,0.4363,0.44510000000000005
3,Qwen/Qwen2.5-1.5B-Instruct,rocstories,Modular Norm RandOpt,44,80,0.4425,0.44510000000000005
3,Qwen/Qwen2.5-1.5B-Instruct,rocstories,Modular Norm RandOpt,44,81,0.4459,0.44510000000000005
3,Qwen/Qwen2.5-1.5B-Instruct,rocstories,Modular Norm RandOpt,44,82,0.44610000000000005,0.44510000000000005
3,Qwen/Qwen2.5-1.5B-Instruct,rocstories,Modular Norm RandOpt,44,83,0.45160000000000006,0.44510000000000005
3,Qwen/Qwen2.5-1.5B-Instruct,rocstories,Modular Norm RandOpt,44,84,0.4481,0.44510000000000005
3,Qwen/Qwen2.5-1.5B-Instruct,rocstories,Modular Norm RandOpt,44,85,0.45880000000000004,0.44510000000000005
3,Qwen/Qwen2.5-1.5B-Instruct,rocstories,Modular Norm RandOpt,44,86,0.4435,0.44510000000000005
3,Qwen/Qwen2.5-1.5B-Instruct,rocstories,Modular Norm RandOpt,44,87,0.4567,0.44510000000000005
3,Qwen/Qwen2.5-1.5B-Instruct,rocstories,Modular Norm RandOpt,44,88,0.4493,0.44510000000000005
3,Qwen/Qwen2.5-1.5B-Instruct,rocstories,Modular Norm RandOpt,44,89,0.4489000000000001,0.44510000000000005
3,Qwen/Qwen2.5-1.5B-Instruct,rocstories,Modular Norm RandOpt,44,90,0.44800000000000006,0.44510000000000005
3,Qwen/Qwen2.5-1.5B-Instruct,rocstories,Modular Norm RandOpt,44,91,0.445,0.44510000000000005
3,Qwen/Qwen2.5-1.5B-Instruct,rocstories,Modular Norm RandOpt,44,92,0.4517,0.44510000000000005
3,Qwen/Qwen2.5-1.5B-Instruct,rocstories,Modular Norm RandOpt,44,93,0.4428,0.44510000000000005
3,Qwen/Qwen2.5-1.5B-Instruct,rocstories,Modular Norm RandOpt,44,94,0.4568000000000001,0.44510000000000005
3,Qwen/Qwen2.5-1.5B-Instruct,rocstories,Modular Norm RandOpt,44,95,0.45,0.44510000000000005
3,Qwen/Qwen2.5-1.5B-Instruct,rocstories,Modular Norm RandOpt,44,96,0.4447,0.44510000000000005
3,Qwen/Qwen2.5-1.5B-Instruct,rocstories,Modular Norm RandOpt,44,97,0.44800000000000006,0.44510000000000005
3,Qwen/Qwen2.5-1.5B-Instruct,rocstories,Modular Norm RandOpt,44,98,0.4499,0.44510000000000005
3,Qwen/Qwen2.5-1.5B-Instruct,rocstories,Modular Norm RandOpt,44,99,0.45970000000000005,0.44510000000000005
3,Qwen/Qwen2.5-1.5B-Instruct,rocstories,RandOpt,42,0,0.4446000000000001,0.44510000000000005
3,Qwen/Qwen2.5-1.5B-Instruct,rocstories,RandOpt,42,1,0.4299000000000001,0.44510000000000005
3,Qwen/Qwen2.5-1.5B-Instruct,rocstories,RandOpt,42,2,0.4549000000000001,0.44510000000000005
3,Qwen/Qwen2.5-1.5B-Instruct,rocstories,RandOpt,42,3,0.43920000000000003,0.44510000000000005
3,Qwen/Qwen2.5-1.5B-Instruct,rocstories,RandOpt,42,4,0.43810000000000004,0.44510000000000005
3,Qwen/Qwen2.5-1.5B-Instruct,rocstories,RandOpt,42,5,0.445,0.44510000000000005
3,Qwen/Qwen2.5-1.5B-Instruct,rocstories,RandOpt,42,6,0.43920000000000003,0.44510000000000005
3,Qwen/Qwen2.5-1.5B-Instruct,rocstories,RandOpt,42,7,0.4444000000000001,0.44510000000000005
3,Qwen/Qwen2.5-1.5B-Instruct,rocstories,RandOpt,42,8,0.44870000000000004,0.44510000000000005
3,Qwen/Qwen2.5-1.5B-Instruct,rocstories,RandOpt,42,9,0.43760000000000004,0.44510000000000005
3,Qwen/Qwen2.5-1.5B-Instruct,rocstories,RandOpt,42,10,0.4507000000000001,0.44510000000000005
3,Qwen/Qwen2.5-1.5B-Instruct,rocstories,RandOpt,42,11,0.46430000000000005,0.44510000000000005
3,Qwen/Qwen2.5-1.5B-Instruct,rocstories,RandOpt,42,12,0.44079999999999997,0.44510000000000005
3,Qwen/Qwen2.5-1.5B-Instruct,rocstories,RandOpt,42,13,0.455,0.44510000000000005
3,Qwen/Qwen2.5-1.5B-Instruct,rocstories,RandOpt,42,14,0.44470000000000004,0.44510000000000005
3,Qwen/Qwen2.5-1.5B-Instruct,rocstories,RandOpt,42,15,0.4439000000000001,0.44510000000000005
3,Qwen/Qwen2.5-1.5B-Instruct,rocstories,RandOpt,42,16,0.44780000000000003,0.44510000000000005
3,Qwen/Qwen2.5-1.5B-Instruct,rocstories,RandOpt,42,17,0.4475,0.44510000000000005
3,Qwen/Qwen2.5-1.5B-Instruct,rocstories,RandOpt,42,18,0.44760000000000005,0.44510000000000005
3,Qwen/Qwen2.5-1.5B-Instruct,rocstories,RandOpt,42,19,0.43790000000000007,0.44510000000000005
3,Qwen/Qwen2.5-1.5B-Instruct,rocstories,RandOpt,42,20,0.4475,0.44510000000000005
3,Qwen/Qwen2.5-1.5B-Instruct,rocstories,RandOpt,42,21,0.44510000000000005,0.44510000000000005
3,Qwen/Qwen2.5-1.5B-Instruct,rocstories,RandOpt,42,22,0.44650000000000006,0.44510000000000005
3,Qwen/Qwen2.5-1.5B-Instruct,rocstories,RandOpt,42,23,0.45220000000000005,0.44510000000000005
3,Qwen/Qwen2.5-1.5B-Instruct,rocstories,RandOpt,42,24,0.4468000000000001,0.44510000000000005
3,Qwen/Qwen2.5-1.5B-Instruct,rocstories,RandOpt,42,25,0.4554000000000001,0.44510000000000005
3,Qwen/Qwen2.5-1.5B-Instruct,rocstories,RandOpt,42,26,0.45030000000000003,0.44510000000000005
3,Qwen/Qwen2.5-1.5B-Instruct,rocstories,RandOpt,42,27,0.4428000000000001,0.44510000000000005
3,Qwen/Qwen2.5-1.5B-Instruct,rocstories,RandOpt,42,28,0.4418000000000001,0.44510000000000005
3,Qwen/Qwen2.5-1.5B-Instruct,rocstories,RandOpt,42,29,0.4407000000000001,0.44510000000000005
3,Qwen/Qwen2.5-1.5B-Instruct,rocstories,RandOpt,42,30,0.43370000000000003,0.44510000000000005
3,Qwen/Qwen2.5-1.5B-Instruct,rocstories,RandOpt,42,31,0.44520000000000004,0.44510000000000005
3,Qwen/Qwen2.5-1.5B-Instruct,rocstories,RandOpt,42,32,0.44480000000000003,0.44510000000000005
3,Qwen/Qwen2.5-1.5B-Instruct,rocstories,RandOpt,42,33,0.4604000000000001,0.44510000000000005
3,Qwen/Qwen2.5-1.5B-Instruct,rocstories,RandOpt,42,34,0.43190000000000006,0.44510000000000005
3,Qwen/Qwen2.5-1.5B-Instruct,rocstories,RandOpt,42,35,0.45620000000000005,0.44510000000000005
3,Qwen/Qwen2.5-1.5B-Instruct,rocstories,RandOpt,42,36,0.4528000000000001,0.44510000000000005
3,Qwen/Qwen2.5-1.5B-Instruct,rocstories,RandOpt,42,37,0.45030000000000003,0.44510000000000005
3,Qwen/Qwen2.5-1.5B-Instruct,rocstories,RandOpt,42,38,0.4502000000000001,0.44510000000000005
3,Qwen/Qwen2.5-1.5B-Instruct,rocstories,RandOpt,42,39,0.4593,0.44510000000000005
3,Qwen/Qwen2.5-1.5B-Instruct,rocstories,RandOpt,42,40,0.44800000000000006,0.44510000000000005
3,Qwen/Qwen2.5-1.5B-Instruct,rocstories,RandOpt,42,41,0.44020000000000004,0.44510000000000005
3,Qwen/Qwen2.5-1.5B-Instruct,rocstories,RandOpt,42,42,0.442,0.44510000000000005
3,Qwen/Qwen2.5-1.5B-Instruct,rocstories,RandOpt,42,43,0.4551,0.44510000000000005
3,Qwen/Qwen2.5-1.5B-Instruct,rocstories,RandOpt,42,44,0.4422,0.44510000000000005
3,Qwen/Qwen2.5-1.5B-Instruct,rocstories,RandOpt,42,45,0.4432000000000001,0.44510000000000005
3,Qwen/Qwen2.5-1.5B-Instruct,rocstories,RandOpt,42,46,0.43990000000000007,0.44510000000000005
3,Qwen/Qwen2.5-1.5B-Instruct,rocstories,RandOpt,42,47,0.4511,0.44510000000000005
3,Qwen/Qwen2.5-1.5B-Instruct,rocstories,RandOpt,42,48,0.4411,0.44510000000000005
3,Qwen/Qwen2.5-1.5B-Instruct,rocstories,RandOpt,42,49,0.4509,0.44510000000000005
3,Qwen/Qwen2.5-1.5B-Instruct,rocstories,RandOpt,42,50,0.4497,0.44510000000000005
3,Qwen/Qwen2.5-1.5B-Instruct,rocstories,RandOpt,42,51,0.4425,0.44510000000000005
3,Qwen/Qwen2.5-1.5B-Instruct,rocstories,RandOpt,42,52,0.4511,0.44510000000000005
3,Qwen/Qwen2.5-1.5B-Instruct,rocstories,RandOpt,42,53,0.44329999999999997,0.44510000000000005
3,Qwen/Qwen2.5-1.5B-Instruct,rocstories,RandOpt,42,54,0.45150000000000007,0.44510000000000005
3,Qwen/Qwen2.5-1.5B-Instruct,rocstories,RandOpt,42,55,0.4647000000000001,0.44510000000000005
3,Qwen/Qwen2.5-1.5B-Instruct,rocstories,RandOpt,42,56,0.4445,0.44510000000000005
3,Qwen/Qwen2.5-1.5B-Instruct,rocstories,RandOpt,42,57,0.45120000000000005,0.44510000000000005
3,Qwen/Qwen2.5-1.5B-Instruct,rocstories,RandOpt,42,58,0.4464,0.44510000000000005
3,Qwen/Qwen2.5-1.5B-Instruct,rocstories,RandOpt,42,59,0.4339,0.44510000000000005
3,Qwen/Qwen2.5-1.5B-Instruct,rocstories,RandOpt,42,60,0.4617,0.44510000000000005
3,Qwen/Qwen2.5-1.5B-Instruct,rocstories,RandOpt,42,61,0.44900000000000007,0.44510000000000005
3,Qwen/Qwen2.5-1.5B-Instruct,rocstories,RandOpt,42,62,0.4542,0.44510000000000005
3,Qwen/Qwen2.5-1.5B-Instruct,rocstories,RandOpt,42,63,0.4486,0.44510000000000005
3,Qwen/Qwen2.5-1.5B-Instruct,rocstories,RandOpt,42,64,0.45010000000000006,0.44510000000000005
3,Qwen/Qwen2.5-1.5B-Instruct,rocstories,RandOpt,42,65,0.44620000000000004,0.44510000000000005
3,Qwen/Qwen2.5-1.5B-Instruct,rocstories,RandOpt,42,66,0.45300000000000007,0.44510000000000005
3,Qwen/Qwen2.5-1.5B-Instruct,rocstories,RandOpt,42,67,0.45100000000000007,0.44510000000000005
3,Qwen/Qwen2.5-1.5B-Instruct,rocstories,RandOpt,42,68,0.4403,0.44510000000000005
3,Qwen/Qwen2.5-1.5B-Instruct,rocstories,RandOpt,42,69,0.45100000000000007,0.44510000000000005
3,Qwen/Qwen2.5-1.5B-Instruct,rocstories,RandOpt,42,70,0.45120000000000005,0.44510000000000005
3,Qwen/Qwen2.5-1.5B-Instruct,rocstories,RandOpt,42,71,0.4411,0.44510000000000005
3,Qwen/Qwen2.5-1.5B-Instruct,rocstories,RandOpt,42,72,0.45990000000000003,0.44510000000000005
3,Qwen/Qwen2.5-1.5B-Instruct,rocstories,RandOpt,42,73,0.441,0.44510000000000005
3,Qwen/Qwen2.5-1.5B-Instruct,rocstories,RandOpt,42,74,0.44830000000000003,0.44510000000000005
3,Qwen/Qwen2.5-1.5B-Instruct,rocstories,RandOpt,42,75,0.45870000000000005,0.44510000000000005
3,Qwen/Qwen2.5-1.5B-Instruct,rocstories,RandOpt,42,76,0.44400000000000006,0.44510000000000005
3,Qwen/Qwen2.5-1.5B-Instruct,rocstories,RandOpt,42,77,0.4457000000000001,0.44510000000000005
3,Qwen/Qwen2.5-1.5B-Instruct,rocstories,RandOpt,42,78,0.4435,0.44510000000000005
3,Qwen/Qwen2.5-1.5B-Instruct,rocstories,RandOpt,42,79,0.4543000000000001,0.44510000000000005
3,Qwen/Qwen2.5-1.5B-Instruct,rocstories,RandOpt,42,80,0.4439,0.44510000000000005
3,Qwen/Qwen2.5-1.5B-Instruct,rocstories,RandOpt,42,81,0.4602000000000001,0.44510000000000005
3,Qwen/Qwen2.5-1.5B-Instruct,rocstories,RandOpt,42,82,0.44710000000000005,0.44510000000000005
3,Qwen/Qwen2.5-1.5B-Instruct,rocstories,RandOpt,42,83,0.44010000000000005,0.44510000000000005
3,Qwen/Qwen2.5-1.5B-Instruct,rocstories,RandOpt,42,84,0.44660000000000005,0.44510000000000005
3,Qwen/Qwen2.5-1.5B-Instruct,rocstories,RandOpt,42,85,0.4499000000000001,0.44510000000000005
3,Qwen/Qwen2.5-1.5B-Instruct,rocstories,RandOpt,42,86,0.43740000000000007,0.44510000000000005
3,Qwen/Qwen2.5-1.5B-Instruct,rocstories,RandOpt,42,87,0.44789999999999996,0.44510000000000005
3,Qwen/Qwen2.5-1.5B-Instruct,rocstories,RandOpt,42,88,0.4568000000000001,0.44510000000000005
3,Qwen/Qwen2.5-1.5B-Instruct,rocstories,RandOpt,42,89,0.45270000000000005,0.44510000000000005
3,Qwen/Qwen2.5-1.5B-Instruct,rocstories,RandOpt,42,90,0.445,0.44510000000000005
3,Qwen/Qwen2.5-1.5B-Instruct,rocstories,RandOpt,42,91,0.4428,0.44510000000000005
3,Qwen/Qwen2.5-1.5B-Instruct,rocstories,RandOpt,42,92,0.4568000000000001,0.44510000000000005
3,Qwen/Qwen2.5-1.5B-Instruct,rocstories,RandOpt,42,93,0.4519,0.44510000000000005
3,Qwen/Qwen2.5-1.5B-Instruct,rocstories,RandOpt,42,94,0.4477000000000001,0.44510000000000005
3,Qwen/Qwen2.5-1.5B-Instruct,rocstories,RandOpt,42,95,0.4433,0.44510000000000005
3,Qwen/Qwen2.5-1.5B-Instruct,rocstories,RandOpt,42,96,0.4438000000000001,0.44510000000000005
3,Qwen/Qwen2.5-1.5B-Instruct,rocstories,RandOpt,42,97,0.4536,0.44510000000000005
3,Qwen/Qwen2.5-1.5B-Instruct,rocstories,RandOpt,42,98,0.4499000000000001,0.44510000000000005
3,Qwen/Qwen2.5-1.5B-Instruct,rocstories,RandOpt,42,99,0.4398,0.44510000000000005
3,Qwen/Qwen2.5-1.5B-Instruct,rocstories,RandOpt,43,0,0.44230000000000014,0.44510000000000005
3,Qwen/Qwen2.5-1.5B-Instruct,rocstories,RandOpt,43,1,0.44920000000000004,0.44510000000000005
3,Qwen/Qwen2.5-1.5B-Instruct,rocstories,RandOpt,43,2,0.4517,0.44510000000000005
3,Qwen/Qwen2.5-1.5B-Instruct,rocstories,RandOpt,43,3,0.44730000000000003,0.44510000000000005
3,Qwen/Qwen2.5-1.5B-Instruct,rocstories,RandOpt,43,4,0.4534,0.44510000000000005
3,Qwen/Qwen2.5-1.5B-Instruct,rocstories,RandOpt,43,5,0.4386,0.44510000000000005
3,Qwen/Qwen2.5-1.5B-Instruct,rocstories,RandOpt,43,6,0.4474000000000001,0.44510000000000005
3,Qwen/Qwen2.5-1.5B-Instruct,rocstories,RandOpt,43,7,0.4538000000000001,0.44510000000000005
3,Qwen/Qwen2.5-1.5B-Instruct,rocstories,RandOpt,43,8,0.43939999999999996,0.44510000000000005
3,Qwen/Qwen2.5-1.5B-Instruct,rocstories,RandOpt,43,9,0.4517,0.44510000000000005
3,Qwen/Qwen2.5-1.5B-Instruct,rocstories,RandOpt,43,10,0.4403,0.44510000000000005
3,Qwen/Qwen2.5-1.5B-Instruct,rocstories,RandOpt,43,11,0.4388,0.44510000000000005
3,Qwen/Qwen2.5-1.5B-Instruct,rocstories,RandOpt,43,12,0.44260000000000005,0.44510000000000005
3,Qwen/Qwen2.5-1.5B-Instruct,rocstories,RandOpt,43,13,0.4397,0.44510000000000005
3,Qwen/Qwen2.5-1.5B-Instruct,rocstories,RandOpt,43,14,0.45120000000000005,0.44510000000000005
3,Qwen/Qwen2.5-1.5B-Instruct,rocstories,RandOpt,43,15,0.45210000000000006,0.44510000000000005
3,Qwen/Qwen2.5-1.5B-Instruct,rocstories,RandOpt,43,16,0.4411,0.44510000000000005
3,Qwen/Qwen2.5-1.5B-Instruct,rocstories,RandOpt,43,17,0.44530000000000003,0.44510000000000005
3,Qwen/Qwen2.5-1.5B-Instruct,rocstories,RandOpt,43,18,0.4617,0.44510000000000005
3,Qwen/Qwen2.5-1.5B-Instruct,rocstories,RandOpt,43,19,0.4610000000000001,0.44510000000000005
3,Qwen/Qwen2.5-1.5B-Instruct,rocstories,RandOpt,43,20,0.45580000000000004,0.44510000000000005
3,Qwen/Qwen2.5-1.5B-Instruct,rocstories,RandOpt,43,21,0.43770000000000003,0.44510000000000005
3,Qwen/Qwen2.5-1.5B-Instruct,rocstories,RandOpt,43,22,0.44250000000000006,0.44510000000000005
3,Qwen/Qwen2.5-1.5B-Instruct,rocstories,RandOpt,43,23,0.44060000000000005,0.44510000000000005
3,Qwen/Qwen2.5-1.5B-Instruct,rocstories,RandOpt,43,24,0.447,0.44510000000000005
3,Qwen/Qwen2.5-1.5B-Instruct,rocstories,RandOpt,43,25,0.4468000000000001,0.44510000000000005
3,Qwen/Qwen2.5-1.5B-Instruct,rocstories,RandOpt,43,26,0.45,0.44510000000000005
3,Qwen/Qwen2.5-1.5B-Instruct,rocstories,RandOpt,43,27,0.4536,0.44510000000000005
3,Qwen/Qwen2.5-1.5B-Instruct,rocstories,RandOpt,43,28,0.4524000000000001,0.44510000000000005
3,Qwen/Qwen2.5-1.5B-Instruct,rocstories,RandOpt,43,29,0.4444000000000001,0.44510000000000005
3,Qwen/Qwen2.5-1.5B-Instruct,rocstories,RandOpt,43,30,0.4518,0.44510000000000005
3,Qwen/Qwen2.5-1.5B-Instruct,rocstories,RandOpt,43,31,0.4545,0.44510000000000005
3,Qwen/Qwen2.5-1.5B-Instruct,rocstories,RandOpt,43,32,0.44040000000000007,0.44510000000000005
3,Qwen/Qwen2.5-1.5B-Instruct,rocstories,RandOpt,43,33,0.4472,0.44510000000000005
3,Qwen/Qwen2.5-1.5B-Instruct,rocstories,RandOpt,43,34,0.4482,0.44510000000000005
3,Qwen/Qwen2.5-1.5B-Instruct,rocstories,RandOpt,43,35,0.44439999999999996,0.44510000000000005
3,Qwen/Qwen2.5-1.5B-Instruct,rocstories,RandOpt,43,36,0.4363000000000001,0.44510000000000005
3,Qwen/Qwen2.5-1.5B-Instruct,rocstories,RandOpt,43,37,0.4627000000000001,0.44510000000000005
3,Qwen/Qwen2.5-1.5B-Instruct,rocstories,RandOpt,43,38,0.4579000000000001,0.44510000000000005
3,Qwen/Qwen2.5-1.5B-Instruct,rocstories,RandOpt,43,39,0.4402000000000001,0.44510000000000005
3,Qwen/Qwen2.5-1.5B-Instruct,rocstories,RandOpt,43,40,0.45270000000000005,0.44510000000000005
3,Qwen/Qwen2.5-1.5B-Instruct,rocstories,RandOpt,43,41,0.4511,0.44510000000000005
3,Qwen/Qwen2.5-1.5B-Instruct,rocstories,RandOpt,43,42,0.4474,0.44510000000000005
3,Qwen/Qwen2.5-1.5B-Instruct,rocstories,RandOpt,43,43,0.4471,0.44510000000000005
3,Qwen/Qwen2.5-1.5B-Instruct,rocstories,RandOpt,43,44,0.4611,0.44510000000000005
3,Qwen/Qwen2.5-1.5B-Instruct,rocstories,RandOpt,43,45,0.45100000000000007,0.44510000000000005
3,Qwen/Qwen2.5-1.5B-Instruct,rocstories,RandOpt,43,46,0.4483,0.44510000000000005
3,Qwen/Qwen2.5-1.5B-Instruct,rocstories,RandOpt,43,47,0.44050000000000006,0.44510000000000005
3,Qwen/Qwen2.5-1.5B-Instruct,rocstories,RandOpt,43,48,0.45820000000000005,0.44510000000000005
3,Qwen/Qwen2.5-1.5B-Instruct,rocstories,RandOpt,43,49,0.4459,0.44510000000000005
3,Qwen/Qwen2.5-1.5B-Instruct,rocstories,RandOpt,43,50,0.45760000000000006,0.44510000000000005
3,Qwen/Qwen2.5-1.5B-Instruct,rocstories,RandOpt,43,51,0.4433,0.44510000000000005
3,Qwen/Qwen2.5-1.5B-Instruct,rocstories,RandOpt,43,52,0.45110000000000006,0.44510000000000005
3,Qwen/Qwen2.5-1.5B-Instruct,rocstories,RandOpt,43,53,0.4499,0.44510000000000005
3,Qwen/Qwen2.5-1.5B-Instruct,rocstories,RandOpt,43,54,0.4519,0.44510000000000005
3,Qwen/Qwen2.5-1.5B-Instruct,rocstories,RandOpt,43,55,0.44110000000000005,0.44510000000000005
3,Qwen/Qwen2.5-1.5B-Instruct,rocstories,RandOpt,43,56,0.4483,0.44510000000000005
3,Qwen/Qwen2.5-1.5B-Instruct,rocstories,RandOpt,43,57,0.4519,0.44510000000000005
3,Qwen/Qwen2.5-1.5B-Instruct,rocstories,RandOpt,43,58,0.4529000000000001,0.44510000000000005
3,Qwen/Qwen2.5-1.5B-Instruct,rocstories,RandOpt,43,59,0.45760000000000006,0.44510000000000005
3,Qwen/Qwen2.5-1.5B-Instruct,rocstories,RandOpt,43,60,0.4484,0.44510000000000005
3,Qwen/Qwen2.5-1.5B-Instruct,rocstories,RandOpt,43,61,0.4502000000000001,0.44510000000000005
3,Qwen/Qwen2.5-1.5B-Instruct,rocstories,RandOpt,43,62,0.44220000000000004,0.44510000000000005
3,Qwen/Qwen2.5-1.5B-Instruct,rocstories,RandOpt,43,63,0.45620000000000005,0.44510000000000005
3,Qwen/Qwen2.5-1.5B-Instruct,rocstories,RandOpt,43,64,0.45860000000000006,0.44510000000000005
3,Qwen/Qwen2.5-1.5B-Instruct,rocstories,RandOpt,43,65,0.45110000000000006,0.44510000000000005
3,Qwen/Qwen2.5-1.5B-Instruct,rocstories,RandOpt,43,66,0.44850000000000007,0.44510000000000005
3,Qwen/Qwen2.5-1.5B-Instruct,rocstories,RandOpt,43,67,0.4590000000000001,0.44510000000000005
3,Qwen/Qwen2.5-1.5B-Instruct,rocstories,RandOpt,43,68,0.4502000000000001,0.44510000000000005
3,Qwen/Qwen2.5-1.5B-Instruct,rocstories,RandOpt,43,69,0.4468000000000001,0.44510000000000005
3,Qwen/Qwen2.5-1.5B-Instruct,rocstories,RandOpt,43,70,0.4568000000000001,0.44510000000000005
3,Qwen/Qwen2.5-1.5B-Instruct,rocstories,RandOpt,43,71,0.4428,0.44510000000000005
3,Qwen/Qwen2.5-1.5B-Instruct,rocstories,RandOpt,43,72,0.4469000000000001,0.44510000000000005
3,Qwen/Qwen2.5-1.5B-Instruct,rocstories,RandOpt,43,73,0.45730000000000004,0.44510000000000005
3,Qwen/Qwen2.5-1.5B-Instruct,rocstories,RandOpt,43,74,0.45710000000000006,0.44510000000000005
3,Qwen/Qwen2.5-1.5B-Instruct,rocstories,RandOpt,43,75,0.4459,0.44510000000000005
3,Qwen/Qwen2.5-1.5B-Instruct,rocstories,RandOpt,43,76,0.44880000000000003,0.44510000000000005
3,Qwen/Qwen2.5-1.5B-Instruct,rocstories,RandOpt,43,77,0.4408000000000001,0.44510000000000005
3,Qwen/Qwen2.5-1.5B-Instruct,rocstories,RandOpt,43,78,0.45480000000000004,0.44510000000000005
3,Qwen/Qwen2.5-1.5B-Instruct,rocstories,RandOpt,43,79,0.44650000000000006,0.44510000000000005
3,Qwen/Qwen2.5-1.5B-Instruct,rocstories,RandOpt,43,80,0.44920000000000004,0.44510000000000005
3,Qwen/Qwen2.5-1.5B-Instruct,rocstories,RandOpt,43,81,0.4511,0.44510000000000005
3,Qwen/Qwen2.5-1.5B-Instruct,rocstories,RandOpt,43,82,0.44240000000000007,0.44510000000000005
3,Qwen/Qwen2.5-1.5B-Instruct,rocstories,RandOpt,43,83,0.45520000000000005,0.44510000000000005
3,Qwen/Qwen2.5-1.5B-Instruct,rocstories,RandOpt,43,84,0.4585000000000001,0.44510000000000005
3,Qwen/Qwen2.5-1.5B-Instruct,rocstories,RandOpt,43,85,0.4497,0.44510000000000005
3,Qwen/Qwen2.5-1.5B-Instruct,rocstories,RandOpt,43,86,0.4567,0.44510000000000005
3,Qwen/Qwen2.5-1.5B-Instruct,rocstories,RandOpt,43,87,0.44760000000000005,0.44510000000000005
3,Qwen/Qwen2.5-1.5B-Instruct,rocstories,RandOpt,43,88,0.44400000000000006,0.44510000000000005
3,Qwen/Qwen2.5-1.5B-Instruct,rocstories,RandOpt,43,89,0.43410000000000004,0.44510000000000005
3,Qwen/Qwen2.5-1.5B-Instruct,rocstories,RandOpt,43,90,0.4506,0.44510000000000005
3,Qwen/Qwen2.5-1.5B-Instruct,rocstories,RandOpt,43,91,0.4445,0.44510000000000005
3,Qwen/Qwen2.5-1.5B-Instruct,rocstories,RandOpt,43,92,0.46120000000000005,0.44510000000000005
3,Qwen/Qwen2.5-1.5B-Instruct,rocstories,RandOpt,43,93,0.4592,0.44510000000000005
3,Qwen/Qwen2.5-1.5B-Instruct,rocstories,RandOpt,43,94,0.45010000000000006,0.44510000000000005
3,Qwen/Qwen2.5-1.5B-Instruct,rocstories,RandOpt,43,95,0.45210000000000006,0.44510000000000005
3,Qwen/Qwen2.5-1.5B-Instruct,rocstories,RandOpt,43,96,0.43490000000000006,0.44510000000000005
3,Qwen/Qwen2.5-1.5B-Instruct,rocstories,RandOpt,43,97,0.44470000000000004,0.44510000000000005
3,Qwen/Qwen2.5-1.5B-Instruct,rocstories,RandOpt,43,98,0.45370000000000005,0.44510000000000005
3,Qwen/Qwen2.5-1.5B-Instruct,rocstories,RandOpt,43,99,0.45159999999999995,0.44510000000000005
3,Qwen/Qwen2.5-1.5B-Instruct,rocstories,RandOpt,44,0,0.43620000000000003,0.44510000000000005
3,Qwen/Qwen2.5-1.5B-Instruct,rocstories,RandOpt,44,1,0.44760000000000005,0.44510000000000005
3,Qwen/Qwen2.5-1.5B-Instruct,rocstories,RandOpt,44,2,0.4517,0.44510000000000005
3,Qwen/Qwen2.5-1.5B-Instruct,rocstories,RandOpt,44,3,0.44620000000000004,0.44510000000000005
3,Qwen/Qwen2.5-1.5B-Instruct,rocstories,RandOpt,44,4,0.4486,0.44510000000000005
3,Qwen/Qwen2.5-1.5B-Instruct,rocstories,RandOpt,44,5,0.4507000000000001,0.44510000000000005
3,Qwen/Qwen2.5-1.5B-Instruct,rocstories,RandOpt,44,6,0.44660000000000005,0.44510000000000005
3,Qwen/Qwen2.5-1.5B-Instruct,rocstories,RandOpt,44,7,0.44520000000000004,0.44510000000000005
3,Qwen/Qwen2.5-1.5B-Instruct,rocstories,RandOpt,44,8,0.4471,0.44510000000000005
3,Qwen/Qwen2.5-1.5B-Instruct,rocstories,RandOpt,44,9,0.45410000000000006,0.44510000000000005
3,Qwen/Qwen2.5-1.5B-Instruct,rocstories,RandOpt,44,10,0.45410000000000006,0.44510000000000005
3,Qwen/Qwen2.5-1.5B-Instruct,rocstories,RandOpt,44,11,0.44850000000000007,0.44510000000000005
3,Qwen/Qwen2.5-1.5B-Instruct,rocstories,RandOpt,44,12,0.44620000000000004,0.44510000000000005
3,Qwen/Qwen2.5-1.5B-Instruct,rocstories,RandOpt,44,13,0.4407000000000001,0.44510000000000005
3,Qwen/Qwen2.5-1.5B-Instruct,rocstories,RandOpt,44,14,0.4521,0.44510000000000005
3,Qwen/Qwen2.5-1.5B-Instruct,rocstories,RandOpt,44,15,0.44870000000000004,0.44510000000000005
3,Qwen/Qwen2.5-1.5B-Instruct,rocstories,RandOpt,44,16,0.45940000000000014,0.44510000000000005
3,Qwen/Qwen2.5-1.5B-Instruct,rocstories,RandOpt,44,17,0.4549,0.44510000000000005
3,Qwen/Qwen2.5-1.5B-Instruct,rocstories,RandOpt,44,18,0.4371000000000001,0.44510000000000005
3,Qwen/Qwen2.5-1.5B-Instruct,rocstories,RandOpt,44,19,0.46070000000000005,0.44510000000000005
3,Qwen/Qwen2.5-1.5B-Instruct,rocstories,RandOpt,44,20,0.44630000000000003,0.44510000000000005
3,Qwen/Qwen2.5-1.5B-Instruct,rocstories,RandOpt,44,21,0.43650000000000005,0.44510000000000005
3,Qwen/Qwen2.5-1.5B-Instruct,rocstories,RandOpt,44,22,0.447,0.44510000000000005
3,Qwen/Qwen2.5-1.5B-Instruct,rocstories,RandOpt,44,23,0.44370000000000004,0.44510000000000005
3,Qwen/Qwen2.5-1.5B-Instruct,rocstories,RandOpt,44,24,0.4568000000000001,0.44510000000000005
3,Qwen/Qwen2.5-1.5B-Instruct,rocstories,RandOpt,44,25,0.4418000000000001,0.44510000000000005
3,Qwen/Qwen2.5-1.5B-Instruct,rocstories,RandOpt,44,26,0.45100000000000007,0.44510000000000005
3,Qwen/Qwen2.5-1.5B-Instruct,rocstories,RandOpt,44,27,0.45010000000000006,0.44510000000000005
3,Qwen/Qwen2.5-1.5B-Instruct,rocstories,RandOpt,44,28,0.44830000000000003,0.44510000000000005
3,Qwen/Qwen2.5-1.5B-Instruct,rocstories,RandOpt,44,29,0.45030000000000003,0.44510000000000005
3,Qwen/Qwen2.5-1.5B-Instruct,rocstories,RandOpt,44,30,0.44520000000000004,0.44510000000000005
3,Qwen/Qwen2.5-1.5B-Instruct,rocstories,RandOpt,44,31,0.44920000000000004,0.44510000000000005
3,Qwen/Qwen2.5-1.5B-Instruct,rocstories,RandOpt,44,32,0.4543000000000001,0.44510000000000005
3,Qwen/Qwen2.5-1.5B-Instruct,rocstories,RandOpt,44,33,0.4461,0.44510000000000005
3,Qwen/Qwen2.5-1.5B-Instruct,rocstories,RandOpt,44,34,0.45840000000000003,0.44510000000000005
3,Qwen/Qwen2.5-1.5B-Instruct,rocstories,RandOpt,44,35,0.45580000000000004,0.44510000000000005
3,Qwen/Qwen2.5-1.5B-Instruct,rocstories,RandOpt,44,36,0.4454000000000001,0.44510000000000005
3,Qwen/Qwen2.5-1.5B-Instruct,rocstories,RandOpt,44,37,0.44760000000000005,0.44510000000000005
3,Qwen/Qwen2.5-1.5B-Instruct,rocstories,RandOpt,44,38,0.44910000000000005,0.44510000000000005
3,Qwen/Qwen2.5-1.5B-Instruct,rocstories,RandOpt,44,39,0.45760000000000006,0.44510000000000005
3,Qwen/Qwen2.5-1.5B-Instruct,rocstories,RandOpt,44,40,0.4359,0.44510000000000005
3,Qwen/Qwen2.5-1.5B-Instruct,rocstories,RandOpt,44,41,0.4604000000000001,0.44510000000000005
3,Qwen/Qwen2.5-1.5B-Instruct,rocstories,RandOpt,44,42,0.4544,0.44510000000000005
3,Qwen/Qwen2.5-1.5B-Instruct,rocstories,RandOpt,44,43,0.4489000000000001,0.44510000000000005
3,Qwen/Qwen2.5-1.5B-Instruct,rocstories,RandOpt,44,44,0.4396000000000001,0.44510000000000005
3,Qwen/Qwen2.5-1.5B-Instruct,rocstories,RandOpt,44,45,0.4529000000000001,0.44510000000000005
3,Qwen/Qwen2.5-1.5B-Instruct,rocstories,RandOpt,44,46,0.4483,0.44510000000000005
3,Qwen/Qwen2.5-1.5B-Instruct,rocstories,RandOpt,44,47,0.4503000000000001,0.44510000000000005
3,Qwen/Qwen2.5-1.5B-Instruct,rocstories,RandOpt,44,48,0.4459,0.44510000000000005
3,Qwen/Qwen2.5-1.5B-Instruct,rocstories,RandOpt,44,49,0.4484,0.44510000000000005
3,Qwen/Qwen2.5-1.5B-Instruct,rocstories,RandOpt,44,50,0.4486,0.44510000000000005
3,Qwen/Qwen2.5-1.5B-Instruct,rocstories,RandOpt,44,51,0.45710000000000006,0.44510000000000005
3,Qwen/Qwen2.5-1.5B-Instruct,rocstories,RandOpt,44,52,0.43920000000000003,0.44510000000000005
3,Qwen/Qwen2.5-1.5B-Instruct,rocstories,RandOpt,44,53,0.4531,0.44510000000000005
3,Qwen/Qwen2.5-1.5B-Instruct,rocstories,RandOpt,44,54,0.44530000000000003,0.44510000000000005
3,Qwen/Qwen2.5-1.5B-Instruct,rocstories,RandOpt,44,55,0.45350000000000007,0.44510000000000005
3,Qwen/Qwen2.5-1.5B-Instruct,rocstories,RandOpt,44,56,0.4547,0.44510000000000005
3,Qwen/Qwen2.5-1.5B-Instruct,rocstories,RandOpt,44,57,0.4439,0.44510000000000005
3,Qwen/Qwen2.5-1.5B-Instruct,rocstories,RandOpt,44,58,0.4524000000000001,0.44510000000000005
3,Qwen/Qwen2.5-1.5B-Instruct,rocstories,RandOpt,44,59,0.4509,0.44510000000000005
3,Qwen/Qwen2.5-1.5B-Instruct,rocstories,RandOpt,44,60,0.4547,0.44510000000000005
3,Qwen/Qwen2.5-1.5B-Instruct,rocstories,RandOpt,44,61,0.45189999999999997,0.44510000000000005
3,Qwen/Qwen2.5-1.5B-Instruct,rocstories,RandOpt,44,62,0.43690000000000007,0.44510000000000005
3,Qwen/Qwen2.5-1.5B-Instruct,rocstories,RandOpt,44,63,0.4577000000000001,0.44510000000000005
3,Qwen/Qwen2.5-1.5B-Instruct,rocstories,RandOpt,44,64,0.4486,0.44510000000000005
3,Qwen/Qwen2.5-1.5B-Instruct,rocstories,RandOpt,44,65,0.4531,0.44510000000000005
3,Qwen/Qwen2.5-1.5B-Instruct,rocstories,RandOpt,44,66,0.4525,0.44510000000000005
3,Qwen/Qwen2.5-1.5B-Instruct,rocstories,RandOpt,44,67,0.4484,0.44510000000000005
3,Qwen/Qwen2.5-1.5B-Instruct,rocstories,RandOpt,44,68,0.44439999999999996,0.44510000000000005
3,Qwen/Qwen2.5-1.5B-Instruct,rocstories,RandOpt,44,69,0.46180000000000004,0.44510000000000005
3,Qwen/Qwen2.5-1.5B-Instruct,rocstories,RandOpt,44,70,0.4444000000000001,0.44510000000000005
3,Qwen/Qwen2.5-1.5B-Instruct,rocstories,RandOpt,44,71,0.4475,0.44510000000000005
3,Qwen/Qwen2.5-1.5B-Instruct,rocstories,RandOpt,44,72,0.4504000000000001,0.44510000000000005
3,Qwen/Qwen2.5-1.5B-Instruct,rocstories,RandOpt,44,73,0.4384,0.44510000000000005
3,Qwen/Qwen2.5-1.5B-Instruct,rocstories,RandOpt,44,74,0.45010000000000006,0.44510000000000005
3,Qwen/Qwen2.5-1.5B-Instruct,rocstories,RandOpt,44,75,0.4519,0.44510000000000005
3,Qwen/Qwen2.5-1.5B-Instruct,rocstories,RandOpt,44,76,0.44780000000000003,0.44510000000000005
3,Qwen/Qwen2.5-1.5B-Instruct,rocstories,RandOpt,44,77,0.46760000000000007,0.44510000000000005
3,Qwen/Qwen2.5-1.5B-Instruct,rocstories,RandOpt,44,78,0.4511,0.44510000000000005
3,Qwen/Qwen2.5-1.5B-Instruct,rocstories,RandOpt,44,79,0.44520000000000004,0.44510000000000005
3,Qwen/Qwen2.5-1.5B-Instruct,rocstories,RandOpt,44,80,0.4423,0.44510000000000005
3,Qwen/Qwen2.5-1.5B-Instruct,rocstories,RandOpt,44,81,0.4504000000000001,0.44510000000000005
3,Qwen/Qwen2.5-1.5B-Instruct,rocstories,RandOpt,44,82,0.45050000000000007,0.44510000000000005
3,Qwen/Qwen2.5-1.5B-Instruct,rocstories,RandOpt,44,83,0.4539,0.44510000000000005
3,Qwen/Qwen2.5-1.5B-Instruct,rocstories,RandOpt,44,84,0.45230000000000004,0.44510000000000005
3,Qwen/Qwen2.5-1.5B-Instruct,rocstories,RandOpt,44,85,0.44530000000000003,0.44510000000000005
3,Qwen/Qwen2.5-1.5B-Instruct,rocstories,RandOpt,44,86,0.4408000000000001,0.44510000000000005
3,Qwen/Qwen2.5-1.5B-Instruct,rocstories,RandOpt,44,87,0.4445,0.44510000000000005
3,Qwen/Qwen2.5-1.5B-Instruct,rocstories,RandOpt,44,88,0.4443000000000001,0.44510000000000005
3,Qwen/Qwen2.5-1.5B-Instruct,rocstories,RandOpt,44,89,0.44870000000000004,0.44510000000000005
3,Qwen/Qwen2.5-1.5B-Instruct,rocstories,RandOpt,44,90,0.4408000000000001,0.44510000000000005
3,Qwen/Qwen2.5-1.5B-Instruct,rocstories,RandOpt,44,91,0.45660000000000006,0.44510000000000005
3,Qwen/Qwen2.5-1.5B-Instruct,rocstories,RandOpt,44,92,0.4529000000000001,0.44510000000000005
3,Qwen/Qwen2.5-1.5B-Instruct,rocstories,RandOpt,44,93,0.44870000000000004,0.44510000000000005
3,Qwen/Qwen2.5-1.5B-Instruct,rocstories,RandOpt,44,94,0.44380000000000003,0.44510000000000005
3,Qwen/Qwen2.5-1.5B-Instruct,rocstories,RandOpt,44,95,0.4402000000000001,0.44510000000000005
3,Qwen/Qwen2.5-1.5B-Instruct,rocstories,RandOpt,44,96,0.44830000000000003,0.44510000000000005
3,Qwen/Qwen2.5-1.5B-Instruct,rocstories,RandOpt,44,97,0.4502000000000001,0.44510000000000005
3,Qwen/Qwen2.5-1.5B-Instruct,rocstories,RandOpt,44,98,0.43870000000000003,0.44510000000000005
3,Qwen/Qwen2.5-1.5B-Instruct,rocstories,RandOpt,44,99,0.4488000000000001,0.44510000000000005
3,Qwen/Qwen2.5-1.5B-Instruct,uspto50k,Modular Norm RandOpt,42,0,0.095,0.07
3,Qwen/Qwen2.5-1.5B-Instruct,uspto50k,Modular Norm RandOpt,42,1,0.065,0.07
3,Qwen/Qwen2.5-1.5B-Instruct,uspto50k,Modular Norm RandOpt,42,2,0.055,0.07
3,Qwen/Qwen2.5-1.5B-Instruct,uspto50k,Modular Norm RandOpt,42,3,0.045,0.07
3,Qwen/Qwen2.5-1.5B-Instruct,uspto50k,Modular Norm RandOpt,42,4,0.09,0.07
3,Qwen/Qwen2.5-1.5B-Instruct,uspto50k,Modular Norm RandOpt,42,5,0.095,0.07
3,Qwen/Qwen2.5-1.5B-Instruct,uspto50k,Modular Norm RandOpt,42,6,0.025,0.07
3,Qwen/Qwen2.5-1.5B-Instruct,uspto50k,Modular Norm RandOpt,42,7,0.01,0.07
3,Qwen/Qwen2.5-1.5B-Instruct,uspto50k,Modular Norm RandOpt,42,8,0.035,0.07
3,Qwen/Qwen2.5-1.5B-Instruct,uspto50k,Modular Norm RandOpt,42,9,0.005,0.07
3,Qwen/Qwen2.5-1.5B-Instruct,uspto50k,Modular Norm RandOpt,42,10,0.01,0.07
3,Qwen/Qwen2.5-1.5B-Instruct,uspto50k,Modular Norm RandOpt,42,11,0.11,0.07
3,Qwen/Qwen2.5-1.5B-Instruct,uspto50k,Modular Norm RandOpt,42,12,0.055,0.07
3,Qwen/Qwen2.5-1.5B-Instruct,uspto50k,Modular Norm RandOpt,42,13,0.02,0.07
3,Qwen/Qwen2.5-1.5B-Instruct,uspto50k,Modular Norm RandOpt,42,14,0.045,0.07
3,Qwen/Qwen2.5-1.5B-Instruct,uspto50k,Modular Norm RandOpt,42,15,0.04,0.07
3,Qwen/Qwen2.5-1.5B-Instruct,uspto50k,Modular Norm RandOpt,42,16,0.025,0.07
3,Qwen/Qwen2.5-1.5B-Instruct,uspto50k,Modular Norm RandOpt,42,17,0.03,0.07
3,Qwen/Qwen2.5-1.5B-Instruct,uspto50k,Modular Norm RandOpt,42,18,0.01,0.07
3,Qwen/Qwen2.5-1.5B-Instruct,uspto50k,Modular Norm RandOpt,42,19,0.08,0.07
3,Qwen/Qwen2.5-1.5B-Instruct,uspto50k,Modular Norm RandOpt,42,20,0.055,0.07
3,Qwen/Qwen2.5-1.5B-Instruct,uspto50k,Modular Norm RandOpt,42,21,0.02,0.07
3,Qwen/Qwen2.5-1.5B-Instruct,uspto50k,Modular Norm RandOpt,42,22,0.055,0.07
3,Qwen/Qwen2.5-1.5B-Instruct,uspto50k,Modular Norm RandOpt,42,23,0.015,0.07
3,Qwen/Qwen2.5-1.5B-Instruct,uspto50k,Modular Norm RandOpt,42,24,0.03,0.07
3,Qwen/Qwen2.5-1.5B-Instruct,uspto50k,Modular Norm RandOpt,42,25,0.065,0.07
3,Qwen/Qwen2.5-1.5B-Instruct,uspto50k,Modular Norm RandOpt,42,26,0.045,0.07
3,Qwen/Qwen2.5-1.5B-Instruct,uspto50k,Modular Norm RandOpt,42,27,0.04,0.07
3,Qwen/Qwen2.5-1.5B-Instruct,uspto50k,Modular Norm RandOpt,42,28,0.055,0.07
3,Qwen/Qwen2.5-1.5B-Instruct,uspto50k,Modular Norm RandOpt,42,29,0.09,0.07
3,Qwen/Qwen2.5-1.5B-Instruct,uspto50k,Modular Norm RandOpt,42,30,0.045,0.07
3,Qwen/Qwen2.5-1.5B-Instruct,uspto50k,Modular Norm RandOpt,42,31,0.035,0.07
3,Qwen/Qwen2.5-1.5B-Instruct,uspto50k,Modular Norm RandOpt,42,32,0.03,0.07
3,Qwen/Qwen2.5-1.5B-Instruct,uspto50k,Modular Norm RandOpt,42,33,0.065,0.07
3,Qwen/Qwen2.5-1.5B-Instruct,uspto50k,Modular Norm RandOpt,42,34,0.06,0.07
3,Qwen/Qwen2.5-1.5B-Instruct,uspto50k,Modular Norm RandOpt,42,35,0.12,0.07
3,Qwen/Qwen2.5-1.5B-Instruct,uspto50k,Modular Norm RandOpt,42,36,0.025,0.07
3,Qwen/Qwen2.5-1.5B-Instruct,uspto50k,Modular Norm RandOpt,42,37,0.11,0.07
3,Qwen/Qwen2.5-1.5B-Instruct,uspto50k,Modular Norm RandOpt,42,38,0.045,0.07
3,Qwen/Qwen2.5-1.5B-Instruct,uspto50k,Modular Norm RandOpt,42,39,0.03,0.07
3,Qwen/Qwen2.5-1.5B-Instruct,uspto50k,Modular Norm RandOpt,42,40,0.01,0.07
3,Qwen/Qwen2.5-1.5B-Instruct,uspto50k,Modular Norm RandOpt,42,41,0.07,0.07
3,Qwen/Qwen2.5-1.5B-Instruct,uspto50k,Modular Norm RandOpt,42,42,0.055,0.07
3,Qwen/Qwen2.5-1.5B-Instruct,uspto50k,Modular Norm RandOpt,42,43,0.01,0.07
3,Qwen/Qwen2.5-1.5B-Instruct,uspto50k,Modular Norm RandOpt,42,44,0.02,0.07
3,Qwen/Qwen2.5-1.5B-Instruct,uspto50k,Modular Norm RandOpt,42,45,0.045,0.07
3,Qwen/Qwen2.5-1.5B-Instruct,uspto50k,Modular Norm RandOpt,42,46,0.045,0.07
3,Qwen/Qwen2.5-1.5B-Instruct,uspto50k,Modular Norm RandOpt,42,47,0.02,0.07
3,Qwen/Qwen2.5-1.5B-Instruct,uspto50k,Modular Norm RandOpt,42,48,0.065,0.07
3,Qwen/Qwen2.5-1.5B-Instruct,uspto50k,Modular Norm RandOpt,42,49,0.035,0.07
3,Qwen/Qwen2.5-1.5B-Instruct,uspto50k,Modular Norm RandOpt,42,50,0.04,0.07
3,Qwen/Qwen2.5-1.5B-Instruct,uspto50k,Modular Norm RandOpt,42,51,0.035,0.07
3,Qwen/Qwen2.5-1.5B-Instruct,uspto50k,Modular Norm RandOpt,42,52,0.01,0.07
3,Qwen/Qwen2.5-1.5B-Instruct,uspto50k,Modular Norm RandOpt,42,53,0.19,0.07
3,Qwen/Qwen2.5-1.5B-Instruct,uspto50k,Modular Norm RandOpt,42,54,0.03,0.07
3,Qwen/Qwen2.5-1.5B-Instruct,uspto50k,Modular Norm RandOpt,42,55,0.11,0.07
3,Qwen/Qwen2.5-1.5B-Instruct,uspto50k,Modular Norm RandOpt,42,56,0.17,0.07
3,Qwen/Qwen2.5-1.5B-Instruct,uspto50k,Modular Norm RandOpt,42,57,0.04,0.07
3,Qwen/Qwen2.5-1.5B-Instruct,uspto50k,Modular Norm RandOpt,42,58,0.025,0.07
3,Qwen/Qwen2.5-1.5B-Instruct,uspto50k,Modular Norm RandOpt,42,59,0.025,0.07
3,Qwen/Qwen2.5-1.5B-Instruct,uspto50k,Modular Norm RandOpt,42,60,0.085,0.07
3,Qwen/Qwen2.5-1.5B-Instruct,uspto50k,Modular Norm RandOpt,42,61,0.11,0.07
3,Qwen/Qwen2.5-1.5B-Instruct,uspto50k,Modular Norm RandOpt,42,62,0.01,0.07
3,Qwen/Qwen2.5-1.5B-Instruct,uspto50k,Modular Norm RandOpt,42,63,0.03,0.07
3,Qwen/Qwen2.5-1.5B-Instruct,uspto50k,Modular Norm RandOpt,42,64,0.035,0.07
3,Qwen/Qwen2.5-1.5B-Instruct,uspto50k,Modular Norm RandOpt,42,65,0.05,0.07
3,Qwen/Qwen2.5-1.5B-Instruct,uspto50k,Modular Norm RandOpt,42,66,0.045,0.07
3,Qwen/Qwen2.5-1.5B-Instruct,uspto50k,Modular Norm RandOpt,42,67,0.1,0.07
3,Qwen/Qwen2.5-1.5B-Instruct,uspto50k,Modular Norm RandOpt,42,68,0.05,0.07
3,Qwen/Qwen2.5-1.5B-Instruct,uspto50k,Modular Norm RandOpt,42,69,0.075,0.07
3,Qwen/Qwen2.5-1.5B-Instruct,uspto50k,Modular Norm RandOpt,42,70,0.01,0.07
3,Qwen/Qwen2.5-1.5B-Instruct,uspto50k,Modular Norm RandOpt,42,71,0.02,0.07
3,Qwen/Qwen2.5-1.5B-Instruct,uspto50k,Modular Norm RandOpt,42,72,0.055,0.07
3,Qwen/Qwen2.5-1.5B-Instruct,uspto50k,Modular Norm RandOpt,42,73,0.14,0.07
3,Qwen/Qwen2.5-1.5B-Instruct,uspto50k,Modular Norm RandOpt,42,74,0.165,0.07
3,Qwen/Qwen2.5-1.5B-Instruct,uspto50k,Modular Norm RandOpt,42,75,0.085,0.07
3,Qwen/Qwen2.5-1.5B-Instruct,uspto50k,Modular Norm RandOpt,42,76,0.1,0.07
3,Qwen/Qwen2.5-1.5B-Instruct,uspto50k,Modular Norm RandOpt,42,77,0.015,0.07
3,Qwen/Qwen2.5-1.5B-Instruct,uspto50k,Modular Norm RandOpt,42,78,0.045,0.07
3,Qwen/Qwen2.5-1.5B-Instruct,uspto50k,Modular Norm RandOpt,42,79,0.105,0.07
3,Qwen/Qwen2.5-1.5B-Instruct,uspto50k,Modular Norm RandOpt,42,80,0.055,0.07
3,Qwen/Qwen2.5-1.5B-Instruct,uspto50k,Modular Norm RandOpt,42,81,0.04,0.07
3,Qwen/Qwen2.5-1.5B-Instruct,uspto50k,Modular Norm RandOpt,42,82,0.14,0.07
3,Qwen/Qwen2.5-1.5B-Instruct,uspto50k,Modular Norm RandOpt,42,83,0.245,0.07
3,Qwen/Qwen2.5-1.5B-Instruct,uspto50k,Modular Norm RandOpt,42,84,0.015,0.07
3,Qwen/Qwen2.5-1.5B-Instruct,uspto50k,Modular Norm RandOpt,42,85,0.07,0.07
3,Qwen/Qwen2.5-1.5B-Instruct,uspto50k,Modular Norm RandOpt,42,86,0.01,0.07
3,Qwen/Qwen2.5-1.5B-Instruct,uspto50k,Modular Norm RandOpt,42,87,0.02,0.07
3,Qwen/Qwen2.5-1.5B-Instruct,uspto50k,Modular Norm RandOpt,42,88,0.04,0.07
3,Qwen/Qwen2.5-1.5B-Instruct,uspto50k,Modular Norm RandOpt,42,89,0.14,0.07
3,Qwen/Qwen2.5-1.5B-Instruct,uspto50k,Modular Norm RandOpt,42,90,0.015,0.07
3,Qwen/Qwen2.5-1.5B-Instruct,uspto50k,Modular Norm RandOpt,42,91,0.035,0.07
3,Qwen/Qwen2.5-1.5B-Instruct,uspto50k,Modular Norm RandOpt,42,92,0.05,0.07
3,Qwen/Qwen2.5-1.5B-Instruct,uspto50k,Modular Norm RandOpt,42,93,0.075,0.07
3,Qwen/Qwen2.5-1.5B-Instruct,uspto50k,Modular Norm RandOpt,42,94,0.02,0.07
3,Qwen/Qwen2.5-1.5B-Instruct,uspto50k,Modular Norm RandOpt,42,95,0.02,0.07
3,Qwen/Qwen2.5-1.5B-Instruct,uspto50k,Modular Norm RandOpt,42,96,0.02,0.07
3,Qwen/Qwen2.5-1.5B-Instruct,uspto50k,Modular Norm RandOpt,42,97,0.075,0.07
3,Qwen/Qwen2.5-1.5B-Instruct,uspto50k,Modular Norm RandOpt,42,98,0.095,0.07
3,Qwen/Qwen2.5-1.5B-Instruct,uspto50k,Modular Norm RandOpt,42,99,0.02,0.07
3,Qwen/Qwen2.5-1.5B-Instruct,uspto50k,Modular Norm RandOpt,43,0,0.035,0.07
3,Qwen/Qwen2.5-1.5B-Instruct,uspto50k,Modular Norm RandOpt,43,1,0.095,0.07
3,Qwen/Qwen2.5-1.5B-Instruct,uspto50k,Modular Norm RandOpt,43,2,0.05,0.07
3,Qwen/Qwen2.5-1.5B-Instruct,uspto50k,Modular Norm RandOpt,43,3,0.025,0.07
3,Qwen/Qwen2.5-1.5B-Instruct,uspto50k,Modular Norm RandOpt,43,4,0.03,0.07
3,Qwen/Qwen2.5-1.5B-Instruct,uspto50k,Modular Norm RandOpt,43,5,0.115,0.07
3,Qwen/Qwen2.5-1.5B-Instruct,uspto50k,Modular Norm RandOpt,43,6,0.075,0.07
3,Qwen/Qwen2.5-1.5B-Instruct,uspto50k,Modular Norm RandOpt,43,7,0.135,0.07
3,Qwen/Qwen2.5-1.5B-Instruct,uspto50k,Modular Norm RandOpt,43,8,0.045,0.07
3,Qwen/Qwen2.5-1.5B-Instruct,uspto50k,Modular Norm RandOpt,43,9,0.02,0.07
3,Qwen/Qwen2.5-1.5B-Instruct,uspto50k,Modular Norm RandOpt,43,10,0.09,0.07
3,Qwen/Qwen2.5-1.5B-Instruct,uspto50k,Modular Norm RandOpt,43,11,0.11,0.07
3,Qwen/Qwen2.5-1.5B-Instruct,uspto50k,Modular Norm RandOpt,43,12,0.03,0.07
3,Qwen/Qwen2.5-1.5B-Instruct,uspto50k,Modular Norm RandOpt,43,13,0.02,0.07
3,Qwen/Qwen2.5-1.5B-Instruct,uspto50k,Modular Norm RandOpt,43,14,0.035,0.07
3,Qwen/Qwen2.5-1.5B-Instruct,uspto50k,Modular Norm RandOpt,43,15,0.055,0.07
3,Qwen/Qwen2.5-1.5B-Instruct,uspto50k,Modular Norm RandOpt,43,16,0.07,0.07
3,Qwen/Qwen2.5-1.5B-Instruct,uspto50k,Modular Norm RandOpt,43,17,0.045,0.07
3,Qwen/Qwen2.5-1.5B-Instruct,uspto50k,Modular Norm RandOpt,43,18,0.12,0.07
3,Qwen/Qwen2.5-1.5B-Instruct,uspto50k,Modular Norm RandOpt,43,19,0.08,0.07
3,Qwen/Qwen2.5-1.5B-Instruct,uspto50k,Modular Norm RandOpt,43,20,0.045,0.07
3,Qwen/Qwen2.5-1.5B-Instruct,uspto50k,Modular Norm RandOpt,43,21,0.015,0.07
3,Qwen/Qwen2.5-1.5B-Instruct,uspto50k,Modular Norm RandOpt,43,22,0.015,0.07
3,Qwen/Qwen2.5-1.5B-Instruct,uspto50k,Modular Norm RandOpt,43,23,0.06,0.07
3,Qwen/Qwen2.5-1.5B-Instruct,uspto50k,Modular Norm RandOpt,43,24,0.095,0.07
3,Qwen/Qwen2.5-1.5B-Instruct,uspto50k,Modular Norm RandOpt,43,25,0.03,0.07
3,Qwen/Qwen2.5-1.5B-Instruct,uspto50k,Modular Norm RandOpt,43,26,0.1,0.07
3,Qwen/Qwen2.5-1.5B-Instruct,uspto50k,Modular Norm RandOpt,43,27,0.05,0.07
3,Qwen/Qwen2.5-1.5B-Instruct,uspto50k,Modular Norm RandOpt,43,28,0.1,0.07
3,Qwen/Qwen2.5-1.5B-Instruct,uspto50k,Modular Norm RandOpt,43,29,0.015,0.07
3,Qwen/Qwen2.5-1.5B-Instruct,uspto50k,Modular Norm RandOpt,43,30,0.02,0.07
3,Qwen/Qwen2.5-1.5B-Instruct,uspto50k,Modular Norm RandOpt,43,31,0.04,0.07
3,Qwen/Qwen2.5-1.5B-Instruct,uspto50k,Modular Norm RandOpt,43,32,0.045,0.07
3,Qwen/Qwen2.5-1.5B-Instruct,uspto50k,Modular Norm RandOpt,43,33,0.05,0.07
3,Qwen/Qwen2.5-1.5B-Instruct,uspto50k,Modular Norm RandOpt,43,34,0.015,0.07
3,Qwen/Qwen2.5-1.5B-Instruct,uspto50k,Modular Norm RandOpt,43,35,0.015,0.07
3,Qwen/Qwen2.5-1.5B-Instruct,uspto50k,Modular Norm RandOpt,43,36,0.075,0.07
3,Qwen/Qwen2.5-1.5B-Instruct,uspto50k,Modular Norm RandOpt,43,37,0.155,0.07
3,Qwen/Qwen2.5-1.5B-Instruct,uspto50k,Modular Norm RandOpt,43,38,0.055,0.07
3,Qwen/Qwen2.5-1.5B-Instruct,uspto50k,Modular Norm RandOpt,43,39,0.14,0.07
3,Qwen/Qwen2.5-1.5B-Instruct,uspto50k,Modular Norm RandOpt,43,40,0.03,0.07
3,Qwen/Qwen2.5-1.5B-Instruct,uspto50k,Modular Norm RandOpt,43,41,0.12,0.07
3,Qwen/Qwen2.5-1.5B-Instruct,uspto50k,Modular Norm RandOpt,43,42,0.005,0.07
3,Qwen/Qwen2.5-1.5B-Instruct,uspto50k,Modular Norm RandOpt,43,43,0.055,0.07
3,Qwen/Qwen2.5-1.5B-Instruct,uspto50k,Modular Norm RandOpt,43,44,0.09,0.07
3,Qwen/Qwen2.5-1.5B-Instruct,uspto50k,Modular Norm RandOpt,43,45,0.025,0.07
3,Qwen/Qwen2.5-1.5B-Instruct,uspto50k,Modular Norm RandOpt,43,46,0.06,0.07
3,Qwen/Qwen2.5-1.5B-Instruct,uspto50k,Modular Norm RandOpt,43,47,0.07,0.07
3,Qwen/Qwen2.5-1.5B-Instruct,uspto50k,Modular Norm RandOpt,43,48,0.005,0.07
3,Qwen/Qwen2.5-1.5B-Instruct,uspto50k,Modular Norm RandOpt,43,49,0.025,0.07
3,Qwen/Qwen2.5-1.5B-Instruct,uspto50k,Modular Norm RandOpt,43,50,0.015,0.07
3,Qwen/Qwen2.5-1.5B-Instruct,uspto50k,Modular Norm RandOpt,43,51,0.075,0.07
3,Qwen/Qwen2.5-1.5B-Instruct,uspto50k,Modular Norm RandOpt,43,52,0.05,0.07
3,Qwen/Qwen2.5-1.5B-Instruct,uspto50k,Modular Norm RandOpt,43,53,0.015,0.07
3,Qwen/Qwen2.5-1.5B-Instruct,uspto50k,Modular Norm RandOpt,43,54,0.025,0.07
3,Qwen/Qwen2.5-1.5B-Instruct,uspto50k,Modular Norm RandOpt,43,55,0.02,0.07
3,Qwen/Qwen2.5-1.5B-Instruct,uspto50k,Modular Norm RandOpt,43,56,0.075,0.07
3,Qwen/Qwen2.5-1.5B-Instruct,uspto50k,Modular Norm RandOpt,43,57,0.155,0.07
3,Qwen/Qwen2.5-1.5B-Instruct,uspto50k,Modular Norm RandOpt,43,58,0.125,0.07
3,Qwen/Qwen2.5-1.5B-Instruct,uspto50k,Modular Norm RandOpt,43,59,0.015,0.07
3,Qwen/Qwen2.5-1.5B-Instruct,uspto50k,Modular Norm RandOpt,43,60,0.01,0.07
3,Qwen/Qwen2.5-1.5B-Instruct,uspto50k,Modular Norm RandOpt,43,61,0.035,0.07
3,Qwen/Qwen2.5-1.5B-Instruct,uspto50k,Modular Norm RandOpt,43,62,0.1,0.07
3,Qwen/Qwen2.5-1.5B-Instruct,uspto50k,Modular Norm RandOpt,43,63,0.01,0.07
3,Qwen/Qwen2.5-1.5B-Instruct,uspto50k,Modular Norm RandOpt,43,64,0.045,0.07
3,Qwen/Qwen2.5-1.5B-Instruct,uspto50k,Modular Norm RandOpt,43,65,0.14,0.07
3,Qwen/Qwen2.5-1.5B-Instruct,uspto50k,Modular Norm RandOpt,43,66,0.065,0.07
3,Qwen/Qwen2.5-1.5B-Instruct,uspto50k,Modular Norm RandOpt,43,67,0.03,0.07
3,Qwen/Qwen2.5-1.5B-Instruct,uspto50k,Modular Norm RandOpt,43,68,0.03,0.07
3,Qwen/Qwen2.5-1.5B-Instruct,uspto50k,Modular Norm RandOpt,43,69,0.015,0.07
3,Qwen/Qwen2.5-1.5B-Instruct,uspto50k,Modular Norm RandOpt,43,70,0.045,0.07
3,Qwen/Qwen2.5-1.5B-Instruct,uspto50k,Modular Norm RandOpt,43,71,0.05,0.07
3,Qwen/Qwen2.5-1.5B-Instruct,uspto50k,Modular Norm RandOpt,43,72,0.035,0.07
3,Qwen/Qwen2.5-1.5B-Instruct,uspto50k,Modular Norm RandOpt,43,73,0.015,0.07
3,Qwen/Qwen2.5-1.5B-Instruct,uspto50k,Modular Norm RandOpt,43,74,0.08,0.07
3,Qwen/Qwen2.5-1.5B-Instruct,uspto50k,Modular Norm RandOpt,43,75,0.11,0.07
3,Qwen/Qwen2.5-1.5B-Instruct,uspto50k,Modular Norm RandOpt,43,76,0.03,0.07
3,Qwen/Qwen2.5-1.5B-Instruct,uspto50k,Modular Norm RandOpt,43,77,0.04,0.07
3,Qwen/Qwen2.5-1.5B-Instruct,uspto50k,Modular Norm RandOpt,43,78,0.055,0.07
3,Qwen/Qwen2.5-1.5B-Instruct,uspto50k,Modular Norm RandOpt,43,79,0.025,0.07
3,Qwen/Qwen2.5-1.5B-Instruct,uspto50k,Modular Norm RandOpt,43,80,0.015,0.07
3,Qwen/Qwen2.5-1.5B-Instruct,uspto50k,Modular Norm RandOpt,43,81,0.05,0.07
3,Qwen/Qwen2.5-1.5B-Instruct,uspto50k,Modular Norm RandOpt,43,82,0.065,0.07
3,Qwen/Qwen2.5-1.5B-Instruct,uspto50k,Modular Norm RandOpt,43,83,0.025,0.07
3,Qwen/Qwen2.5-1.5B-Instruct,uspto50k,Modular Norm RandOpt,43,84,0.045,0.07
3,Qwen/Qwen2.5-1.5B-Instruct,uspto50k,Modular Norm RandOpt,43,85,0.02,0.07
3,Qwen/Qwen2.5-1.5B-Instruct,uspto50k,Modular Norm RandOpt,43,86,0.085,0.07
3,Qwen/Qwen2.5-1.5B-Instruct,uspto50k,Modular Norm RandOpt,43,87,0.125,0.07
3,Qwen/Qwen2.5-1.5B-Instruct,uspto50k,Modular Norm RandOpt,43,88,0.035,0.07
3,Qwen/Qwen2.5-1.5B-Instruct,uspto50k,Modular Norm RandOpt,43,89,0.03,0.07
3,Qwen/Qwen2.5-1.5B-Instruct,uspto50k,Modular Norm RandOpt,43,90,0.035,0.07
3,Qwen/Qwen2.5-1.5B-Instruct,uspto50k,Modular Norm RandOpt,43,91,0.09,0.07
3,Qwen/Qwen2.5-1.5B-Instruct,uspto50k,Modular Norm RandOpt,43,92,0.07,0.07
3,Qwen/Qwen2.5-1.5B-Instruct,uspto50k,Modular Norm RandOpt,43,93,0.065,0.07
3,Qwen/Qwen2.5-1.5B-Instruct,uspto50k,Modular Norm RandOpt,43,94,0.05,0.07
3,Qwen/Qwen2.5-1.5B-Instruct,uspto50k,Modular Norm RandOpt,43,95,0.06,0.07
3,Qwen/Qwen2.5-1.5B-Instruct,uspto50k,Modular Norm RandOpt,43,96,0.01,0.07
3,Qwen/Qwen2.5-1.5B-Instruct,uspto50k,Modular Norm RandOpt,43,97,0.115,0.07
3,Qwen/Qwen2.5-1.5B-Instruct,uspto50k,Modular Norm RandOpt,43,98,0.045,0.07
3,Qwen/Qwen2.5-1.5B-Instruct,uspto50k,Modular Norm RandOpt,43,99,0.05,0.07
3,Qwen/Qwen2.5-1.5B-Instruct,uspto50k,Modular Norm RandOpt,44,0,0.03,0.07
3,Qwen/Qwen2.5-1.5B-Instruct,uspto50k,Modular Norm RandOpt,44,1,0.015,0.07
3,Qwen/Qwen2.5-1.5B-Instruct,uspto50k,Modular Norm RandOpt,44,2,0.075,0.07
3,Qwen/Qwen2.5-1.5B-Instruct,uspto50k,Modular Norm RandOpt,44,3,0.015,0.07
3,Qwen/Qwen2.5-1.5B-Instruct,uspto50k,Modular Norm RandOpt,44,4,0.035,0.07
3,Qwen/Qwen2.5-1.5B-Instruct,uspto50k,Modular Norm RandOpt,44,5,0.06,0.07
3,Qwen/Qwen2.5-1.5B-Instruct,uspto50k,Modular Norm RandOpt,44,6,0.05,0.07
3,Qwen/Qwen2.5-1.5B-Instruct,uspto50k,Modular Norm RandOpt,44,7,0.025,0.07
3,Qwen/Qwen2.5-1.5B-Instruct,uspto50k,Modular Norm RandOpt,44,8,0.01,0.07
3,Qwen/Qwen2.5-1.5B-Instruct,uspto50k,Modular Norm RandOpt,44,9,0.1,0.07
3,Qwen/Qwen2.5-1.5B-Instruct,uspto50k,Modular Norm RandOpt,44,10,0.055,0.07
3,Qwen/Qwen2.5-1.5B-Instruct,uspto50k,Modular Norm RandOpt,44,11,0.02,0.07
3,Qwen/Qwen2.5-1.5B-Instruct,uspto50k,Modular Norm RandOpt,44,12,0.15,0.07
3,Qwen/Qwen2.5-1.5B-Instruct,uspto50k,Modular Norm RandOpt,44,13,0.02,0.07
3,Qwen/Qwen2.5-1.5B-Instruct,uspto50k,Modular Norm RandOpt,44,14,0.095,0.07
3,Qwen/Qwen2.5-1.5B-Instruct,uspto50k,Modular Norm RandOpt,44,15,0.155,0.07
3,Qwen/Qwen2.5-1.5B-Instruct,uspto50k,Modular Norm RandOpt,44,16,0.03,0.07
3,Qwen/Qwen2.5-1.5B-Instruct,uspto50k,Modular Norm RandOpt,44,17,0.04,0.07
3,Qwen/Qwen2.5-1.5B-Instruct,uspto50k,Modular Norm RandOpt,44,18,0.21,0.07
3,Qwen/Qwen2.5-1.5B-Instruct,uspto50k,Modular Norm RandOpt,44,19,0.03,0.07
3,Qwen/Qwen2.5-1.5B-Instruct,uspto50k,Modular Norm RandOpt,44,20,0.03,0.07
3,Qwen/Qwen2.5-1.5B-Instruct,uspto50k,Modular Norm RandOpt,44,21,0.065,0.07
3,Qwen/Qwen2.5-1.5B-Instruct,uspto50k,Modular Norm RandOpt,44,22,0.09,0.07
3,Qwen/Qwen2.5-1.5B-Instruct,uspto50k,Modular Norm RandOpt,44,23,0.025,0.07
3,Qwen/Qwen2.5-1.5B-Instruct,uspto50k,Modular Norm RandOpt,44,24,0.1,0.07
3,Qwen/Qwen2.5-1.5B-Instruct,uspto50k,Modular Norm RandOpt,44,25,0.03,0.07
3,Qwen/Qwen2.5-1.5B-Instruct,uspto50k,Modular Norm RandOpt,44,26,0.07,0.07
3,Qwen/Qwen2.5-1.5B-Instruct,uspto50k,Modular Norm RandOpt,44,27,0.06,0.07
3,Qwen/Qwen2.5-1.5B-Instruct,uspto50k,Modular Norm RandOpt,44,28,0.025,0.07
3,Qwen/Qwen2.5-1.5B-Instruct,uspto50k,Modular Norm RandOpt,44,29,0.025,0.07
3,Qwen/Qwen2.5-1.5B-Instruct,uspto50k,Modular Norm RandOpt,44,30,0.055,0.07
3,Qwen/Qwen2.5-1.5B-Instruct,uspto50k,Modular Norm RandOpt,44,31,0.015,0.07
3,Qwen/Qwen2.5-1.5B-Instruct,uspto50k,Modular Norm RandOpt,44,32,0.055,0.07
3,Qwen/Qwen2.5-1.5B-Instruct,uspto50k,Modular Norm RandOpt,44,33,0.025,0.07
3,Qwen/Qwen2.5-1.5B-Instruct,uspto50k,Modular Norm RandOpt,44,34,0.055,0.07
3,Qwen/Qwen2.5-1.5B-Instruct,uspto50k,Modular Norm RandOpt,44,35,0.085,0.07
3,Qwen/Qwen2.5-1.5B-Instruct,uspto50k,Modular Norm RandOpt,44,36,0.0,0.07
3,Qwen/Qwen2.5-1.5B-Instruct,uspto50k,Modular Norm RandOpt,44,37,0.005,0.07
3,Qwen/Qwen2.5-1.5B-Instruct,uspto50k,Modular Norm RandOpt,44,38,0.02,0.07
3,Qwen/Qwen2.5-1.5B-Instruct,uspto50k,Modular Norm RandOpt,44,39,0.04,0.07
3,Qwen/Qwen2.5-1.5B-Instruct,uspto50k,Modular Norm RandOpt,44,40,0.03,0.07
3,Qwen/Qwen2.5-1.5B-Instruct,uspto50k,Modular Norm RandOpt,44,41,0.1,0.07
3,Qwen/Qwen2.5-1.5B-Instruct,uspto50k,Modular Norm RandOpt,44,42,0.115,0.07
3,Qwen/Qwen2.5-1.5B-Instruct,uspto50k,Modular Norm RandOpt,44,43,0.09,0.07
3,Qwen/Qwen2.5-1.5B-Instruct,uspto50k,Modular Norm RandOpt,44,44,0.075,0.07
3,Qwen/Qwen2.5-1.5B-Instruct,uspto50k,Modular Norm RandOpt,44,45,0.04,0.07
3,Qwen/Qwen2.5-1.5B-Instruct,uspto50k,Modular Norm RandOpt,44,46,0.045,0.07
3,Qwen/Qwen2.5-1.5B-Instruct,uspto50k,Modular Norm RandOpt,44,47,0.05,0.07
3,Qwen/Qwen2.5-1.5B-Instruct,uspto50k,Modular Norm RandOpt,44,48,0.01,0.07
3,Qwen/Qwen2.5-1.5B-Instruct,uspto50k,Modular Norm RandOpt,44,49,0.1,0.07
3,Qwen/Qwen2.5-1.5B-Instruct,uspto50k,Modular Norm RandOpt,44,50,0.06,0.07
3,Qwen/Qwen2.5-1.5B-Instruct,uspto50k,Modular Norm RandOpt,44,51,0.07,0.07
3,Qwen/Qwen2.5-1.5B-Instruct,uspto50k,Modular Norm RandOpt,44,52,0.12,0.07
3,Qwen/Qwen2.5-1.5B-Instruct,uspto50k,Modular Norm RandOpt,44,53,0.035,0.07
3,Qwen/Qwen2.5-1.5B-Instruct,uspto50k,Modular Norm RandOpt,44,54,0.025,0.07
3,Qwen/Qwen2.5-1.5B-Instruct,uspto50k,Modular Norm RandOpt,44,55,0.05,0.07
3,Qwen/Qwen2.5-1.5B-Instruct,uspto50k,Modular Norm RandOpt,44,56,0.03,0.07
3,Qwen/Qwen2.5-1.5B-Instruct,uspto50k,Modular Norm RandOpt,44,57,0.08,0.07
3,Qwen/Qwen2.5-1.5B-Instruct,uspto50k,Modular Norm RandOpt,44,58,0.04,0.07
3,Qwen/Qwen2.5-1.5B-Instruct,uspto50k,Modular Norm RandOpt,44,59,0.025,0.07
3,Qwen/Qwen2.5-1.5B-Instruct,uspto50k,Modular Norm RandOpt,44,60,0.005,0.07
3,Qwen/Qwen2.5-1.5B-Instruct,uspto50k,Modular Norm RandOpt,44,61,0.015,0.07
3,Qwen/Qwen2.5-1.5B-Instruct,uspto50k,Modular Norm RandOpt,44,62,0.05,0.07
3,Qwen/Qwen2.5-1.5B-Instruct,uspto50k,Modular Norm RandOpt,44,63,0.075,0.07
3,Qwen/Qwen2.5-1.5B-Instruct,uspto50k,Modular Norm RandOpt,44,64,0.13,0.07
3,Qwen/Qwen2.5-1.5B-Instruct,uspto50k,Modular Norm RandOpt,44,65,0.09,0.07
3,Qwen/Qwen2.5-1.5B-Instruct,uspto50k,Modular Norm RandOpt,44,66,0.065,0.07
3,Qwen/Qwen2.5-1.5B-Instruct,uspto50k,Modular Norm RandOpt,44,67,0.025,0.07
3,Qwen/Qwen2.5-1.5B-Instruct,uspto50k,Modular Norm RandOpt,44,68,0.04,0.07
3,Qwen/Qwen2.5-1.5B-Instruct,uspto50k,Modular Norm RandOpt,44,69,0.02,0.07
3,Qwen/Qwen2.5-1.5B-Instruct,uspto50k,Modular Norm RandOpt,44,70,0.105,0.07
3,Qwen/Qwen2.5-1.5B-Instruct,uspto50k,Modular Norm RandOpt,44,71,0.19,0.07
3,Qwen/Qwen2.5-1.5B-Instruct,uspto50k,Modular Norm RandOpt,44,72,0.015,0.07
3,Qwen/Qwen2.5-1.5B-Instruct,uspto50k,Modular Norm RandOpt,44,73,0.045,0.07
3,Qwen/Qwen2.5-1.5B-Instruct,uspto50k,Modular Norm RandOpt,44,74,0.02,0.07
3,Qwen/Qwen2.5-1.5B-Instruct,uspto50k,Modular Norm RandOpt,44,75,0.025,0.07
3,Qwen/Qwen2.5-1.5B-Instruct,uspto50k,Modular Norm RandOpt,44,76,0.055,0.07
3,Qwen/Qwen2.5-1.5B-Instruct,uspto50k,Modular Norm RandOpt,44,77,0.155,0.07
3,Qwen/Qwen2.5-1.5B-Instruct,uspto50k,Modular Norm RandOpt,44,78,0.005,0.07
3,Qwen/Qwen2.5-1.5B-Instruct,uspto50k,Modular Norm RandOpt,44,79,0.085,0.07
3,Qwen/Qwen2.5-1.5B-Instruct,uspto50k,Modular Norm RandOpt,44,80,0.035,0.07
3,Qwen/Qwen2.5-1.5B-Instruct,uspto50k,Modular Norm RandOpt,44,81,0.02,0.07
3,Qwen/Qwen2.5-1.5B-Instruct,uspto50k,Modular Norm RandOpt,44,82,0.15,0.07
3,Qwen/Qwen2.5-1.5B-Instruct,uspto50k,Modular Norm RandOpt,44,83,0.005,0.07
3,Qwen/Qwen2.5-1.5B-Instruct,uspto50k,Modular Norm RandOpt,44,84,0.03,0.07
3,Qwen/Qwen2.5-1.5B-Instruct,uspto50k,Modular Norm RandOpt,44,85,0.035,0.07
3,Qwen/Qwen2.5-1.5B-Instruct,uspto50k,Modular Norm RandOpt,44,86,0.05,0.07
3,Qwen/Qwen2.5-1.5B-Instruct,uspto50k,Modular Norm RandOpt,44,87,0.045,0.07
3,Qwen/Qwen2.5-1.5B-Instruct,uspto50k,Modular Norm RandOpt,44,88,0.07,0.07
3,Qwen/Qwen2.5-1.5B-Instruct,uspto50k,Modular Norm RandOpt,44,89,0.055,0.07
3,Qwen/Qwen2.5-1.5B-Instruct,uspto50k,Modular Norm RandOpt,44,90,0.11,0.07
3,Qwen/Qwen2.5-1.5B-Instruct,uspto50k,Modular Norm RandOpt,44,91,0.025,0.07
3,Qwen/Qwen2.5-1.5B-Instruct,uspto50k,Modular Norm RandOpt,44,92,0.02,0.07
3,Qwen/Qwen2.5-1.5B-Instruct,uspto50k,Modular Norm RandOpt,44,93,0.015,0.07
3,Qwen/Qwen2.5-1.5B-Instruct,uspto50k,Modular Norm RandOpt,44,94,0.055,0.07
3,Qwen/Qwen2.5-1.5B-Instruct,uspto50k,Modular Norm RandOpt,44,95,0.03,0.07
3,Qwen/Qwen2.5-1.5B-Instruct,uspto50k,Modular Norm RandOpt,44,96,0.04,0.07
3,Qwen/Qwen2.5-1.5B-Instruct,uspto50k,Modular Norm RandOpt,44,97,0.045,0.07
3,Qwen/Qwen2.5-1.5B-Instruct,uspto50k,Modular Norm RandOpt,44,98,0.06,0.07
3,Qwen/Qwen2.5-1.5B-Instruct,uspto50k,Modular Norm RandOpt,44,99,0.065,0.07
3,Qwen/Qwen2.5-1.5B-Instruct,uspto50k,RandOpt,42,0,0.075,0.07
3,Qwen/Qwen2.5-1.5B-Instruct,uspto50k,RandOpt,42,1,0.05,0.07
3,Qwen/Qwen2.5-1.5B-Instruct,uspto50k,RandOpt,42,2,0.065,0.07
3,Qwen/Qwen2.5-1.5B-Instruct,uspto50k,RandOpt,42,3,0.035,0.07
3,Qwen/Qwen2.5-1.5B-Instruct,uspto50k,RandOpt,42,4,0.14,0.07
3,Qwen/Qwen2.5-1.5B-Instruct,uspto50k,RandOpt,42,5,0.07,0.07
3,Qwen/Qwen2.5-1.5B-Instruct,uspto50k,RandOpt,42,6,0.02,0.07
3,Qwen/Qwen2.5-1.5B-Instruct,uspto50k,RandOpt,42,7,0.105,0.07
3,Qwen/Qwen2.5-1.5B-Instruct,uspto50k,RandOpt,42,8,0.035,0.07
3,Qwen/Qwen2.5-1.5B-Instruct,uspto50k,RandOpt,42,9,0.025,0.07
3,Qwen/Qwen2.5-1.5B-Instruct,uspto50k,RandOpt,42,10,0.025,0.07
3,Qwen/Qwen2.5-1.5B-Instruct,uspto50k,RandOpt,42,11,0.085,0.07
3,Qwen/Qwen2.5-1.5B-Instruct,uspto50k,RandOpt,42,12,0.05,0.07
3,Qwen/Qwen2.5-1.5B-Instruct,uspto50k,RandOpt,42,13,0.015,0.07
3,Qwen/Qwen2.5-1.5B-Instruct,uspto50k,RandOpt,42,14,0.04,0.07
3,Qwen/Qwen2.5-1.5B-Instruct,uspto50k,RandOpt,42,15,0.125,0.07
3,Qwen/Qwen2.5-1.5B-Instruct,uspto50k,RandOpt,42,16,0.025,0.07
3,Qwen/Qwen2.5-1.5B-Instruct,uspto50k,RandOpt,42,17,0.03,0.07
3,Qwen/Qwen2.5-1.5B-Instruct,uspto50k,RandOpt,42,18,0.025,0.07
3,Qwen/Qwen2.5-1.5B-Instruct,uspto50k,RandOpt,42,19,0.105,0.07
3,Qwen/Qwen2.5-1.5B-Instruct,uspto50k,RandOpt,42,20,0.015,0.07
3,Qwen/Qwen2.5-1.5B-Instruct,uspto50k,RandOpt,42,21,0.035,0.07
3,Qwen/Qwen2.5-1.5B-Instruct,uspto50k,RandOpt,42,22,0.06,0.07
3,Qwen/Qwen2.5-1.5B-Instruct,uspto50k,RandOpt,42,23,0.055,0.07
3,Qwen/Qwen2.5-1.5B-Instruct,uspto50k,RandOpt,42,24,0.015,0.07
3,Qwen/Qwen2.5-1.5B-Instruct,uspto50k,RandOpt,42,25,0.045,0.07
3,Qwen/Qwen2.5-1.5B-Instruct,uspto50k,RandOpt,42,26,0.08,0.07
3,Qwen/Qwen2.5-1.5B-Instruct,uspto50k,RandOpt,42,27,0.055,0.07
3,Qwen/Qwen2.5-1.5B-Instruct,uspto50k,RandOpt,42,28,0.055,0.07
3,Qwen/Qwen2.5-1.5B-Instruct,uspto50k,RandOpt,42,29,0.02,0.07
3,Qwen/Qwen2.5-1.5B-Instruct,uspto50k,RandOpt,42,30,0.04,0.07
3,Qwen/Qwen2.5-1.5B-Instruct,uspto50k,RandOpt,42,31,0.05,0.07
3,Qwen/Qwen2.5-1.5B-Instruct,uspto50k,RandOpt,42,32,0.065,0.07
3,Qwen/Qwen2.5-1.5B-Instruct,uspto50k,RandOpt,42,33,0.04,0.07
3,Qwen/Qwen2.5-1.5B-Instruct,uspto50k,RandOpt,42,34,0.08,0.07
3,Qwen/Qwen2.5-1.5B-Instruct,uspto50k,RandOpt,42,35,0.145,0.07
3,Qwen/Qwen2.5-1.5B-Instruct,uspto50k,RandOpt,42,36,0.175,0.07
3,Qwen/Qwen2.5-1.5B-Instruct,uspto50k,RandOpt,42,37,0.095,0.07
3,Qwen/Qwen2.5-1.5B-Instruct,uspto50k,RandOpt,42,38,0.065,0.07
3,Qwen/Qwen2.5-1.5B-Instruct,uspto50k,RandOpt,42,39,0.0,0.07
3,Qwen/Qwen2.5-1.5B-Instruct,uspto50k,RandOpt,42,40,0.025,0.07
3,Qwen/Qwen2.5-1.5B-Instruct,uspto50k,RandOpt,42,41,0.035,0.07
3,Qwen/Qwen2.5-1.5B-Instruct,uspto50k,RandOpt,42,42,0.075,0.07
3,Qwen/Qwen2.5-1.5B-Instruct,uspto50k,RandOpt,42,43,0.03,0.07
3,Qwen/Qwen2.5-1.5B-Instruct,uspto50k,RandOpt,42,44,0.085,0.07
3,Qwen/Qwen2.5-1.5B-Instruct,uspto50k,RandOpt,42,45,0.03,0.07
3,Qwen/Qwen2.5-1.5B-Instruct,uspto50k,RandOpt,42,46,0.02,0.07
3,Qwen/Qwen2.5-1.5B-Instruct,uspto50k,RandOpt,42,47,0.085,0.07
3,Qwen/Qwen2.5-1.5B-Instruct,uspto50k,RandOpt,42,48,0.08,0.07
3,Qwen/Qwen2.5-1.5B-Instruct,uspto50k,RandOpt,42,49,0.035,0.07
3,Qwen/Qwen2.5-1.5B-Instruct,uspto50k,RandOpt,42,50,0.07,0.07
3,Qwen/Qwen2.5-1.5B-Instruct,uspto50k,RandOpt,42,51,0.1,0.07
3,Qwen/Qwen2.5-1.5B-Instruct,uspto50k,RandOpt,42,52,0.015,0.07
3,Qwen/Qwen2.5-1.5B-Instruct,uspto50k,RandOpt,42,53,0.035,0.07
3,Qwen/Qwen2.5-1.5B-Instruct,uspto50k,RandOpt,42,54,0.01,0.07
3,Qwen/Qwen2.5-1.5B-Instruct,uspto50k,RandOpt,42,55,0.045,0.07
3,Qwen/Qwen2.5-1.5B-Instruct,uspto50k,RandOpt,42,56,0.1,0.07
3,Qwen/Qwen2.5-1.5B-Instruct,uspto50k,RandOpt,42,57,0.065,0.07
3,Qwen/Qwen2.5-1.5B-Instruct,uspto50k,RandOpt,42,58,0.045,0.07
3,Qwen/Qwen2.5-1.5B-Instruct,uspto50k,RandOpt,42,59,0.02,0.07
3,Qwen/Qwen2.5-1.5B-Instruct,uspto50k,RandOpt,42,60,0.065,0.07
3,Qwen/Qwen2.5-1.5B-Instruct,uspto50k,RandOpt,42,61,0.04,0.07
3,Qwen/Qwen2.5-1.5B-Instruct,uspto50k,RandOpt,42,62,0.045,0.07
3,Qwen/Qwen2.5-1.5B-Instruct,uspto50k,RandOpt,42,63,0.065,0.07
3,Qwen/Qwen2.5-1.5B-Instruct,uspto50k,RandOpt,42,64,0.02,0.07
3,Qwen/Qwen2.5-1.5B-Instruct,uspto50k,RandOpt,42,65,0.055,0.07
3,Qwen/Qwen2.5-1.5B-Instruct,uspto50k,RandOpt,42,66,0.045,0.07
3,Qwen/Qwen2.5-1.5B-Instruct,uspto50k,RandOpt,42,67,0.075,0.07
3,Qwen/Qwen2.5-1.5B-Instruct,uspto50k,RandOpt,42,68,0.035,0.07
3,Qwen/Qwen2.5-1.5B-Instruct,uspto50k,RandOpt,42,69,0.01,0.07
3,Qwen/Qwen2.5-1.5B-Instruct,uspto50k,RandOpt,42,70,0.05,0.07
3,Qwen/Qwen2.5-1.5B-Instruct,uspto50k,RandOpt,42,71,0.025,0.07
3,Qwen/Qwen2.5-1.5B-Instruct,uspto50k,RandOpt,42,72,0.02,0.07
3,Qwen/Qwen2.5-1.5B-Instruct,uspto50k,RandOpt,42,73,0.065,0.07
3,Qwen/Qwen2.5-1.5B-Instruct,uspto50k,RandOpt,42,74,0.05,0.07
3,Qwen/Qwen2.5-1.5B-Instruct,uspto50k,RandOpt,42,75,0.08,0.07
3,Qwen/Qwen2.5-1.5B-Instruct,uspto50k,RandOpt,42,76,0.09,0.07
3,Qwen/Qwen2.5-1.5B-Instruct,uspto50k,RandOpt,42,77,0.02,0.07
3,Qwen/Qwen2.5-1.5B-Instruct,uspto50k,RandOpt,42,78,0.075,0.07
3,Qwen/Qwen2.5-1.5B-Instruct,uspto50k,RandOpt,42,79,0.045,0.07
3,Qwen/Qwen2.5-1.5B-Instruct,uspto50k,RandOpt,42,80,0.065,0.07
3,Qwen/Qwen2.5-1.5B-Instruct,uspto50k,RandOpt,42,81,0.105,0.07
3,Qwen/Qwen2.5-1.5B-Instruct,uspto50k,RandOpt,42,82,0.18,0.07
3,Qwen/Qwen2.5-1.5B-Instruct,uspto50k,RandOpt,42,83,0.05,0.07
3,Qwen/Qwen2.5-1.5B-Instruct,uspto50k,RandOpt,42,84,0.02,0.07
3,Qwen/Qwen2.5-1.5B-Instruct,uspto50k,RandOpt,42,85,0.045,0.07
3,Qwen/Qwen2.5-1.5B-Instruct,uspto50k,RandOpt,42,86,0.025,0.07
3,Qwen/Qwen2.5-1.5B-Instruct,uspto50k,RandOpt,42,87,0.025,0.07
3,Qwen/Qwen2.5-1.5B-Instruct,uspto50k,RandOpt,42,88,0.035,0.07
3,Qwen/Qwen2.5-1.5B-Instruct,uspto50k,RandOpt,42,89,0.1,0.07
3,Qwen/Qwen2.5-1.5B-Instruct,uspto50k,RandOpt,42,90,0.05,0.07
3,Qwen/Qwen2.5-1.5B-Instruct,uspto50k,RandOpt,42,91,0.02,0.07
3,Qwen/Qwen2.5-1.5B-Instruct,uspto50k,RandOpt,42,92,0.14,0.07
3,Qwen/Qwen2.5-1.5B-Instruct,uspto50k,RandOpt,42,93,0.085,0.07
3,Qwen/Qwen2.5-1.5B-Instruct,uspto50k,RandOpt,42,94,0.02,0.07
3,Qwen/Qwen2.5-1.5B-Instruct,uspto50k,RandOpt,42,95,0.03,0.07
3,Qwen/Qwen2.5-1.5B-Instruct,uspto50k,RandOpt,42,96,0.02,0.07
3,Qwen/Qwen2.5-1.5B-Instruct,uspto50k,RandOpt,42,97,0.09,0.07
3,Qwen/Qwen2.5-1.5B-Instruct,uspto50k,RandOpt,42,98,0.07,0.07
3,Qwen/Qwen2.5-1.5B-Instruct,uspto50k,RandOpt,42,99,0.015,0.07
3,Qwen/Qwen2.5-1.5B-Instruct,uspto50k,RandOpt,43,0,0.03,0.07
3,Qwen/Qwen2.5-1.5B-Instruct,uspto50k,RandOpt,43,1,0.16,0.07
3,Qwen/Qwen2.5-1.5B-Instruct,uspto50k,RandOpt,43,2,0.07,0.07
3,Qwen/Qwen2.5-1.5B-Instruct,uspto50k,RandOpt,43,3,0.05,0.07
3,Qwen/Qwen2.5-1.5B-Instruct,uspto50k,RandOpt,43,4,0.03,0.07
3,Qwen/Qwen2.5-1.5B-Instruct,uspto50k,RandOpt,43,5,0.065,0.07
3,Qwen/Qwen2.5-1.5B-Instruct,uspto50k,RandOpt,43,6,0.075,0.07
3,Qwen/Qwen2.5-1.5B-Instruct,uspto50k,RandOpt,43,7,0.035,0.07
3,Qwen/Qwen2.5-1.5B-Instruct,uspto50k,RandOpt,43,8,0.075,0.07
3,Qwen/Qwen2.5-1.5B-Instruct,uspto50k,RandOpt,43,9,0.02,0.07
3,Qwen/Qwen2.5-1.5B-Instruct,uspto50k,RandOpt,43,10,0.02,0.07
3,Qwen/Qwen2.5-1.5B-Instruct,uspto50k,RandOpt,43,11,0.01,0.07
3,Qwen/Qwen2.5-1.5B-Instruct,uspto50k,RandOpt,43,12,0.045,0.07
3,Qwen/Qwen2.5-1.5B-Instruct,uspto50k,RandOpt,43,13,0.05,0.07
3,Qwen/Qwen2.5-1.5B-Instruct,uspto50k,RandOpt,43,14,0.02,0.07
3,Qwen/Qwen2.5-1.5B-Instruct,uspto50k,RandOpt,43,15,0.09,0.07
3,Qwen/Qwen2.5-1.5B-Instruct,uspto50k,RandOpt,43,16,0.04,0.07
3,Qwen/Qwen2.5-1.5B-Instruct,uspto50k,RandOpt,43,17,0.055,0.07
3,Qwen/Qwen2.5-1.5B-Instruct,uspto50k,RandOpt,43,18,0.05,0.07
3,Qwen/Qwen2.5-1.5B-Instruct,uspto50k,RandOpt,43,19,0.11,0.07
3,Qwen/Qwen2.5-1.5B-Instruct,uspto50k,RandOpt,43,20,0.02,0.07
3,Qwen/Qwen2.5-1.5B-Instruct,uspto50k,RandOpt,43,21,0.045,0.07
3,Qwen/Qwen2.5-1.5B-Instruct,uspto50k,RandOpt,43,22,0.05,0.07
3,Qwen/Qwen2.5-1.5B-Instruct,uspto50k,RandOpt,43,23,0.08,0.07
3,Qwen/Qwen2.5-1.5B-Instruct,uspto50k,RandOpt,43,24,0.035,0.07
3,Qwen/Qwen2.5-1.5B-Instruct,uspto50k,RandOpt,43,25,0.065,0.07
3,Qwen/Qwen2.5-1.5B-Instruct,uspto50k,RandOpt,43,26,0.08,0.07
3,Qwen/Qwen2.5-1.5B-Instruct,uspto50k,RandOpt,43,27,0.0,0.07
3,Qwen/Qwen2.5-1.5B-Instruct,uspto50k,RandOpt,43,28,0.06,0.07
3,Qwen/Qwen2.5-1.5B-Instruct,uspto50k,RandOpt,43,29,0.03,0.07
3,Qwen/Qwen2.5-1.5B-Instruct,uspto50k,RandOpt,43,30,0.055,0.07
3,Qwen/Qwen2.5-1.5B-Instruct,uspto50k,RandOpt,43,31,0.025,0.07
3,Qwen/Qwen2.5-1.5B-Instruct,uspto50k,RandOpt,43,32,0.025,0.07
3,Qwen/Qwen2.5-1.5B-Instruct,uspto50k,RandOpt,43,33,0.02,0.07
3,Qwen/Qwen2.5-1.5B-Instruct,uspto50k,RandOpt,43,34,0.04,0.07
3,Qwen/Qwen2.5-1.5B-Instruct,uspto50k,RandOpt,43,35,0.045,0.07
3,Qwen/Qwen2.5-1.5B-Instruct,uspto50k,RandOpt,43,36,0.03,0.07
3,Qwen/Qwen2.5-1.5B-Instruct,uspto50k,RandOpt,43,37,0.045,0.07
3,Qwen/Qwen2.5-1.5B-Instruct,uspto50k,RandOpt,43,38,0.03,0.07
3,Qwen/Qwen2.5-1.5B-Instruct,uspto50k,RandOpt,43,39,0.045,0.07
3,Qwen/Qwen2.5-1.5B-Instruct,uspto50k,RandOpt,43,40,0.07,0.07
3,Qwen/Qwen2.5-1.5B-Instruct,uspto50k,RandOpt,43,41,0.12,0.07
3,Qwen/Qwen2.5-1.5B-Instruct,uspto50k,RandOpt,43,42,0.01,0.07
3,Qwen/Qwen2.5-1.5B-Instruct,uspto50k,RandOpt,43,43,0.08,0.07
3,Qwen/Qwen2.5-1.5B-Instruct,uspto50k,RandOpt,43,44,0.015,0.07
3,Qwen/Qwen2.5-1.5B-Instruct,uspto50k,RandOpt,43,45,0.02,0.07
3,Qwen/Qwen2.5-1.5B-Instruct,uspto50k,RandOpt,43,46,0.03,0.07
3,Qwen/Qwen2.5-1.5B-Instruct,uspto50k,RandOpt,43,47,0.075,0.07
3,Qwen/Qwen2.5-1.5B-Instruct,uspto50k,RandOpt,43,48,0.025,0.07
3,Qwen/Qwen2.5-1.5B-Instruct,uspto50k,RandOpt,43,49,0.035,0.07
3,Qwen/Qwen2.5-1.5B-Instruct,uspto50k,RandOpt,43,50,0.055,0.07
3,Qwen/Qwen2.5-1.5B-Instruct,uspto50k,RandOpt,43,51,0.05,0.07
3,Qwen/Qwen2.5-1.5B-Instruct,uspto50k,RandOpt,43,52,0.025,0.07
3,Qwen/Qwen2.5-1.5B-Instruct,uspto50k,RandOpt,43,53,0.06,0.07
3,Qwen/Qwen2.5-1.5B-Instruct,uspto50k,RandOpt,43,54,0.05,0.07
3,Qwen/Qwen2.5-1.5B-Instruct,uspto50k,RandOpt,43,55,0.025,0.07
3,Qwen/Qwen2.5-1.5B-Instruct,uspto50k,RandOpt,43,56,0.025,0.07
3,Qwen/Qwen2.5-1.5B-Instruct,uspto50k,RandOpt,43,57,0.08,0.07
3,Qwen/Qwen2.5-1.5B-Instruct,uspto50k,RandOpt,43,58,0.105,0.07
3,Qwen/Qwen2.5-1.5B-Instruct,uspto50k,RandOpt,43,59,0.06,0.07
3,Qwen/Qwen2.5-1.5B-Instruct,uspto50k,RandOpt,43,60,0.045,0.07
3,Qwen/Qwen2.5-1.5B-Instruct,uspto50k,RandOpt,43,61,0.025,0.07
3,Qwen/Qwen2.5-1.5B-Instruct,uspto50k,RandOpt,43,62,0.05,0.07
3,Qwen/Qwen2.5-1.5B-Instruct,uspto50k,RandOpt,43,63,0.03,0.07
3,Qwen/Qwen2.5-1.5B-Instruct,uspto50k,RandOpt,43,64,0.025,0.07
3,Qwen/Qwen2.5-1.5B-Instruct,uspto50k,RandOpt,43,65,0.125,0.07
3,Qwen/Qwen2.5-1.5B-Instruct,uspto50k,RandOpt,43,66,0.035,0.07
3,Qwen/Qwen2.5-1.5B-Instruct,uspto50k,RandOpt,43,67,0.02,0.07
3,Qwen/Qwen2.5-1.5B-Instruct,uspto50k,RandOpt,43,68,0.03,0.07
3,Qwen/Qwen2.5-1.5B-Instruct,uspto50k,RandOpt,43,69,0.09,0.07
3,Qwen/Qwen2.5-1.5B-Instruct,uspto50k,RandOpt,43,70,0.045,0.07
3,Qwen/Qwen2.5-1.5B-Instruct,uspto50k,RandOpt,43,71,0.065,0.07
3,Qwen/Qwen2.5-1.5B-Instruct,uspto50k,RandOpt,43,72,0.075,0.07
3,Qwen/Qwen2.5-1.5B-Instruct,uspto50k,RandOpt,43,73,0.01,0.07
3,Qwen/Qwen2.5-1.5B-Instruct,uspto50k,RandOpt,43,74,0.075,0.07
3,Qwen/Qwen2.5-1.5B-Instruct,uspto50k,RandOpt,43,75,0.025,0.07
3,Qwen/Qwen2.5-1.5B-Instruct,uspto50k,RandOpt,43,76,0.035,0.07
3,Qwen/Qwen2.5-1.5B-Instruct,uspto50k,RandOpt,43,77,0.035,0.07
3,Qwen/Qwen2.5-1.5B-Instruct,uspto50k,RandOpt,43,78,0.04,0.07
3,Qwen/Qwen2.5-1.5B-Instruct,uspto50k,RandOpt,43,79,0.045,0.07
3,Qwen/Qwen2.5-1.5B-Instruct,uspto50k,RandOpt,43,80,0.08,0.07
3,Qwen/Qwen2.5-1.5B-Instruct,uspto50k,RandOpt,43,81,0.085,0.07
3,Qwen/Qwen2.5-1.5B-Instruct,uspto50k,RandOpt,43,82,0.085,0.07
3,Qwen/Qwen2.5-1.5B-Instruct,uspto50k,RandOpt,43,83,0.02,0.07
3,Qwen/Qwen2.5-1.5B-Instruct,uspto50k,RandOpt,43,84,0.03,0.07
3,Qwen/Qwen2.5-1.5B-Instruct,uspto50k,RandOpt,43,85,0.015,0.07
3,Qwen/Qwen2.5-1.5B-Instruct,uspto50k,RandOpt,43,86,0.0,0.07
3,Qwen/Qwen2.5-1.5B-Instruct,uspto50k,RandOpt,43,87,0.08,0.07
3,Qwen/Qwen2.5-1.5B-Instruct,uspto50k,RandOpt,43,88,0.085,0.07
3,Qwen/Qwen2.5-1.5B-Instruct,uspto50k,RandOpt,43,89,0.025,0.07
3,Qwen/Qwen2.5-1.5B-Instruct,uspto50k,RandOpt,43,90,0.145,0.07
3,Qwen/Qwen2.5-1.5B-Instruct,uspto50k,RandOpt,43,91,0.04,0.07
3,Qwen/Qwen2.5-1.5B-Instruct,uspto50k,RandOpt,43,92,0.035,0.07
3,Qwen/Qwen2.5-1.5B-Instruct,uspto50k,RandOpt,43,93,0.065,0.07
3,Qwen/Qwen2.5-1.5B-Instruct,uspto50k,RandOpt,43,94,0.075,0.07
3,Qwen/Qwen2.5-1.5B-Instruct,uspto50k,RandOpt,43,95,0.105,0.07
3,Qwen/Qwen2.5-1.5B-Instruct,uspto50k,RandOpt,43,96,0.045,0.07
3,Qwen/Qwen2.5-1.5B-Instruct,uspto50k,RandOpt,43,97,0.065,0.07
3,Qwen/Qwen2.5-1.5B-Instruct,uspto50k,RandOpt,43,98,0.04,0.07
3,Qwen/Qwen2.5-1.5B-Instruct,uspto50k,RandOpt,43,99,0.02,0.07
3,Qwen/Qwen2.5-1.5B-Instruct,uspto50k,RandOpt,44,0,0.025,0.07
3,Qwen/Qwen2.5-1.5B-Instruct,uspto50k,RandOpt,44,1,0.04,0.07
3,Qwen/Qwen2.5-1.5B-Instruct,uspto50k,RandOpt,44,2,0.08,0.07
3,Qwen/Qwen2.5-1.5B-Instruct,uspto50k,RandOpt,44,3,0.01,0.07
3,Qwen/Qwen2.5-1.5B-Instruct,uspto50k,RandOpt,44,4,0.07,0.07
3,Qwen/Qwen2.5-1.5B-Instruct,uspto50k,RandOpt,44,5,0.04,0.07
3,Qwen/Qwen2.5-1.5B-Instruct,uspto50k,RandOpt,44,6,0.05,0.07
3,Qwen/Qwen2.5-1.5B-Instruct,uspto50k,RandOpt,44,7,0.03,0.07
3,Qwen/Qwen2.5-1.5B-Instruct,uspto50k,RandOpt,44,8,0.025,0.07
3,Qwen/Qwen2.5-1.5B-Instruct,uspto50k,RandOpt,44,9,0.06,0.07
3,Qwen/Qwen2.5-1.5B-Instruct,uspto50k,RandOpt,44,10,0.08,0.07
3,Qwen/Qwen2.5-1.5B-Instruct,uspto50k,RandOpt,44,11,0.02,0.07
3,Qwen/Qwen2.5-1.5B-Instruct,uspto50k,RandOpt,44,12,0.02,0.07
3,Qwen/Qwen2.5-1.5B-Instruct,uspto50k,RandOpt,44,13,0.04,0.07
3,Qwen/Qwen2.5-1.5B-Instruct,uspto50k,RandOpt,44,14,0.045,0.07
3,Qwen/Qwen2.5-1.5B-Instruct,uspto50k,RandOpt,44,15,0.05,0.07
3,Qwen/Qwen2.5-1.5B-Instruct,uspto50k,RandOpt,44,16,0.045,0.07
3,Qwen/Qwen2.5-1.5B-Instruct,uspto50k,RandOpt,44,17,0.045,0.07
3,Qwen/Qwen2.5-1.5B-Instruct,uspto50k,RandOpt,44,18,0.085,0.07
3,Qwen/Qwen2.5-1.5B-Instruct,uspto50k,RandOpt,44,19,0.035,0.07
3,Qwen/Qwen2.5-1.5B-Instruct,uspto50k,RandOpt,44,20,0.07,0.07
3,Qwen/Qwen2.5-1.5B-Instruct,uspto50k,RandOpt,44,21,0.065,0.07
3,Qwen/Qwen2.5-1.5B-Instruct,uspto50k,RandOpt,44,22,0.055,0.07
3,Qwen/Qwen2.5-1.5B-Instruct,uspto50k,RandOpt,44,23,0.11,0.07
3,Qwen/Qwen2.5-1.5B-Instruct,uspto50k,RandOpt,44,24,0.11,0.07
3,Qwen/Qwen2.5-1.5B-Instruct,uspto50k,RandOpt,44,25,0.06,0.07
3,Qwen/Qwen2.5-1.5B-Instruct,uspto50k,RandOpt,44,26,0.015,0.07
3,Qwen/Qwen2.5-1.5B-Instruct,uspto50k,RandOpt,44,27,0.05,0.07
3,Qwen/Qwen2.5-1.5B-Instruct,uspto50k,RandOpt,44,28,0.045,0.07
3,Qwen/Qwen2.5-1.5B-Instruct,uspto50k,RandOpt,44,29,0.04,0.07
3,Qwen/Qwen2.5-1.5B-Instruct,uspto50k,RandOpt,44,30,0.055,0.07
3,Qwen/Qwen2.5-1.5B-Instruct,uspto50k,RandOpt,44,31,0.02,0.07
3,Qwen/Qwen2.5-1.5B-Instruct,uspto50k,RandOpt,44,32,0.025,0.07
3,Qwen/Qwen2.5-1.5B-Instruct,uspto50k,RandOpt,44,33,0.05,0.07
3,Qwen/Qwen2.5-1.5B-Instruct,uspto50k,RandOpt,44,34,0.08,0.07
3,Qwen/Qwen2.5-1.5B-Instruct,uspto50k,RandOpt,44,35,0.08,0.07
3,Qwen/Qwen2.5-1.5B-Instruct,uspto50k,RandOpt,44,36,0.02,0.07
3,Qwen/Qwen2.5-1.5B-Instruct,uspto50k,RandOpt,44,37,0.045,0.07
3,Qwen/Qwen2.5-1.5B-Instruct,uspto50k,RandOpt,44,38,0.035,0.07
3,Qwen/Qwen2.5-1.5B-Instruct,uspto50k,RandOpt,44,39,0.055,0.07
3,Qwen/Qwen2.5-1.5B-Instruct,uspto50k,RandOpt,44,40,0.02,0.07
3,Qwen/Qwen2.5-1.5B-Instruct,uspto50k,RandOpt,44,41,0.09,0.07
3,Qwen/Qwen2.5-1.5B-Instruct,uspto50k,RandOpt,44,42,0.045,0.07
3,Qwen/Qwen2.5-1.5B-Instruct,uspto50k,RandOpt,44,43,0.08,0.07
3,Qwen/Qwen2.5-1.5B-Instruct,uspto50k,RandOpt,44,44,0.025,0.07
3,Qwen/Qwen2.5-1.5B-Instruct,uspto50k,RandOpt,44,45,0.09,0.07
3,Qwen/Qwen2.5-1.5B-Instruct,uspto50k,RandOpt,44,46,0.04,0.07
3,Qwen/Qwen2.5-1.5B-Instruct,uspto50k,RandOpt,44,47,0.02,0.07
3,Qwen/Qwen2.5-1.5B-Instruct,uspto50k,RandOpt,44,48,0.04,0.07
3,Qwen/Qwen2.5-1.5B-Instruct,uspto50k,RandOpt,44,49,0.06,0.07
3,Qwen/Qwen2.5-1.5B-Instruct,uspto50k,RandOpt,44,50,0.015,0.07
3,Qwen/Qwen2.5-1.5B-Instruct,uspto50k,RandOpt,44,51,0.065,0.07
3,Qwen/Qwen2.5-1.5B-Instruct,uspto50k,RandOpt,44,52,0.1,0.07
3,Qwen/Qwen2.5-1.5B-Instruct,uspto50k,RandOpt,44,53,0.06,0.07
3,Qwen/Qwen2.5-1.5B-Instruct,uspto50k,RandOpt,44,54,0.04,0.07
3,Qwen/Qwen2.5-1.5B-Instruct,uspto50k,RandOpt,44,55,0.02,0.07
3,Qwen/Qwen2.5-1.5B-Instruct,uspto50k,RandOpt,44,56,0.02,0.07
3,Qwen/Qwen2.5-1.5B-Instruct,uspto50k,RandOpt,44,57,0.005,0.07
3,Qwen/Qwen2.5-1.5B-Instruct,uspto50k,RandOpt,44,58,0.135,0.07
3,Qwen/Qwen2.5-1.5B-Instruct,uspto50k,RandOpt,44,59,0.025,0.07
3,Qwen/Qwen2.5-1.5B-Instruct,uspto50k,RandOpt,44,60,0.01,0.07
3,Qwen/Qwen2.5-1.5B-Instruct,uspto50k,RandOpt,44,61,0.085,0.07
3,Qwen/Qwen2.5-1.5B-Instruct,uspto50k,RandOpt,44,62,0.095,0.07
3,Qwen/Qwen2.5-1.5B-Instruct,uspto50k,RandOpt,44,63,0.07,0.07
3,Qwen/Qwen2.5-1.5B-Instruct,uspto50k,RandOpt,44,64,0.085,0.07
3,Qwen/Qwen2.5-1.5B-Instruct,uspto50k,RandOpt,44,65,0.105,0.07
3,Qwen/Qwen2.5-1.5B-Instruct,uspto50k,RandOpt,44,66,0.055,0.07
3,Qwen/Qwen2.5-1.5B-Instruct,uspto50k,RandOpt,44,67,0.035,0.07
3,Qwen/Qwen2.5-1.5B-Instruct,uspto50k,RandOpt,44,68,0.06,0.07
3,Qwen/Qwen2.5-1.5B-Instruct,uspto50k,RandOpt,44,69,0.035,0.07
3,Qwen/Qwen2.5-1.5B-Instruct,uspto50k,RandOpt,44,70,0.02,0.07
3,Qwen/Qwen2.5-1.5B-Instruct,uspto50k,RandOpt,44,71,0.085,0.07
3,Qwen/Qwen2.5-1.5B-Instruct,uspto50k,RandOpt,44,72,0.04,0.07
3,Qwen/Qwen2.5-1.5B-Instruct,uspto50k,RandOpt,44,73,0.075,0.07
3,Qwen/Qwen2.5-1.5B-Instruct,uspto50k,RandOpt,44,74,0.04,0.07
3,Qwen/Qwen2.5-1.5B-Instruct,uspto50k,RandOpt,44,75,0.045,0.07
3,Qwen/Qwen2.5-1.5B-Instruct,uspto50k,RandOpt,44,76,0.045,0.07
3,Qwen/Qwen2.5-1.5B-Instruct,uspto50k,RandOpt,44,77,0.115,0.07
3,Qwen/Qwen2.5-1.5B-Instruct,uspto50k,RandOpt,44,78,0.015,0.07
3,Qwen/Qwen2.5-1.5B-Instruct,uspto50k,RandOpt,44,79,0.055,0.07
3,Qwen/Qwen2.5-1.5B-Instruct,uspto50k,RandOpt,44,80,0.115,0.07
3,Qwen/Qwen2.5-1.5B-Instruct,uspto50k,RandOpt,44,81,0.005,0.07
3,Qwen/Qwen2.5-1.5B-Instruct,uspto50k,RandOpt,44,82,0.055,0.07
3,Qwen/Qwen2.5-1.5B-Instruct,uspto50k,RandOpt,44,83,0.1,0.07
3,Qwen/Qwen2.5-1.5B-Instruct,uspto50k,RandOpt,44,84,0.08,0.07
3,Qwen/Qwen2.5-1.5B-Instruct,uspto50k,RandOpt,44,85,0.09,0.07
3,Qwen/Qwen2.5-1.5B-Instruct,uspto50k,RandOpt,44,86,0.015,0.07
3,Qwen/Qwen2.5-1.5B-Instruct,uspto50k,RandOpt,44,87,0.05,0.07
3,Qwen/Qwen2.5-1.5B-Instruct,uspto50k,RandOpt,44,88,0.085,0.07
3,Qwen/Qwen2.5-1.5B-Instruct,uspto50k,RandOpt,44,89,0.025,0.07
3,Qwen/Qwen2.5-1.5B-Instruct,uspto50k,RandOpt,44,90,0.08,0.07
3,Qwen/Qwen2.5-1.5B-Instruct,uspto50k,RandOpt,44,91,0.03,0.07
3,Qwen/Qwen2.5-1.5B-Instruct,uspto50k,RandOpt,44,92,0.075,0.07
3,Qwen/Qwen2.5-1.5B-Instruct,uspto50k,RandOpt,44,93,0.08,0.07
3,Qwen/Qwen2.5-1.5B-Instruct,uspto50k,RandOpt,44,94,0.035,0.07
3,Qwen/Qwen2.5-1.5B-Instruct,uspto50k,RandOpt,44,95,0.02,0.07
3,Qwen/Qwen2.5-1.5B-Instruct,uspto50k,RandOpt,44,96,0.015,0.07
3,Qwen/Qwen2.5-1.5B-Instruct,uspto50k,RandOpt,44,97,0.07,0.07
3,Qwen/Qwen2.5-1.5B-Instruct,uspto50k,RandOpt,44,98,0.06,0.07
3,Qwen/Qwen2.5-1.5B-Instruct,uspto50k,RandOpt,44,99,0.025,0.07
4,Qwen/Qwen2.5-1.5B-Instruct,gsm8k,RandOpt,42,0,0.72,0.705
4,Qwen/Qwen2.5-1.5B-Instruct,gsm8k,RandOpt,42,1,0.72,0.705
4,Qwen/Qwen2.5-1.5B-Instruct,gsm8k,RandOpt,42,2,0.67,0.705
4,Qwen/Qwen2.5-1.5B-Instruct,gsm8k,RandOpt,42,3,0.735,0.705
4,Qwen/Qwen2.5-1.5B-Instruct,gsm8k,RandOpt,42,4,0.68,0.705
4,Qwen/Qwen2.5-1.5B-Instruct,gsm8k,RandOpt,42,5,0.7,0.705
4,Qwen/Qwen2.5-1.5B-Instruct,gsm8k,RandOpt,42,6,0.705,0.705
4,Qwen/Qwen2.5-1.5B-Instruct,gsm8k,RandOpt,42,7,0.715,0.705
4,Qwen/Qwen2.5-1.5B-Instruct,gsm8k,RandOpt,42,8,0.735,0.705
4,Qwen/Qwen2.5-1.5B-Instruct,gsm8k,RandOpt,42,9,0.68,0.705
4,Qwen/Qwen2.5-1.5B-Instruct,gsm8k,RandOpt,42,10,0.725,0.705
4,Qwen/Qwen2.5-1.5B-Instruct,gsm8k,RandOpt,42,11,0.7,0.705
4,Qwen/Qwen2.5-1.5B-Instruct,gsm8k,RandOpt,42,12,0.695,0.705
4,Qwen/Qwen2.5-1.5B-Instruct,gsm8k,RandOpt,42,13,0.73,0.705
4,Qwen/Qwen2.5-1.5B-Instruct,gsm8k,RandOpt,42,14,0.735,0.705
4,Qwen/Qwen2.5-1.5B-Instruct,gsm8k,RandOpt,42,15,0.735,0.705
4,Qwen/Qwen2.5-1.5B-Instruct,gsm8k,RandOpt,42,16,0.72,0.705
4,Qwen/Qwen2.5-1.5B-Instruct,gsm8k,RandOpt,42,17,0.71,0.705
4,Qwen/Qwen2.5-1.5B-Instruct,gsm8k,RandOpt,42,18,0.695,0.705
4,Qwen/Qwen2.5-1.5B-Instruct,gsm8k,RandOpt,42,19,0.665,0.705
4,Qwen/Qwen2.5-1.5B-Instruct,gsm8k,RandOpt,42,20,0.74,0.705
4,Qwen/Qwen2.5-1.5B-Instruct,gsm8k,RandOpt,42,21,0.715,0.705
4,Qwen/Qwen2.5-1.5B-Instruct,gsm8k,RandOpt,42,22,0.725,0.705
4,Qwen/Qwen2.5-1.5B-Instruct,gsm8k,RandOpt,42,23,0.72,0.705
4,Qwen/Qwen2.5-1.5B-Instruct,gsm8k,RandOpt,42,24,0.69,0.705
4,Qwen/Qwen2.5-1.5B-Instruct,gsm8k,RandOpt,42,25,0.695,0.705
4,Qwen/Qwen2.5-1.5B-Instruct,gsm8k,RandOpt,42,26,0.735,0.705
4,Qwen/Qwen2.5-1.5B-Instruct,gsm8k,RandOpt,42,27,0.73,0.705
4,Qwen/Qwen2.5-1.5B-Instruct,gsm8k,RandOpt,42,28,0.75,0.705
4,Qwen/Qwen2.5-1.5B-Instruct,gsm8k,RandOpt,42,29,0.74,0.705
4,Qwen/Qwen2.5-1.5B-Instruct,gsm8k,RandOpt,42,30,0.685,0.705
4,Qwen/Qwen2.5-1.5B-Instruct,gsm8k,RandOpt,42,31,0.71,0.705
4,Qwen/Qwen2.5-1.5B-Instruct,gsm8k,RandOpt,42,32,0.695,0.705
4,Qwen/Qwen2.5-1.5B-Instruct,gsm8k,RandOpt,42,33,0.69,0.705
4,Qwen/Qwen2.5-1.5B-Instruct,gsm8k,RandOpt,42,34,0.685,0.705
4,Qwen/Qwen2.5-1.5B-Instruct,gsm8k,RandOpt,42,35,0.695,0.705
4,Qwen/Qwen2.5-1.5B-Instruct,gsm8k,RandOpt,42,36,0.74,0.705
4,Qwen/Qwen2.5-1.5B-Instruct,gsm8k,RandOpt,42,37,0.72,0.705
4,Qwen/Qwen2.5-1.5B-Instruct,gsm8k,RandOpt,42,38,0.735,0.705
4,Qwen/Qwen2.5-1.5B-Instruct,gsm8k,RandOpt,42,39,0.72,0.705
4,Qwen/Qwen2.5-1.5B-Instruct,gsm8k,RandOpt,42,40,0.66,0.705
4,Qwen/Qwen2.5-1.5B-Instruct,gsm8k,RandOpt,42,41,0.72,0.705
4,Qwen/Qwen2.5-1.5B-Instruct,gsm8k,RandOpt,42,42,0.71,0.705
4,Qwen/Qwen2.5-1.5B-Instruct,gsm8k,RandOpt,42,43,0.7,0.705
4,Qwen/Qwen2.5-1.5B-Instruct,gsm8k,RandOpt,42,44,0.7,0.705
4,Qwen/Qwen2.5-1.5B-Instruct,gsm8k,RandOpt,42,45,0.7,0.705
4,Qwen/Qwen2.5-1.5B-Instruct,gsm8k,RandOpt,42,46,0.7,0.705
4,Qwen/Qwen2.5-1.5B-Instruct,gsm8k,RandOpt,42,47,0.72,0.705
4,Qwen/Qwen2.5-1.5B-Instruct,gsm8k,RandOpt,42,48,0.705,0.705
4,Qwen/Qwen2.5-1.5B-Instruct,gsm8k,RandOpt,42,49,0.68,0.705
4,Qwen/Qwen2.5-1.5B-Instruct,gsm8k,RandOpt,42,50,0.725,0.705
4,Qwen/Qwen2.5-1.5B-Instruct,gsm8k,RandOpt,42,51,0.695,0.705
4,Qwen/Qwen2.5-1.5B-Instruct,gsm8k,RandOpt,42,52,0.66,0.705
4,Qwen/Qwen2.5-1.5B-Instruct,gsm8k,RandOpt,42,53,0.68,0.705
4,Qwen/Qwen2.5-1.5B-Instruct,gsm8k,RandOpt,42,54,0.755,0.705
4,Qwen/Qwen2.5-1.5B-Instruct,gsm8k,RandOpt,42,55,0.67,0.705
4,Qwen/Qwen2.5-1.5B-Instruct,gsm8k,RandOpt,42,56,0.695,0.705
4,Qwen/Qwen2.5-1.5B-Instruct,gsm8k,RandOpt,42,57,0.745,0.705
4,Qwen/Qwen2.5-1.5B-Instruct,gsm8k,RandOpt,42,58,0.735,0.705
4,Qwen/Qwen2.5-1.5B-Instruct,gsm8k,RandOpt,42,59,0.71,0.705
4,Qwen/Qwen2.5-1.5B-Instruct,gsm8k,RandOpt,42,60,0.73,0.705
4,Qwen/Qwen2.5-1.5B-Instruct,gsm8k,RandOpt,42,61,0.705,0.705
4,Qwen/Qwen2.5-1.5B-Instruct,gsm8k,RandOpt,42,62,0.72,0.705
4,Qwen/Qwen2.5-1.5B-Instruct,gsm8k,RandOpt,42,63,0.725,0.705
4,Qwen/Qwen2.5-1.5B-Instruct,gsm8k,RandOpt,42,64,0.68,0.705
4,Qwen/Qwen2.5-1.5B-Instruct,gsm8k,RandOpt,42,65,0.72,0.705
4,Qwen/Qwen2.5-1.5B-Instruct,gsm8k,RandOpt,42,66,0.735,0.705
4,Qwen/Qwen2.5-1.5B-Instruct,gsm8k,RandOpt,42,67,0.69,0.705
4,Qwen/Qwen2.5-1.5B-Instruct,gsm8k,RandOpt,42,68,0.715,0.705
4,Qwen/Qwen2.5-1.5B-Instruct,gsm8k,RandOpt,42,69,0.7,0.705
4,Qwen/Qwen2.5-1.5B-Instruct,gsm8k,RandOpt,42,70,0.68,0.705
4,Qwen/Qwen2.5-1.5B-Instruct,gsm8k,RandOpt,42,71,0.69,0.705
4,Qwen/Qwen2.5-1.5B-Instruct,gsm8k,RandOpt,42,72,0.71,0.705
4,Qwen/Qwen2.5-1.5B-Instruct,gsm8k,RandOpt,42,73,0.71,0.705
4,Qwen/Qwen2.5-1.5B-Instruct,gsm8k,RandOpt,42,74,0.69,0.705
4,Qwen/Qwen2.5-1.5B-Instruct,gsm8k,RandOpt,42,75,0.685,0.705
4,Qwen/Qwen2.5-1.5B-Instruct,gsm8k,RandOpt,42,76,0.66,0.705
4,Qwen/Qwen2.5-1.5B-Instruct,gsm8k,RandOpt,42,77,0.71,0.705
4,Qwen/Qwen2.5-1.5B-Instruct,gsm8k,RandOpt,42,78,0.715,0.705
4,Qwen/Qwen2.5-1.5B-Instruct,gsm8k,RandOpt,42,79,0.7,0.705
4,Qwen/Qwen2.5-1.5B-Instruct,gsm8k,RandOpt,42,80,0.68,0.705
4,Qwen/Qwen2.5-1.5B-Instruct,gsm8k,RandOpt,42,81,0.69,0.705
4,Qwen/Qwen2.5-1.5B-Instruct,gsm8k,RandOpt,42,82,0.69,0.705
4,Qwen/Qwen2.5-1.5B-Instruct,gsm8k,RandOpt,42,83,0.7,0.705
4,Qwen/Qwen2.5-1.5B-Instruct,gsm8k,RandOpt,42,84,0.665,0.705
4,Qwen/Qwen2.5-1.5B-Instruct,gsm8k,RandOpt,42,85,0.72,0.705
4,Qwen/Qwen2.5-1.5B-Instruct,gsm8k,RandOpt,42,86,0.68,0.705
4,Qwen/Qwen2.5-1.5B-Instruct,gsm8k,RandOpt,42,87,0.66,0.705
4,Qwen/Qwen2.5-1.5B-Instruct,gsm8k,RandOpt,42,88,0.78,0.705
4,Qwen/Qwen2.5-1.5B-Instruct,gsm8k,RandOpt,42,89,0.715,0.705
4,Qwen/Qwen2.5-1.5B-Instruct,gsm8k,RandOpt,42,90,0.76,0.705
4,Qwen/Qwen2.5-1.5B-Instruct,gsm8k,RandOpt,42,91,0.7,0.705
4,Qwen/Qwen2.5-1.5B-Instruct,gsm8k,RandOpt,42,92,0.72,0.705
4,Qwen/Qwen2.5-1.5B-Instruct,gsm8k,RandOpt,42,93,0.705,0.705
4,Qwen/Qwen2.5-1.5B-Instruct,gsm8k,RandOpt,42,94,0.705,0.705
4,Qwen/Qwen2.5-1.5B-Instruct,gsm8k,RandOpt,42,95,0.74,0.705
4,Qwen/Qwen2.5-1.5B-Instruct,gsm8k,RandOpt,42,96,0.66,0.705
4,Qwen/Qwen2.5-1.5B-Instruct,gsm8k,RandOpt,42,97,0.72,0.705
4,Qwen/Qwen2.5-1.5B-Instruct,gsm8k,RandOpt,42,98,0.695,0.705
4,Qwen/Qwen2.5-1.5B-Instruct,gsm8k,RandOpt,42,99,0.68,0.705
4,Qwen/Qwen2.5-1.5B-Instruct,gsm8k,RandOpt,42,100,0.735,0.705
4,Qwen/Qwen2.5-1.5B-Instruct,gsm8k,RandOpt,42,101,0.705,0.705
4,Qwen/Qwen2.5-1.5B-Instruct,gsm8k,RandOpt,42,102,0.67,0.705
4,Qwen/Qwen2.5-1.5B-Instruct,gsm8k,RandOpt,42,103,0.685,0.705
4,Qwen/Qwen2.5-1.5B-Instruct,gsm8k,RandOpt,42,104,0.68,0.705
4,Qwen/Qwen2.5-1.5B-Instruct,gsm8k,RandOpt,42,105,0.705,0.705
4,Qwen/Qwen2.5-1.5B-Instruct,gsm8k,RandOpt,42,106,0.725,0.705
4,Qwen/Qwen2.5-1.5B-Instruct,gsm8k,RandOpt,42,107,0.675,0.705
4,Qwen/Qwen2.5-1.5B-Instruct,gsm8k,RandOpt,42,108,0.74,0.705
4,Qwen/Qwen2.5-1.5B-Instruct,gsm8k,RandOpt,42,109,0.725,0.705
4,Qwen/Qwen2.5-1.5B-Instruct,gsm8k,RandOpt,42,110,0.675,0.705
4,Qwen/Qwen2.5-1.5B-Instruct,gsm8k,RandOpt,42,111,0.655,0.705
4,Qwen/Qwen2.5-1.5B-Instruct,gsm8k,RandOpt,42,112,0.7,0.705
4,Qwen/Qwen2.5-1.5B-Instruct,gsm8k,RandOpt,42,113,0.71,0.705
4,Qwen/Qwen2.5-1.5B-Instruct,gsm8k,RandOpt,42,114,0.685,0.705
4,Qwen/Qwen2.5-1.5B-Instruct,gsm8k,RandOpt,42,115,0.74,0.705
4,Qwen/Qwen2.5-1.5B-Instruct,gsm8k,RandOpt,42,116,0.69,0.705
4,Qwen/Qwen2.5-1.5B-Instruct,gsm8k,RandOpt,42,117,0.695,0.705
4,Qwen/Qwen2.5-1.5B-Instruct,gsm8k,RandOpt,42,118,0.735,0.705
4,Qwen/Qwen2.5-1.5B-Instruct,gsm8k,RandOpt,42,119,0.765,0.705
4,Qwen/Qwen2.5-1.5B-Instruct,gsm8k,RandOpt,42,120,0.71,0.705
4,Qwen/Qwen2.5-1.5B-Instruct,gsm8k,RandOpt,42,121,0.735,0.705
4,Qwen/Qwen2.5-1.5B-Instruct,gsm8k,RandOpt,42,122,0.715,0.705
4,Qwen/Qwen2.5-1.5B-Instruct,gsm8k,RandOpt,42,123,0.74,0.705
4,Qwen/Qwen2.5-1.5B-Instruct,gsm8k,RandOpt,42,124,0.7,0.705
4,Qwen/Qwen2.5-1.5B-Instruct,gsm8k,RandOpt,42,125,0.695,0.705
4,Qwen/Qwen2.5-1.5B-Instruct,gsm8k,RandOpt,42,126,0.71,0.705
4,Qwen/Qwen2.5-1.5B-Instruct,gsm8k,RandOpt,42,127,0.73,0.705
4,Qwen/Qwen2.5-1.5B-Instruct,gsm8k,RandOpt,42,128,0.755,0.705
4,Qwen/Qwen2.5-1.5B-Instruct,gsm8k,RandOpt,42,129,0.74,0.705
4,Qwen/Qwen2.5-1.5B-Instruct,gsm8k,RandOpt,42,130,0.64,0.705
4,Qwen/Qwen2.5-1.5B-Instruct,gsm8k,RandOpt,42,131,0.675,0.705
4,Qwen/Qwen2.5-1.5B-Instruct,gsm8k,RandOpt,42,132,0.725,0.705
4,Qwen/Qwen2.5-1.5B-Instruct,gsm8k,RandOpt,42,133,0.735,0.705
4,Qwen/Qwen2.5-1.5B-Instruct,gsm8k,RandOpt,42,134,0.685,0.705
4,Qwen/Qwen2.5-1.5B-Instruct,gsm8k,RandOpt,42,135,0.705,0.705
4,Qwen/Qwen2.5-1.5B-Instruct,gsm8k,RandOpt,42,136,0.69,0.705
4,Qwen/Qwen2.5-1.5B-Instruct,gsm8k,RandOpt,42,137,0.71,0.705
4,Qwen/Qwen2.5-1.5B-Instruct,gsm8k,RandOpt,42,138,0.725,0.705
4,Qwen/Qwen2.5-1.5B-Instruct,gsm8k,RandOpt,42,139,0.685,0.705
4,Qwen/Qwen2.5-1.5B-Instruct,gsm8k,RandOpt,42,140,0.69,0.705
4,Qwen/Qwen2.5-1.5B-Instruct,gsm8k,RandOpt,42,141,0.72,0.705
4,Qwen/Qwen2.5-1.5B-Instruct,gsm8k,RandOpt,42,142,0.69,0.705
4,Qwen/Qwen2.5-1.5B-Instruct,gsm8k,RandOpt,42,143,0.705,0.705
4,Qwen/Qwen2.5-1.5B-Instruct,gsm8k,RandOpt,42,144,0.7,0.705
4,Qwen/Qwen2.5-1.5B-Instruct,gsm8k,RandOpt,42,145,0.68,0.705
4,Qwen/Qwen2.5-1.5B-Instruct,gsm8k,RandOpt,42,146,0.7,0.705
4,Qwen/Qwen2.5-1.5B-Instruct,gsm8k,RandOpt,42,147,0.68,0.705
4,Qwen/Qwen2.5-1.5B-Instruct,gsm8k,RandOpt,42,148,0.685,0.705
4,Qwen/Qwen2.5-1.5B-Instruct,gsm8k,RandOpt,42,149,0.67,0.705
4,Qwen/Qwen2.5-1.5B-Instruct,gsm8k,RandOpt,42,150,0.72,0.705
4,Qwen/Qwen2.5-1.5B-Instruct,gsm8k,RandOpt,42,151,0.705,0.705
4,Qwen/Qwen2.5-1.5B-Instruct,gsm8k,RandOpt,42,152,0.755,0.705
4,Qwen/Qwen2.5-1.5B-Instruct,gsm8k,RandOpt,42,153,0.755,0.705
4,Qwen/Qwen2.5-1.5B-Instruct,gsm8k,RandOpt,42,154,0.67,0.705
4,Qwen/Qwen2.5-1.5B-Instruct,gsm8k,RandOpt,42,155,0.695,0.705
4,Qwen/Qwen2.5-1.5B-Instruct,gsm8k,RandOpt,42,156,0.73,0.705
4,Qwen/Qwen2.5-1.5B-Instruct,gsm8k,RandOpt,42,157,0.695,0.705
4,Qwen/Qwen2.5-1.5B-Instruct,gsm8k,RandOpt,42,158,0.72,0.705
4,Qwen/Qwen2.5-1.5B-Instruct,gsm8k,RandOpt,42,159,0.705,0.705
4,Qwen/Qwen2.5-1.5B-Instruct,gsm8k,RandOpt,42,160,0.7,0.705
4,Qwen/Qwen2.5-1.5B-Instruct,gsm8k,RandOpt,42,161,0.685,0.705
4,Qwen/Qwen2.5-1.5B-Instruct,gsm8k,RandOpt,42,162,0.665,0.705
4,Qwen/Qwen2.5-1.5B-Instruct,gsm8k,RandOpt,42,163,0.715,0.705
4,Qwen/Qwen2.5-1.5B-Instruct,gsm8k,RandOpt,42,164,0.68,0.705
4,Qwen/Qwen2.5-1.5B-Instruct,gsm8k,RandOpt,42,165,0.67,0.705
4,Qwen/Qwen2.5-1.5B-Instruct,gsm8k,RandOpt,42,166,0.72,0.705
4,Qwen/Qwen2.5-1.5B-Instruct,gsm8k,RandOpt,42,167,0.7,0.705
4,Qwen/Qwen2.5-1.5B-Instruct,gsm8k,RandOpt,42,168,0.715,0.705
4,Qwen/Qwen2.5-1.5B-Instruct,gsm8k,RandOpt,42,169,0.705,0.705
4,Qwen/Qwen2.5-1.5B-Instruct,gsm8k,RandOpt,42,170,0.695,0.705
4,Qwen/Qwen2.5-1.5B-Instruct,gsm8k,RandOpt,42,171,0.715,0.705
4,Qwen/Qwen2.5-1.5B-Instruct,gsm8k,RandOpt,42,172,0.715,0.705
4,Qwen/Qwen2.5-1.5B-Instruct,gsm8k,RandOpt,42,173,0.77,0.705
4,Qwen/Qwen2.5-1.5B-Instruct,gsm8k,RandOpt,42,174,0.675,0.705
4,Qwen/Qwen2.5-1.5B-Instruct,gsm8k,RandOpt,42,175,0.71,0.705
4,Qwen/Qwen2.5-1.5B-Instruct,gsm8k,RandOpt,42,176,0.715,0.705
4,Qwen/Qwen2.5-1.5B-Instruct,gsm8k,RandOpt,42,177,0.72,0.705
4,Qwen/Qwen2.5-1.5B-Instruct,gsm8k,RandOpt,42,178,0.71,0.705
4,Qwen/Qwen2.5-1.5B-Instruct,gsm8k,RandOpt,42,179,0.72,0.705
4,Qwen/Qwen2.5-1.5B-Instruct,gsm8k,RandOpt,42,180,0.68,0.705
4,Qwen/Qwen2.5-1.5B-Instruct,gsm8k,RandOpt,42,181,0.695,0.705
4,Qwen/Qwen2.5-1.5B-Instruct,gsm8k,RandOpt,42,182,0.645,0.705
4,Qwen/Qwen2.5-1.5B-Instruct,gsm8k,RandOpt,42,183,0.665,0.705
4,Qwen/Qwen2.5-1.5B-Instruct,gsm8k,RandOpt,42,184,0.715,0.705
4,Qwen/Qwen2.5-1.5B-Instruct,gsm8k,RandOpt,42,185,0.745,0.705
4,Qwen/Qwen2.5-1.5B-Instruct,gsm8k,RandOpt,42,186,0.73,0.705
4,Qwen/Qwen2.5-1.5B-Instruct,gsm8k,RandOpt,42,187,0.66,0.705
4,Qwen/Qwen2.5-1.5B-Instruct,gsm8k,RandOpt,42,188,0.71,0.705
4,Qwen/Qwen2.5-1.5B-Instruct,gsm8k,RandOpt,42,189,0.72,0.705
4,Qwen/Qwen2.5-1.5B-Instruct,gsm8k,RandOpt,42,190,0.71,0.705
4,Qwen/Qwen2.5-1.5B-Instruct,gsm8k,RandOpt,42,191,0.675,0.705
4,Qwen/Qwen2.5-1.5B-Instruct,gsm8k,RandOpt,42,192,0.775,0.705
4,Qwen/Qwen2.5-1.5B-Instruct,gsm8k,RandOpt,42,193,0.715,0.705
4,Qwen/Qwen2.5-1.5B-Instruct,gsm8k,RandOpt,42,194,0.715,0.705
4,Qwen/Qwen2.5-1.5B-Instruct,gsm8k,RandOpt,42,195,0.71,0.705
4,Qwen/Qwen2.5-1.5B-Instruct,gsm8k,RandOpt,42,196,0.73,0.705
4,Qwen/Qwen2.5-1.5B-Instruct,gsm8k,RandOpt,42,197,0.65,0.705
4,Qwen/Qwen2.5-1.5B-Instruct,gsm8k,RandOpt,42,198,0.69,0.705
4,Qwen/Qwen2.5-1.5B-Instruct,gsm8k,RandOpt,42,199,0.68,0.705
4,Qwen/Qwen2.5-1.5B-Instruct,gsm8k,RandOpt,42,200,0.705,0.705
4,Qwen/Qwen2.5-1.5B-Instruct,gsm8k,RandOpt,42,201,0.72,0.705
4,Qwen/Qwen2.5-1.5B-Instruct,gsm8k,RandOpt,42,202,0.655,0.705
4,Qwen/Qwen2.5-1.5B-Instruct,gsm8k,RandOpt,42,203,0.675,0.705
4,Qwen/Qwen2.5-1.5B-Instruct,gsm8k,RandOpt,42,204,0.715,0.705
4,Qwen/Qwen2.5-1.5B-Instruct,gsm8k,RandOpt,42,205,0.695,0.705
4,Qwen/Qwen2.5-1.5B-Instruct,gsm8k,RandOpt,42,206,0.72,0.705
4,Qwen/Qwen2.5-1.5B-Instruct,gsm8k,RandOpt,42,207,0.715,0.705
4,Qwen/Qwen2.5-1.5B-Instruct,gsm8k,RandOpt,42,208,0.69,0.705
4,Qwen/Qwen2.5-1.5B-Instruct,gsm8k,RandOpt,42,209,0.69,0.705
4,Qwen/Qwen2.5-1.5B-Instruct,gsm8k,RandOpt,42,210,0.71,0.705
4,Qwen/Qwen2.5-1.5B-Instruct,gsm8k,RandOpt,42,211,0.73,0.705
4,Qwen/Qwen2.5-1.5B-Instruct,gsm8k,RandOpt,42,212,0.7,0.705
4,Qwen/Qwen2.5-1.5B-Instruct,gsm8k,RandOpt,42,213,0.7,0.705
4,Qwen/Qwen2.5-1.5B-Instruct,gsm8k,RandOpt,42,214,0.645,0.705
4,Qwen/Qwen2.5-1.5B-Instruct,gsm8k,RandOpt,42,215,0.7,0.705
4,Qwen/Qwen2.5-1.5B-Instruct,gsm8k,RandOpt,42,216,0.685,0.705
4,Qwen/Qwen2.5-1.5B-Instruct,gsm8k,RandOpt,42,217,0.695,0.705
4,Qwen/Qwen2.5-1.5B-Instruct,gsm8k,RandOpt,42,218,0.66,0.705
4,Qwen/Qwen2.5-1.5B-Instruct,gsm8k,RandOpt,42,219,0.715,0.705
4,Qwen/Qwen2.5-1.5B-Instruct,gsm8k,RandOpt,42,220,0.74,0.705
4,Qwen/Qwen2.5-1.5B-Instruct,gsm8k,RandOpt,42,221,0.76,0.705
4,Qwen/Qwen2.5-1.5B-Instruct,gsm8k,RandOpt,42,222,0.75,0.705
4,Qwen/Qwen2.5-1.5B-Instruct,gsm8k,RandOpt,42,223,0.665,0.705
4,Qwen/Qwen2.5-1.5B-Instruct,gsm8k,RandOpt,42,224,0.73,0.705
4,Qwen/Qwen2.5-1.5B-Instruct,gsm8k,RandOpt,42,225,0.69,0.705
4,Qwen/Qwen2.5-1.5B-Instruct,gsm8k,RandOpt,42,226,0.69,0.705
4,Qwen/Qwen2.5-1.5B-Instruct,gsm8k,RandOpt,42,227,0.69,0.705
4,Qwen/Qwen2.5-1.5B-Instruct,gsm8k,RandOpt,42,228,0.725,0.705
4,Qwen/Qwen2.5-1.5B-Instruct,gsm8k,RandOpt,42,229,0.685,0.705
4,Qwen/Qwen2.5-1.5B-Instruct,gsm8k,RandOpt,42,230,0.685,0.705
4,Qwen/Qwen2.5-1.5B-Instruct,gsm8k,RandOpt,42,231,0.695,0.705
4,Qwen/Qwen2.5-1.5B-Instruct,gsm8k,RandOpt,42,232,0.71,0.705
4,Qwen/Qwen2.5-1.5B-Instruct,gsm8k,RandOpt,42,233,0.7,0.705
4,Qwen/Qwen2.5-1.5B-Instruct,gsm8k,RandOpt,42,234,0.68,0.705
4,Qwen/Qwen2.5-1.5B-Instruct,gsm8k,RandOpt,42,235,0.665,0.705
4,Qwen/Qwen2.5-1.5B-Instruct,gsm8k,RandOpt,42,236,0.735,0.705
4,Qwen/Qwen2.5-1.5B-Instruct,gsm8k,RandOpt,42,237,0.685,0.705
4,Qwen/Qwen2.5-1.5B-Instruct,gsm8k,RandOpt,42,238,0.71,0.705
4,Qwen/Qwen2.5-1.5B-Instruct,gsm8k,RandOpt,42,239,0.7,0.705
4,Qwen/Qwen2.5-1.5B-Instruct,gsm8k,RandOpt,42,240,0.695,0.705
4,Qwen/Qwen2.5-1.5B-Instruct,gsm8k,RandOpt,42,241,0.69,0.705
4,Qwen/Qwen2.5-1.5B-Instruct,gsm8k,RandOpt,42,242,0.64,0.705
4,Qwen/Qwen2.5-1.5B-Instruct,gsm8k,RandOpt,42,243,0.68,0.705
4,Qwen/Qwen2.5-1.5B-Instruct,gsm8k,RandOpt,42,244,0.73,0.705
4,Qwen/Qwen2.5-1.5B-Instruct,gsm8k,RandOpt,42,245,0.735,0.705
4,Qwen/Qwen2.5-1.5B-Instruct,gsm8k,RandOpt,42,246,0.71,0.705
4,Qwen/Qwen2.5-1.5B-Instruct,gsm8k,RandOpt,42,247,0.73,0.705
4,Qwen/Qwen2.5-1.5B-Instruct,gsm8k,RandOpt,42,248,0.72,0.705
4,Qwen/Qwen2.5-1.5B-Instruct,gsm8k,RandOpt,42,249,0.68,0.705
4,Qwen/Qwen2.5-1.5B-Instruct,gsm8k,RandOpt,42,250,0.71,0.705
4,Qwen/Qwen2.5-1.5B-Instruct,gsm8k,RandOpt,42,251,0.66,0.705
4,Qwen/Qwen2.5-1.5B-Instruct,gsm8k,RandOpt,42,252,0.71,0.705
4,Qwen/Qwen2.5-1.5B-Instruct,gsm8k,RandOpt,42,253,0.71,0.705
4,Qwen/Qwen2.5-1.5B-Instruct,gsm8k,RandOpt,42,254,0.705,0.705
4,Qwen/Qwen2.5-1.5B-Instruct,gsm8k,RandOpt,42,255,0.715,0.705
4,Qwen/Qwen2.5-1.5B-Instruct,gsm8k,RandOpt,42,256,0.715,0.705
4,Qwen/Qwen2.5-1.5B-Instruct,gsm8k,RandOpt,42,257,0.67,0.705
4,Qwen/Qwen2.5-1.5B-Instruct,gsm8k,RandOpt,42,258,0.685,0.705
4,Qwen/Qwen2.5-1.5B-Instruct,gsm8k,RandOpt,42,259,0.705,0.705
4,Qwen/Qwen2.5-1.5B-Instruct,gsm8k,RandOpt,42,260,0.715,0.705
4,Qwen/Qwen2.5-1.5B-Instruct,gsm8k,RandOpt,42,261,0.73,0.705
4,Qwen/Qwen2.5-1.5B-Instruct,gsm8k,RandOpt,42,262,0.685,0.705
4,Qwen/Qwen2.5-1.5B-Instruct,gsm8k,RandOpt,42,263,0.72,0.705
4,Qwen/Qwen2.5-1.5B-Instruct,gsm8k,RandOpt,42,264,0.685,0.705
4,Qwen/Qwen2.5-1.5B-Instruct,gsm8k,RandOpt,42,265,0.725,0.705
4,Qwen/Qwen2.5-1.5B-Instruct,gsm8k,RandOpt,42,266,0.71,0.705
4,Qwen/Qwen2.5-1.5B-Instruct,gsm8k,RandOpt,42,267,0.725,0.705
4,Qwen/Qwen2.5-1.5B-Instruct,gsm8k,RandOpt,42,268,0.725,0.705
4,Qwen/Qwen2.5-1.5B-Instruct,gsm8k,RandOpt,42,269,0.66,0.705
4,Qwen/Qwen2.5-1.5B-Instruct,gsm8k,RandOpt,42,270,0.725,0.705
4,Qwen/Qwen2.5-1.5B-Instruct,gsm8k,RandOpt,42,271,0.685,0.705
4,Qwen/Qwen2.5-1.5B-Instruct,gsm8k,RandOpt,42,272,0.67,0.705
4,Qwen/Qwen2.5-1.5B-Instruct,gsm8k,RandOpt,42,273,0.69,0.705
4,Qwen/Qwen2.5-1.5B-Instruct,gsm8k,RandOpt,42,274,0.64,0.705
4,Qwen/Qwen2.5-1.5B-Instruct,gsm8k,RandOpt,42,275,0.7,0.705
4,Qwen/Qwen2.5-1.5B-Instruct,gsm8k,RandOpt,42,276,0.66,0.705
4,Qwen/Qwen2.5-1.5B-Instruct,gsm8k,RandOpt,42,277,0.74,0.705
4,Qwen/Qwen2.5-1.5B-Instruct,gsm8k,RandOpt,42,278,0.67,0.705
4,Qwen/Qwen2.5-1.5B-Instruct,gsm8k,RandOpt,42,279,0.665,0.705
4,Qwen/Qwen2.5-1.5B-Instruct,gsm8k,RandOpt,42,280,0.695,0.705
4,Qwen/Qwen2.5-1.5B-Instruct,gsm8k,RandOpt,42,281,0.71,0.705
4,Qwen/Qwen2.5-1.5B-Instruct,gsm8k,RandOpt,42,282,0.715,0.705
4,Qwen/Qwen2.5-1.5B-Instruct,gsm8k,RandOpt,42,283,0.71,0.705
4,Qwen/Qwen2.5-1.5B-Instruct,gsm8k,RandOpt,42,284,0.765,0.705
4,Qwen/Qwen2.5-1.5B-Instruct,gsm8k,RandOpt,42,285,0.7,0.705
4,Qwen/Qwen2.5-1.5B-Instruct,gsm8k,RandOpt,42,286,0.7,0.705
4,Qwen/Qwen2.5-1.5B-Instruct,gsm8k,RandOpt,42,287,0.735,0.705
4,Qwen/Qwen2.5-1.5B-Instruct,gsm8k,RandOpt,42,288,0.71,0.705
4,Qwen/Qwen2.5-1.5B-Instruct,gsm8k,RandOpt,42,289,0.73,0.705
4,Qwen/Qwen2.5-1.5B-Instruct,gsm8k,RandOpt,42,290,0.735,0.705
4,Qwen/Qwen2.5-1.5B-Instruct,gsm8k,RandOpt,42,291,0.66,0.705
4,Qwen/Qwen2.5-1.5B-Instruct,gsm8k,RandOpt,42,292,0.67,0.705
4,Qwen/Qwen2.5-1.5B-Instruct,gsm8k,RandOpt,42,293,0.685,0.705
4,Qwen/Qwen2.5-1.5B-Instruct,gsm8k,RandOpt,42,294,0.655,0.705
4,Qwen/Qwen2.5-1.5B-Instruct,gsm8k,RandOpt,42,295,0.675,0.705
4,Qwen/Qwen2.5-1.5B-Instruct,gsm8k,RandOpt,42,296,0.715,0.705
4,Qwen/Qwen2.5-1.5B-Instruct,gsm8k,RandOpt,42,297,0.73,0.705
4,Qwen/Qwen2.5-1.5B-Instruct,gsm8k,RandOpt,42,298,0.695,0.705
4,Qwen/Qwen2.5-1.5B-Instruct,gsm8k,RandOpt,42,299,0.735,0.705
4,Qwen/Qwen2.5-1.5B-Instruct,gsm8k,RandOpt,43,0,0.695,0.705
4,Qwen/Qwen2.5-1.5B-Instruct,gsm8k,RandOpt,43,1,0.685,0.705
4,Qwen/Qwen2.5-1.5B-Instruct,gsm8k,RandOpt,43,2,0.745,0.705
4,Qwen/Qwen2.5-1.5B-Instruct,gsm8k,RandOpt,43,3,0.7,0.705
4,Qwen/Qwen2.5-1.5B-Instruct,gsm8k,RandOpt,43,4,0.69,0.705
4,Qwen/Qwen2.5-1.5B-Instruct,gsm8k,RandOpt,43,5,0.715,0.705
4,Qwen/Qwen2.5-1.5B-Instruct,gsm8k,RandOpt,43,6,0.665,0.705
4,Qwen/Qwen2.5-1.5B-Instruct,gsm8k,RandOpt,43,7,0.71,0.705
4,Qwen/Qwen2.5-1.5B-Instruct,gsm8k,RandOpt,43,8,0.68,0.705
4,Qwen/Qwen2.5-1.5B-Instruct,gsm8k,RandOpt,43,9,0.725,0.705
4,Qwen/Qwen2.5-1.5B-Instruct,gsm8k,RandOpt,43,10,0.715,0.705
4,Qwen/Qwen2.5-1.5B-Instruct,gsm8k,RandOpt,43,11,0.72,0.705
4,Qwen/Qwen2.5-1.5B-Instruct,gsm8k,RandOpt,43,12,0.725,0.705
4,Qwen/Qwen2.5-1.5B-Instruct,gsm8k,RandOpt,43,13,0.725,0.705
4,Qwen/Qwen2.5-1.5B-Instruct,gsm8k,RandOpt,43,14,0.695,0.705
4,Qwen/Qwen2.5-1.5B-Instruct,gsm8k,RandOpt,43,15,0.715,0.705
4,Qwen/Qwen2.5-1.5B-Instruct,gsm8k,RandOpt,43,16,0.675,0.705
4,Qwen/Qwen2.5-1.5B-Instruct,gsm8k,RandOpt,43,17,0.655,0.705
4,Qwen/Qwen2.5-1.5B-Instruct,gsm8k,RandOpt,43,18,0.71,0.705
4,Qwen/Qwen2.5-1.5B-Instruct,gsm8k,RandOpt,43,19,0.7,0.705
4,Qwen/Qwen2.5-1.5B-Instruct,gsm8k,RandOpt,43,20,0.685,0.705
4,Qwen/Qwen2.5-1.5B-Instruct,gsm8k,RandOpt,43,21,0.69,0.705
4,Qwen/Qwen2.5-1.5B-Instruct,gsm8k,RandOpt,43,22,0.66,0.705
4,Qwen/Qwen2.5-1.5B-Instruct,gsm8k,RandOpt,43,23,0.695,0.705
4,Qwen/Qwen2.5-1.5B-Instruct,gsm8k,RandOpt,43,24,0.745,0.705
4,Qwen/Qwen2.5-1.5B-Instruct,gsm8k,RandOpt,43,25,0.685,0.705
4,Qwen/Qwen2.5-1.5B-Instruct,gsm8k,RandOpt,43,26,0.67,0.705
4,Qwen/Qwen2.5-1.5B-Instruct,gsm8k,RandOpt,43,27,0.695,0.705
4,Qwen/Qwen2.5-1.5B-Instruct,gsm8k,RandOpt,43,28,0.72,0.705
4,Qwen/Qwen2.5-1.5B-Instruct,gsm8k,RandOpt,43,29,0.685,0.705
4,Qwen/Qwen2.5-1.5B-Instruct,gsm8k,RandOpt,43,30,0.685,0.705
4,Qwen/Qwen2.5-1.5B-Instruct,gsm8k,RandOpt,43,31,0.71,0.705
4,Qwen/Qwen2.5-1.5B-Instruct,gsm8k,RandOpt,43,32,0.725,0.705
4,Qwen/Qwen2.5-1.5B-Instruct,gsm8k,RandOpt,43,33,0.71,0.705
4,Qwen/Qwen2.5-1.5B-Instruct,gsm8k,RandOpt,43,34,0.705,0.705
4,Qwen/Qwen2.5-1.5B-Instruct,gsm8k,RandOpt,43,35,0.67,0.705
4,Qwen/Qwen2.5-1.5B-Instruct,gsm8k,RandOpt,43,36,0.705,0.705
4,Qwen/Qwen2.5-1.5B-Instruct,gsm8k,RandOpt,43,37,0.695,0.705
4,Qwen/Qwen2.5-1.5B-Instruct,gsm8k,RandOpt,43,38,0.745,0.705
4,Qwen/Qwen2.5-1.5B-Instruct,gsm8k,RandOpt,43,39,0.705,0.705
4,Qwen/Qwen2.5-1.5B-Instruct,gsm8k,RandOpt,43,40,0.71,0.705
4,Qwen/Qwen2.5-1.5B-Instruct,gsm8k,RandOpt,43,41,0.71,0.705
4,Qwen/Qwen2.5-1.5B-Instruct,gsm8k,RandOpt,43,42,0.72,0.705
4,Qwen/Qwen2.5-1.5B-Instruct,gsm8k,RandOpt,43,43,0.71,0.705
4,Qwen/Qwen2.5-1.5B-Instruct,gsm8k,RandOpt,43,44,0.67,0.705
4,Qwen/Qwen2.5-1.5B-Instruct,gsm8k,RandOpt,43,45,0.715,0.705
4,Qwen/Qwen2.5-1.5B-Instruct,gsm8k,RandOpt,43,46,0.715,0.705
4,Qwen/Qwen2.5-1.5B-Instruct,gsm8k,RandOpt,43,47,0.67,0.705
4,Qwen/Qwen2.5-1.5B-Instruct,gsm8k,RandOpt,43,48,0.695,0.705
4,Qwen/Qwen2.5-1.5B-Instruct,gsm8k,RandOpt,43,49,0.675,0.705
4,Qwen/Qwen2.5-1.5B-Instruct,gsm8k,RandOpt,43,50,0.705,0.705
4,Qwen/Qwen2.5-1.5B-Instruct,gsm8k,RandOpt,43,51,0.675,0.705
4,Qwen/Qwen2.5-1.5B-Instruct,gsm8k,RandOpt,43,52,0.69,0.705
4,Qwen/Qwen2.5-1.5B-Instruct,gsm8k,RandOpt,43,53,0.68,0.705
4,Qwen/Qwen2.5-1.5B-Instruct,gsm8k,RandOpt,43,54,0.73,0.705
4,Qwen/Qwen2.5-1.5B-Instruct,gsm8k,RandOpt,43,55,0.725,0.705
4,Qwen/Qwen2.5-1.5B-Instruct,gsm8k,RandOpt,43,56,0.695,0.705
4,Qwen/Qwen2.5-1.5B-Instruct,gsm8k,RandOpt,43,57,0.715,0.705
4,Qwen/Qwen2.5-1.5B-Instruct,gsm8k,RandOpt,43,58,0.7,0.705
4,Qwen/Qwen2.5-1.5B-Instruct,gsm8k,RandOpt,43,59,0.705,0.705
4,Qwen/Qwen2.5-1.5B-Instruct,gsm8k,RandOpt,43,60,0.64,0.705
4,Qwen/Qwen2.5-1.5B-Instruct,gsm8k,RandOpt,43,61,0.715,0.705
4,Qwen/Qwen2.5-1.5B-Instruct,gsm8k,RandOpt,43,62,0.67,0.705
4,Qwen/Qwen2.5-1.5B-Instruct,gsm8k,RandOpt,43,63,0.735,0.705
4,Qwen/Qwen2.5-1.5B-Instruct,gsm8k,RandOpt,43,64,0.725,0.705
4,Qwen/Qwen2.5-1.5B-Instruct,gsm8k,RandOpt,43,65,0.71,0.705
4,Qwen/Qwen2.5-1.5B-Instruct,gsm8k,RandOpt,43,66,0.73,0.705
4,Qwen/Qwen2.5-1.5B-Instruct,gsm8k,RandOpt,43,67,0.71,0.705
4,Qwen/Qwen2.5-1.5B-Instruct,gsm8k,RandOpt,43,68,0.71,0.705
4,Qwen/Qwen2.5-1.5B-Instruct,gsm8k,RandOpt,43,69,0.665,0.705
4,Qwen/Qwen2.5-1.5B-Instruct,gsm8k,RandOpt,43,70,0.66,0.705
4,Qwen/Qwen2.5-1.5B-Instruct,gsm8k,RandOpt,43,71,0.745,0.705
4,Qwen/Qwen2.5-1.5B-Instruct,gsm8k,RandOpt,43,72,0.71,0.705
4,Qwen/Qwen2.5-1.5B-Instruct,gsm8k,RandOpt,43,73,0.695,0.705
4,Qwen/Qwen2.5-1.5B-Instruct,gsm8k,RandOpt,43,74,0.685,0.705
4,Qwen/Qwen2.5-1.5B-Instruct,gsm8k,RandOpt,43,75,0.75,0.705
4,Qwen/Qwen2.5-1.5B-Instruct,gsm8k,RandOpt,43,76,0.725,0.705
4,Qwen/Qwen2.5-1.5B-Instruct,gsm8k,RandOpt,43,77,0.66,0.705
4,Qwen/Qwen2.5-1.5B-Instruct,gsm8k,RandOpt,43,78,0.72,0.705
4,Qwen/Qwen2.5-1.5B-Instruct,gsm8k,RandOpt,43,79,0.78,0.705
4,Qwen/Qwen2.5-1.5B-Instruct,gsm8k,RandOpt,43,80,0.705,0.705
4,Qwen/Qwen2.5-1.5B-Instruct,gsm8k,RandOpt,43,81,0.67,0.705
4,Qwen/Qwen2.5-1.5B-Instruct,gsm8k,RandOpt,43,82,0.69,0.705
4,Qwen/Qwen2.5-1.5B-Instruct,gsm8k,RandOpt,43,83,0.685,0.705
4,Qwen/Qwen2.5-1.5B-Instruct,gsm8k,RandOpt,43,84,0.705,0.705
4,Qwen/Qwen2.5-1.5B-Instruct,gsm8k,RandOpt,43,85,0.68,0.705
4,Qwen/Qwen2.5-1.5B-Instruct,gsm8k,RandOpt,43,86,0.71,0.705
4,Qwen/Qwen2.5-1.5B-Instruct,gsm8k,RandOpt,43,87,0.705,0.705
4,Qwen/Qwen2.5-1.5B-Instruct,gsm8k,RandOpt,43,88,0.685,0.705
4,Qwen/Qwen2.5-1.5B-Instruct,gsm8k,RandOpt,43,89,0.69,0.705
4,Qwen/Qwen2.5-1.5B-Instruct,gsm8k,RandOpt,43,90,0.715,0.705
4,Qwen/Qwen2.5-1.5B-Instruct,gsm8k,RandOpt,43,91,0.7,0.705
4,Qwen/Qwen2.5-1.5B-Instruct,gsm8k,RandOpt,43,92,0.73,0.705
4,Qwen/Qwen2.5-1.5B-Instruct,gsm8k,RandOpt,43,93,0.705,0.705
4,Qwen/Qwen2.5-1.5B-Instruct,gsm8k,RandOpt,43,94,0.735,0.705
4,Qwen/Qwen2.5-1.5B-Instruct,gsm8k,RandOpt,43,95,0.705,0.705
4,Qwen/Qwen2.5-1.5B-Instruct,gsm8k,RandOpt,43,96,0.71,0.705
4,Qwen/Qwen2.5-1.5B-Instruct,gsm8k,RandOpt,43,97,0.755,0.705
4,Qwen/Qwen2.5-1.5B-Instruct,gsm8k,RandOpt,43,98,0.69,0.705
4,Qwen/Qwen2.5-1.5B-Instruct,gsm8k,RandOpt,43,99,0.73,0.705
4,Qwen/Qwen2.5-1.5B-Instruct,gsm8k,RandOpt,43,100,0.68,0.705
4,Qwen/Qwen2.5-1.5B-Instruct,gsm8k,RandOpt,43,101,0.69,0.705
4,Qwen/Qwen2.5-1.5B-Instruct,gsm8k,RandOpt,43,102,0.7,0.705
4,Qwen/Qwen2.5-1.5B-Instruct,gsm8k,RandOpt,43,103,0.71,0.705
4,Qwen/Qwen2.5-1.5B-Instruct,gsm8k,RandOpt,43,104,0.76,0.705
4,Qwen/Qwen2.5-1.5B-Instruct,gsm8k,RandOpt,43,105,0.685,0.705
4,Qwen/Qwen2.5-1.5B-Instruct,gsm8k,RandOpt,43,106,0.66,0.705
4,Qwen/Qwen2.5-1.5B-Instruct,gsm8k,RandOpt,43,107,0.685,0.705
4,Qwen/Qwen2.5-1.5B-Instruct,gsm8k,RandOpt,43,108,0.7,0.705
4,Qwen/Qwen2.5-1.5B-Instruct,gsm8k,RandOpt,43,109,0.72,0.705
4,Qwen/Qwen2.5-1.5B-Instruct,gsm8k,RandOpt,43,110,0.67,0.705
4,Qwen/Qwen2.5-1.5B-Instruct,gsm8k,RandOpt,43,111,0.735,0.705
4,Qwen/Qwen2.5-1.5B-Instruct,gsm8k,RandOpt,43,112,0.7,0.705
4,Qwen/Qwen2.5-1.5B-Instruct,gsm8k,RandOpt,43,113,0.705,0.705
4,Qwen/Qwen2.5-1.5B-Instruct,gsm8k,RandOpt,43,114,0.72,0.705
4,Qwen/Qwen2.5-1.5B-Instruct,gsm8k,RandOpt,43,115,0.71,0.705
4,Qwen/Qwen2.5-1.5B-Instruct,gsm8k,RandOpt,43,116,0.69,0.705
4,Qwen/Qwen2.5-1.5B-Instruct,gsm8k,RandOpt,43,117,0.725,0.705
4,Qwen/Qwen2.5-1.5B-Instruct,gsm8k,RandOpt,43,118,0.66,0.705
4,Qwen/Qwen2.5-1.5B-Instruct,gsm8k,RandOpt,43,119,0.75,0.705
4,Qwen/Qwen2.5-1.5B-Instruct,gsm8k,RandOpt,43,120,0.715,0.705
4,Qwen/Qwen2.5-1.5B-Instruct,gsm8k,RandOpt,43,121,0.73,0.705
4,Qwen/Qwen2.5-1.5B-Instruct,gsm8k,RandOpt,43,122,0.67,0.705
4,Qwen/Qwen2.5-1.5B-Instruct,gsm8k,RandOpt,43,123,0.68,0.705
4,Qwen/Qwen2.5-1.5B-Instruct,gsm8k,RandOpt,43,124,0.71,0.705
4,Qwen/Qwen2.5-1.5B-Instruct,gsm8k,RandOpt,43,125,0.73,0.705
4,Qwen/Qwen2.5-1.5B-Instruct,gsm8k,RandOpt,43,126,0.73,0.705
4,Qwen/Qwen2.5-1.5B-Instruct,gsm8k,RandOpt,43,127,0.67,0.705
4,Qwen/Qwen2.5-1.5B-Instruct,gsm8k,RandOpt,43,128,0.695,0.705
4,Qwen/Qwen2.5-1.5B-Instruct,gsm8k,RandOpt,43,129,0.695,0.705
4,Qwen/Qwen2.5-1.5B-Instruct,gsm8k,RandOpt,43,130,0.72,0.705
4,Qwen/Qwen2.5-1.5B-Instruct,gsm8k,RandOpt,43,131,0.685,0.705
4,Qwen/Qwen2.5-1.5B-Instruct,gsm8k,RandOpt,43,132,0.72,0.705
4,Qwen/Qwen2.5-1.5B-Instruct,gsm8k,RandOpt,43,133,0.695,0.705
4,Qwen/Qwen2.5-1.5B-Instruct,gsm8k,RandOpt,43,134,0.735,0.705
4,Qwen/Qwen2.5-1.5B-Instruct,gsm8k,RandOpt,43,135,0.7,0.705
4,Qwen/Qwen2.5-1.5B-Instruct,gsm8k,RandOpt,43,136,0.755,0.705
4,Qwen/Qwen2.5-1.5B-Instruct,gsm8k,RandOpt,43,137,0.755,0.705
4,Qwen/Qwen2.5-1.5B-Instruct,gsm8k,RandOpt,43,138,0.71,0.705
4,Qwen/Qwen2.5-1.5B-Instruct,gsm8k,RandOpt,43,139,0.685,0.705
4,Qwen/Qwen2.5-1.5B-Instruct,gsm8k,RandOpt,43,140,0.695,0.705
4,Qwen/Qwen2.5-1.5B-Instruct,gsm8k,RandOpt,43,141,0.695,0.705
4,Qwen/Qwen2.5-1.5B-Instruct,gsm8k,RandOpt,43,142,0.705,0.705
4,Qwen/Qwen2.5-1.5B-Instruct,gsm8k,RandOpt,43,143,0.695,0.705
4,Qwen/Qwen2.5-1.5B-Instruct,gsm8k,RandOpt,43,144,0.72,0.705
4,Qwen/Qwen2.5-1.5B-Instruct,gsm8k,RandOpt,43,145,0.72,0.705
4,Qwen/Qwen2.5-1.5B-Instruct,gsm8k,RandOpt,43,146,0.665,0.705
4,Qwen/Qwen2.5-1.5B-Instruct,gsm8k,RandOpt,43,147,0.715,0.705
4,Qwen/Qwen2.5-1.5B-Instruct,gsm8k,RandOpt,43,148,0.71,0.705
4,Qwen/Qwen2.5-1.5B-Instruct,gsm8k,RandOpt,43,149,0.655,0.705
4,Qwen/Qwen2.5-1.5B-Instruct,gsm8k,RandOpt,43,150,0.73,0.705
4,Qwen/Qwen2.5-1.5B-Instruct,gsm8k,RandOpt,43,151,0.65,0.705
4,Qwen/Qwen2.5-1.5B-Instruct,gsm8k,RandOpt,43,152,0.73,0.705
4,Qwen/Qwen2.5-1.5B-Instruct,gsm8k,RandOpt,43,153,0.685,0.705
4,Qwen/Qwen2.5-1.5B-Instruct,gsm8k,RandOpt,43,154,0.7,0.705
4,Qwen/Qwen2.5-1.5B-Instruct,gsm8k,RandOpt,43,155,0.725,0.705
4,Qwen/Qwen2.5-1.5B-Instruct,gsm8k,RandOpt,43,156,0.735,0.705
4,Qwen/Qwen2.5-1.5B-Instruct,gsm8k,RandOpt,43,157,0.73,0.705
4,Qwen/Qwen2.5-1.5B-Instruct,gsm8k,RandOpt,43,158,0.725,0.705
4,Qwen/Qwen2.5-1.5B-Instruct,gsm8k,RandOpt,43,159,0.705,0.705
4,Qwen/Qwen2.5-1.5B-Instruct,gsm8k,RandOpt,43,160,0.71,0.705
4,Qwen/Qwen2.5-1.5B-Instruct,gsm8k,RandOpt,43,161,0.695,0.705
4,Qwen/Qwen2.5-1.5B-Instruct,gsm8k,RandOpt,43,162,0.72,0.705
4,Qwen/Qwen2.5-1.5B-Instruct,gsm8k,RandOpt,43,163,0.685,0.705
4,Qwen/Qwen2.5-1.5B-Instruct,gsm8k,RandOpt,43,164,0.7,0.705
4,Qwen/Qwen2.5-1.5B-Instruct,gsm8k,RandOpt,43,165,0.64,0.705
4,Qwen/Qwen2.5-1.5B-Instruct,gsm8k,RandOpt,43,166,0.69,0.705
4,Qwen/Qwen2.5-1.5B-Instruct,gsm8k,RandOpt,43,167,0.7,0.705
4,Qwen/Qwen2.5-1.5B-Instruct,gsm8k,RandOpt,43,168,0.67,0.705
4,Qwen/Qwen2.5-1.5B-Instruct,gsm8k,RandOpt,43,169,0.71,0.705
4,Qwen/Qwen2.5-1.5B-Instruct,gsm8k,RandOpt,43,170,0.705,0.705
4,Qwen/Qwen2.5-1.5B-Instruct,gsm8k,RandOpt,43,171,0.69,0.705
4,Qwen/Qwen2.5-1.5B-Instruct,gsm8k,RandOpt,43,172,0.705,0.705
4,Qwen/Qwen2.5-1.5B-Instruct,gsm8k,RandOpt,43,173,0.625,0.705
4,Qwen/Qwen2.5-1.5B-Instruct,gsm8k,RandOpt,43,174,0.71,0.705
4,Qwen/Qwen2.5-1.5B-Instruct,gsm8k,RandOpt,43,175,0.72,0.705
4,Qwen/Qwen2.5-1.5B-Instruct,gsm8k,RandOpt,43,176,0.685,0.705
4,Qwen/Qwen2.5-1.5B-Instruct,gsm8k,RandOpt,43,177,0.715,0.705
4,Qwen/Qwen2.5-1.5B-Instruct,gsm8k,RandOpt,43,178,0.695,0.705
4,Qwen/Qwen2.5-1.5B-Instruct,gsm8k,RandOpt,43,179,0.72,0.705
4,Qwen/Qwen2.5-1.5B-Instruct,gsm8k,RandOpt,43,180,0.73,0.705
4,Qwen/Qwen2.5-1.5B-Instruct,gsm8k,RandOpt,43,181,0.76,0.705
4,Qwen/Qwen2.5-1.5B-Instruct,gsm8k,RandOpt,43,182,0.755,0.705
4,Qwen/Qwen2.5-1.5B-Instruct,gsm8k,RandOpt,43,183,0.69,0.705
4,Qwen/Qwen2.5-1.5B-Instruct,gsm8k,RandOpt,43,184,0.745,0.705
4,Qwen/Qwen2.5-1.5B-Instruct,gsm8k,RandOpt,43,185,0.695,0.705
4,Qwen/Qwen2.5-1.5B-Instruct,gsm8k,RandOpt,43,186,0.685,0.705
4,Qwen/Qwen2.5-1.5B-Instruct,gsm8k,RandOpt,43,187,0.69,0.705
4,Qwen/Qwen2.5-1.5B-Instruct,gsm8k,RandOpt,43,188,0.72,0.705
4,Qwen/Qwen2.5-1.5B-Instruct,gsm8k,RandOpt,43,189,0.69,0.705
4,Qwen/Qwen2.5-1.5B-Instruct,gsm8k,RandOpt,43,190,0.74,0.705
4,Qwen/Qwen2.5-1.5B-Instruct,gsm8k,RandOpt,43,191,0.72,0.705
4,Qwen/Qwen2.5-1.5B-Instruct,gsm8k,RandOpt,43,192,0.685,0.705
4,Qwen/Qwen2.5-1.5B-Instruct,gsm8k,RandOpt,43,193,0.71,0.705
4,Qwen/Qwen2.5-1.5B-Instruct,gsm8k,RandOpt,43,194,0.665,0.705
4,Qwen/Qwen2.5-1.5B-Instruct,gsm8k,RandOpt,43,195,0.695,0.705
4,Qwen/Qwen2.5-1.5B-Instruct,gsm8k,RandOpt,43,196,0.71,0.705
4,Qwen/Qwen2.5-1.5B-Instruct,gsm8k,RandOpt,43,197,0.71,0.705
4,Qwen/Qwen2.5-1.5B-Instruct,gsm8k,RandOpt,43,198,0.655,0.705
4,Qwen/Qwen2.5-1.5B-Instruct,gsm8k,RandOpt,43,199,0.695,0.705
4,Qwen/Qwen2.5-1.5B-Instruct,gsm8k,RandOpt,43,200,0.645,0.705
4,Qwen/Qwen2.5-1.5B-Instruct,gsm8k,RandOpt,43,201,0.7,0.705
4,Qwen/Qwen2.5-1.5B-Instruct,gsm8k,RandOpt,43,202,0.71,0.705
4,Qwen/Qwen2.5-1.5B-Instruct,gsm8k,RandOpt,43,203,0.72,0.705
4,Qwen/Qwen2.5-1.5B-Instruct,gsm8k,RandOpt,43,204,0.705,0.705
4,Qwen/Qwen2.5-1.5B-Instruct,gsm8k,RandOpt,43,205,0.705,0.705
4,Qwen/Qwen2.5-1.5B-Instruct,gsm8k,RandOpt,43,206,0.73,0.705
4,Qwen/Qwen2.5-1.5B-Instruct,gsm8k,RandOpt,43,207,0.66,0.705
4,Qwen/Qwen2.5-1.5B-Instruct,gsm8k,RandOpt,43,208,0.7,0.705
4,Qwen/Qwen2.5-1.5B-Instruct,gsm8k,RandOpt,43,209,0.72,0.705
4,Qwen/Qwen2.5-1.5B-Instruct,gsm8k,RandOpt,43,210,0.74,0.705
4,Qwen/Qwen2.5-1.5B-Instruct,gsm8k,RandOpt,43,211,0.77,0.705
4,Qwen/Qwen2.5-1.5B-Instruct,gsm8k,RandOpt,43,212,0.695,0.705
4,Qwen/Qwen2.5-1.5B-Instruct,gsm8k,RandOpt,43,213,0.695,0.705
4,Qwen/Qwen2.5-1.5B-Instruct,gsm8k,RandOpt,43,214,0.73,0.705
4,Qwen/Qwen2.5-1.5B-Instruct,gsm8k,RandOpt,43,215,0.69,0.705
4,Qwen/Qwen2.5-1.5B-Instruct,gsm8k,RandOpt,43,216,0.65,0.705
4,Qwen/Qwen2.5-1.5B-Instruct,gsm8k,RandOpt,43,217,0.74,0.705
4,Qwen/Qwen2.5-1.5B-Instruct,gsm8k,RandOpt,43,218,0.715,0.705
4,Qwen/Qwen2.5-1.5B-Instruct,gsm8k,RandOpt,43,219,0.7,0.705
4,Qwen/Qwen2.5-1.5B-Instruct,gsm8k,RandOpt,43,220,0.705,0.705
4,Qwen/Qwen2.5-1.5B-Instruct,gsm8k,RandOpt,43,221,0.73,0.705
4,Qwen/Qwen2.5-1.5B-Instruct,gsm8k,RandOpt,43,222,0.71,0.705
4,Qwen/Qwen2.5-1.5B-Instruct,gsm8k,RandOpt,43,223,0.685,0.705
4,Qwen/Qwen2.5-1.5B-Instruct,gsm8k,RandOpt,43,224,0.73,0.705
4,Qwen/Qwen2.5-1.5B-Instruct,gsm8k,RandOpt,43,225,0.69,0.705
4,Qwen/Qwen2.5-1.5B-Instruct,gsm8k,RandOpt,43,226,0.735,0.705
4,Qwen/Qwen2.5-1.5B-Instruct,gsm8k,RandOpt,43,227,0.67,0.705
4,Qwen/Qwen2.5-1.5B-Instruct,gsm8k,RandOpt,43,228,0.72,0.705
4,Qwen/Qwen2.5-1.5B-Instruct,gsm8k,RandOpt,43,229,0.685,0.705
4,Qwen/Qwen2.5-1.5B-Instruct,gsm8k,RandOpt,43,230,0.715,0.705
4,Qwen/Qwen2.5-1.5B-Instruct,gsm8k,RandOpt,43,231,0.665,0.705
4,Qwen/Qwen2.5-1.5B-Instruct,gsm8k,RandOpt,43,232,0.71,0.705
4,Qwen/Qwen2.5-1.5B-Instruct,gsm8k,RandOpt,43,233,0.675,0.705
4,Qwen/Qwen2.5-1.5B-Instruct,gsm8k,RandOpt,43,234,0.72,0.705
4,Qwen/Qwen2.5-1.5B-Instruct,gsm8k,RandOpt,43,235,0.705,0.705
4,Qwen/Qwen2.5-1.5B-Instruct,gsm8k,RandOpt,43,236,0.73,0.705
4,Qwen/Qwen2.5-1.5B-Instruct,gsm8k,RandOpt,43,237,0.64,0.705
4,Qwen/Qwen2.5-1.5B-Instruct,gsm8k,RandOpt,43,238,0.715,0.705
4,Qwen/Qwen2.5-1.5B-Instruct,gsm8k,RandOpt,43,239,0.71,0.705
4,Qwen/Qwen2.5-1.5B-Instruct,gsm8k,RandOpt,43,240,0.7,0.705
4,Qwen/Qwen2.5-1.5B-Instruct,gsm8k,RandOpt,43,241,0.725,0.705
4,Qwen/Qwen2.5-1.5B-Instruct,gsm8k,RandOpt,43,242,0.64,0.705
4,Qwen/Qwen2.5-1.5B-Instruct,gsm8k,RandOpt,43,243,0.685,0.705
4,Qwen/Qwen2.5-1.5B-Instruct,gsm8k,RandOpt,43,244,0.665,0.705
4,Qwen/Qwen2.5-1.5B-Instruct,gsm8k,RandOpt,43,245,0.665,0.705
4,Qwen/Qwen2.5-1.5B-Instruct,gsm8k,RandOpt,43,246,0.7,0.705
4,Qwen/Qwen2.5-1.5B-Instruct,gsm8k,RandOpt,43,247,0.71,0.705
4,Qwen/Qwen2.5-1.5B-Instruct,gsm8k,RandOpt,43,248,0.71,0.705
4,Qwen/Qwen2.5-1.5B-Instruct,gsm8k,RandOpt,43,249,0.695,0.705
4,Qwen/Qwen2.5-1.5B-Instruct,gsm8k,RandOpt,43,250,0.735,0.705
4,Qwen/Qwen2.5-1.5B-Instruct,gsm8k,RandOpt,43,251,0.71,0.705
4,Qwen/Qwen2.5-1.5B-Instruct,gsm8k,RandOpt,43,252,0.7,0.705
4,Qwen/Qwen2.5-1.5B-Instruct,gsm8k,RandOpt,43,253,0.7,0.705
4,Qwen/Qwen2.5-1.5B-Instruct,gsm8k,RandOpt,43,254,0.67,0.705
4,Qwen/Qwen2.5-1.5B-Instruct,gsm8k,RandOpt,43,255,0.745,0.705
4,Qwen/Qwen2.5-1.5B-Instruct,gsm8k,RandOpt,43,256,0.66,0.705
4,Qwen/Qwen2.5-1.5B-Instruct,gsm8k,RandOpt,43,257,0.71,0.705
4,Qwen/Qwen2.5-1.5B-Instruct,gsm8k,RandOpt,43,258,0.7,0.705
4,Qwen/Qwen2.5-1.5B-Instruct,gsm8k,RandOpt,43,259,0.705,0.705
4,Qwen/Qwen2.5-1.5B-Instruct,gsm8k,RandOpt,43,260,0.69,0.705
4,Qwen/Qwen2.5-1.5B-Instruct,gsm8k,RandOpt,43,261,0.685,0.705
4,Qwen/Qwen2.5-1.5B-Instruct,gsm8k,RandOpt,43,262,0.715,0.705
4,Qwen/Qwen2.5-1.5B-Instruct,gsm8k,RandOpt,43,263,0.66,0.705
4,Qwen/Qwen2.5-1.5B-Instruct,gsm8k,RandOpt,43,264,0.68,0.705
4,Qwen/Qwen2.5-1.5B-Instruct,gsm8k,RandOpt,43,265,0.75,0.705
4,Qwen/Qwen2.5-1.5B-Instruct,gsm8k,RandOpt,43,266,0.685,0.705
4,Qwen/Qwen2.5-1.5B-Instruct,gsm8k,RandOpt,43,267,0.71,0.705
4,Qwen/Qwen2.5-1.5B-Instruct,gsm8k,RandOpt,43,268,0.695,0.705
4,Qwen/Qwen2.5-1.5B-Instruct,gsm8k,RandOpt,43,269,0.715,0.705
4,Qwen/Qwen2.5-1.5B-Instruct,gsm8k,RandOpt,43,270,0.7,0.705
4,Qwen/Qwen2.5-1.5B-Instruct,gsm8k,RandOpt,43,271,0.72,0.705
4,Qwen/Qwen2.5-1.5B-Instruct,gsm8k,RandOpt,43,272,0.72,0.705
4,Qwen/Qwen2.5-1.5B-Instruct,gsm8k,RandOpt,43,273,0.72,0.705
4,Qwen/Qwen2.5-1.5B-Instruct,gsm8k,RandOpt,43,274,0.725,0.705
4,Qwen/Qwen2.5-1.5B-Instruct,gsm8k,RandOpt,43,275,0.71,0.705
4,Qwen/Qwen2.5-1.5B-Instruct,gsm8k,RandOpt,43,276,0.675,0.705
4,Qwen/Qwen2.5-1.5B-Instruct,gsm8k,RandOpt,43,277,0.7,0.705
4,Qwen/Qwen2.5-1.5B-Instruct,gsm8k,RandOpt,43,278,0.755,0.705
4,Qwen/Qwen2.5-1.5B-Instruct,gsm8k,RandOpt,43,279,0.73,0.705
4,Qwen/Qwen2.5-1.5B-Instruct,gsm8k,RandOpt,43,280,0.7,0.705
4,Qwen/Qwen2.5-1.5B-Instruct,gsm8k,RandOpt,43,281,0.72,0.705
4,Qwen/Qwen2.5-1.5B-Instruct,gsm8k,RandOpt,43,282,0.67,0.705
4,Qwen/Qwen2.5-1.5B-Instruct,gsm8k,RandOpt,43,283,0.75,0.705
4,Qwen/Qwen2.5-1.5B-Instruct,gsm8k,RandOpt,43,284,0.67,0.705
4,Qwen/Qwen2.5-1.5B-Instruct,gsm8k,RandOpt,43,285,0.685,0.705
4,Qwen/Qwen2.5-1.5B-Instruct,gsm8k,RandOpt,43,286,0.735,0.705
4,Qwen/Qwen2.5-1.5B-Instruct,gsm8k,RandOpt,43,287,0.665,0.705
4,Qwen/Qwen2.5-1.5B-Instruct,gsm8k,RandOpt,43,288,0.71,0.705
4,Qwen/Qwen2.5-1.5B-Instruct,gsm8k,RandOpt,43,289,0.74,0.705
4,Qwen/Qwen2.5-1.5B-Instruct,gsm8k,RandOpt,43,290,0.71,0.705
4,Qwen/Qwen2.5-1.5B-Instruct,gsm8k,RandOpt,43,291,0.71,0.705
4,Qwen/Qwen2.5-1.5B-Instruct,gsm8k,RandOpt,43,292,0.73,0.705
4,Qwen/Qwen2.5-1.5B-Instruct,gsm8k,RandOpt,43,293,0.735,0.705
4,Qwen/Qwen2.5-1.5B-Instruct,gsm8k,RandOpt,43,294,0.67,0.705
4,Qwen/Qwen2.5-1.5B-Instruct,gsm8k,RandOpt,43,295,0.69,0.705
4,Qwen/Qwen2.5-1.5B-Instruct,gsm8k,RandOpt,43,296,0.71,0.705
4,Qwen/Qwen2.5-1.5B-Instruct,gsm8k,RandOpt,43,297,0.7,0.705
4,Qwen/Qwen2.5-1.5B-Instruct,gsm8k,RandOpt,43,298,0.76,0.705
4,Qwen/Qwen2.5-1.5B-Instruct,gsm8k,RandOpt,43,299,0.725,0.705
4,Qwen/Qwen2.5-1.5B-Instruct,gsm8k,RandOpt,44,0,0.655,0.705
4,Qwen/Qwen2.5-1.5B-Instruct,gsm8k,RandOpt,44,1,0.7,0.705
4,Qwen/Qwen2.5-1.5B-Instruct,gsm8k,RandOpt,44,2,0.725,0.705
4,Qwen/Qwen2.5-1.5B-Instruct,gsm8k,RandOpt,44,3,0.715,0.705
4,Qwen/Qwen2.5-1.5B-Instruct,gsm8k,RandOpt,44,4,0.725,0.705
4,Qwen/Qwen2.5-1.5B-Instruct,gsm8k,RandOpt,44,5,0.71,0.705
4,Qwen/Qwen2.5-1.5B-Instruct,gsm8k,RandOpt,44,6,0.735,0.705
4,Qwen/Qwen2.5-1.5B-Instruct,gsm8k,RandOpt,44,7,0.765,0.705
4,Qwen/Qwen2.5-1.5B-Instruct,gsm8k,RandOpt,44,8,0.715,0.705
4,Qwen/Qwen2.5-1.5B-Instruct,gsm8k,RandOpt,44,9,0.645,0.705
4,Qwen/Qwen2.5-1.5B-Instruct,gsm8k,RandOpt,44,10,0.635,0.705
4,Qwen/Qwen2.5-1.5B-Instruct,gsm8k,RandOpt,44,11,0.735,0.705
4,Qwen/Qwen2.5-1.5B-Instruct,gsm8k,RandOpt,44,12,0.715,0.705
4,Qwen/Qwen2.5-1.5B-Instruct,gsm8k,RandOpt,44,13,0.68,0.705
4,Qwen/Qwen2.5-1.5B-Instruct,gsm8k,RandOpt,44,14,0.71,0.705
4,Qwen/Qwen2.5-1.5B-Instruct,gsm8k,RandOpt,44,15,0.7,0.705
4,Qwen/Qwen2.5-1.5B-Instruct,gsm8k,RandOpt,44,16,0.665,0.705
4,Qwen/Qwen2.5-1.5B-Instruct,gsm8k,RandOpt,44,17,0.69,0.705
4,Qwen/Qwen2.5-1.5B-Instruct,gsm8k,RandOpt,44,18,0.73,0.705
4,Qwen/Qwen2.5-1.5B-Instruct,gsm8k,RandOpt,44,19,0.74,0.705
4,Qwen/Qwen2.5-1.5B-Instruct,gsm8k,RandOpt,44,20,0.685,0.705
4,Qwen/Qwen2.5-1.5B-Instruct,gsm8k,RandOpt,44,21,0.75,0.705
4,Qwen/Qwen2.5-1.5B-Instruct,gsm8k,RandOpt,44,22,0.73,0.705
4,Qwen/Qwen2.5-1.5B-Instruct,gsm8k,RandOpt,44,23,0.63,0.705
4,Qwen/Qwen2.5-1.5B-Instruct,gsm8k,RandOpt,44,24,0.685,0.705
4,Qwen/Qwen2.5-1.5B-Instruct,gsm8k,RandOpt,44,25,0.68,0.705
4,Qwen/Qwen2.5-1.5B-Instruct,gsm8k,RandOpt,44,26,0.7,0.705
4,Qwen/Qwen2.5-1.5B-Instruct,gsm8k,RandOpt,44,27,0.695,0.705
4,Qwen/Qwen2.5-1.5B-Instruct,gsm8k,RandOpt,44,28,0.71,0.705
4,Qwen/Qwen2.5-1.5B-Instruct,gsm8k,RandOpt,44,29,0.71,0.705
4,Qwen/Qwen2.5-1.5B-Instruct,gsm8k,RandOpt,44,30,0.725,0.705
4,Qwen/Qwen2.5-1.5B-Instruct,gsm8k,RandOpt,44,31,0.695,0.705
4,Qwen/Qwen2.5-1.5B-Instruct,gsm8k,RandOpt,44,32,0.69,0.705
4,Qwen/Qwen2.5-1.5B-Instruct,gsm8k,RandOpt,44,33,0.74,0.705
4,Qwen/Qwen2.5-1.5B-Instruct,gsm8k,RandOpt,44,34,0.685,0.705
4,Qwen/Qwen2.5-1.5B-Instruct,gsm8k,RandOpt,44,35,0.69,0.705
4,Qwen/Qwen2.5-1.5B-Instruct,gsm8k,RandOpt,44,36,0.665,0.705
4,Qwen/Qwen2.5-1.5B-Instruct,gsm8k,RandOpt,44,37,0.71,0.705
4,Qwen/Qwen2.5-1.5B-Instruct,gsm8k,RandOpt,44,38,0.72,0.705
4,Qwen/Qwen2.5-1.5B-Instruct,gsm8k,RandOpt,44,39,0.7,0.705
4,Qwen/Qwen2.5-1.5B-Instruct,gsm8k,RandOpt,44,40,0.695,0.705
4,Qwen/Qwen2.5-1.5B-Instruct,gsm8k,RandOpt,44,41,0.705,0.705
4,Qwen/Qwen2.5-1.5B-Instruct,gsm8k,RandOpt,44,42,0.715,0.705
4,Qwen/Qwen2.5-1.5B-Instruct,gsm8k,RandOpt,44,43,0.75,0.705
4,Qwen/Qwen2.5-1.5B-Instruct,gsm8k,RandOpt,44,44,0.635,0.705
4,Qwen/Qwen2.5-1.5B-Instruct,gsm8k,RandOpt,44,45,0.755,0.705
4,Qwen/Qwen2.5-1.5B-Instruct,gsm8k,RandOpt,44,46,0.73,0.705
4,Qwen/Qwen2.5-1.5B-Instruct,gsm8k,RandOpt,44,47,0.7,0.705
4,Qwen/Qwen2.5-1.5B-Instruct,gsm8k,RandOpt,44,48,0.725,0.705
4,Qwen/Qwen2.5-1.5B-Instruct,gsm8k,RandOpt,44,49,0.705,0.705
4,Qwen/Qwen2.5-1.5B-Instruct,gsm8k,RandOpt,44,50,0.695,0.705
4,Qwen/Qwen2.5-1.5B-Instruct,gsm8k,RandOpt,44,51,0.68,0.705
4,Qwen/Qwen2.5-1.5B-Instruct,gsm8k,RandOpt,44,52,0.72,0.705
4,Qwen/Qwen2.5-1.5B-Instruct,gsm8k,RandOpt,44,53,0.725,0.705
4,Qwen/Qwen2.5-1.5B-Instruct,gsm8k,RandOpt,44,54,0.675,0.705
4,Qwen/Qwen2.5-1.5B-Instruct,gsm8k,RandOpt,44,55,0.675,0.705
4,Qwen/Qwen2.5-1.5B-Instruct,gsm8k,RandOpt,44,56,0.685,0.705
4,Qwen/Qwen2.5-1.5B-Instruct,gsm8k,RandOpt,44,57,0.71,0.705
4,Qwen/Qwen2.5-1.5B-Instruct,gsm8k,RandOpt,44,58,0.65,0.705
4,Qwen/Qwen2.5-1.5B-Instruct,gsm8k,RandOpt,44,59,0.685,0.705
4,Qwen/Qwen2.5-1.5B-Instruct,gsm8k,RandOpt,44,60,0.725,0.705
4,Qwen/Qwen2.5-1.5B-Instruct,gsm8k,RandOpt,44,61,0.68,0.705
4,Qwen/Qwen2.5-1.5B-Instruct,gsm8k,RandOpt,44,62,0.755,0.705
4,Qwen/Qwen2.5-1.5B-Instruct,gsm8k,RandOpt,44,63,0.7,0.705
4,Qwen/Qwen2.5-1.5B-Instruct,gsm8k,RandOpt,44,64,0.71,0.705
4,Qwen/Qwen2.5-1.5B-Instruct,gsm8k,RandOpt,44,65,0.755,0.705
4,Qwen/Qwen2.5-1.5B-Instruct,gsm8k,RandOpt,44,66,0.695,0.705
4,Qwen/Qwen2.5-1.5B-Instruct,gsm8k,RandOpt,44,67,0.7,0.705
4,Qwen/Qwen2.5-1.5B-Instruct,gsm8k,RandOpt,44,68,0.695,0.705
4,Qwen/Qwen2.5-1.5B-Instruct,gsm8k,RandOpt,44,69,0.665,0.705
4,Qwen/Qwen2.5-1.5B-Instruct,gsm8k,RandOpt,44,70,0.715,0.705
4,Qwen/Qwen2.5-1.5B-Instruct,gsm8k,RandOpt,44,71,0.7,0.705
4,Qwen/Qwen2.5-1.5B-Instruct,gsm8k,RandOpt,44,72,0.71,0.705
4,Qwen/Qwen2.5-1.5B-Instruct,gsm8k,RandOpt,44,73,0.72,0.705
4,Qwen/Qwen2.5-1.5B-Instruct,gsm8k,RandOpt,44,74,0.7,0.705
4,Qwen/Qwen2.5-1.5B-Instruct,gsm8k,RandOpt,44,75,0.695,0.705
4,Qwen/Qwen2.5-1.5B-Instruct,gsm8k,RandOpt,44,76,0.69,0.705
4,Qwen/Qwen2.5-1.5B-Instruct,gsm8k,RandOpt,44,77,0.665,0.705
4,Qwen/Qwen2.5-1.5B-Instruct,gsm8k,RandOpt,44,78,0.7,0.705
4,Qwen/Qwen2.5-1.5B-Instruct,gsm8k,RandOpt,44,79,0.725,0.705
4,Qwen/Qwen2.5-1.5B-Instruct,gsm8k,RandOpt,44,80,0.705,0.705
4,Qwen/Qwen2.5-1.5B-Instruct,gsm8k,RandOpt,44,81,0.7,0.705
4,Qwen/Qwen2.5-1.5B-Instruct,gsm8k,RandOpt,44,82,0.74,0.705
4,Qwen/Qwen2.5-1.5B-Instruct,gsm8k,RandOpt,44,83,0.725,0.705
4,Qwen/Qwen2.5-1.5B-Instruct,gsm8k,RandOpt,44,84,0.745,0.705
4,Qwen/Qwen2.5-1.5B-Instruct,gsm8k,RandOpt,44,85,0.73,0.705
4,Qwen/Qwen2.5-1.5B-Instruct,gsm8k,RandOpt,44,86,0.7,0.705
4,Qwen/Qwen2.5-1.5B-Instruct,gsm8k,RandOpt,44,87,0.74,0.705
4,Qwen/Qwen2.5-1.5B-Instruct,gsm8k,RandOpt,44,88,0.73,0.705
4,Qwen/Qwen2.5-1.5B-Instruct,gsm8k,RandOpt,44,89,0.73,0.705
4,Qwen/Qwen2.5-1.5B-Instruct,gsm8k,RandOpt,44,90,0.705,0.705
4,Qwen/Qwen2.5-1.5B-Instruct,gsm8k,RandOpt,44,91,0.695,0.705
4,Qwen/Qwen2.5-1.5B-Instruct,gsm8k,RandOpt,44,92,0.705,0.705
4,Qwen/Qwen2.5-1.5B-Instruct,gsm8k,RandOpt,44,93,0.695,0.705
4,Qwen/Qwen2.5-1.5B-Instruct,gsm8k,RandOpt,44,94,0.72,0.705
4,Qwen/Qwen2.5-1.5B-Instruct,gsm8k,RandOpt,44,95,0.78,0.705
4,Qwen/Qwen2.5-1.5B-Instruct,gsm8k,RandOpt,44,96,0.69,0.705
4,Qwen/Qwen2.5-1.5B-Instruct,gsm8k,RandOpt,44,97,0.705,0.705
4,Qwen/Qwen2.5-1.5B-Instruct,gsm8k,RandOpt,44,98,0.73,0.705
4,Qwen/Qwen2.5-1.5B-Instruct,gsm8k,RandOpt,44,99,0.685,0.705
4,Qwen/Qwen2.5-1.5B-Instruct,gsm8k,RandOpt,44,100,0.775,0.705
4,Qwen/Qwen2.5-1.5B-Instruct,gsm8k,RandOpt,44,101,0.65,0.705
4,Qwen/Qwen2.5-1.5B-Instruct,gsm8k,RandOpt,44,102,0.69,0.705
4,Qwen/Qwen2.5-1.5B-Instruct,gsm8k,RandOpt,44,103,0.715,0.705
4,Qwen/Qwen2.5-1.5B-Instruct,gsm8k,RandOpt,44,104,0.715,0.705
4,Qwen/Qwen2.5-1.5B-Instruct,gsm8k,RandOpt,44,105,0.705,0.705
4,Qwen/Qwen2.5-1.5B-Instruct,gsm8k,RandOpt,44,106,0.745,0.705
4,Qwen/Qwen2.5-1.5B-Instruct,gsm8k,RandOpt,44,107,0.75,0.705
4,Qwen/Qwen2.5-1.5B-Instruct,gsm8k,RandOpt,44,108,0.67,0.705
4,Qwen/Qwen2.5-1.5B-Instruct,gsm8k,RandOpt,44,109,0.73,0.705
4,Qwen/Qwen2.5-1.5B-Instruct,gsm8k,RandOpt,44,110,0.735,0.705
4,Qwen/Qwen2.5-1.5B-Instruct,gsm8k,RandOpt,44,111,0.69,0.705
4,Qwen/Qwen2.5-1.5B-Instruct,gsm8k,RandOpt,44,112,0.74,0.705
4,Qwen/Qwen2.5-1.5B-Instruct,gsm8k,RandOpt,44,113,0.735,0.705
4,Qwen/Qwen2.5-1.5B-Instruct,gsm8k,RandOpt,44,114,0.725,0.705
4,Qwen/Qwen2.5-1.5B-Instruct,gsm8k,RandOpt,44,115,0.7,0.705
4,Qwen/Qwen2.5-1.5B-Instruct,gsm8k,RandOpt,44,116,0.685,0.705
4,Qwen/Qwen2.5-1.5B-Instruct,gsm8k,RandOpt,44,117,0.665,0.705
4,Qwen/Qwen2.5-1.5B-Instruct,gsm8k,RandOpt,44,118,0.725,0.705
4,Qwen/Qwen2.5-1.5B-Instruct,gsm8k,RandOpt,44,119,0.725,0.705
4,Qwen/Qwen2.5-1.5B-Instruct,gsm8k,RandOpt,44,120,0.71,0.705
4,Qwen/Qwen2.5-1.5B-Instruct,gsm8k,RandOpt,44,121,0.745,0.705
4,Qwen/Qwen2.5-1.5B-Instruct,gsm8k,RandOpt,44,122,0.695,0.705
4,Qwen/Qwen2.5-1.5B-Instruct,gsm8k,RandOpt,44,123,0.695,0.705
4,Qwen/Qwen2.5-1.5B-Instruct,gsm8k,RandOpt,44,124,0.74,0.705
4,Qwen/Qwen2.5-1.5B-Instruct,gsm8k,RandOpt,44,125,0.69,0.705
4,Qwen/Qwen2.5-1.5B-Instruct,gsm8k,RandOpt,44,126,0.67,0.705
4,Qwen/Qwen2.5-1.5B-Instruct,gsm8k,RandOpt,44,127,0.705,0.705
4,Qwen/Qwen2.5-1.5B-Instruct,gsm8k,RandOpt,44,128,0.67,0.705
4,Qwen/Qwen2.5-1.5B-Instruct,gsm8k,RandOpt,44,129,0.64,0.705
4,Qwen/Qwen2.5-1.5B-Instruct,gsm8k,RandOpt,44,130,0.72,0.705
4,Qwen/Qwen2.5-1.5B-Instruct,gsm8k,RandOpt,44,131,0.67,0.705
4,Qwen/Qwen2.5-1.5B-Instruct,gsm8k,RandOpt,44,132,0.75,0.705
4,Qwen/Qwen2.5-1.5B-Instruct,gsm8k,RandOpt,44,133,0.685,0.705
4,Qwen/Qwen2.5-1.5B-Instruct,gsm8k,RandOpt,44,134,0.715,0.705
4,Qwen/Qwen2.5-1.5B-Instruct,gsm8k,RandOpt,44,135,0.775,0.705
4,Qwen/Qwen2.5-1.5B-Instruct,gsm8k,RandOpt,44,136,0.665,0.705
4,Qwen/Qwen2.5-1.5B-Instruct,gsm8k,RandOpt,44,137,0.675,0.705
4,Qwen/Qwen2.5-1.5B-Instruct,gsm8k,RandOpt,44,138,0.695,0.705
4,Qwen/Qwen2.5-1.5B-Instruct,gsm8k,RandOpt,44,139,0.735,0.705
4,Qwen/Qwen2.5-1.5B-Instruct,gsm8k,RandOpt,44,140,0.715,0.705
4,Qwen/Qwen2.5-1.5B-Instruct,gsm8k,RandOpt,44,141,0.68,0.705
4,Qwen/Qwen2.5-1.5B-Instruct,gsm8k,RandOpt,44,142,0.715,0.705
4,Qwen/Qwen2.5-1.5B-Instruct,gsm8k,RandOpt,44,143,0.745,0.705
4,Qwen/Qwen2.5-1.5B-Instruct,gsm8k,RandOpt,44,144,0.765,0.705
4,Qwen/Qwen2.5-1.5B-Instruct,gsm8k,RandOpt,44,145,0.705,0.705
4,Qwen/Qwen2.5-1.5B-Instruct,gsm8k,RandOpt,44,146,0.725,0.705
4,Qwen/Qwen2.5-1.5B-Instruct,gsm8k,RandOpt,44,147,0.675,0.705
4,Qwen/Qwen2.5-1.5B-Instruct,gsm8k,RandOpt,44,148,0.69,0.705
4,Qwen/Qwen2.5-1.5B-Instruct,gsm8k,RandOpt,44,149,0.73,0.705
4,Qwen/Qwen2.5-1.5B-Instruct,gsm8k,RandOpt,44,150,0.72,0.705
4,Qwen/Qwen2.5-1.5B-Instruct,gsm8k,RandOpt,44,151,0.665,0.705
4,Qwen/Qwen2.5-1.5B-Instruct,gsm8k,RandOpt,44,152,0.695,0.705
4,Qwen/Qwen2.5-1.5B-Instruct,gsm8k,RandOpt,44,153,0.665,0.705
4,Qwen/Qwen2.5-1.5B-Instruct,gsm8k,RandOpt,44,154,0.705,0.705
4,Qwen/Qwen2.5-1.5B-Instruct,gsm8k,RandOpt,44,155,0.7,0.705
4,Qwen/Qwen2.5-1.5B-Instruct,gsm8k,RandOpt,44,156,0.685,0.705
4,Qwen/Qwen2.5-1.5B-Instruct,gsm8k,RandOpt,44,157,0.675,0.705
4,Qwen/Qwen2.5-1.5B-Instruct,gsm8k,RandOpt,44,158,0.745,0.705
4,Qwen/Qwen2.5-1.5B-Instruct,gsm8k,RandOpt,44,159,0.62,0.705
4,Qwen/Qwen2.5-1.5B-Instruct,gsm8k,RandOpt,44,160,0.73,0.705
4,Qwen/Qwen2.5-1.5B-Instruct,gsm8k,RandOpt,44,161,0.71,0.705
4,Qwen/Qwen2.5-1.5B-Instruct,gsm8k,RandOpt,44,162,0.71,0.705
4,Qwen/Qwen2.5-1.5B-Instruct,gsm8k,RandOpt,44,163,0.705,0.705
4,Qwen/Qwen2.5-1.5B-Instruct,gsm8k,RandOpt,44,164,0.665,0.705
4,Qwen/Qwen2.5-1.5B-Instruct,gsm8k,RandOpt,44,165,0.705,0.705
4,Qwen/Qwen2.5-1.5B-Instruct,gsm8k,RandOpt,44,166,0.705,0.705
4,Qwen/Qwen2.5-1.5B-Instruct,gsm8k,RandOpt,44,167,0.715,0.705
4,Qwen/Qwen2.5-1.5B-Instruct,gsm8k,RandOpt,44,168,0.69,0.705
4,Qwen/Qwen2.5-1.5B-Instruct,gsm8k,RandOpt,44,169,0.7,0.705
4,Qwen/Qwen2.5-1.5B-Instruct,gsm8k,RandOpt,44,170,0.735,0.705
4,Qwen/Qwen2.5-1.5B-Instruct,gsm8k,RandOpt,44,171,0.66,0.705
4,Qwen/Qwen2.5-1.5B-Instruct,gsm8k,RandOpt,44,172,0.705,0.705
4,Qwen/Qwen2.5-1.5B-Instruct,gsm8k,RandOpt,44,173,0.66,0.705
4,Qwen/Qwen2.5-1.5B-Instruct,gsm8k,RandOpt,44,174,0.675,0.705
4,Qwen/Qwen2.5-1.5B-Instruct,gsm8k,RandOpt,44,175,0.72,0.705
4,Qwen/Qwen2.5-1.5B-Instruct,gsm8k,RandOpt,44,176,0.735,0.705
4,Qwen/Qwen2.5-1.5B-Instruct,gsm8k,RandOpt,44,177,0.715,0.705
4,Qwen/Qwen2.5-1.5B-Instruct,gsm8k,RandOpt,44,178,0.74,0.705
4,Qwen/Qwen2.5-1.5B-Instruct,gsm8k,RandOpt,44,179,0.71,0.705
4,Qwen/Qwen2.5-1.5B-Instruct,gsm8k,RandOpt,44,180,0.685,0.705
4,Qwen/Qwen2.5-1.5B-Instruct,gsm8k,RandOpt,44,181,0.675,0.705
4,Qwen/Qwen2.5-1.5B-Instruct,gsm8k,RandOpt,44,182,0.715,0.705
4,Qwen/Qwen2.5-1.5B-Instruct,gsm8k,RandOpt,44,183,0.7,0.705
4,Qwen/Qwen2.5-1.5B-Instruct,gsm8k,RandOpt,44,184,0.67,0.705
4,Qwen/Qwen2.5-1.5B-Instruct,gsm8k,RandOpt,44,185,0.71,0.705
4,Qwen/Qwen2.5-1.5B-Instruct,gsm8k,RandOpt,44,186,0.71,0.705
4,Qwen/Qwen2.5-1.5B-Instruct,gsm8k,RandOpt,44,187,0.705,0.705
4,Qwen/Qwen2.5-1.5B-Instruct,gsm8k,RandOpt,44,188,0.65,0.705
4,Qwen/Qwen2.5-1.5B-Instruct,gsm8k,RandOpt,44,189,0.715,0.705
4,Qwen/Qwen2.5-1.5B-Instruct,gsm8k,RandOpt,44,190,0.68,0.705
4,Qwen/Qwen2.5-1.5B-Instruct,gsm8k,RandOpt,44,191,0.68,0.705
4,Qwen/Qwen2.5-1.5B-Instruct,gsm8k,RandOpt,44,192,0.65,0.705
4,Qwen/Qwen2.5-1.5B-Instruct,gsm8k,RandOpt,44,193,0.67,0.705
4,Qwen/Qwen2.5-1.5B-Instruct,gsm8k,RandOpt,44,194,0.665,0.705
4,Qwen/Qwen2.5-1.5B-Instruct,gsm8k,RandOpt,44,195,0.765,0.705
4,Qwen/Qwen2.5-1.5B-Instruct,gsm8k,RandOpt,44,196,0.73,0.705
4,Qwen/Qwen2.5-1.5B-Instruct,gsm8k,RandOpt,44,197,0.675,0.705
4,Qwen/Qwen2.5-1.5B-Instruct,gsm8k,RandOpt,44,198,0.75,0.705
4,Qwen/Qwen2.5-1.5B-Instruct,gsm8k,RandOpt,44,199,0.68,0.705
4,Qwen/Qwen2.5-1.5B-Instruct,gsm8k,RandOpt,44,200,0.66,0.705
4,Qwen/Qwen2.5-1.5B-Instruct,gsm8k,RandOpt,44,201,0.725,0.705
4,Qwen/Qwen2.5-1.5B-Instruct,gsm8k,RandOpt,44,202,0.735,0.705
4,Qwen/Qwen2.5-1.5B-Instruct,gsm8k,RandOpt,44,203,0.675,0.705
4,Qwen/Qwen2.5-1.5B-Instruct,gsm8k,RandOpt,44,204,0.655,0.705
4,Qwen/Qwen2.5-1.5B-Instruct,gsm8k,RandOpt,44,205,0.685,0.705
4,Qwen/Qwen2.5-1.5B-Instruct,gsm8k,RandOpt,44,206,0.71,0.705
4,Qwen/Qwen2.5-1.5B-Instruct,gsm8k,RandOpt,44,207,0.73,0.705
4,Qwen/Qwen2.5-1.5B-Instruct,gsm8k,RandOpt,44,208,0.715,0.705
4,Qwen/Qwen2.5-1.5B-Instruct,gsm8k,RandOpt,44,209,0.695,0.705
4,Qwen/Qwen2.5-1.5B-Instruct,gsm8k,RandOpt,44,210,0.735,0.705
4,Qwen/Qwen2.5-1.5B-Instruct,gsm8k,RandOpt,44,211,0.69,0.705
4,Qwen/Qwen2.5-1.5B-Instruct,gsm8k,RandOpt,44,212,0.675,0.705
4,Qwen/Qwen2.5-1.5B-Instruct,gsm8k,RandOpt,44,213,0.71,0.705
4,Qwen/Qwen2.5-1.5B-Instruct,gsm8k,RandOpt,44,214,0.69,0.705
4,Qwen/Qwen2.5-1.5B-Instruct,gsm8k,RandOpt,44,215,0.665,0.705
4,Qwen/Qwen2.5-1.5B-Instruct,gsm8k,RandOpt,44,216,0.68,0.705
4,Qwen/Qwen2.5-1.5B-Instruct,gsm8k,RandOpt,44,217,0.71,0.705
4,Qwen/Qwen2.5-1.5B-Instruct,gsm8k,RandOpt,44,218,0.735,0.705
4,Qwen/Qwen2.5-1.5B-Instruct,gsm8k,RandOpt,44,219,0.665,0.705
4,Qwen/Qwen2.5-1.5B-Instruct,gsm8k,RandOpt,44,220,0.705,0.705
4,Qwen/Qwen2.5-1.5B-Instruct,gsm8k,RandOpt,44,221,0.69,0.705
4,Qwen/Qwen2.5-1.5B-Instruct,gsm8k,RandOpt,44,222,0.715,0.705
4,Qwen/Qwen2.5-1.5B-Instruct,gsm8k,RandOpt,44,223,0.68,0.705
4,Qwen/Qwen2.5-1.5B-Instruct,gsm8k,RandOpt,44,224,0.675,0.705
4,Qwen/Qwen2.5-1.5B-Instruct,gsm8k,RandOpt,44,225,0.665,0.705
4,Qwen/Qwen2.5-1.5B-Instruct,gsm8k,RandOpt,44,226,0.7,0.705
4,Qwen/Qwen2.5-1.5B-Instruct,gsm8k,RandOpt,44,227,0.725,0.705
4,Qwen/Qwen2.5-1.5B-Instruct,gsm8k,RandOpt,44,228,0.68,0.705
4,Qwen/Qwen2.5-1.5B-Instruct,gsm8k,RandOpt,44,229,0.695,0.705
4,Qwen/Qwen2.5-1.5B-Instruct,gsm8k,RandOpt,44,230,0.69,0.705
4,Qwen/Qwen2.5-1.5B-Instruct,gsm8k,RandOpt,44,231,0.7,0.705
4,Qwen/Qwen2.5-1.5B-Instruct,gsm8k,RandOpt,44,232,0.69,0.705
4,Qwen/Qwen2.5-1.5B-Instruct,gsm8k,RandOpt,44,233,0.705,0.705
4,Qwen/Qwen2.5-1.5B-Instruct,gsm8k,RandOpt,44,234,0.67,0.705
4,Qwen/Qwen2.5-1.5B-Instruct,gsm8k,RandOpt,44,235,0.665,0.705
4,Qwen/Qwen2.5-1.5B-Instruct,gsm8k,RandOpt,44,236,0.69,0.705
4,Qwen/Qwen2.5-1.5B-Instruct,gsm8k,RandOpt,44,237,0.735,0.705
4,Qwen/Qwen2.5-1.5B-Instruct,gsm8k,RandOpt,44,238,0.71,0.705
4,Qwen/Qwen2.5-1.5B-Instruct,gsm8k,RandOpt,44,239,0.73,0.705
4,Qwen/Qwen2.5-1.5B-Instruct,gsm8k,RandOpt,44,240,0.68,0.705
4,Qwen/Qwen2.5-1.5B-Instruct,gsm8k,RandOpt,44,241,0.685,0.705
4,Qwen/Qwen2.5-1.5B-Instruct,gsm8k,RandOpt,44,242,0.7,0.705
4,Qwen/Qwen2.5-1.5B-Instruct,gsm8k,RandOpt,44,243,0.675,0.705
4,Qwen/Qwen2.5-1.5B-Instruct,gsm8k,RandOpt,44,244,0.67,0.705
4,Qwen/Qwen2.5-1.5B-Instruct,gsm8k,RandOpt,44,245,0.695,0.705
4,Qwen/Qwen2.5-1.5B-Instruct,gsm8k,RandOpt,44,246,0.715,0.705
4,Qwen/Qwen2.5-1.5B-Instruct,gsm8k,RandOpt,44,247,0.73,0.705
4,Qwen/Qwen2.5-1.5B-Instruct,gsm8k,RandOpt,44,248,0.695,0.705
4,Qwen/Qwen2.5-1.5B-Instruct,gsm8k,RandOpt,44,249,0.68,0.705
4,Qwen/Qwen2.5-1.5B-Instruct,gsm8k,RandOpt,44,250,0.68,0.705
4,Qwen/Qwen2.5-1.5B-Instruct,gsm8k,RandOpt,44,251,0.73,0.705
4,Qwen/Qwen2.5-1.5B-Instruct,gsm8k,RandOpt,44,252,0.7,0.705
4,Qwen/Qwen2.5-1.5B-Instruct,gsm8k,RandOpt,44,253,0.705,0.705
4,Qwen/Qwen2.5-1.5B-Instruct,gsm8k,RandOpt,44,254,0.685,0.705
4,Qwen/Qwen2.5-1.5B-Instruct,gsm8k,RandOpt,44,255,0.645,0.705
4,Qwen/Qwen2.5-1.5B-Instruct,gsm8k,RandOpt,44,256,0.665,0.705
4,Qwen/Qwen2.5-1.5B-Instruct,gsm8k,RandOpt,44,257,0.705,0.705
4,Qwen/Qwen2.5-1.5B-Instruct,gsm8k,RandOpt,44,258,0.71,0.705
4,Qwen/Qwen2.5-1.5B-Instruct,gsm8k,RandOpt,44,259,0.71,0.705
4,Qwen/Qwen2.5-1.5B-Instruct,gsm8k,RandOpt,44,260,0.725,0.705
4,Qwen/Qwen2.5-1.5B-Instruct,gsm8k,RandOpt,44,261,0.705,0.705
4,Qwen/Qwen2.5-1.5B-Instruct,gsm8k,RandOpt,44,262,0.655,0.705
4,Qwen/Qwen2.5-1.5B-Instruct,gsm8k,RandOpt,44,263,0.71,0.705
4,Qwen/Qwen2.5-1.5B-Instruct,gsm8k,RandOpt,44,264,0.715,0.705
4,Qwen/Qwen2.5-1.5B-Instruct,gsm8k,RandOpt,44,265,0.72,0.705
4,Qwen/Qwen2.5-1.5B-Instruct,gsm8k,RandOpt,44,266,0.67,0.705
4,Qwen/Qwen2.5-1.5B-Instruct,gsm8k,RandOpt,44,267,0.68,0.705
4,Qwen/Qwen2.5-1.5B-Instruct,gsm8k,RandOpt,44,268,0.73,0.705
4,Qwen/Qwen2.5-1.5B-Instruct,gsm8k,RandOpt,44,269,0.695,0.705
4,Qwen/Qwen2.5-1.5B-Instruct,gsm8k,RandOpt,44,270,0.695,0.705
4,Qwen/Qwen2.5-1.5B-Instruct,gsm8k,RandOpt,44,271,0.68,0.705
4,Qwen/Qwen2.5-1.5B-Instruct,gsm8k,RandOpt,44,272,0.64,0.705
4,Qwen/Qwen2.5-1.5B-Instruct,gsm8k,RandOpt,44,273,0.715,0.705
4,Qwen/Qwen2.5-1.5B-Instruct,gsm8k,RandOpt,44,274,0.74,0.705
4,Qwen/Qwen2.5-1.5B-Instruct,gsm8k,RandOpt,44,275,0.71,0.705
4,Qwen/Qwen2.5-1.5B-Instruct,gsm8k,RandOpt,44,276,0.705,0.705
4,Qwen/Qwen2.5-1.5B-Instruct,gsm8k,RandOpt,44,277,0.69,0.705
4,Qwen/Qwen2.5-1.5B-Instruct,gsm8k,RandOpt,44,278,0.68,0.705
4,Qwen/Qwen2.5-1.5B-Instruct,gsm8k,RandOpt,44,279,0.67,0.705
4,Qwen/Qwen2.5-1.5B-Instruct,gsm8k,RandOpt,44,280,0.67,0.705
4,Qwen/Qwen2.5-1.5B-Instruct,gsm8k,RandOpt,44,281,0.69,0.705
4,Qwen/Qwen2.5-1.5B-Instruct,gsm8k,RandOpt,44,282,0.665,0.705
4,Qwen/Qwen2.5-1.5B-Instruct,gsm8k,RandOpt,44,283,0.705,0.705
4,Qwen/Qwen2.5-1.5B-Instruct,gsm8k,RandOpt,44,284,0.68,0.705
4,Qwen/Qwen2.5-1.5B-Instruct,gsm8k,RandOpt,44,285,0.7,0.705
4,Qwen/Qwen2.5-1.5B-Instruct,gsm8k,RandOpt,44,286,0.725,0.705
4,Qwen/Qwen2.5-1.5B-Instruct,gsm8k,RandOpt,44,287,0.72,0.705
4,Qwen/Qwen2.5-1.5B-Instruct,gsm8k,RandOpt,44,288,0.69,0.705
4,Qwen/Qwen2.5-1.5B-Instruct,gsm8k,RandOpt,44,289,0.63,0.705
4,Qwen/Qwen2.5-1.5B-Instruct,gsm8k,RandOpt,44,290,0.7,0.705
4,Qwen/Qwen2.5-1.5B-Instruct,gsm8k,RandOpt,44,291,0.66,0.705
4,Qwen/Qwen2.5-1.5B-Instruct,gsm8k,RandOpt,44,292,0.69,0.705
4,Qwen/Qwen2.5-1.5B-Instruct,gsm8k,RandOpt,44,293,0.65,0.705
4,Qwen/Qwen2.5-1.5B-Instruct,gsm8k,RandOpt,44,294,0.69,0.705
4,Qwen/Qwen2.5-1.5B-Instruct,gsm8k,RandOpt,44,295,0.705,0.705
4,Qwen/Qwen2.5-1.5B-Instruct,gsm8k,RandOpt,44,296,0.69,0.705
4,Qwen/Qwen2.5-1.5B-Instruct,gsm8k,RandOpt,44,297,0.695,0.705
4,Qwen/Qwen2.5-1.5B-Instruct,gsm8k,RandOpt,44,298,0.68,0.705
4,Qwen/Qwen2.5-1.5B-Instruct,gsm8k,RandOpt,44,299,0.705,0.705
4,Qwen/Qwen2.5-1.5B-Instruct,gsm8k,Modular Norm RandOpt,42,0,0.72,0.705
4,Qwen/Qwen2.5-1.5B-Instruct,gsm8k,Modular Norm RandOpt,42,1,0.745,0.705
4,Qwen/Qwen2.5-1.5B-Instruct,gsm8k,Modular Norm RandOpt,42,2,0.72,0.705
4,Qwen/Qwen2.5-1.5B-Instruct,gsm8k,Modular Norm RandOpt,42,3,0.73,0.705
4,Qwen/Qwen2.5-1.5B-Instruct,gsm8k,Modular Norm RandOpt,42,4,0.755,0.705
4,Qwen/Qwen2.5-1.5B-Instruct,gsm8k,Modular Norm RandOpt,42,5,0.71,0.705
4,Qwen/Qwen2.5-1.5B-Instruct,gsm8k,Modular Norm RandOpt,42,6,0.74,0.705
4,Qwen/Qwen2.5-1.5B-Instruct,gsm8k,Modular Norm RandOpt,42,7,0.695,0.705
4,Qwen/Qwen2.5-1.5B-Instruct,gsm8k,Modular Norm RandOpt,42,8,0.7,0.705
4,Qwen/Qwen2.5-1.5B-Instruct,gsm8k,Modular Norm RandOpt,42,9,0.735,0.705
4,Qwen/Qwen2.5-1.5B-Instruct,gsm8k,Modular Norm RandOpt,42,10,0.735,0.705
4,Qwen/Qwen2.5-1.5B-Instruct,gsm8k,Modular Norm RandOpt,42,11,0.695,0.705
4,Qwen/Qwen2.5-1.5B-Instruct,gsm8k,Modular Norm RandOpt,42,12,0.645,0.705
4,Qwen/Qwen2.5-1.5B-Instruct,gsm8k,Modular Norm RandOpt,42,13,0.72,0.705
4,Qwen/Qwen2.5-1.5B-Instruct,gsm8k,Modular Norm RandOpt,42,14,0.69,0.705
4,Qwen/Qwen2.5-1.5B-Instruct,gsm8k,Modular Norm RandOpt,42,15,0.735,0.705
4,Qwen/Qwen2.5-1.5B-Instruct,gsm8k,Modular Norm RandOpt,42,16,0.68,0.705
4,Qwen/Qwen2.5-1.5B-Instruct,gsm8k,Modular Norm RandOpt,42,17,0.715,0.705
4,Qwen/Qwen2.5-1.5B-Instruct,gsm8k,Modular Norm RandOpt,42,18,0.63,0.705
4,Qwen/Qwen2.5-1.5B-Instruct,gsm8k,Modular Norm RandOpt,42,19,0.67,0.705
4,Qwen/Qwen2.5-1.5B-Instruct,gsm8k,Modular Norm RandOpt,42,20,0.66,0.705
4,Qwen/Qwen2.5-1.5B-Instruct,gsm8k,Modular Norm RandOpt,42,21,0.685,0.705
4,Qwen/Qwen2.5-1.5B-Instruct,gsm8k,Modular Norm RandOpt,42,22,0.66,0.705
4,Qwen/Qwen2.5-1.5B-Instruct,gsm8k,Modular Norm RandOpt,42,23,0.735,0.705
4,Qwen/Qwen2.5-1.5B-Instruct,gsm8k,Modular Norm RandOpt,42,24,0.695,0.705
4,Qwen/Qwen2.5-1.5B-Instruct,gsm8k,Modular Norm RandOpt,42,25,0.725,0.705
4,Qwen/Qwen2.5-1.5B-Instruct,gsm8k,Modular Norm RandOpt,42,26,0.725,0.705
4,Qwen/Qwen2.5-1.5B-Instruct,gsm8k,Modular Norm RandOpt,42,27,0.735,0.705
4,Qwen/Qwen2.5-1.5B-Instruct,gsm8k,Modular Norm RandOpt,42,28,0.735,0.705
4,Qwen/Qwen2.5-1.5B-Instruct,gsm8k,Modular Norm RandOpt,42,29,0.735,0.705
4,Qwen/Qwen2.5-1.5B-Instruct,gsm8k,Modular Norm RandOpt,42,30,0.74,0.705
4,Qwen/Qwen2.5-1.5B-Instruct,gsm8k,Modular Norm RandOpt,42,31,0.71,0.705
4,Qwen/Qwen2.5-1.5B-Instruct,gsm8k,Modular Norm RandOpt,42,32,0.705,0.705
4,Qwen/Qwen2.5-1.5B-Instruct,gsm8k,Modular Norm RandOpt,42,33,0.72,0.705
4,Qwen/Qwen2.5-1.5B-Instruct,gsm8k,Modular Norm RandOpt,42,34,0.705,0.705
4,Qwen/Qwen2.5-1.5B-Instruct,gsm8k,Modular Norm RandOpt,42,35,0.66,0.705
4,Qwen/Qwen2.5-1.5B-Instruct,gsm8k,Modular Norm RandOpt,42,36,0.74,0.705
4,Qwen/Qwen2.5-1.5B-Instruct,gsm8k,Modular Norm RandOpt,42,37,0.65,0.705
4,Qwen/Qwen2.5-1.5B-Instruct,gsm8k,Modular Norm RandOpt,42,38,0.735,0.705
4,Qwen/Qwen2.5-1.5B-Instruct,gsm8k,Modular Norm RandOpt,42,39,0.69,0.705
4,Qwen/Qwen2.5-1.5B-Instruct,gsm8k,Modular Norm RandOpt,42,40,0.635,0.705
4,Qwen/Qwen2.5-1.5B-Instruct,gsm8k,Modular Norm RandOpt,42,41,0.715,0.705
4,Qwen/Qwen2.5-1.5B-Instruct,gsm8k,Modular Norm RandOpt,42,42,0.76,0.705
4,Qwen/Qwen2.5-1.5B-Instruct,gsm8k,Modular Norm RandOpt,42,43,0.725,0.705
4,Qwen/Qwen2.5-1.5B-Instruct,gsm8k,Modular Norm RandOpt,42,44,0.695,0.705
4,Qwen/Qwen2.5-1.5B-Instruct,gsm8k,Modular Norm RandOpt,42,45,0.735,0.705
4,Qwen/Qwen2.5-1.5B-Instruct,gsm8k,Modular Norm RandOpt,42,46,0.715,0.705
4,Qwen/Qwen2.5-1.5B-Instruct,gsm8k,Modular Norm RandOpt,42,47,0.72,0.705
4,Qwen/Qwen2.5-1.5B-Instruct,gsm8k,Modular Norm RandOpt,42,48,0.68,0.705
4,Qwen/Qwen2.5-1.5B-Instruct,gsm8k,Modular Norm RandOpt,42,49,0.66,0.705
4,Qwen/Qwen2.5-1.5B-Instruct,gsm8k,Modular Norm RandOpt,42,50,0.73,0.705
4,Qwen/Qwen2.5-1.5B-Instruct,gsm8k,Modular Norm RandOpt,42,51,0.72,0.705
4,Qwen/Qwen2.5-1.5B-Instruct,gsm8k,Modular Norm RandOpt,42,52,0.64,0.705
4,Qwen/Qwen2.5-1.5B-Instruct,gsm8k,Modular Norm RandOpt,42,53,0.72,0.705
4,Qwen/Qwen2.5-1.5B-Instruct,gsm8k,Modular Norm RandOpt,42,54,0.745,0.705
4,Qwen/Qwen2.5-1.5B-Instruct,gsm8k,Modular Norm RandOpt,42,55,0.705,0.705
4,Qwen/Qwen2.5-1.5B-Instruct,gsm8k,Modular Norm RandOpt,42,56,0.7,0.705
4,Qwen/Qwen2.5-1.5B-Instruct,gsm8k,Modular Norm RandOpt,42,57,0.73,0.705
4,Qwen/Qwen2.5-1.5B-Instruct,gsm8k,Modular Norm RandOpt,42,58,0.68,0.705
4,Qwen/Qwen2.5-1.5B-Instruct,gsm8k,Modular Norm RandOpt,42,59,0.76,0.705
4,Qwen/Qwen2.5-1.5B-Instruct,gsm8k,Modular Norm RandOpt,42,60,0.78,0.705
4,Qwen/Qwen2.5-1.5B-Instruct,gsm8k,Modular Norm RandOpt,42,61,0.72,0.705
4,Qwen/Qwen2.5-1.5B-Instruct,gsm8k,Modular Norm RandOpt,42,62,0.755,0.705
4,Qwen/Qwen2.5-1.5B-Instruct,gsm8k,Modular Norm RandOpt,42,63,0.73,0.705
4,Qwen/Qwen2.5-1.5B-Instruct,gsm8k,Modular Norm RandOpt,42,64,0.765,0.705
4,Qwen/Qwen2.5-1.5B-Instruct,gsm8k,Modular Norm RandOpt,42,65,0.685,0.705
4,Qwen/Qwen2.5-1.5B-Instruct,gsm8k,Modular Norm RandOpt,42,66,0.73,0.705
4,Qwen/Qwen2.5-1.5B-Instruct,gsm8k,Modular Norm RandOpt,42,67,0.65,0.705
4,Qwen/Qwen2.5-1.5B-Instruct,gsm8k,Modular Norm RandOpt,42,68,0.66,0.705
4,Qwen/Qwen2.5-1.5B-Instruct,gsm8k,Modular Norm RandOpt,42,69,0.695,0.705
4,Qwen/Qwen2.5-1.5B-Instruct,gsm8k,Modular Norm RandOpt,42,70,0.71,0.705
4,Qwen/Qwen2.5-1.5B-Instruct,gsm8k,Modular Norm RandOpt,42,71,0.68,0.705
4,Qwen/Qwen2.5-1.5B-Instruct,gsm8k,Modular Norm RandOpt,42,72,0.705,0.705
4,Qwen/Qwen2.5-1.5B-Instruct,gsm8k,Modular Norm RandOpt,42,73,0.68,0.705
4,Qwen/Qwen2.5-1.5B-Instruct,gsm8k,Modular Norm RandOpt,42,74,0.72,0.705
4,Qwen/Qwen2.5-1.5B-Instruct,gsm8k,Modular Norm RandOpt,42,75,0.705,0.705
4,Qwen/Qwen2.5-1.5B-Instruct,gsm8k,Modular Norm RandOpt,42,76,0.7,0.705
4,Qwen/Qwen2.5-1.5B-Instruct,gsm8k,Modular Norm RandOpt,42,77,0.705,0.705
4,Qwen/Qwen2.5-1.5B-Instruct,gsm8k,Modular Norm RandOpt,42,78,0.71,0.705
4,Qwen/Qwen2.5-1.5B-Instruct,gsm8k,Modular Norm RandOpt,42,79,0.69,0.705
4,Qwen/Qwen2.5-1.5B-Instruct,gsm8k,Modular Norm RandOpt,42,80,0.715,0.705
4,Qwen/Qwen2.5-1.5B-Instruct,gsm8k,Modular Norm RandOpt,42,81,0.685,0.705
4,Qwen/Qwen2.5-1.5B-Instruct,gsm8k,Modular Norm RandOpt,42,82,0.675,0.705
4,Qwen/Qwen2.5-1.5B-Instruct,gsm8k,Modular Norm RandOpt,42,83,0.7,0.705
4,Qwen/Qwen2.5-1.5B-Instruct,gsm8k,Modular Norm RandOpt,42,84,0.675,0.705
4,Qwen/Qwen2.5-1.5B-Instruct,gsm8k,Modular Norm RandOpt,42,85,0.735,0.705
4,Qwen/Qwen2.5-1.5B-Instruct,gsm8k,Modular Norm RandOpt,42,86,0.735,0.705
4,Qwen/Qwen2.5-1.5B-Instruct,gsm8k,Modular Norm RandOpt,42,87,0.68,0.705
4,Qwen/Qwen2.5-1.5B-Instruct,gsm8k,Modular Norm RandOpt,42,88,0.76,0.705
4,Qwen/Qwen2.5-1.5B-Instruct,gsm8k,Modular Norm RandOpt,42,89,0.655,0.705
4,Qwen/Qwen2.5-1.5B-Instruct,gsm8k,Modular Norm RandOpt,42,90,0.72,0.705
4,Qwen/Qwen2.5-1.5B-Instruct,gsm8k,Modular Norm RandOpt,42,91,0.695,0.705
4,Qwen/Qwen2.5-1.5B-Instruct,gsm8k,Modular Norm RandOpt,42,92,0.705,0.705
4,Qwen/Qwen2.5-1.5B-Instruct,gsm8k,Modular Norm RandOpt,42,93,0.69,0.705
4,Qwen/Qwen2.5-1.5B-Instruct,gsm8k,Modular Norm RandOpt,42,94,0.71,0.705
4,Qwen/Qwen2.5-1.5B-Instruct,gsm8k,Modular Norm RandOpt,42,95,0.725,0.705
4,Qwen/Qwen2.5-1.5B-Instruct,gsm8k,Modular Norm RandOpt,42,96,0.675,0.705
4,Qwen/Qwen2.5-1.5B-Instruct,gsm8k,Modular Norm RandOpt,42,97,0.715,0.705
4,Qwen/Qwen2.5-1.5B-Instruct,gsm8k,Modular Norm RandOpt,42,98,0.705,0.705
4,Qwen/Qwen2.5-1.5B-Instruct,gsm8k,Modular Norm RandOpt,42,99,0.7,0.705
4,Qwen/Qwen2.5-1.5B-Instruct,gsm8k,Modular Norm RandOpt,42,100,0.68,0.705
4,Qwen/Qwen2.5-1.5B-Instruct,gsm8k,Modular Norm RandOpt,42,101,0.7,0.705
4,Qwen/Qwen2.5-1.5B-Instruct,gsm8k,Modular Norm RandOpt,42,102,0.75,0.705
4,Qwen/Qwen2.5-1.5B-Instruct,gsm8k,Modular Norm RandOpt,42,103,0.695,0.705
4,Qwen/Qwen2.5-1.5B-Instruct,gsm8k,Modular Norm RandOpt,42,104,0.66,0.705
4,Qwen/Qwen2.5-1.5B-Instruct,gsm8k,Modular Norm RandOpt,42,105,0.775,0.705
4,Qwen/Qwen2.5-1.5B-Instruct,gsm8k,Modular Norm RandOpt,42,106,0.7,0.705
4,Qwen/Qwen2.5-1.5B-Instruct,gsm8k,Modular Norm RandOpt,42,107,0.68,0.705
4,Qwen/Qwen2.5-1.5B-Instruct,gsm8k,Modular Norm RandOpt,42,108,0.72,0.705
4,Qwen/Qwen2.5-1.5B-Instruct,gsm8k,Modular Norm RandOpt,42,109,0.66,0.705
4,Qwen/Qwen2.5-1.5B-Instruct,gsm8k,Modular Norm RandOpt,42,110,0.72,0.705
4,Qwen/Qwen2.5-1.5B-Instruct,gsm8k,Modular Norm RandOpt,42,111,0.675,0.705
4,Qwen/Qwen2.5-1.5B-Instruct,gsm8k,Modular Norm RandOpt,42,112,0.735,0.705
4,Qwen/Qwen2.5-1.5B-Instruct,gsm8k,Modular Norm RandOpt,42,113,0.745,0.705
4,Qwen/Qwen2.5-1.5B-Instruct,gsm8k,Modular Norm RandOpt,42,114,0.685,0.705
4,Qwen/Qwen2.5-1.5B-Instruct,gsm8k,Modular Norm RandOpt,42,115,0.705,0.705
4,Qwen/Qwen2.5-1.5B-Instruct,gsm8k,Modular Norm RandOpt,42,116,0.645,0.705
4,Qwen/Qwen2.5-1.5B-Instruct,gsm8k,Modular Norm RandOpt,42,117,0.68,0.705
4,Qwen/Qwen2.5-1.5B-Instruct,gsm8k,Modular Norm RandOpt,42,118,0.74,0.705
4,Qwen/Qwen2.5-1.5B-Instruct,gsm8k,Modular Norm RandOpt,42,119,0.73,0.705
4,Qwen/Qwen2.5-1.5B-Instruct,gsm8k,Modular Norm RandOpt,42,120,0.69,0.705
4,Qwen/Qwen2.5-1.5B-Instruct,gsm8k,Modular Norm RandOpt,42,121,0.72,0.705
4,Qwen/Qwen2.5-1.5B-Instruct,gsm8k,Modular Norm RandOpt,42,122,0.695,0.705
4,Qwen/Qwen2.5-1.5B-Instruct,gsm8k,Modular Norm RandOpt,42,123,0.67,0.705
4,Qwen/Qwen2.5-1.5B-Instruct,gsm8k,Modular Norm RandOpt,42,124,0.68,0.705
4,Qwen/Qwen2.5-1.5B-Instruct,gsm8k,Modular Norm RandOpt,42,125,0.67,0.705
4,Qwen/Qwen2.5-1.5B-Instruct,gsm8k,Modular Norm RandOpt,42,126,0.72,0.705
4,Qwen/Qwen2.5-1.5B-Instruct,gsm8k,Modular Norm RandOpt,42,127,0.665,0.705
4,Qwen/Qwen2.5-1.5B-Instruct,gsm8k,Modular Norm RandOpt,42,128,0.735,0.705
4,Qwen/Qwen2.5-1.5B-Instruct,gsm8k,Modular Norm RandOpt,42,129,0.715,0.705
4,Qwen/Qwen2.5-1.5B-Instruct,gsm8k,Modular Norm RandOpt,42,130,0.665,0.705
4,Qwen/Qwen2.5-1.5B-Instruct,gsm8k,Modular Norm RandOpt,42,131,0.755,0.705
4,Qwen/Qwen2.5-1.5B-Instruct,gsm8k,Modular Norm RandOpt,42,132,0.72,0.705
4,Qwen/Qwen2.5-1.5B-Instruct,gsm8k,Modular Norm RandOpt,42,133,0.73,0.705
4,Qwen/Qwen2.5-1.5B-Instruct,gsm8k,Modular Norm RandOpt,42,134,0.725,0.705
4,Qwen/Qwen2.5-1.5B-Instruct,gsm8k,Modular Norm RandOpt,42,135,0.645,0.705
4,Qwen/Qwen2.5-1.5B-Instruct,gsm8k,Modular Norm RandOpt,42,136,0.74,0.705
4,Qwen/Qwen2.5-1.5B-Instruct,gsm8k,Modular Norm RandOpt,42,137,0.745,0.705
4,Qwen/Qwen2.5-1.5B-Instruct,gsm8k,Modular Norm RandOpt,42,138,0.655,0.705
4,Qwen/Qwen2.5-1.5B-Instruct,gsm8k,Modular Norm RandOpt,42,139,0.675,0.705
4,Qwen/Qwen2.5-1.5B-Instruct,gsm8k,Modular Norm RandOpt,42,140,0.615,0.705
4,Qwen/Qwen2.5-1.5B-Instruct,gsm8k,Modular Norm RandOpt,42,141,0.755,0.705
4,Qwen/Qwen2.5-1.5B-Instruct,gsm8k,Modular Norm RandOpt,42,142,0.715,0.705
4,Qwen/Qwen2.5-1.5B-Instruct,gsm8k,Modular Norm RandOpt,42,143,0.66,0.705
4,Qwen/Qwen2.5-1.5B-Instruct,gsm8k,Modular Norm RandOpt,42,144,0.67,0.705
4,Qwen/Qwen2.5-1.5B-Instruct,gsm8k,Modular Norm RandOpt,42,145,0.705,0.705
4,Qwen/Qwen2.5-1.5B-Instruct,gsm8k,Modular Norm RandOpt,42,146,0.705,0.705
4,Qwen/Qwen2.5-1.5B-Instruct,gsm8k,Modular Norm RandOpt,42,147,0.745,0.705
4,Qwen/Qwen2.5-1.5B-Instruct,gsm8k,Modular Norm RandOpt,42,148,0.74,0.705
4,Qwen/Qwen2.5-1.5B-Instruct,gsm8k,Modular Norm RandOpt,42,149,0.715,0.705
4,Qwen/Qwen2.5-1.5B-Instruct,gsm8k,Modular Norm RandOpt,42,150,0.705,0.705
4,Qwen/Qwen2.5-1.5B-Instruct,gsm8k,Modular Norm RandOpt,42,151,0.755,0.705
4,Qwen/Qwen2.5-1.5B-Instruct,gsm8k,Modular Norm RandOpt,42,152,0.805,0.705
4,Qwen/Qwen2.5-1.5B-Instruct,gsm8k,Modular Norm RandOpt,42,153,0.715,0.705
4,Qwen/Qwen2.5-1.5B-Instruct,gsm8k,Modular Norm RandOpt,42,154,0.665,0.705
4,Qwen/Qwen2.5-1.5B-Instruct,gsm8k,Modular Norm RandOpt,42,155,0.735,0.705
4,Qwen/Qwen2.5-1.5B-Instruct,gsm8k,Modular Norm RandOpt,42,156,0.725,0.705
4,Qwen/Qwen2.5-1.5B-Instruct,gsm8k,Modular Norm RandOpt,42,157,0.72,0.705
4,Qwen/Qwen2.5-1.5B-Instruct,gsm8k,Modular Norm RandOpt,42,158,0.675,0.705
4,Qwen/Qwen2.5-1.5B-Instruct,gsm8k,Modular Norm RandOpt,42,159,0.735,0.705
4,Qwen/Qwen2.5-1.5B-Instruct,gsm8k,Modular Norm RandOpt,42,160,0.735,0.705
4,Qwen/Qwen2.5-1.5B-Instruct,gsm8k,Modular Norm RandOpt,42,161,0.72,0.705
4,Qwen/Qwen2.5-1.5B-Instruct,gsm8k,Modular Norm RandOpt,42,162,0.64,0.705
4,Qwen/Qwen2.5-1.5B-Instruct,gsm8k,Modular Norm RandOpt,42,163,0.71,0.705
4,Qwen/Qwen2.5-1.5B-Instruct,gsm8k,Modular Norm RandOpt,42,164,0.76,0.705
4,Qwen/Qwen2.5-1.5B-Instruct,gsm8k,Modular Norm RandOpt,42,165,0.635,0.705
4,Qwen/Qwen2.5-1.5B-Instruct,gsm8k,Modular Norm RandOpt,42,166,0.705,0.705
4,Qwen/Qwen2.5-1.5B-Instruct,gsm8k,Modular Norm RandOpt,42,167,0.7,0.705
4,Qwen/Qwen2.5-1.5B-Instruct,gsm8k,Modular Norm RandOpt,42,168,0.71,0.705
4,Qwen/Qwen2.5-1.5B-Instruct,gsm8k,Modular Norm RandOpt,42,169,0.67,0.705
4,Qwen/Qwen2.5-1.5B-Instruct,gsm8k,Modular Norm RandOpt,42,170,0.71,0.705
4,Qwen/Qwen2.5-1.5B-Instruct,gsm8k,Modular Norm RandOpt,42,171,0.715,0.705
4,Qwen/Qwen2.5-1.5B-Instruct,gsm8k,Modular Norm RandOpt,42,172,0.73,0.705
4,Qwen/Qwen2.5-1.5B-Instruct,gsm8k,Modular Norm RandOpt,42,173,0.68,0.705
4,Qwen/Qwen2.5-1.5B-Instruct,gsm8k,Modular Norm RandOpt,42,174,0.74,0.705
4,Qwen/Qwen2.5-1.5B-Instruct,gsm8k,Modular Norm RandOpt,42,175,0.705,0.705
4,Qwen/Qwen2.5-1.5B-Instruct,gsm8k,Modular Norm RandOpt,42,176,0.73,0.705
4,Qwen/Qwen2.5-1.5B-Instruct,gsm8k,Modular Norm RandOpt,42,177,0.75,0.705
4,Qwen/Qwen2.5-1.5B-Instruct,gsm8k,Modular Norm RandOpt,42,178,0.7,0.705
4,Qwen/Qwen2.5-1.5B-Instruct,gsm8k,Modular Norm RandOpt,42,179,0.745,0.705
4,Qwen/Qwen2.5-1.5B-Instruct,gsm8k,Modular Norm RandOpt,42,180,0.68,0.705
4,Qwen/Qwen2.5-1.5B-Instruct,gsm8k,Modular Norm RandOpt,42,181,0.7,0.705
4,Qwen/Qwen2.5-1.5B-Instruct,gsm8k,Modular Norm RandOpt,42,182,0.66,0.705
4,Qwen/Qwen2.5-1.5B-Instruct,gsm8k,Modular Norm RandOpt,42,183,0.69,0.705
4,Qwen/Qwen2.5-1.5B-Instruct,gsm8k,Modular Norm RandOpt,42,184,0.7,0.705
4,Qwen/Qwen2.5-1.5B-Instruct,gsm8k,Modular Norm RandOpt,42,185,0.645,0.705
4,Qwen/Qwen2.5-1.5B-Instruct,gsm8k,Modular Norm RandOpt,42,186,0.76,0.705
4,Qwen/Qwen2.5-1.5B-Instruct,gsm8k,Modular Norm RandOpt,42,187,0.695,0.705
4,Qwen/Qwen2.5-1.5B-Instruct,gsm8k,Modular Norm RandOpt,42,188,0.73,0.705
4,Qwen/Qwen2.5-1.5B-Instruct,gsm8k,Modular Norm RandOpt,42,189,0.76,0.705
4,Qwen/Qwen2.5-1.5B-Instruct,gsm8k,Modular Norm RandOpt,42,190,0.74,0.705
4,Qwen/Qwen2.5-1.5B-Instruct,gsm8k,Modular Norm RandOpt,42,191,0.72,0.705
4,Qwen/Qwen2.5-1.5B-Instruct,gsm8k,Modular Norm RandOpt,42,192,0.685,0.705
4,Qwen/Qwen2.5-1.5B-Instruct,gsm8k,Modular Norm RandOpt,42,193,0.67,0.705
4,Qwen/Qwen2.5-1.5B-Instruct,gsm8k,Modular Norm RandOpt,42,194,0.72,0.705
4,Qwen/Qwen2.5-1.5B-Instruct,gsm8k,Modular Norm RandOpt,42,195,0.745,0.705
4,Qwen/Qwen2.5-1.5B-Instruct,gsm8k,Modular Norm RandOpt,42,196,0.685,0.705
4,Qwen/Qwen2.5-1.5B-Instruct,gsm8k,Modular Norm RandOpt,42,197,0.655,0.705
4,Qwen/Qwen2.5-1.5B-Instruct,gsm8k,Modular Norm RandOpt,42,198,0.685,0.705
4,Qwen/Qwen2.5-1.5B-Instruct,gsm8k,Modular Norm RandOpt,42,199,0.74,0.705
4,Qwen/Qwen2.5-1.5B-Instruct,gsm8k,Modular Norm RandOpt,42,200,0.715,0.705
4,Qwen/Qwen2.5-1.5B-Instruct,gsm8k,Modular Norm RandOpt,42,201,0.645,0.705
4,Qwen/Qwen2.5-1.5B-Instruct,gsm8k,Modular Norm RandOpt,42,202,0.655,0.705
4,Qwen/Qwen2.5-1.5B-Instruct,gsm8k,Modular Norm RandOpt,42,203,0.715,0.705
4,Qwen/Qwen2.5-1.5B-Instruct,gsm8k,Modular Norm RandOpt,42,204,0.72,0.705
4,Qwen/Qwen2.5-1.5B-Instruct,gsm8k,Modular Norm RandOpt,42,205,0.72,0.705
4,Qwen/Qwen2.5-1.5B-Instruct,gsm8k,Modular Norm RandOpt,42,206,0.795,0.705
4,Qwen/Qwen2.5-1.5B-Instruct,gsm8k,Modular Norm RandOpt,42,207,0.725,0.705
4,Qwen/Qwen2.5-1.5B-Instruct,gsm8k,Modular Norm RandOpt,42,208,0.765,0.705
4,Qwen/Qwen2.5-1.5B-Instruct,gsm8k,Modular Norm RandOpt,42,209,0.715,0.705
4,Qwen/Qwen2.5-1.5B-Instruct,gsm8k,Modular Norm RandOpt,42,210,0.725,0.705
4,Qwen/Qwen2.5-1.5B-Instruct,gsm8k,Modular Norm RandOpt,42,211,0.69,0.705
4,Qwen/Qwen2.5-1.5B-Instruct,gsm8k,Modular Norm RandOpt,42,212,0.695,0.705
4,Qwen/Qwen2.5-1.5B-Instruct,gsm8k,Modular Norm RandOpt,42,213,0.72,0.705
4,Qwen/Qwen2.5-1.5B-Instruct,gsm8k,Modular Norm RandOpt,42,214,0.715,0.705
4,Qwen/Qwen2.5-1.5B-Instruct,gsm8k,Modular Norm RandOpt,42,215,0.705,0.705
4,Qwen/Qwen2.5-1.5B-Instruct,gsm8k,Modular Norm RandOpt,42,216,0.72,0.705
4,Qwen/Qwen2.5-1.5B-Instruct,gsm8k,Modular Norm RandOpt,42,217,0.675,0.705
4,Qwen/Qwen2.5-1.5B-Instruct,gsm8k,Modular Norm RandOpt,42,218,0.755,0.705
4,Qwen/Qwen2.5-1.5B-Instruct,gsm8k,Modular Norm RandOpt,42,219,0.67,0.705
4,Qwen/Qwen2.5-1.5B-Instruct,gsm8k,Modular Norm RandOpt,42,220,0.765,0.705
4,Qwen/Qwen2.5-1.5B-Instruct,gsm8k,Modular Norm RandOpt,42,221,0.69,0.705
4,Qwen/Qwen2.5-1.5B-Instruct,gsm8k,Modular Norm RandOpt,42,222,0.735,0.705
4,Qwen/Qwen2.5-1.5B-Instruct,gsm8k,Modular Norm RandOpt,42,223,0.68,0.705
4,Qwen/Qwen2.5-1.5B-Instruct,gsm8k,Modular Norm RandOpt,42,224,0.695,0.705
4,Qwen/Qwen2.5-1.5B-Instruct,gsm8k,Modular Norm RandOpt,42,225,0.69,0.705
4,Qwen/Qwen2.5-1.5B-Instruct,gsm8k,Modular Norm RandOpt,42,226,0.675,0.705
4,Qwen/Qwen2.5-1.5B-Instruct,gsm8k,Modular Norm RandOpt,42,227,0.69,0.705
4,Qwen/Qwen2.5-1.5B-Instruct,gsm8k,Modular Norm RandOpt,42,228,0.68,0.705
4,Qwen/Qwen2.5-1.5B-Instruct,gsm8k,Modular Norm RandOpt,42,229,0.715,0.705
4,Qwen/Qwen2.5-1.5B-Instruct,gsm8k,Modular Norm RandOpt,42,230,0.645,0.705
4,Qwen/Qwen2.5-1.5B-Instruct,gsm8k,Modular Norm RandOpt,42,231,0.71,0.705
4,Qwen/Qwen2.5-1.5B-Instruct,gsm8k,Modular Norm RandOpt,42,232,0.69,0.705
4,Qwen/Qwen2.5-1.5B-Instruct,gsm8k,Modular Norm RandOpt,42,233,0.66,0.705
4,Qwen/Qwen2.5-1.5B-Instruct,gsm8k,Modular Norm RandOpt,42,234,0.645,0.705
4,Qwen/Qwen2.5-1.5B-Instruct,gsm8k,Modular Norm RandOpt,42,235,0.715,0.705
4,Qwen/Qwen2.5-1.5B-Instruct,gsm8k,Modular Norm RandOpt,42,236,0.7,0.705
4,Qwen/Qwen2.5-1.5B-Instruct,gsm8k,Modular Norm RandOpt,42,237,0.66,0.705
4,Qwen/Qwen2.5-1.5B-Instruct,gsm8k,Modular Norm RandOpt,42,238,0.7,0.705
4,Qwen/Qwen2.5-1.5B-Instruct,gsm8k,Modular Norm RandOpt,42,239,0.68,0.705
4,Qwen/Qwen2.5-1.5B-Instruct,gsm8k,Modular Norm RandOpt,42,240,0.615,0.705
4,Qwen/Qwen2.5-1.5B-Instruct,gsm8k,Modular Norm RandOpt,42,241,0.725,0.705
4,Qwen/Qwen2.5-1.5B-Instruct,gsm8k,Modular Norm RandOpt,42,242,0.645,0.705
4,Qwen/Qwen2.5-1.5B-Instruct,gsm8k,Modular Norm RandOpt,42,243,0.705,0.705
4,Qwen/Qwen2.5-1.5B-Instruct,gsm8k,Modular Norm RandOpt,42,244,0.7,0.705
4,Qwen/Qwen2.5-1.5B-Instruct,gsm8k,Modular Norm RandOpt,42,245,0.695,0.705
4,Qwen/Qwen2.5-1.5B-Instruct,gsm8k,Modular Norm RandOpt,42,246,0.735,0.705
4,Qwen/Qwen2.5-1.5B-Instruct,gsm8k,Modular Norm RandOpt,42,247,0.745,0.705
4,Qwen/Qwen2.5-1.5B-Instruct,gsm8k,Modular Norm RandOpt,42,248,0.73,0.705
4,Qwen/Qwen2.5-1.5B-Instruct,gsm8k,Modular Norm RandOpt,42,249,0.665,0.705
4,Qwen/Qwen2.5-1.5B-Instruct,gsm8k,Modular Norm RandOpt,42,250,0.685,0.705
4,Qwen/Qwen2.5-1.5B-Instruct,gsm8k,Modular Norm RandOpt,42,251,0.72,0.705
4,Qwen/Qwen2.5-1.5B-Instruct,gsm8k,Modular Norm RandOpt,42,252,0.68,0.705
4,Qwen/Qwen2.5-1.5B-Instruct,gsm8k,Modular Norm RandOpt,42,253,0.69,0.705
4,Qwen/Qwen2.5-1.5B-Instruct,gsm8k,Modular Norm RandOpt,42,254,0.66,0.705
4,Qwen/Qwen2.5-1.5B-Instruct,gsm8k,Modular Norm RandOpt,42,255,0.75,0.705
4,Qwen/Qwen2.5-1.5B-Instruct,gsm8k,Modular Norm RandOpt,42,256,0.695,0.705
4,Qwen/Qwen2.5-1.5B-Instruct,gsm8k,Modular Norm RandOpt,42,257,0.685,0.705
4,Qwen/Qwen2.5-1.5B-Instruct,gsm8k,Modular Norm RandOpt,42,258,0.66,0.705
4,Qwen/Qwen2.5-1.5B-Instruct,gsm8k,Modular Norm RandOpt,42,259,0.665,0.705
4,Qwen/Qwen2.5-1.5B-Instruct,gsm8k,Modular Norm RandOpt,42,260,0.72,0.705
4,Qwen/Qwen2.5-1.5B-Instruct,gsm8k,Modular Norm RandOpt,42,261,0.72,0.705
4,Qwen/Qwen2.5-1.5B-Instruct,gsm8k,Modular Norm RandOpt,42,262,0.71,0.705
4,Qwen/Qwen2.5-1.5B-Instruct,gsm8k,Modular Norm RandOpt,42,263,0.705,0.705
4,Qwen/Qwen2.5-1.5B-Instruct,gsm8k,Modular Norm RandOpt,42,264,0.72,0.705
4,Qwen/Qwen2.5-1.5B-Instruct,gsm8k,Modular Norm RandOpt,42,265,0.71,0.705
4,Qwen/Qwen2.5-1.5B-Instruct,gsm8k,Modular Norm RandOpt,42,266,0.66,0.705
4,Qwen/Qwen2.5-1.5B-Instruct,gsm8k,Modular Norm RandOpt,42,267,0.695,0.705
4,Qwen/Qwen2.5-1.5B-Instruct,gsm8k,Modular Norm RandOpt,42,268,0.71,0.705
4,Qwen/Qwen2.5-1.5B-Instruct,gsm8k,Modular Norm RandOpt,42,269,0.72,0.705
4,Qwen/Qwen2.5-1.5B-Instruct,gsm8k,Modular Norm RandOpt,42,270,0.71,0.705
4,Qwen/Qwen2.5-1.5B-Instruct,gsm8k,Modular Norm RandOpt,42,271,0.705,0.705
4,Qwen/Qwen2.5-1.5B-Instruct,gsm8k,Modular Norm RandOpt,42,272,0.7,0.705
4,Qwen/Qwen2.5-1.5B-Instruct,gsm8k,Modular Norm RandOpt,42,273,0.67,0.705
4,Qwen/Qwen2.5-1.5B-Instruct,gsm8k,Modular Norm RandOpt,42,274,0.67,0.705
4,Qwen/Qwen2.5-1.5B-Instruct,gsm8k,Modular Norm RandOpt,42,275,0.715,0.705
4,Qwen/Qwen2.5-1.5B-Instruct,gsm8k,Modular Norm RandOpt,42,276,0.595,0.705
4,Qwen/Qwen2.5-1.5B-Instruct,gsm8k,Modular Norm RandOpt,42,277,0.68,0.705
4,Qwen/Qwen2.5-1.5B-Instruct,gsm8k,Modular Norm RandOpt,42,278,0.645,0.705
4,Qwen/Qwen2.5-1.5B-Instruct,gsm8k,Modular Norm RandOpt,42,279,0.715,0.705
4,Qwen/Qwen2.5-1.5B-Instruct,gsm8k,Modular Norm RandOpt,42,280,0.695,0.705
4,Qwen/Qwen2.5-1.5B-Instruct,gsm8k,Modular Norm RandOpt,42,281,0.7,0.705
4,Qwen/Qwen2.5-1.5B-Instruct,gsm8k,Modular Norm RandOpt,42,282,0.74,0.705
4,Qwen/Qwen2.5-1.5B-Instruct,gsm8k,Modular Norm RandOpt,42,283,0.685,0.705
4,Qwen/Qwen2.5-1.5B-Instruct,gsm8k,Modular Norm RandOpt,42,284,0.745,0.705
4,Qwen/Qwen2.5-1.5B-Instruct,gsm8k,Modular Norm RandOpt,42,285,0.69,0.705
4,Qwen/Qwen2.5-1.5B-Instruct,gsm8k,Modular Norm RandOpt,42,286,0.725,0.705
4,Qwen/Qwen2.5-1.5B-Instruct,gsm8k,Modular Norm RandOpt,42,287,0.705,0.705
4,Qwen/Qwen2.5-1.5B-Instruct,gsm8k,Modular Norm RandOpt,42,288,0.715,0.705
4,Qwen/Qwen2.5-1.5B-Instruct,gsm8k,Modular Norm RandOpt,42,289,0.675,0.705
4,Qwen/Qwen2.5-1.5B-Instruct,gsm8k,Modular Norm RandOpt,42,290,0.745,0.705
4,Qwen/Qwen2.5-1.5B-Instruct,gsm8k,Modular Norm RandOpt,42,291,0.675,0.705
4,Qwen/Qwen2.5-1.5B-Instruct,gsm8k,Modular Norm RandOpt,42,292,0.69,0.705
4,Qwen/Qwen2.5-1.5B-Instruct,gsm8k,Modular Norm RandOpt,42,293,0.715,0.705
4,Qwen/Qwen2.5-1.5B-Instruct,gsm8k,Modular Norm RandOpt,42,294,0.69,0.705
4,Qwen/Qwen2.5-1.5B-Instruct,gsm8k,Modular Norm RandOpt,42,295,0.705,0.705
4,Qwen/Qwen2.5-1.5B-Instruct,gsm8k,Modular Norm RandOpt,42,296,0.7,0.705
4,Qwen/Qwen2.5-1.5B-Instruct,gsm8k,Modular Norm RandOpt,42,297,0.71,0.705
4,Qwen/Qwen2.5-1.5B-Instruct,gsm8k,Modular Norm RandOpt,42,298,0.66,0.705
4,Qwen/Qwen2.5-1.5B-Instruct,gsm8k,Modular Norm RandOpt,42,299,0.71,0.705
4,Qwen/Qwen2.5-1.5B-Instruct,gsm8k,Modular Norm RandOpt,43,0,0.735,0.705
4,Qwen/Qwen2.5-1.5B-Instruct,gsm8k,Modular Norm RandOpt,43,1,0.655,0.705
4,Qwen/Qwen2.5-1.5B-Instruct,gsm8k,Modular Norm RandOpt,43,2,0.745,0.705
4,Qwen/Qwen2.5-1.5B-Instruct,gsm8k,Modular Norm RandOpt,43,3,0.735,0.705
4,Qwen/Qwen2.5-1.5B-Instruct,gsm8k,Modular Norm RandOpt,43,4,0.72,0.705
4,Qwen/Qwen2.5-1.5B-Instruct,gsm8k,Modular Norm RandOpt,43,5,0.64,0.705
4,Qwen/Qwen2.5-1.5B-Instruct,gsm8k,Modular Norm RandOpt,43,6,0.725,0.705
4,Qwen/Qwen2.5-1.5B-Instruct,gsm8k,Modular Norm RandOpt,43,7,0.745,0.705
4,Qwen/Qwen2.5-1.5B-Instruct,gsm8k,Modular Norm RandOpt,43,8,0.745,0.705
4,Qwen/Qwen2.5-1.5B-Instruct,gsm8k,Modular Norm RandOpt,43,9,0.73,0.705
4,Qwen/Qwen2.5-1.5B-Instruct,gsm8k,Modular Norm RandOpt,43,10,0.685,0.705
4,Qwen/Qwen2.5-1.5B-Instruct,gsm8k,Modular Norm RandOpt,43,11,0.725,0.705
4,Qwen/Qwen2.5-1.5B-Instruct,gsm8k,Modular Norm RandOpt,43,12,0.72,0.705
4,Qwen/Qwen2.5-1.5B-Instruct,gsm8k,Modular Norm RandOpt,43,13,0.705,0.705
4,Qwen/Qwen2.5-1.5B-Instruct,gsm8k,Modular Norm RandOpt,43,14,0.76,0.705
4,Qwen/Qwen2.5-1.5B-Instruct,gsm8k,Modular Norm RandOpt,43,15,0.715,0.705
4,Qwen/Qwen2.5-1.5B-Instruct,gsm8k,Modular Norm RandOpt,43,16,0.66,0.705
4,Qwen/Qwen2.5-1.5B-Instruct,gsm8k,Modular Norm RandOpt,43,17,0.725,0.705
4,Qwen/Qwen2.5-1.5B-Instruct,gsm8k,Modular Norm RandOpt,43,18,0.69,0.705
4,Qwen/Qwen2.5-1.5B-Instruct,gsm8k,Modular Norm RandOpt,43,19,0.71,0.705
4,Qwen/Qwen2.5-1.5B-Instruct,gsm8k,Modular Norm RandOpt,43,20,0.675,0.705
4,Qwen/Qwen2.5-1.5B-Instruct,gsm8k,Modular Norm RandOpt,43,21,0.705,0.705
4,Qwen/Qwen2.5-1.5B-Instruct,gsm8k,Modular Norm RandOpt,43,22,0.78,0.705
4,Qwen/Qwen2.5-1.5B-Instruct,gsm8k,Modular Norm RandOpt,43,23,0.735,0.705
4,Qwen/Qwen2.5-1.5B-Instruct,gsm8k,Modular Norm RandOpt,43,24,0.71,0.705
4,Qwen/Qwen2.5-1.5B-Instruct,gsm8k,Modular Norm RandOpt,43,25,0.655,0.705
4,Qwen/Qwen2.5-1.5B-Instruct,gsm8k,Modular Norm RandOpt,43,26,0.725,0.705
4,Qwen/Qwen2.5-1.5B-Instruct,gsm8k,Modular Norm RandOpt,43,27,0.735,0.705
4,Qwen/Qwen2.5-1.5B-Instruct,gsm8k,Modular Norm RandOpt,43,28,0.7,0.705
4,Qwen/Qwen2.5-1.5B-Instruct,gsm8k,Modular Norm RandOpt,43,29,0.745,0.705
4,Qwen/Qwen2.5-1.5B-Instruct,gsm8k,Modular Norm RandOpt,43,30,0.745,0.705
4,Qwen/Qwen2.5-1.5B-Instruct,gsm8k,Modular Norm RandOpt,43,31,0.68,0.705
4,Qwen/Qwen2.5-1.5B-Instruct,gsm8k,Modular Norm RandOpt,43,32,0.7,0.705
4,Qwen/Qwen2.5-1.5B-Instruct,gsm8k,Modular Norm RandOpt,43,33,0.695,0.705
4,Qwen/Qwen2.5-1.5B-Instruct,gsm8k,Modular Norm RandOpt,43,34,0.73,0.705
4,Qwen/Qwen2.5-1.5B-Instruct,gsm8k,Modular Norm RandOpt,43,35,0.715,0.705
4,Qwen/Qwen2.5-1.5B-Instruct,gsm8k,Modular Norm RandOpt,43,36,0.72,0.705
4,Qwen/Qwen2.5-1.5B-Instruct,gsm8k,Modular Norm RandOpt,43,37,0.745,0.705
4,Qwen/Qwen2.5-1.5B-Instruct,gsm8k,Modular Norm RandOpt,43,38,0.69,0.705
4,Qwen/Qwen2.5-1.5B-Instruct,gsm8k,Modular Norm RandOpt,43,39,0.69,0.705
4,Qwen/Qwen2.5-1.5B-Instruct,gsm8k,Modular Norm RandOpt,43,40,0.69,0.705
4,Qwen/Qwen2.5-1.5B-Instruct,gsm8k,Modular Norm RandOpt,43,41,0.735,0.705
4,Qwen/Qwen2.5-1.5B-Instruct,gsm8k,Modular Norm RandOpt,43,42,0.7,0.705
4,Qwen/Qwen2.5-1.5B-Instruct,gsm8k,Modular Norm RandOpt,43,43,0.67,0.705
4,Qwen/Qwen2.5-1.5B-Instruct,gsm8k,Modular Norm RandOpt,43,44,0.705,0.705
4,Qwen/Qwen2.5-1.5B-Instruct,gsm8k,Modular Norm RandOpt,43,45,0.67,0.705
4,Qwen/Qwen2.5-1.5B-Instruct,gsm8k,Modular Norm RandOpt,43,46,0.74,0.705
4,Qwen/Qwen2.5-1.5B-Instruct,gsm8k,Modular Norm RandOpt,43,47,0.73,0.705
4,Qwen/Qwen2.5-1.5B-Instruct,gsm8k,Modular Norm RandOpt,43,48,0.615,0.705
4,Qwen/Qwen2.5-1.5B-Instruct,gsm8k,Modular Norm RandOpt,43,49,0.69,0.705
4,Qwen/Qwen2.5-1.5B-Instruct,gsm8k,Modular Norm RandOpt,43,50,0.765,0.705
4,Qwen/Qwen2.5-1.5B-Instruct,gsm8k,Modular Norm RandOpt,43,51,0.715,0.705
4,Qwen/Qwen2.5-1.5B-Instruct,gsm8k,Modular Norm RandOpt,43,52,0.745,0.705
4,Qwen/Qwen2.5-1.5B-Instruct,gsm8k,Modular Norm RandOpt,43,53,0.7,0.705
4,Qwen/Qwen2.5-1.5B-Instruct,gsm8k,Modular Norm RandOpt,43,54,0.74,0.705
4,Qwen/Qwen2.5-1.5B-Instruct,gsm8k,Modular Norm RandOpt,43,55,0.7,0.705
4,Qwen/Qwen2.5-1.5B-Instruct,gsm8k,Modular Norm RandOpt,43,56,0.695,0.705
4,Qwen/Qwen2.5-1.5B-Instruct,gsm8k,Modular Norm RandOpt,43,57,0.71,0.705
4,Qwen/Qwen2.5-1.5B-Instruct,gsm8k,Modular Norm RandOpt,43,58,0.715,0.705
4,Qwen/Qwen2.5-1.5B-Instruct,gsm8k,Modular Norm RandOpt,43,59,0.73,0.705
4,Qwen/Qwen2.5-1.5B-Instruct,gsm8k,Modular Norm RandOpt,43,60,0.73,0.705
4,Qwen/Qwen2.5-1.5B-Instruct,gsm8k,Modular Norm RandOpt,43,61,0.69,0.705
4,Qwen/Qwen2.5-1.5B-Instruct,gsm8k,Modular Norm RandOpt,43,62,0.72,0.705
4,Qwen/Qwen2.5-1.5B-Instruct,gsm8k,Modular Norm RandOpt,43,63,0.715,0.705
4,Qwen/Qwen2.5-1.5B-Instruct,gsm8k,Modular Norm RandOpt,43,64,0.67,0.705
4,Qwen/Qwen2.5-1.5B-Instruct,gsm8k,Modular Norm RandOpt,43,65,0.715,0.705
4,Qwen/Qwen2.5-1.5B-Instruct,gsm8k,Modular Norm RandOpt,43,66,0.715,0.705
4,Qwen/Qwen2.5-1.5B-Instruct,gsm8k,Modular Norm RandOpt,43,67,0.685,0.705
4,Qwen/Qwen2.5-1.5B-Instruct,gsm8k,Modular Norm RandOpt,43,68,0.725,0.705
4,Qwen/Qwen2.5-1.5B-Instruct,gsm8k,Modular Norm RandOpt,43,69,0.695,0.705
4,Qwen/Qwen2.5-1.5B-Instruct,gsm8k,Modular Norm RandOpt,43,70,0.645,0.705
4,Qwen/Qwen2.5-1.5B-Instruct,gsm8k,Modular Norm RandOpt,43,71,0.69,0.705
4,Qwen/Qwen2.5-1.5B-Instruct,gsm8k,Modular Norm RandOpt,43,72,0.655,0.705
4,Qwen/Qwen2.5-1.5B-Instruct,gsm8k,Modular Norm RandOpt,43,73,0.705,0.705
4,Qwen/Qwen2.5-1.5B-Instruct,gsm8k,Modular Norm RandOpt,43,74,0.725,0.705
4,Qwen/Qwen2.5-1.5B-Instruct,gsm8k,Modular Norm RandOpt,43,75,0.72,0.705
4,Qwen/Qwen2.5-1.5B-Instruct,gsm8k,Modular Norm RandOpt,43,76,0.76,0.705
4,Qwen/Qwen2.5-1.5B-Instruct,gsm8k,Modular Norm RandOpt,43,77,0.655,0.705
4,Qwen/Qwen2.5-1.5B-Instruct,gsm8k,Modular Norm RandOpt,43,78,0.74,0.705
4,Qwen/Qwen2.5-1.5B-Instruct,gsm8k,Modular Norm RandOpt,43,79,0.765,0.705
4,Qwen/Qwen2.5-1.5B-Instruct,gsm8k,Modular Norm RandOpt,43,80,0.695,0.705
4,Qwen/Qwen2.5-1.5B-Instruct,gsm8k,Modular Norm RandOpt,43,81,0.725,0.705
4,Qwen/Qwen2.5-1.5B-Instruct,gsm8k,Modular Norm RandOpt,43,82,0.755,0.705
4,Qwen/Qwen2.5-1.5B-Instruct,gsm8k,Modular Norm RandOpt,43,83,0.695,0.705
4,Qwen/Qwen2.5-1.5B-Instruct,gsm8k,Modular Norm RandOpt,43,84,0.75,0.705
4,Qwen/Qwen2.5-1.5B-Instruct,gsm8k,Modular Norm RandOpt,43,85,0.67,0.705
4,Qwen/Qwen2.5-1.5B-Instruct,gsm8k,Modular Norm RandOpt,43,86,0.755,0.705
4,Qwen/Qwen2.5-1.5B-Instruct,gsm8k,Modular Norm RandOpt,43,87,0.72,0.705
4,Qwen/Qwen2.5-1.5B-Instruct,gsm8k,Modular Norm RandOpt,43,88,0.7,0.705
4,Qwen/Qwen2.5-1.5B-Instruct,gsm8k,Modular Norm RandOpt,43,89,0.675,0.705
4,Qwen/Qwen2.5-1.5B-Instruct,gsm8k,Modular Norm RandOpt,43,90,0.72,0.705
4,Qwen/Qwen2.5-1.5B-Instruct,gsm8k,Modular Norm RandOpt,43,91,0.755,0.705
4,Qwen/Qwen2.5-1.5B-Instruct,gsm8k,Modular Norm RandOpt,43,92,0.755,0.705
4,Qwen/Qwen2.5-1.5B-Instruct,gsm8k,Modular Norm RandOpt,43,93,0.69,0.705
4,Qwen/Qwen2.5-1.5B-Instruct,gsm8k,Modular Norm RandOpt,43,94,0.68,0.705
4,Qwen/Qwen2.5-1.5B-Instruct,gsm8k,Modular Norm RandOpt,43,95,0.67,0.705
4,Qwen/Qwen2.5-1.5B-Instruct,gsm8k,Modular Norm RandOpt,43,96,0.725,0.705
4,Qwen/Qwen2.5-1.5B-Instruct,gsm8k,Modular Norm RandOpt,43,97,0.69,0.705
4,Qwen/Qwen2.5-1.5B-Instruct,gsm8k,Modular Norm RandOpt,43,98,0.665,0.705
4,Qwen/Qwen2.5-1.5B-Instruct,gsm8k,Modular Norm RandOpt,43,99,0.725,0.705
4,Qwen/Qwen2.5-1.5B-Instruct,gsm8k,Modular Norm RandOpt,43,100,0.685,0.705
4,Qwen/Qwen2.5-1.5B-Instruct,gsm8k,Modular Norm RandOpt,43,101,0.685,0.705
4,Qwen/Qwen2.5-1.5B-Instruct,gsm8k,Modular Norm RandOpt,43,102,0.745,0.705
4,Qwen/Qwen2.5-1.5B-Instruct,gsm8k,Modular Norm RandOpt,43,103,0.745,0.705
4,Qwen/Qwen2.5-1.5B-Instruct,gsm8k,Modular Norm RandOpt,43,104,0.67,0.705
4,Qwen/Qwen2.5-1.5B-Instruct,gsm8k,Modular Norm RandOpt,43,105,0.7,0.705
4,Qwen/Qwen2.5-1.5B-Instruct,gsm8k,Modular Norm RandOpt,43,106,0.725,0.705
4,Qwen/Qwen2.5-1.5B-Instruct,gsm8k,Modular Norm RandOpt,43,107,0.64,0.705
4,Qwen/Qwen2.5-1.5B-Instruct,gsm8k,Modular Norm RandOpt,43,108,0.665,0.705
4,Qwen/Qwen2.5-1.5B-Instruct,gsm8k,Modular Norm RandOpt,43,109,0.7,0.705
4,Qwen/Qwen2.5-1.5B-Instruct,gsm8k,Modular Norm RandOpt,43,110,0.725,0.705
4,Qwen/Qwen2.5-1.5B-Instruct,gsm8k,Modular Norm RandOpt,43,111,0.715,0.705
4,Qwen/Qwen2.5-1.5B-Instruct,gsm8k,Modular Norm RandOpt,43,112,0.695,0.705
4,Qwen/Qwen2.5-1.5B-Instruct,gsm8k,Modular Norm RandOpt,43,113,0.715,0.705
4,Qwen/Qwen2.5-1.5B-Instruct,gsm8k,Modular Norm RandOpt,43,114,0.725,0.705
4,Qwen/Qwen2.5-1.5B-Instruct,gsm8k,Modular Norm RandOpt,43,115,0.68,0.705
4,Qwen/Qwen2.5-1.5B-Instruct,gsm8k,Modular Norm RandOpt,43,116,0.715,0.705
4,Qwen/Qwen2.5-1.5B-Instruct,gsm8k,Modular Norm RandOpt,43,117,0.65,0.705
4,Qwen/Qwen2.5-1.5B-Instruct,gsm8k,Modular Norm RandOpt,43,118,0.705,0.705
4,Qwen/Qwen2.5-1.5B-Instruct,gsm8k,Modular Norm RandOpt,43,119,0.73,0.705
4,Qwen/Qwen2.5-1.5B-Instruct,gsm8k,Modular Norm RandOpt,43,120,0.705,0.705
4,Qwen/Qwen2.5-1.5B-Instruct,gsm8k,Modular Norm RandOpt,43,121,0.735,0.705
4,Qwen/Qwen2.5-1.5B-Instruct,gsm8k,Modular Norm RandOpt,43,122,0.715,0.705
4,Qwen/Qwen2.5-1.5B-Instruct,gsm8k,Modular Norm RandOpt,43,123,0.71,0.705
4,Qwen/Qwen2.5-1.5B-Instruct,gsm8k,Modular Norm RandOpt,43,124,0.74,0.705
4,Qwen/Qwen2.5-1.5B-Instruct,gsm8k,Modular Norm RandOpt,43,125,0.66,0.705
4,Qwen/Qwen2.5-1.5B-Instruct,gsm8k,Modular Norm RandOpt,43,126,0.71,0.705
4,Qwen/Qwen2.5-1.5B-Instruct,gsm8k,Modular Norm RandOpt,43,127,0.66,0.705
4,Qwen/Qwen2.5-1.5B-Instruct,gsm8k,Modular Norm RandOpt,43,128,0.7,0.705
4,Qwen/Qwen2.5-1.5B-Instruct,gsm8k,Modular Norm RandOpt,43,129,0.68,0.705
4,Qwen/Qwen2.5-1.5B-Instruct,gsm8k,Modular Norm RandOpt,43,130,0.685,0.705
4,Qwen/Qwen2.5-1.5B-Instruct,gsm8k,Modular Norm RandOpt,43,131,0.705,0.705
4,Qwen/Qwen2.5-1.5B-Instruct,gsm8k,Modular Norm RandOpt,43,132,0.775,0.705
4,Qwen/Qwen2.5-1.5B-Instruct,gsm8k,Modular Norm RandOpt,43,133,0.615,0.705
4,Qwen/Qwen2.5-1.5B-Instruct,gsm8k,Modular Norm RandOpt,43,134,0.685,0.705
4,Qwen/Qwen2.5-1.5B-Instruct,gsm8k,Modular Norm RandOpt,43,135,0.73,0.705
4,Qwen/Qwen2.5-1.5B-Instruct,gsm8k,Modular Norm RandOpt,43,136,0.65,0.705
4,Qwen/Qwen2.5-1.5B-Instruct,gsm8k,Modular Norm RandOpt,43,137,0.74,0.705
4,Qwen/Qwen2.5-1.5B-Instruct,gsm8k,Modular Norm RandOpt,43,138,0.685,0.705
4,Qwen/Qwen2.5-1.5B-Instruct,gsm8k,Modular Norm RandOpt,43,139,0.705,0.705
4,Qwen/Qwen2.5-1.5B-Instruct,gsm8k,Modular Norm RandOpt,43,140,0.755,0.705
4,Qwen/Qwen2.5-1.5B-Instruct,gsm8k,Modular Norm RandOpt,43,141,0.7,0.705
4,Qwen/Qwen2.5-1.5B-Instruct,gsm8k,Modular Norm RandOpt,43,142,0.71,0.705
4,Qwen/Qwen2.5-1.5B-Instruct,gsm8k,Modular Norm RandOpt,43,143,0.7,0.705
4,Qwen/Qwen2.5-1.5B-Instruct,gsm8k,Modular Norm RandOpt,43,144,0.69,0.705
4,Qwen/Qwen2.5-1.5B-Instruct,gsm8k,Modular Norm RandOpt,43,145,0.755,0.705
4,Qwen/Qwen2.5-1.5B-Instruct,gsm8k,Modular Norm RandOpt,43,146,0.695,0.705
4,Qwen/Qwen2.5-1.5B-Instruct,gsm8k,Modular Norm RandOpt,43,147,0.705,0.705
4,Qwen/Qwen2.5-1.5B-Instruct,gsm8k,Modular Norm RandOpt,43,148,0.725,0.705
4,Qwen/Qwen2.5-1.5B-Instruct,gsm8k,Modular Norm RandOpt,43,149,0.715,0.705
4,Qwen/Qwen2.5-1.5B-Instruct,gsm8k,Modular Norm RandOpt,43,150,0.675,0.705
4,Qwen/Qwen2.5-1.5B-Instruct,gsm8k,Modular Norm RandOpt,43,151,0.685,0.705
4,Qwen/Qwen2.5-1.5B-Instruct,gsm8k,Modular Norm RandOpt,43,152,0.695,0.705
4,Qwen/Qwen2.5-1.5B-Instruct,gsm8k,Modular Norm RandOpt,43,153,0.67,0.705
4,Qwen/Qwen2.5-1.5B-Instruct,gsm8k,Modular Norm RandOpt,43,154,0.675,0.705
4,Qwen/Qwen2.5-1.5B-Instruct,gsm8k,Modular Norm RandOpt,43,155,0.72,0.705
4,Qwen/Qwen2.5-1.5B-Instruct,gsm8k,Modular Norm RandOpt,43,156,0.735,0.705
4,Qwen/Qwen2.5-1.5B-Instruct,gsm8k,Modular Norm RandOpt,43,157,0.675,0.705
4,Qwen/Qwen2.5-1.5B-Instruct,gsm8k,Modular Norm RandOpt,43,158,0.67,0.705
4,Qwen/Qwen2.5-1.5B-Instruct,gsm8k,Modular Norm RandOpt,43,159,0.66,0.705
4,Qwen/Qwen2.5-1.5B-Instruct,gsm8k,Modular Norm RandOpt,43,160,0.7,0.705
4,Qwen/Qwen2.5-1.5B-Instruct,gsm8k,Modular Norm RandOpt,43,161,0.72,0.705
4,Qwen/Qwen2.5-1.5B-Instruct,gsm8k,Modular Norm RandOpt,43,162,0.73,0.705
4,Qwen/Qwen2.5-1.5B-Instruct,gsm8k,Modular Norm RandOpt,43,163,0.71,0.705
4,Qwen/Qwen2.5-1.5B-Instruct,gsm8k,Modular Norm RandOpt,43,164,0.66,0.705
4,Qwen/Qwen2.5-1.5B-Instruct,gsm8k,Modular Norm RandOpt,43,165,0.725,0.705
4,Qwen/Qwen2.5-1.5B-Instruct,gsm8k,Modular Norm RandOpt,43,166,0.775,0.705
4,Qwen/Qwen2.5-1.5B-Instruct,gsm8k,Modular Norm RandOpt,43,167,0.68,0.705
4,Qwen/Qwen2.5-1.5B-Instruct,gsm8k,Modular Norm RandOpt,43,168,0.725,0.705
4,Qwen/Qwen2.5-1.5B-Instruct,gsm8k,Modular Norm RandOpt,43,169,0.68,0.705
4,Qwen/Qwen2.5-1.5B-Instruct,gsm8k,Modular Norm RandOpt,43,170,0.675,0.705
4,Qwen/Qwen2.5-1.5B-Instruct,gsm8k,Modular Norm RandOpt,43,171,0.695,0.705
4,Qwen/Qwen2.5-1.5B-Instruct,gsm8k,Modular Norm RandOpt,43,172,0.705,0.705
4,Qwen/Qwen2.5-1.5B-Instruct,gsm8k,Modular Norm RandOpt,43,173,0.7,0.705
4,Qwen/Qwen2.5-1.5B-Instruct,gsm8k,Modular Norm RandOpt,43,174,0.72,0.705
4,Qwen/Qwen2.5-1.5B-Instruct,gsm8k,Modular Norm RandOpt,43,175,0.715,0.705
4,Qwen/Qwen2.5-1.5B-Instruct,gsm8k,Modular Norm RandOpt,43,176,0.735,0.705
4,Qwen/Qwen2.5-1.5B-Instruct,gsm8k,Modular Norm RandOpt,43,177,0.66,0.705
4,Qwen/Qwen2.5-1.5B-Instruct,gsm8k,Modular Norm RandOpt,43,178,0.67,0.705
4,Qwen/Qwen2.5-1.5B-Instruct,gsm8k,Modular Norm RandOpt,43,179,0.71,0.705
4,Qwen/Qwen2.5-1.5B-Instruct,gsm8k,Modular Norm RandOpt,43,180,0.72,0.705
4,Qwen/Qwen2.5-1.5B-Instruct,gsm8k,Modular Norm RandOpt,43,181,0.735,0.705
4,Qwen/Qwen2.5-1.5B-Instruct,gsm8k,Modular Norm RandOpt,43,182,0.715,0.705
4,Qwen/Qwen2.5-1.5B-Instruct,gsm8k,Modular Norm RandOpt,43,183,0.715,0.705
4,Qwen/Qwen2.5-1.5B-Instruct,gsm8k,Modular Norm RandOpt,43,184,0.695,0.705
4,Qwen/Qwen2.5-1.5B-Instruct,gsm8k,Modular Norm RandOpt,43,185,0.76,0.705
4,Qwen/Qwen2.5-1.5B-Instruct,gsm8k,Modular Norm RandOpt,43,186,0.68,0.705
4,Qwen/Qwen2.5-1.5B-Instruct,gsm8k,Modular Norm RandOpt,43,187,0.655,0.705
4,Qwen/Qwen2.5-1.5B-Instruct,gsm8k,Modular Norm RandOpt,43,188,0.705,0.705
4,Qwen/Qwen2.5-1.5B-Instruct,gsm8k,Modular Norm RandOpt,43,189,0.775,0.705
4,Qwen/Qwen2.5-1.5B-Instruct,gsm8k,Modular Norm RandOpt,43,190,0.755,0.705
4,Qwen/Qwen2.5-1.5B-Instruct,gsm8k,Modular Norm RandOpt,43,191,0.695,0.705
4,Qwen/Qwen2.5-1.5B-Instruct,gsm8k,Modular Norm RandOpt,43,192,0.705,0.705
4,Qwen/Qwen2.5-1.5B-Instruct,gsm8k,Modular Norm RandOpt,43,193,0.71,0.705
4,Qwen/Qwen2.5-1.5B-Instruct,gsm8k,Modular Norm RandOpt,43,194,0.69,0.705
4,Qwen/Qwen2.5-1.5B-Instruct,gsm8k,Modular Norm RandOpt,43,195,0.72,0.705
4,Qwen/Qwen2.5-1.5B-Instruct,gsm8k,Modular Norm RandOpt,43,196,0.745,0.705
4,Qwen/Qwen2.5-1.5B-Instruct,gsm8k,Modular Norm RandOpt,43,197,0.745,0.705
4,Qwen/Qwen2.5-1.5B-Instruct,gsm8k,Modular Norm RandOpt,43,198,0.7,0.705
4,Qwen/Qwen2.5-1.5B-Instruct,gsm8k,Modular Norm RandOpt,43,199,0.72,0.705
4,Qwen/Qwen2.5-1.5B-Instruct,gsm8k,Modular Norm RandOpt,43,200,0.685,0.705
4,Qwen/Qwen2.5-1.5B-Instruct,gsm8k,Modular Norm RandOpt,43,201,0.73,0.705
4,Qwen/Qwen2.5-1.5B-Instruct,gsm8k,Modular Norm RandOpt,43,202,0.72,0.705
4,Qwen/Qwen2.5-1.5B-Instruct,gsm8k,Modular Norm RandOpt,43,203,0.72,0.705
4,Qwen/Qwen2.5-1.5B-Instruct,gsm8k,Modular Norm RandOpt,43,204,0.72,0.705
4,Qwen/Qwen2.5-1.5B-Instruct,gsm8k,Modular Norm RandOpt,43,205,0.725,0.705
4,Qwen/Qwen2.5-1.5B-Instruct,gsm8k,Modular Norm RandOpt,43,206,0.745,0.705
4,Qwen/Qwen2.5-1.5B-Instruct,gsm8k,Modular Norm RandOpt,43,207,0.7,0.705
4,Qwen/Qwen2.5-1.5B-Instruct,gsm8k,Modular Norm RandOpt,43,208,0.715,0.705
4,Qwen/Qwen2.5-1.5B-Instruct,gsm8k,Modular Norm RandOpt,43,209,0.735,0.705
4,Qwen/Qwen2.5-1.5B-Instruct,gsm8k,Modular Norm RandOpt,43,210,0.69,0.705
4,Qwen/Qwen2.5-1.5B-Instruct,gsm8k,Modular Norm RandOpt,43,211,0.73,0.705
4,Qwen/Qwen2.5-1.5B-Instruct,gsm8k,Modular Norm RandOpt,43,212,0.73,0.705
4,Qwen/Qwen2.5-1.5B-Instruct,gsm8k,Modular Norm RandOpt,43,213,0.68,0.705
4,Qwen/Qwen2.5-1.5B-Instruct,gsm8k,Modular Norm RandOpt,43,214,0.74,0.705
4,Qwen/Qwen2.5-1.5B-Instruct,gsm8k,Modular Norm RandOpt,43,215,0.69,0.705
4,Qwen/Qwen2.5-1.5B-Instruct,gsm8k,Modular Norm RandOpt,43,216,0.69,0.705
4,Qwen/Qwen2.5-1.5B-Instruct,gsm8k,Modular Norm RandOpt,43,217,0.73,0.705
4,Qwen/Qwen2.5-1.5B-Instruct,gsm8k,Modular Norm RandOpt,43,218,0.69,0.705
4,Qwen/Qwen2.5-1.5B-Instruct,gsm8k,Modular Norm RandOpt,43,219,0.735,0.705
4,Qwen/Qwen2.5-1.5B-Instruct,gsm8k,Modular Norm RandOpt,43,220,0.675,0.705
4,Qwen/Qwen2.5-1.5B-Instruct,gsm8k,Modular Norm RandOpt,43,221,0.72,0.705
4,Qwen/Qwen2.5-1.5B-Instruct,gsm8k,Modular Norm RandOpt,43,222,0.71,0.705
4,Qwen/Qwen2.5-1.5B-Instruct,gsm8k,Modular Norm RandOpt,43,223,0.725,0.705
4,Qwen/Qwen2.5-1.5B-Instruct,gsm8k,Modular Norm RandOpt,43,224,0.7,0.705
4,Qwen/Qwen2.5-1.5B-Instruct,gsm8k,Modular Norm RandOpt,43,225,0.705,0.705
4,Qwen/Qwen2.5-1.5B-Instruct,gsm8k,Modular Norm RandOpt,43,226,0.72,0.705
4,Qwen/Qwen2.5-1.5B-Instruct,gsm8k,Modular Norm RandOpt,43,227,0.725,0.705
4,Qwen/Qwen2.5-1.5B-Instruct,gsm8k,Modular Norm RandOpt,43,228,0.73,0.705
4,Qwen/Qwen2.5-1.5B-Instruct,gsm8k,Modular Norm RandOpt,43,229,0.71,0.705
4,Qwen/Qwen2.5-1.5B-Instruct,gsm8k,Modular Norm RandOpt,43,230,0.705,0.705
4,Qwen/Qwen2.5-1.5B-Instruct,gsm8k,Modular Norm RandOpt,43,231,0.78,0.705
4,Qwen/Qwen2.5-1.5B-Instruct,gsm8k,Modular Norm RandOpt,43,232,0.68,0.705
4,Qwen/Qwen2.5-1.5B-Instruct,gsm8k,Modular Norm RandOpt,43,233,0.755,0.705
4,Qwen/Qwen2.5-1.5B-Instruct,gsm8k,Modular Norm RandOpt,43,234,0.745,0.705
4,Qwen/Qwen2.5-1.5B-Instruct,gsm8k,Modular Norm RandOpt,43,235,0.725,0.705
4,Qwen/Qwen2.5-1.5B-Instruct,gsm8k,Modular Norm RandOpt,43,236,0.725,0.705
4,Qwen/Qwen2.5-1.5B-Instruct,gsm8k,Modular Norm RandOpt,43,237,0.645,0.705
4,Qwen/Qwen2.5-1.5B-Instruct,gsm8k,Modular Norm RandOpt,43,238,0.715,0.705
4,Qwen/Qwen2.5-1.5B-Instruct,gsm8k,Modular Norm RandOpt,43,239,0.745,0.705
4,Qwen/Qwen2.5-1.5B-Instruct,gsm8k,Modular Norm RandOpt,43,240,0.74,0.705
4,Qwen/Qwen2.5-1.5B-Instruct,gsm8k,Modular Norm RandOpt,43,241,0.69,0.705
4,Qwen/Qwen2.5-1.5B-Instruct,gsm8k,Modular Norm RandOpt,43,242,0.645,0.705
4,Qwen/Qwen2.5-1.5B-Instruct,gsm8k,Modular Norm RandOpt,43,243,0.645,0.705
4,Qwen/Qwen2.5-1.5B-Instruct,gsm8k,Modular Norm RandOpt,43,244,0.69,0.705
4,Qwen/Qwen2.5-1.5B-Instruct,gsm8k,Modular Norm RandOpt,43,245,0.725,0.705
4,Qwen/Qwen2.5-1.5B-Instruct,gsm8k,Modular Norm RandOpt,43,246,0.645,0.705
4,Qwen/Qwen2.5-1.5B-Instruct,gsm8k,Modular Norm RandOpt,43,247,0.73,0.705
4,Qwen/Qwen2.5-1.5B-Instruct,gsm8k,Modular Norm RandOpt,43,248,0.7,0.705
4,Qwen/Qwen2.5-1.5B-Instruct,gsm8k,Modular Norm RandOpt,43,249,0.71,0.705
4,Qwen/Qwen2.5-1.5B-Instruct,gsm8k,Modular Norm RandOpt,43,250,0.735,0.705
4,Qwen/Qwen2.5-1.5B-Instruct,gsm8k,Modular Norm RandOpt,43,251,0.755,0.705
4,Qwen/Qwen2.5-1.5B-Instruct,gsm8k,Modular Norm RandOpt,43,252,0.685,0.705
4,Qwen/Qwen2.5-1.5B-Instruct,gsm8k,Modular Norm RandOpt,43,253,0.66,0.705
4,Qwen/Qwen2.5-1.5B-Instruct,gsm8k,Modular Norm RandOpt,43,254,0.715,0.705
4,Qwen/Qwen2.5-1.5B-Instruct,gsm8k,Modular Norm RandOpt,43,255,0.69,0.705
4,Qwen/Qwen2.5-1.5B-Instruct,gsm8k,Modular Norm RandOpt,43,256,0.65,0.705
4,Qwen/Qwen2.5-1.5B-Instruct,gsm8k,Modular Norm RandOpt,43,257,0.715,0.705
4,Qwen/Qwen2.5-1.5B-Instruct,gsm8k,Modular Norm RandOpt,43,258,0.735,0.705
4,Qwen/Qwen2.5-1.5B-Instruct,gsm8k,Modular Norm RandOpt,43,259,0.665,0.705
4,Qwen/Qwen2.5-1.5B-Instruct,gsm8k,Modular Norm RandOpt,43,260,0.685,0.705
4,Qwen/Qwen2.5-1.5B-Instruct,gsm8k,Modular Norm RandOpt,43,261,0.71,0.705
4,Qwen/Qwen2.5-1.5B-Instruct,gsm8k,Modular Norm RandOpt,43,262,0.705,0.705
4,Qwen/Qwen2.5-1.5B-Instruct,gsm8k,Modular Norm RandOpt,43,263,0.685,0.705
4,Qwen/Qwen2.5-1.5B-Instruct,gsm8k,Modular Norm RandOpt,43,264,0.675,0.705
4,Qwen/Qwen2.5-1.5B-Instruct,gsm8k,Modular Norm RandOpt,43,265,0.695,0.705
4,Qwen/Qwen2.5-1.5B-Instruct,gsm8k,Modular Norm RandOpt,43,266,0.715,0.705
4,Qwen/Qwen2.5-1.5B-Instruct,gsm8k,Modular Norm RandOpt,43,267,0.71,0.705
4,Qwen/Qwen2.5-1.5B-Instruct,gsm8k,Modular Norm RandOpt,43,268,0.74,0.705
4,Qwen/Qwen2.5-1.5B-Instruct,gsm8k,Modular Norm RandOpt,43,269,0.685,0.705
4,Qwen/Qwen2.5-1.5B-Instruct,gsm8k,Modular Norm RandOpt,43,270,0.71,0.705
4,Qwen/Qwen2.5-1.5B-Instruct,gsm8k,Modular Norm RandOpt,43,271,0.715,0.705
4,Qwen/Qwen2.5-1.5B-Instruct,gsm8k,Modular Norm RandOpt,43,272,0.735,0.705
4,Qwen/Qwen2.5-1.5B-Instruct,gsm8k,Modular Norm RandOpt,43,273,0.73,0.705
4,Qwen/Qwen2.5-1.5B-Instruct,gsm8k,Modular Norm RandOpt,43,274,0.715,0.705
4,Qwen/Qwen2.5-1.5B-Instruct,gsm8k,Modular Norm RandOpt,43,275,0.75,0.705
4,Qwen/Qwen2.5-1.5B-Instruct,gsm8k,Modular Norm RandOpt,43,276,0.685,0.705
4,Qwen/Qwen2.5-1.5B-Instruct,gsm8k,Modular Norm RandOpt,43,277,0.7,0.705
4,Qwen/Qwen2.5-1.5B-Instruct,gsm8k,Modular Norm RandOpt,43,278,0.685,0.705
4,Qwen/Qwen2.5-1.5B-Instruct,gsm8k,Modular Norm RandOpt,43,279,0.665,0.705
4,Qwen/Qwen2.5-1.5B-Instruct,gsm8k,Modular Norm RandOpt,43,280,0.73,0.705
4,Qwen/Qwen2.5-1.5B-Instruct,gsm8k,Modular Norm RandOpt,43,281,0.79,0.705
4,Qwen/Qwen2.5-1.5B-Instruct,gsm8k,Modular Norm RandOpt,43,282,0.74,0.705
4,Qwen/Qwen2.5-1.5B-Instruct,gsm8k,Modular Norm RandOpt,43,283,0.685,0.705
4,Qwen/Qwen2.5-1.5B-Instruct,gsm8k,Modular Norm RandOpt,43,284,0.725,0.705
4,Qwen/Qwen2.5-1.5B-Instruct,gsm8k,Modular Norm RandOpt,43,285,0.7,0.705
4,Qwen/Qwen2.5-1.5B-Instruct,gsm8k,Modular Norm RandOpt,43,286,0.7,0.705
4,Qwen/Qwen2.5-1.5B-Instruct,gsm8k,Modular Norm RandOpt,43,287,0.72,0.705
4,Qwen/Qwen2.5-1.5B-Instruct,gsm8k,Modular Norm RandOpt,43,288,0.695,0.705
4,Qwen/Qwen2.5-1.5B-Instruct,gsm8k,Modular Norm RandOpt,43,289,0.755,0.705
4,Qwen/Qwen2.5-1.5B-Instruct,gsm8k,Modular Norm RandOpt,43,290,0.76,0.705
4,Qwen/Qwen2.5-1.5B-Instruct,gsm8k,Modular Norm RandOpt,43,291,0.705,0.705
4,Qwen/Qwen2.5-1.5B-Instruct,gsm8k,Modular Norm RandOpt,43,292,0.745,0.705
4,Qwen/Qwen2.5-1.5B-Instruct,gsm8k,Modular Norm RandOpt,43,293,0.68,0.705
4,Qwen/Qwen2.5-1.5B-Instruct,gsm8k,Modular Norm RandOpt,43,294,0.685,0.705
4,Qwen/Qwen2.5-1.5B-Instruct,gsm8k,Modular Norm RandOpt,43,295,0.66,0.705
4,Qwen/Qwen2.5-1.5B-Instruct,gsm8k,Modular Norm RandOpt,43,296,0.695,0.705
4,Qwen/Qwen2.5-1.5B-Instruct,gsm8k,Modular Norm RandOpt,43,297,0.73,0.705
4,Qwen/Qwen2.5-1.5B-Instruct,gsm8k,Modular Norm RandOpt,43,298,0.765,0.705
4,Qwen/Qwen2.5-1.5B-Instruct,gsm8k,Modular Norm RandOpt,43,299,0.725,0.705
4,Qwen/Qwen2.5-1.5B-Instruct,gsm8k,Modular Norm RandOpt,44,0,0.74,0.705
4,Qwen/Qwen2.5-1.5B-Instruct,gsm8k,Modular Norm RandOpt,44,1,0.67,0.705
4,Qwen/Qwen2.5-1.5B-Instruct,gsm8k,Modular Norm RandOpt,44,2,0.71,0.705
4,Qwen/Qwen2.5-1.5B-Instruct,gsm8k,Modular Norm RandOpt,44,3,0.71,0.705
4,Qwen/Qwen2.5-1.5B-Instruct,gsm8k,Modular Norm RandOpt,44,4,0.67,0.705
4,Qwen/Qwen2.5-1.5B-Instruct,gsm8k,Modular Norm RandOpt,44,5,0.725,0.705
4,Qwen/Qwen2.5-1.5B-Instruct,gsm8k,Modular Norm RandOpt,44,6,0.765,0.705
4,Qwen/Qwen2.5-1.5B-Instruct,gsm8k,Modular Norm RandOpt,44,7,0.74,0.705
4,Qwen/Qwen2.5-1.5B-Instruct,gsm8k,Modular Norm RandOpt,44,8,0.75,0.705
4,Qwen/Qwen2.5-1.5B-Instruct,gsm8k,Modular Norm RandOpt,44,9,0.73,0.705
4,Qwen/Qwen2.5-1.5B-Instruct,gsm8k,Modular Norm RandOpt,44,10,0.66,0.705
4,Qwen/Qwen2.5-1.5B-Instruct,gsm8k,Modular Norm RandOpt,44,11,0.715,0.705
4,Qwen/Qwen2.5-1.5B-Instruct,gsm8k,Modular Norm RandOpt,44,12,0.755,0.705
4,Qwen/Qwen2.5-1.5B-Instruct,gsm8k,Modular Norm RandOpt,44,13,0.725,0.705
4,Qwen/Qwen2.5-1.5B-Instruct,gsm8k,Modular Norm RandOpt,44,14,0.7,0.705
4,Qwen/Qwen2.5-1.5B-Instruct,gsm8k,Modular Norm RandOpt,44,15,0.695,0.705
4,Qwen/Qwen2.5-1.5B-Instruct,gsm8k,Modular Norm RandOpt,44,16,0.655,0.705
4,Qwen/Qwen2.5-1.5B-Instruct,gsm8k,Modular Norm RandOpt,44,17,0.73,0.705
4,Qwen/Qwen2.5-1.5B-Instruct,gsm8k,Modular Norm RandOpt,44,18,0.71,0.705
4,Qwen/Qwen2.5-1.5B-Instruct,gsm8k,Modular Norm RandOpt,44,19,0.695,0.705
4,Qwen/Qwen2.5-1.5B-Instruct,gsm8k,Modular Norm RandOpt,44,20,0.715,0.705
4,Qwen/Qwen2.5-1.5B-Instruct,gsm8k,Modular Norm RandOpt,44,21,0.64,0.705
4,Qwen/Qwen2.5-1.5B-Instruct,gsm8k,Modular Norm RandOpt,44,22,0.73,0.705
4,Qwen/Qwen2.5-1.5B-Instruct,gsm8k,Modular Norm RandOpt,44,23,0.7,0.705
4,Qwen/Qwen2.5-1.5B-Instruct,gsm8k,Modular Norm RandOpt,44,24,0.685,0.705
4,Qwen/Qwen2.5-1.5B-Instruct,gsm8k,Modular Norm RandOpt,44,25,0.645,0.705
4,Qwen/Qwen2.5-1.5B-Instruct,gsm8k,Modular Norm RandOpt,44,26,0.63,0.705
4,Qwen/Qwen2.5-1.5B-Instruct,gsm8k,Modular Norm RandOpt,44,27,0.735,0.705
4,Qwen/Qwen2.5-1.5B-Instruct,gsm8k,Modular Norm RandOpt,44,28,0.71,0.705
4,Qwen/Qwen2.5-1.5B-Instruct,gsm8k,Modular Norm RandOpt,44,29,0.71,0.705
4,Qwen/Qwen2.5-1.5B-Instruct,gsm8k,Modular Norm RandOpt,44,30,0.725,0.705
4,Qwen/Qwen2.5-1.5B-Instruct,gsm8k,Modular Norm RandOpt,44,31,0.67,0.705
4,Qwen/Qwen2.5-1.5B-Instruct,gsm8k,Modular Norm RandOpt,44,32,0.65,0.705
4,Qwen/Qwen2.5-1.5B-Instruct,gsm8k,Modular Norm RandOpt,44,33,0.695,0.705
4,Qwen/Qwen2.5-1.5B-Instruct,gsm8k,Modular Norm RandOpt,44,34,0.71,0.705
4,Qwen/Qwen2.5-1.5B-Instruct,gsm8k,Modular Norm RandOpt,44,35,0.7,0.705
4,Qwen/Qwen2.5-1.5B-Instruct,gsm8k,Modular Norm RandOpt,44,36,0.705,0.705
4,Qwen/Qwen2.5-1.5B-Instruct,gsm8k,Modular Norm RandOpt,44,37,0.735,0.705
4,Qwen/Qwen2.5-1.5B-Instruct,gsm8k,Modular Norm RandOpt,44,38,0.69,0.705
4,Qwen/Qwen2.5-1.5B-Instruct,gsm8k,Modular Norm RandOpt,44,39,0.695,0.705
4,Qwen/Qwen2.5-1.5B-Instruct,gsm8k,Modular Norm RandOpt,44,40,0.66,0.705
4,Qwen/Qwen2.5-1.5B-Instruct,gsm8k,Modular Norm RandOpt,44,41,0.73,0.705
4,Qwen/Qwen2.5-1.5B-Instruct,gsm8k,Modular Norm RandOpt,44,42,0.72,0.705
4,Qwen/Qwen2.5-1.5B-Instruct,gsm8k,Modular Norm RandOpt,44,43,0.73,0.705
4,Qwen/Qwen2.5-1.5B-Instruct,gsm8k,Modular Norm RandOpt,44,44,0.665,0.705
4,Qwen/Qwen2.5-1.5B-Instruct,gsm8k,Modular Norm RandOpt,44,45,0.69,0.705
4,Qwen/Qwen2.5-1.5B-Instruct,gsm8k,Modular Norm RandOpt,44,46,0.745,0.705
4,Qwen/Qwen2.5-1.5B-Instruct,gsm8k,Modular Norm RandOpt,44,47,0.655,0.705
4,Qwen/Qwen2.5-1.5B-Instruct,gsm8k,Modular Norm RandOpt,44,48,0.705,0.705
4,Qwen/Qwen2.5-1.5B-Instruct,gsm8k,Modular Norm RandOpt,44,49,0.755,0.705
4,Qwen/Qwen2.5-1.5B-Instruct,gsm8k,Modular Norm RandOpt,44,50,0.67,0.705
4,Qwen/Qwen2.5-1.5B-Instruct,gsm8k,Modular Norm RandOpt,44,51,0.705,0.705
4,Qwen/Qwen2.5-1.5B-Instruct,gsm8k,Modular Norm RandOpt,44,52,0.715,0.705
4,Qwen/Qwen2.5-1.5B-Instruct,gsm8k,Modular Norm RandOpt,44,53,0.675,0.705
4,Qwen/Qwen2.5-1.5B-Instruct,gsm8k,Modular Norm RandOpt,44,54,0.675,0.705
4,Qwen/Qwen2.5-1.5B-Instruct,gsm8k,Modular Norm RandOpt,44,55,0.675,0.705
4,Qwen/Qwen2.5-1.5B-Instruct,gsm8k,Modular Norm RandOpt,44,56,0.71,0.705
4,Qwen/Qwen2.5-1.5B-Instruct,gsm8k,Modular Norm RandOpt,44,57,0.695,0.705
4,Qwen/Qwen2.5-1.5B-Instruct,gsm8k,Modular Norm RandOpt,44,58,0.675,0.705
4,Qwen/Qwen2.5-1.5B-Instruct,gsm8k,Modular Norm RandOpt,44,59,0.715,0.705
4,Qwen/Qwen2.5-1.5B-Instruct,gsm8k,Modular Norm RandOpt,44,60,0.725,0.705
4,Qwen/Qwen2.5-1.5B-Instruct,gsm8k,Modular Norm RandOpt,44,61,0.7,0.705
4,Qwen/Qwen2.5-1.5B-Instruct,gsm8k,Modular Norm RandOpt,44,62,0.75,0.705
4,Qwen/Qwen2.5-1.5B-Instruct,gsm8k,Modular Norm RandOpt,44,63,0.72,0.705
4,Qwen/Qwen2.5-1.5B-Instruct,gsm8k,Modular Norm RandOpt,44,64,0.745,0.705
4,Qwen/Qwen2.5-1.5B-Instruct,gsm8k,Modular Norm RandOpt,44,65,0.735,0.705
4,Qwen/Qwen2.5-1.5B-Instruct,gsm8k,Modular Norm RandOpt,44,66,0.72,0.705
4,Qwen/Qwen2.5-1.5B-Instruct,gsm8k,Modular Norm RandOpt,44,67,0.68,0.705
4,Qwen/Qwen2.5-1.5B-Instruct,gsm8k,Modular Norm RandOpt,44,68,0.685,0.705
4,Qwen/Qwen2.5-1.5B-Instruct,gsm8k,Modular Norm RandOpt,44,69,0.62,0.705
4,Qwen/Qwen2.5-1.5B-Instruct,gsm8k,Modular Norm RandOpt,44,70,0.69,0.705
4,Qwen/Qwen2.5-1.5B-Instruct,gsm8k,Modular Norm RandOpt,44,71,0.72,0.705
4,Qwen/Qwen2.5-1.5B-Instruct,gsm8k,Modular Norm RandOpt,44,72,0.725,0.705
4,Qwen/Qwen2.5-1.5B-Instruct,gsm8k,Modular Norm RandOpt,44,73,0.69,0.705
4,Qwen/Qwen2.5-1.5B-Instruct,gsm8k,Modular Norm RandOpt,44,74,0.725,0.705
4,Qwen/Qwen2.5-1.5B-Instruct,gsm8k,Modular Norm RandOpt,44,75,0.655,0.705
4,Qwen/Qwen2.5-1.5B-Instruct,gsm8k,Modular Norm RandOpt,44,76,0.7,0.705
4,Qwen/Qwen2.5-1.5B-Instruct,gsm8k,Modular Norm RandOpt,44,77,0.685,0.705
4,Qwen/Qwen2.5-1.5B-Instruct,gsm8k,Modular Norm RandOpt,44,78,0.675,0.705
4,Qwen/Qwen2.5-1.5B-Instruct,gsm8k,Modular Norm RandOpt,44,79,0.7,0.705
4,Qwen/Qwen2.5-1.5B-Instruct,gsm8k,Modular Norm RandOpt,44,80,0.745,0.705
4,Qwen/Qwen2.5-1.5B-Instruct,gsm8k,Modular Norm RandOpt,44,81,0.725,0.705
4,Qwen/Qwen2.5-1.5B-Instruct,gsm8k,Modular Norm RandOpt,44,82,0.695,0.705
4,Qwen/Qwen2.5-1.5B-Instruct,gsm8k,Modular Norm RandOpt,44,83,0.745,0.705
4,Qwen/Qwen2.5-1.5B-Instruct,gsm8k,Modular Norm RandOpt,44,84,0.71,0.705
4,Qwen/Qwen2.5-1.5B-Instruct,gsm8k,Modular Norm RandOpt,44,85,0.68,0.705
4,Qwen/Qwen2.5-1.5B-Instruct,gsm8k,Modular Norm RandOpt,44,86,0.685,0.705
4,Qwen/Qwen2.5-1.5B-Instruct,gsm8k,Modular Norm RandOpt,44,87,0.695,0.705
4,Qwen/Qwen2.5-1.5B-Instruct,gsm8k,Modular Norm RandOpt,44,88,0.73,0.705
4,Qwen/Qwen2.5-1.5B-Instruct,gsm8k,Modular Norm RandOpt,44,89,0.67,0.705
4,Qwen/Qwen2.5-1.5B-Instruct,gsm8k,Modular Norm RandOpt,44,90,0.715,0.705
4,Qwen/Qwen2.5-1.5B-Instruct,gsm8k,Modular Norm RandOpt,44,91,0.7,0.705
4,Qwen/Qwen2.5-1.5B-Instruct,gsm8k,Modular Norm RandOpt,44,92,0.67,0.705
4,Qwen/Qwen2.5-1.5B-Instruct,gsm8k,Modular Norm RandOpt,44,93,0.655,0.705
4,Qwen/Qwen2.5-1.5B-Instruct,gsm8k,Modular Norm RandOpt,44,94,0.735,0.705
4,Qwen/Qwen2.5-1.5B-Instruct,gsm8k,Modular Norm RandOpt,44,95,0.715,0.705
4,Qwen/Qwen2.5-1.5B-Instruct,gsm8k,Modular Norm RandOpt,44,96,0.735,0.705
4,Qwen/Qwen2.5-1.5B-Instruct,gsm8k,Modular Norm RandOpt,44,97,0.68,0.705
4,Qwen/Qwen2.5-1.5B-Instruct,gsm8k,Modular Norm RandOpt,44,98,0.68,0.705
4,Qwen/Qwen2.5-1.5B-Instruct,gsm8k,Modular Norm RandOpt,44,99,0.695,0.705
4,Qwen/Qwen2.5-1.5B-Instruct,gsm8k,Modular Norm RandOpt,44,100,0.7,0.705
4,Qwen/Qwen2.5-1.5B-Instruct,gsm8k,Modular Norm RandOpt,44,101,0.675,0.705
4,Qwen/Qwen2.5-1.5B-Instruct,gsm8k,Modular Norm RandOpt,44,102,0.74,0.705
4,Qwen/Qwen2.5-1.5B-Instruct,gsm8k,Modular Norm RandOpt,44,103,0.725,0.705
4,Qwen/Qwen2.5-1.5B-Instruct,gsm8k,Modular Norm RandOpt,44,104,0.66,0.705
4,Qwen/Qwen2.5-1.5B-Instruct,gsm8k,Modular Norm RandOpt,44,105,0.71,0.705
4,Qwen/Qwen2.5-1.5B-Instruct,gsm8k,Modular Norm RandOpt,44,106,0.67,0.705
4,Qwen/Qwen2.5-1.5B-Instruct,gsm8k,Modular Norm RandOpt,44,107,0.74,0.705
4,Qwen/Qwen2.5-1.5B-Instruct,gsm8k,Modular Norm RandOpt,44,108,0.705,0.705
4,Qwen/Qwen2.5-1.5B-Instruct,gsm8k,Modular Norm RandOpt,44,109,0.67,0.705
4,Qwen/Qwen2.5-1.5B-Instruct,gsm8k,Modular Norm RandOpt,44,110,0.665,0.705
4,Qwen/Qwen2.5-1.5B-Instruct,gsm8k,Modular Norm RandOpt,44,111,0.68,0.705
4,Qwen/Qwen2.5-1.5B-Instruct,gsm8k,Modular Norm RandOpt,44,112,0.71,0.705
4,Qwen/Qwen2.5-1.5B-Instruct,gsm8k,Modular Norm RandOpt,44,113,0.695,0.705
4,Qwen/Qwen2.5-1.5B-Instruct,gsm8k,Modular Norm RandOpt,44,114,0.715,0.705
4,Qwen/Qwen2.5-1.5B-Instruct,gsm8k,Modular Norm RandOpt,44,115,0.69,0.705
4,Qwen/Qwen2.5-1.5B-Instruct,gsm8k,Modular Norm RandOpt,44,116,0.72,0.705
4,Qwen/Qwen2.5-1.5B-Instruct,gsm8k,Modular Norm RandOpt,44,117,0.69,0.705
4,Qwen/Qwen2.5-1.5B-Instruct,gsm8k,Modular Norm RandOpt,44,118,0.715,0.705
4,Qwen/Qwen2.5-1.5B-Instruct,gsm8k,Modular Norm RandOpt,44,119,0.63,0.705
4,Qwen/Qwen2.5-1.5B-Instruct,gsm8k,Modular Norm RandOpt,44,120,0.645,0.705
4,Qwen/Qwen2.5-1.5B-Instruct,gsm8k,Modular Norm RandOpt,44,121,0.69,0.705
4,Qwen/Qwen2.5-1.5B-Instruct,gsm8k,Modular Norm RandOpt,44,122,0.72,0.705
4,Qwen/Qwen2.5-1.5B-Instruct,gsm8k,Modular Norm RandOpt,44,123,0.7,0.705
4,Qwen/Qwen2.5-1.5B-Instruct,gsm8k,Modular Norm RandOpt,44,124,0.72,0.705
4,Qwen/Qwen2.5-1.5B-Instruct,gsm8k,Modular Norm RandOpt,44,125,0.64,0.705
4,Qwen/Qwen2.5-1.5B-Instruct,gsm8k,Modular Norm RandOpt,44,126,0.69,0.705
4,Qwen/Qwen2.5-1.5B-Instruct,gsm8k,Modular Norm RandOpt,44,127,0.755,0.705
4,Qwen/Qwen2.5-1.5B-Instruct,gsm8k,Modular Norm RandOpt,44,128,0.655,0.705
4,Qwen/Qwen2.5-1.5B-Instruct,gsm8k,Modular Norm RandOpt,44,129,0.69,0.705
4,Qwen/Qwen2.5-1.5B-Instruct,gsm8k,Modular Norm RandOpt,44,130,0.68,0.705
4,Qwen/Qwen2.5-1.5B-Instruct,gsm8k,Modular Norm RandOpt,44,131,0.7,0.705
4,Qwen/Qwen2.5-1.5B-Instruct,gsm8k,Modular Norm RandOpt,44,132,0.7,0.705
4,Qwen/Qwen2.5-1.5B-Instruct,gsm8k,Modular Norm RandOpt,44,133,0.69,0.705
4,Qwen/Qwen2.5-1.5B-Instruct,gsm8k,Modular Norm RandOpt,44,134,0.705,0.705
4,Qwen/Qwen2.5-1.5B-Instruct,gsm8k,Modular Norm RandOpt,44,135,0.71,0.705
4,Qwen/Qwen2.5-1.5B-Instruct,gsm8k,Modular Norm RandOpt,44,136,0.735,0.705
4,Qwen/Qwen2.5-1.5B-Instruct,gsm8k,Modular Norm RandOpt,44,137,0.69,0.705
4,Qwen/Qwen2.5-1.5B-Instruct,gsm8k,Modular Norm RandOpt,44,138,0.705,0.705
4,Qwen/Qwen2.5-1.5B-Instruct,gsm8k,Modular Norm RandOpt,44,139,0.71,0.705
4,Qwen/Qwen2.5-1.5B-Instruct,gsm8k,Modular Norm RandOpt,44,140,0.675,0.705
4,Qwen/Qwen2.5-1.5B-Instruct,gsm8k,Modular Norm RandOpt,44,141,0.715,0.705
4,Qwen/Qwen2.5-1.5B-Instruct,gsm8k,Modular Norm RandOpt,44,142,0.73,0.705
4,Qwen/Qwen2.5-1.5B-Instruct,gsm8k,Modular Norm RandOpt,44,143,0.72,0.705
4,Qwen/Qwen2.5-1.5B-Instruct,gsm8k,Modular Norm RandOpt,44,144,0.695,0.705
4,Qwen/Qwen2.5-1.5B-Instruct,gsm8k,Modular Norm RandOpt,44,145,0.73,0.705
4,Qwen/Qwen2.5-1.5B-Instruct,gsm8k,Modular Norm RandOpt,44,146,0.71,0.705
4,Qwen/Qwen2.5-1.5B-Instruct,gsm8k,Modular Norm RandOpt,44,147,0.705,0.705
4,Qwen/Qwen2.5-1.5B-Instruct,gsm8k,Modular Norm RandOpt,44,148,0.72,0.705
4,Qwen/Qwen2.5-1.5B-Instruct,gsm8k,Modular Norm RandOpt,44,149,0.67,0.705
4,Qwen/Qwen2.5-1.5B-Instruct,gsm8k,Modular Norm RandOpt,44,150,0.755,0.705
4,Qwen/Qwen2.5-1.5B-Instruct,gsm8k,Modular Norm RandOpt,44,151,0.69,0.705
4,Qwen/Qwen2.5-1.5B-Instruct,gsm8k,Modular Norm RandOpt,44,152,0.705,0.705
4,Qwen/Qwen2.5-1.5B-Instruct,gsm8k,Modular Norm RandOpt,44,153,0.71,0.705
4,Qwen/Qwen2.5-1.5B-Instruct,gsm8k,Modular Norm RandOpt,44,154,0.765,0.705
4,Qwen/Qwen2.5-1.5B-Instruct,gsm8k,Modular Norm RandOpt,44,155,0.645,0.705
4,Qwen/Qwen2.5-1.5B-Instruct,gsm8k,Modular Norm RandOpt,44,156,0.7,0.705
4,Qwen/Qwen2.5-1.5B-Instruct,gsm8k,Modular Norm RandOpt,44,157,0.725,0.705
4,Qwen/Qwen2.5-1.5B-Instruct,gsm8k,Modular Norm RandOpt,44,158,0.695,0.705
4,Qwen/Qwen2.5-1.5B-Instruct,gsm8k,Modular Norm RandOpt,44,159,0.675,0.705
4,Qwen/Qwen2.5-1.5B-Instruct,gsm8k,Modular Norm RandOpt,44,160,0.695,0.705
4,Qwen/Qwen2.5-1.5B-Instruct,gsm8k,Modular Norm RandOpt,44,161,0.72,0.705
4,Qwen/Qwen2.5-1.5B-Instruct,gsm8k,Modular Norm RandOpt,44,162,0.74,0.705
4,Qwen/Qwen2.5-1.5B-Instruct,gsm8k,Modular Norm RandOpt,44,163,0.75,0.705
4,Qwen/Qwen2.5-1.5B-Instruct,gsm8k,Modular Norm RandOpt,44,164,0.66,0.705
4,Qwen/Qwen2.5-1.5B-Instruct,gsm8k,Modular Norm RandOpt,44,165,0.665,0.705
4,Qwen/Qwen2.5-1.5B-Instruct,gsm8k,Modular Norm RandOpt,44,166,0.72,0.705
4,Qwen/Qwen2.5-1.5B-Instruct,gsm8k,Modular Norm RandOpt,44,167,0.64,0.705
4,Qwen/Qwen2.5-1.5B-Instruct,gsm8k,Modular Norm RandOpt,44,168,0.715,0.705
4,Qwen/Qwen2.5-1.5B-Instruct,gsm8k,Modular Norm RandOpt,44,169,0.715,0.705
4,Qwen/Qwen2.5-1.5B-Instruct,gsm8k,Modular Norm RandOpt,44,170,0.71,0.705
4,Qwen/Qwen2.5-1.5B-Instruct,gsm8k,Modular Norm RandOpt,44,171,0.695,0.705
4,Qwen/Qwen2.5-1.5B-Instruct,gsm8k,Modular Norm RandOpt,44,172,0.68,0.705
4,Qwen/Qwen2.5-1.5B-Instruct,gsm8k,Modular Norm RandOpt,44,173,0.71,0.705
4,Qwen/Qwen2.5-1.5B-Instruct,gsm8k,Modular Norm RandOpt,44,174,0.68,0.705
4,Qwen/Qwen2.5-1.5B-Instruct,gsm8k,Modular Norm RandOpt,44,175,0.7,0.705
4,Qwen/Qwen2.5-1.5B-Instruct,gsm8k,Modular Norm RandOpt,44,176,0.665,0.705
4,Qwen/Qwen2.5-1.5B-Instruct,gsm8k,Modular Norm RandOpt,44,177,0.71,0.705
4,Qwen/Qwen2.5-1.5B-Instruct,gsm8k,Modular Norm RandOpt,44,178,0.715,0.705
4,Qwen/Qwen2.5-1.5B-Instruct,gsm8k,Modular Norm RandOpt,44,179,0.72,0.705
4,Qwen/Qwen2.5-1.5B-Instruct,gsm8k,Modular Norm RandOpt,44,180,0.74,0.705
4,Qwen/Qwen2.5-1.5B-Instruct,gsm8k,Modular Norm RandOpt,44,181,0.675,0.705
4,Qwen/Qwen2.5-1.5B-Instruct,gsm8k,Modular Norm RandOpt,44,182,0.715,0.705
4,Qwen/Qwen2.5-1.5B-Instruct,gsm8k,Modular Norm RandOpt,44,183,0.655,0.705
4,Qwen/Qwen2.5-1.5B-Instruct,gsm8k,Modular Norm RandOpt,44,184,0.69,0.705
4,Qwen/Qwen2.5-1.5B-Instruct,gsm8k,Modular Norm RandOpt,44,185,0.795,0.705
4,Qwen/Qwen2.5-1.5B-Instruct,gsm8k,Modular Norm RandOpt,44,186,0.735,0.705
4,Qwen/Qwen2.5-1.5B-Instruct,gsm8k,Modular Norm RandOpt,44,187,0.735,0.705
4,Qwen/Qwen2.5-1.5B-Instruct,gsm8k,Modular Norm RandOpt,44,188,0.705,0.705
4,Qwen/Qwen2.5-1.5B-Instruct,gsm8k,Modular Norm RandOpt,44,189,0.68,0.705
4,Qwen/Qwen2.5-1.5B-Instruct,gsm8k,Modular Norm RandOpt,44,190,0.69,0.705
4,Qwen/Qwen2.5-1.5B-Instruct,gsm8k,Modular Norm RandOpt,44,191,0.725,0.705
4,Qwen/Qwen2.5-1.5B-Instruct,gsm8k,Modular Norm RandOpt,44,192,0.695,0.705
4,Qwen/Qwen2.5-1.5B-Instruct,gsm8k,Modular Norm RandOpt,44,193,0.665,0.705
4,Qwen/Qwen2.5-1.5B-Instruct,gsm8k,Modular Norm RandOpt,44,194,0.675,0.705
4,Qwen/Qwen2.5-1.5B-Instruct,gsm8k,Modular Norm RandOpt,44,195,0.675,0.705
4,Qwen/Qwen2.5-1.5B-Instruct,gsm8k,Modular Norm RandOpt,44,196,0.7,0.705
4,Qwen/Qwen2.5-1.5B-Instruct,gsm8k,Modular Norm RandOpt,44,197,0.695,0.705
4,Qwen/Qwen2.5-1.5B-Instruct,gsm8k,Modular Norm RandOpt,44,198,0.725,0.705
4,Qwen/Qwen2.5-1.5B-Instruct,gsm8k,Modular Norm RandOpt,44,199,0.72,0.705
4,Qwen/Qwen2.5-1.5B-Instruct,gsm8k,Modular Norm RandOpt,44,200,0.69,0.705
4,Qwen/Qwen2.5-1.5B-Instruct,gsm8k,Modular Norm RandOpt,44,201,0.795,0.705
4,Qwen/Qwen2.5-1.5B-Instruct,gsm8k,Modular Norm RandOpt,44,202,0.7,0.705
4,Qwen/Qwen2.5-1.5B-Instruct,gsm8k,Modular Norm RandOpt,44,203,0.68,0.705
4,Qwen/Qwen2.5-1.5B-Instruct,gsm8k,Modular Norm RandOpt,44,204,0.76,0.705
4,Qwen/Qwen2.5-1.5B-Instruct,gsm8k,Modular Norm RandOpt,44,205,0.665,0.705
4,Qwen/Qwen2.5-1.5B-Instruct,gsm8k,Modular Norm RandOpt,44,206,0.675,0.705
4,Qwen/Qwen2.5-1.5B-Instruct,gsm8k,Modular Norm RandOpt,44,207,0.71,0.705
4,Qwen/Qwen2.5-1.5B-Instruct,gsm8k,Modular Norm RandOpt,44,208,0.705,0.705
4,Qwen/Qwen2.5-1.5B-Instruct,gsm8k,Modular Norm RandOpt,44,209,0.71,0.705
4,Qwen/Qwen2.5-1.5B-Instruct,gsm8k,Modular Norm RandOpt,44,210,0.755,0.705
4,Qwen/Qwen2.5-1.5B-Instruct,gsm8k,Modular Norm RandOpt,44,211,0.735,0.705
4,Qwen/Qwen2.5-1.5B-Instruct,gsm8k,Modular Norm RandOpt,44,212,0.72,0.705
4,Qwen/Qwen2.5-1.5B-Instruct,gsm8k,Modular Norm RandOpt,44,213,0.67,0.705
4,Qwen/Qwen2.5-1.5B-Instruct,gsm8k,Modular Norm RandOpt,44,214,0.665,0.705
4,Qwen/Qwen2.5-1.5B-Instruct,gsm8k,Modular Norm RandOpt,44,215,0.665,0.705
4,Qwen/Qwen2.5-1.5B-Instruct,gsm8k,Modular Norm RandOpt,44,216,0.685,0.705
4,Qwen/Qwen2.5-1.5B-Instruct,gsm8k,Modular Norm RandOpt,44,217,0.695,0.705
4,Qwen/Qwen2.5-1.5B-Instruct,gsm8k,Modular Norm RandOpt,44,218,0.735,0.705
4,Qwen/Qwen2.5-1.5B-Instruct,gsm8k,Modular Norm RandOpt,44,219,0.69,0.705
4,Qwen/Qwen2.5-1.5B-Instruct,gsm8k,Modular Norm RandOpt,44,220,0.765,0.705
4,Qwen/Qwen2.5-1.5B-Instruct,gsm8k,Modular Norm RandOpt,44,221,0.67,0.705
4,Qwen/Qwen2.5-1.5B-Instruct,gsm8k,Modular Norm RandOpt,44,222,0.7,0.705
4,Qwen/Qwen2.5-1.5B-Instruct,gsm8k,Modular Norm RandOpt,44,223,0.695,0.705
4,Qwen/Qwen2.5-1.5B-Instruct,gsm8k,Modular Norm RandOpt,44,224,0.63,0.705
4,Qwen/Qwen2.5-1.5B-Instruct,gsm8k,Modular Norm RandOpt,44,225,0.685,0.705
4,Qwen/Qwen2.5-1.5B-Instruct,gsm8k,Modular Norm RandOpt,44,226,0.705,0.705
4,Qwen/Qwen2.5-1.5B-Instruct,gsm8k,Modular Norm RandOpt,44,227,0.67,0.705
4,Qwen/Qwen2.5-1.5B-Instruct,gsm8k,Modular Norm RandOpt,44,228,0.67,0.705
4,Qwen/Qwen2.5-1.5B-Instruct,gsm8k,Modular Norm RandOpt,44,229,0.69,0.705
4,Qwen/Qwen2.5-1.5B-Instruct,gsm8k,Modular Norm RandOpt,44,230,0.7,0.705
4,Qwen/Qwen2.5-1.5B-Instruct,gsm8k,Modular Norm RandOpt,44,231,0.675,0.705
4,Qwen/Qwen2.5-1.5B-Instruct,gsm8k,Modular Norm RandOpt,44,232,0.595,0.705
4,Qwen/Qwen2.5-1.5B-Instruct,gsm8k,Modular Norm RandOpt,44,233,0.675,0.705
4,Qwen/Qwen2.5-1.5B-Instruct,gsm8k,Modular Norm RandOpt,44,234,0.68,0.705
4,Qwen/Qwen2.5-1.5B-Instruct,gsm8k,Modular Norm RandOpt,44,235,0.735,0.705
4,Qwen/Qwen2.5-1.5B-Instruct,gsm8k,Modular Norm RandOpt,44,236,0.74,0.705
4,Qwen/Qwen2.5-1.5B-Instruct,gsm8k,Modular Norm RandOpt,44,237,0.715,0.705
4,Qwen/Qwen2.5-1.5B-Instruct,gsm8k,Modular Norm RandOpt,44,238,0.76,0.705
4,Qwen/Qwen2.5-1.5B-Instruct,gsm8k,Modular Norm RandOpt,44,239,0.64,0.705
4,Qwen/Qwen2.5-1.5B-Instruct,gsm8k,Modular Norm RandOpt,44,240,0.695,0.705
4,Qwen/Qwen2.5-1.5B-Instruct,gsm8k,Modular Norm RandOpt,44,241,0.705,0.705
4,Qwen/Qwen2.5-1.5B-Instruct,gsm8k,Modular Norm RandOpt,44,242,0.76,0.705
4,Qwen/Qwen2.5-1.5B-Instruct,gsm8k,Modular Norm RandOpt,44,243,0.73,0.705
4,Qwen/Qwen2.5-1.5B-Instruct,gsm8k,Modular Norm RandOpt,44,244,0.7,0.705
4,Qwen/Qwen2.5-1.5B-Instruct,gsm8k,Modular Norm RandOpt,44,245,0.705,0.705
4,Qwen/Qwen2.5-1.5B-Instruct,gsm8k,Modular Norm RandOpt,44,246,0.705,0.705
4,Qwen/Qwen2.5-1.5B-Instruct,gsm8k,Modular Norm RandOpt,44,247,0.72,0.705
4,Qwen/Qwen2.5-1.5B-Instruct,gsm8k,Modular Norm RandOpt,44,248,0.685,0.705
4,Qwen/Qwen2.5-1.5B-Instruct,gsm8k,Modular Norm RandOpt,44,249,0.74,0.705
4,Qwen/Qwen2.5-1.5B-Instruct,gsm8k,Modular Norm RandOpt,44,250,0.7,0.705
4,Qwen/Qwen2.5-1.5B-Instruct,gsm8k,Modular Norm RandOpt,44,251,0.685,0.705
4,Qwen/Qwen2.5-1.5B-Instruct,gsm8k,Modular Norm RandOpt,44,252,0.71,0.705
4,Qwen/Qwen2.5-1.5B-Instruct,gsm8k,Modular Norm RandOpt,44,253,0.585,0.705
4,Qwen/Qwen2.5-1.5B-Instruct,gsm8k,Modular Norm RandOpt,44,254,0.72,0.705
4,Qwen/Qwen2.5-1.5B-Instruct,gsm8k,Modular Norm RandOpt,44,255,0.67,0.705
4,Qwen/Qwen2.5-1.5B-Instruct,gsm8k,Modular Norm RandOpt,44,256,0.695,0.705
4,Qwen/Qwen2.5-1.5B-Instruct,gsm8k,Modular Norm RandOpt,44,257,0.665,0.705
4,Qwen/Qwen2.5-1.5B-Instruct,gsm8k,Modular Norm RandOpt,44,258,0.715,0.705
4,Qwen/Qwen2.5-1.5B-Instruct,gsm8k,Modular Norm RandOpt,44,259,0.715,0.705
4,Qwen/Qwen2.5-1.5B-Instruct,gsm8k,Modular Norm RandOpt,44,260,0.68,0.705
4,Qwen/Qwen2.5-1.5B-Instruct,gsm8k,Modular Norm RandOpt,44,261,0.7,0.705
4,Qwen/Qwen2.5-1.5B-Instruct,gsm8k,Modular Norm RandOpt,44,262,0.675,0.705
4,Qwen/Qwen2.5-1.5B-Instruct,gsm8k,Modular Norm RandOpt,44,263,0.66,0.705
4,Qwen/Qwen2.5-1.5B-Instruct,gsm8k,Modular Norm RandOpt,44,264,0.615,0.705
4,Qwen/Qwen2.5-1.5B-Instruct,gsm8k,Modular Norm RandOpt,44,265,0.685,0.705
4,Qwen/Qwen2.5-1.5B-Instruct,gsm8k,Modular Norm RandOpt,44,266,0.595,0.705
4,Qwen/Qwen2.5-1.5B-Instruct,gsm8k,Modular Norm RandOpt,44,267,0.7,0.705
4,Qwen/Qwen2.5-1.5B-Instruct,gsm8k,Modular Norm RandOpt,44,268,0.685,0.705
4,Qwen/Qwen2.5-1.5B-Instruct,gsm8k,Modular Norm RandOpt,44,269,0.715,0.705
4,Qwen/Qwen2.5-1.5B-Instruct,gsm8k,Modular Norm RandOpt,44,270,0.685,0.705
4,Qwen/Qwen2.5-1.5B-Instruct,gsm8k,Modular Norm RandOpt,44,271,0.71,0.705
4,Qwen/Qwen2.5-1.5B-Instruct,gsm8k,Modular Norm RandOpt,44,272,0.635,0.705
4,Qwen/Qwen2.5-1.5B-Instruct,gsm8k,Modular Norm RandOpt,44,273,0.65,0.705
4,Qwen/Qwen2.5-1.5B-Instruct,gsm8k,Modular Norm RandOpt,44,274,0.7,0.705
4,Qwen/Qwen2.5-1.5B-Instruct,gsm8k,Modular Norm RandOpt,44,275,0.695,0.705
4,Qwen/Qwen2.5-1.5B-Instruct,gsm8k,Modular Norm RandOpt,44,276,0.695,0.705
4,Qwen/Qwen2.5-1.5B-Instruct,gsm8k,Modular Norm RandOpt,44,277,0.725,0.705
4,Qwen/Qwen2.5-1.5B-Instruct,gsm8k,Modular Norm RandOpt,44,278,0.62,0.705
4,Qwen/Qwen2.5-1.5B-Instruct,gsm8k,Modular Norm RandOpt,44,279,0.695,0.705
4,Qwen/Qwen2.5-1.5B-Instruct,gsm8k,Modular Norm RandOpt,44,280,0.635,0.705
4,Qwen/Qwen2.5-1.5B-Instruct,gsm8k,Modular Norm RandOpt,44,281,0.705,0.705
4,Qwen/Qwen2.5-1.5B-Instruct,gsm8k,Modular Norm RandOpt,44,282,0.68,0.705
4,Qwen/Qwen2.5-1.5B-Instruct,gsm8k,Modular Norm RandOpt,44,283,0.715,0.705
4,Qwen/Qwen2.5-1.5B-Instruct,gsm8k,Modular Norm RandOpt,44,284,0.705,0.705
4,Qwen/Qwen2.5-1.5B-Instruct,gsm8k,Modular Norm RandOpt,44,285,0.715,0.705
4,Qwen/Qwen2.5-1.5B-Instruct,gsm8k,Modular Norm RandOpt,44,286,0.695,0.705
4,Qwen/Qwen2.5-1.5B-Instruct,gsm8k,Modular Norm RandOpt,44,287,0.745,0.705
4,Qwen/Qwen2.5-1.5B-Instruct,gsm8k,Modular Norm RandOpt,44,288,0.67,0.705
4,Qwen/Qwen2.5-1.5B-Instruct,gsm8k,Modular Norm RandOpt,44,289,0.72,0.705
4,Qwen/Qwen2.5-1.5B-Instruct,gsm8k,Modular Norm RandOpt,44,290,0.675,0.705
4,Qwen/Qwen2.5-1.5B-Instruct,gsm8k,Modular Norm RandOpt,44,291,0.68,0.705
4,Qwen/Qwen2.5-1.5B-Instruct,gsm8k,Modular Norm RandOpt,44,292,0.74,0.705
4,Qwen/Qwen2.5-1.5B-Instruct,gsm8k,Modular Norm RandOpt,44,293,0.735,0.705
4,Qwen/Qwen2.5-1.5B-Instruct,gsm8k,Modular Norm RandOpt,44,294,0.61,0.705
4,Qwen/Qwen2.5-1.5B-Instruct,gsm8k,Modular Norm RandOpt,44,295,0.68,0.705
4,Qwen/Qwen2.5-1.5B-Instruct,gsm8k,Modular Norm RandOpt,44,296,0.665,0.705
4,Qwen/Qwen2.5-1.5B-Instruct,gsm8k,Modular Norm RandOpt,44,297,0.715,0.705
4,Qwen/Qwen2.5-1.5B-Instruct,gsm8k,Modular Norm RandOpt,44,298,0.72,0.705
4,Qwen/Qwen2.5-1.5B-Instruct,gsm8k,Modular Norm RandOpt,44,299,0.72,0.705
