task,task_label,method,population_size,num_seeds,reward_gain_threshold_pp,tail_probability_mean_pct,tail_probability_sample_sd_pct,tail_probability_min_pct,tail_probability_max_pct
countdown,Countdown,RandOpt,100,3,-10.0,100.0,0.0,100.0,100.0
countdown,Countdown,RandOpt,100,3,-9.916666666666666,100.0,0.0,100.0,100.0
countdown,Countdown,RandOpt,100,3,-9.833333333333334,100.0,0.0,100.0,100.0
countdown,Countdown,RandOpt,100,3,-9.75,100.0,0.0,100.0,100.0
countdown,Countdown,RandOpt,100,3,-9.666666666666666,100.0,0.0,100.0,100.0
countdown,Countdown,RandOpt,100,3,-9.583333333333334,100.0,0.0,100.0,100.0
countdown,Countdown,RandOpt,100,3,-9.5,100.0,0.0,100.0,100.0
countdown,Countdown,RandOpt,100,3,-9.416666666666666,100.0,0.0,100.0,100.0
countdown,Countdown,RandOpt,100,3,-9.333333333333334,100.0,0.0,100.0,100.0
countdown,Countdown,RandOpt,100,3,-9.25,100.0,0.0,100.0,100.0
countdown,Countdown,RandOpt,100,3,-9.166666666666666,100.0,0.0,100.0,100.0
countdown,Countdown,RandOpt,100,3,-9.083333333333334,100.0,0.0,100.0,100.0
countdown,Countdown,RandOpt,100,3,-9.0,100.0,0.0,100.0,100.0
countdown,Countdown,RandOpt,100,3,-8.916666666666666,100.0,0.0,100.0,100.0
countdown,Countdown,RandOpt,100,3,-8.833333333333334,100.0,0.0,100.0,100.0
countdown,Countdown,RandOpt,100,3,-8.75,100.0,0.0,100.0,100.0
countdown,Countdown,RandOpt,100,3,-8.666666666666666,100.0,0.0,100.0,100.0
countdown,Countdown,RandOpt,100,3,-8.583333333333334,100.0,0.0,100.0,100.0
countdown,Countdown,RandOpt,100,3,-8.5,100.0,0.0,100.0,100.0
countdown,Countdown,RandOpt,100,3,-8.416666666666666,100.0,0.0,100.0,100.0
countdown,Countdown,RandOpt,100,3,-8.333333333333334,100.0,0.0,100.0,100.0
countdown,Countdown,RandOpt,100,3,-8.25,100.0,0.0,100.0,100.0
countdown,Countdown,RandOpt,100,3,-8.166666666666666,100.0,0.0,100.0,100.0
countdown,Countdown,RandOpt,100,3,-8.083333333333334,100.0,0.0,100.0,100.0
countdown,Countdown,RandOpt,100,3,-8.0,100.0,0.0,100.0,100.0
countdown,Countdown,RandOpt,100,3,-7.916666666666667,100.0,0.0,100.0,100.0
countdown,Countdown,RandOpt,100,3,-7.833333333333334,100.0,0.0,100.0,100.0
countdown,Countdown,RandOpt,100,3,-7.75,100.0,0.0,100.0,100.0
countdown,Countdown,RandOpt,100,3,-7.666666666666667,100.0,0.0,100.0,100.0
countdown,Countdown,RandOpt,100,3,-7.583333333333334,100.0,0.0,100.0,100.0
countdown,Countdown,RandOpt,100,3,-7.5,100.0,0.0,100.0,100.0
countdown,Countdown,RandOpt,100,3,-7.416666666666667,100.0,0.0,100.0,100.0
countdown,Countdown,RandOpt,100,3,-7.333333333333334,100.0,0.0,100.0,100.0
countdown,Countdown,RandOpt,100,3,-7.25,100.0,0.0,100.0,100.0
countdown,Countdown,RandOpt,100,3,-7.166666666666667,100.0,0.0,100.0,100.0
countdown,Countdown,RandOpt,100,3,-7.083333333333334,100.0,0.0,100.0,100.0
countdown,Countdown,RandOpt,100,3,-7.0,100.0,0.0,100.0,100.0
countdown,Countdown,RandOpt,100,3,-6.916666666666667,100.0,0.0,100.0,100.0
countdown,Countdown,RandOpt,100,3,-6.833333333333334,100.0,0.0,100.0,100.0
countdown,Countdown,RandOpt,100,3,-6.75,100.0,0.0,100.0,100.0
countdown,Countdown,RandOpt,100,3,-6.666666666666667,100.0,0.0,100.0,100.0
countdown,Countdown,RandOpt,100,3,-6.583333333333334,100.0,0.0,100.0,100.0
countdown,Countdown,RandOpt,100,3,-6.5,100.0,0.0,100.0,100.0
countdown,Countdown,RandOpt,100,3,-6.416666666666667,100.0,0.0,100.0,100.0
countdown,Countdown,RandOpt,100,3,-6.333333333333334,100.0,0.0,100.0,100.0
countdown,Countdown,RandOpt,100,3,-6.25,100.0,0.0,100.0,100.0
countdown,Countdown,RandOpt,100,3,-6.166666666666667,100.0,0.0,100.0,100.0
countdown,Countdown,RandOpt,100,3,-6.083333333333334,100.0,0.0,100.0,100.0
countdown,Countdown,RandOpt,100,3,-6.0,100.0,0.0,100.0,100.0
countdown,Countdown,RandOpt,100,3,-5.916666666666667,100.0,0.0,100.0,100.0
countdown,Countdown,RandOpt,100,3,-5.833333333333334,100.0,0.0,100.0,100.0
countdown,Countdown,RandOpt,100,3,-5.75,100.0,0.0,100.0,100.0
countdown,Countdown,RandOpt,100,3,-5.666666666666667,100.0,0.0,100.0,100.0
countdown,Countdown,RandOpt,100,3,-5.583333333333334,100.0,0.0,100.0,100.0
countdown,Countdown,RandOpt,100,3,-5.5,100.0,0.0,100.0,100.0
countdown,Countdown,RandOpt,100,3,-5.416666666666667,100.0,0.0,100.0,100.0
countdown,Countdown,RandOpt,100,3,-5.333333333333334,100.0,0.0,100.0,100.0
countdown,Countdown,RandOpt,100,3,-5.25,100.0,0.0,100.0,100.0
countdown,Countdown,RandOpt,100,3,-5.166666666666667,100.0,0.0,100.0,100.0
countdown,Countdown,RandOpt,100,3,-5.083333333333334,100.0,0.0,100.0,100.0
countdown,Countdown,RandOpt,100,3,-5.0,99.66666666666667,0.5773502691896257,99.0,100.0
countdown,Countdown,RandOpt,100,3,-4.916666666666667,99.66666666666667,0.5773502691896257,99.0,100.0
countdown,Countdown,RandOpt,100,3,-4.833333333333334,99.66666666666667,0.5773502691896257,99.0,100.0
countdown,Countdown,RandOpt,100,3,-4.75,99.66666666666667,0.5773502691896257,99.0,100.0
countdown,Countdown,RandOpt,100,3,-4.666666666666667,99.66666666666667,0.5773502691896257,99.0,100.0
countdown,Countdown,RandOpt,100,3,-4.583333333333334,99.66666666666667,0.5773502691896257,99.0,100.0
countdown,Countdown,RandOpt,100,3,-4.5,99.66666666666667,0.5773502691896257,99.0,100.0
countdown,Countdown,RandOpt,100,3,-4.416666666666667,99.66666666666667,0.5773502691896257,99.0,100.0
countdown,Countdown,RandOpt,100,3,-4.333333333333334,99.66666666666667,0.5773502691896257,99.0,100.0
countdown,Countdown,RandOpt,100,3,-4.25,99.66666666666667,0.5773502691896257,99.0,100.0
countdown,Countdown,RandOpt,100,3,-4.166666666666667,99.33333333333333,1.1547005383792517,98.0,100.0
countdown,Countdown,RandOpt,100,3,-4.083333333333334,99.33333333333333,1.1547005383792517,98.0,100.0
countdown,Countdown,RandOpt,100,3,-4.0,99.33333333333333,1.1547005383792517,98.0,100.0
countdown,Countdown,RandOpt,100,3,-3.916666666666667,99.0,1.7320508075688772,97.0,100.0
countdown,Countdown,RandOpt,100,3,-3.833333333333334,99.0,1.7320508075688772,97.0,100.0
countdown,Countdown,RandOpt,100,3,-3.75,98.66666666666667,2.3094010767585034,96.0,100.0
countdown,Countdown,RandOpt,100,3,-3.666666666666667,98.66666666666667,2.3094010767585034,96.0,100.0
countdown,Countdown,RandOpt,100,3,-3.583333333333334,98.66666666666667,2.3094010767585034,96.0,100.0
countdown,Countdown,RandOpt,100,3,-3.5,98.66666666666667,2.3094010767585034,96.0,100.0
countdown,Countdown,RandOpt,100,3,-3.416666666666667,98.66666666666667,2.3094010767585034,96.0,100.0
countdown,Countdown,RandOpt,100,3,-3.333333333333334,98.66666666666667,2.3094010767585034,96.0,100.0
countdown,Countdown,RandOpt,100,3,-3.25,98.33333333333333,2.8867513459481287,95.0,100.0
countdown,Countdown,RandOpt,100,3,-3.166666666666667,98.33333333333333,2.8867513459481287,95.0,100.0
countdown,Countdown,RandOpt,100,3,-3.083333333333334,98.33333333333333,2.8867513459481287,95.0,100.0
countdown,Countdown,RandOpt,100,3,-3.0,98.33333333333333,2.8867513459481287,95.0,100.0
countdown,Countdown,RandOpt,100,3,-2.916666666666667,98.0,2.6457513110645907,95.0,100.0
countdown,Countdown,RandOpt,100,3,-2.833333333333334,97.66666666666667,3.214550253664318,94.0,100.0
countdown,Countdown,RandOpt,100,3,-2.75,97.33333333333333,2.8867513459481287,94.0,99.0
countdown,Countdown,RandOpt,100,3,-2.666666666666667,97.33333333333333,2.8867513459481287,94.0,99.0
countdown,Countdown,RandOpt,100,3,-2.583333333333334,96.66666666666667,3.214550253664318,93.0,99.0
countdown,Countdown,RandOpt,100,3,-2.5,96.66666666666667,3.214550253664318,93.0,99.0
countdown,Countdown,RandOpt,100,3,-2.416666666666667,96.33333333333333,3.055050463303893,93.0,99.0
countdown,Countdown,RandOpt,100,3,-2.333333333333334,96.33333333333333,3.055050463303893,93.0,99.0
countdown,Countdown,RandOpt,100,3,-2.25,96.0,3.605551275463989,92.0,99.0
countdown,Countdown,RandOpt,100,3,-2.166666666666667,95.66666666666667,3.511884584284246,92.0,99.0
countdown,Countdown,RandOpt,100,3,-2.083333333333334,95.66666666666667,3.511884584284246,92.0,99.0
countdown,Countdown,RandOpt,100,3,-2.0,95.66666666666667,3.511884584284246,92.0,99.0
countdown,Countdown,RandOpt,100,3,-1.9166666666666679,95.66666666666667,3.511884584284246,92.0,99.0
countdown,Countdown,RandOpt,100,3,-1.833333333333334,95.33333333333333,3.055050463303893,92.0,98.0
countdown,Countdown,RandOpt,100,3,-1.75,95.0,3.605551275463989,91.0,98.0
countdown,Countdown,RandOpt,100,3,-1.6666666666666679,93.66666666666667,4.509249752822894,89.0,98.0
countdown,Countdown,RandOpt,100,3,-1.583333333333334,93.0,5.0,88.0,98.0
countdown,Countdown,RandOpt,100,3,-1.5,92.33333333333333,4.509249752822894,88.0,97.0
countdown,Countdown,RandOpt,100,3,-1.4166666666666679,92.0,4.58257569495584,88.0,97.0
countdown,Countdown,RandOpt,100,3,-1.333333333333334,91.66666666666667,5.033222956847166,87.0,97.0
countdown,Countdown,RandOpt,100,3,-1.25,91.66666666666667,5.033222956847166,87.0,97.0
countdown,Countdown,RandOpt,100,3,-1.1666666666666679,91.0,6.0,85.0,97.0
countdown,Countdown,RandOpt,100,3,-1.083333333333334,90.0,6.0,84.0,96.0
countdown,Countdown,RandOpt,100,3,-1.0,89.66666666666667,5.507570547286102,84.0,95.0
countdown,Countdown,RandOpt,100,3,-0.9166666666666679,88.33333333333333,6.027713773341707,82.0,94.0
countdown,Countdown,RandOpt,100,3,-0.8333333333333339,87.66666666666667,6.027713773341707,82.0,94.0
countdown,Countdown,RandOpt,100,3,-0.75,86.33333333333333,7.094598884597588,80.0,94.0
countdown,Countdown,RandOpt,100,3,-0.6666666666666679,86.0,6.557438524302,80.0,93.0
countdown,Countdown,RandOpt,100,3,-0.5833333333333339,85.0,7.211102550927978,79.0,93.0
countdown,Countdown,RandOpt,100,3,-0.5,84.66666666666667,6.6583281184793925,79.0,92.0
countdown,Countdown,RandOpt,100,3,-0.41666666666666785,84.0,5.5677643628300215,79.0,90.0
countdown,Countdown,RandOpt,100,3,-0.3333333333333339,82.66666666666667,5.507570547286102,79.0,89.0
countdown,Countdown,RandOpt,100,3,-0.25,81.66666666666667,4.618802153517006,79.0,87.0
countdown,Countdown,RandOpt,100,3,-0.16666666666666785,80.66666666666667,3.7859388972001824,78.0,85.0
countdown,Countdown,RandOpt,100,3,-0.08333333333333393,80.66666666666667,3.7859388972001824,78.0,85.0
countdown,Countdown,RandOpt,100,3,0.0,79.66666666666667,5.033222956847166,75.0,85.0
countdown,Countdown,RandOpt,100,3,0.08333333333333215,79.33333333333333,5.131601439446884,75.0,85.0
countdown,Countdown,RandOpt,100,3,0.16666666666666607,78.0,5.5677643628300215,73.0,84.0
countdown,Countdown,RandOpt,100,3,0.25,76.33333333333333,6.8068592855540455,71.0,84.0
countdown,Countdown,RandOpt,100,3,0.33333333333333215,75.33333333333333,6.110100926607786,70.0,82.0
countdown,Countdown,RandOpt,100,3,0.4166666666666661,74.66666666666667,6.6583281184793925,69.0,82.0
countdown,Countdown,RandOpt,100,3,0.5,74.0,5.5677643628300215,69.0,80.0
countdown,Countdown,RandOpt,100,3,0.5833333333333321,74.0,5.5677643628300215,69.0,80.0
countdown,Countdown,RandOpt,100,3,0.6666666666666661,72.33333333333333,5.131601439446884,68.0,78.0
countdown,Countdown,RandOpt,100,3,0.75,70.33333333333333,5.507570547286102,65.0,76.0
countdown,Countdown,RandOpt,100,3,0.8333333333333321,69.0,6.0,63.0,75.0
countdown,Countdown,RandOpt,100,3,0.9166666666666661,66.66666666666667,5.033222956847166,62.0,72.0
countdown,Countdown,RandOpt,100,3,1.0,66.0,5.291502622129181,62.0,72.0
countdown,Countdown,RandOpt,100,3,1.0833333333333321,65.0,5.291502622129181,61.0,71.0
countdown,Countdown,RandOpt,100,3,1.166666666666666,65.0,5.291502622129181,61.0,71.0
countdown,Countdown,RandOpt,100,3,1.25,64.33333333333333,5.859465277082315,60.0,71.0
countdown,Countdown,RandOpt,100,3,1.3333333333333321,61.666666666666664,5.507570547286105,57.99999999999999,68.0
countdown,Countdown,RandOpt,100,3,1.416666666666666,61.0,6.082762530298224,56.99999999999999,68.0
countdown,Countdown,RandOpt,100,3,1.5,60.666666666666664,5.5075705472861065,56.99999999999999,67.0
countdown,Countdown,RandOpt,100,3,1.5833333333333321,59.0,5.567764362830022,54.0,65.0
countdown,Countdown,RandOpt,100,3,1.666666666666666,58.0,5.567764362830022,53.0,64.0
countdown,Countdown,RandOpt,100,3,1.75,57.0,5.5677643628300215,52.0,63.0
countdown,Countdown,RandOpt,100,3,1.8333333333333321,56.0,6.0,50.0,62.0
countdown,Countdown,RandOpt,100,3,1.916666666666666,54.666666666666664,5.033222956847167,50.0,60.0
countdown,Countdown,RandOpt,100,3,2.0,53.666666666666664,5.507570547286102,50.0,60.0
countdown,Countdown,RandOpt,100,3,2.083333333333332,51.0,7.211102550927978,45.0,59.0
countdown,Countdown,RandOpt,100,3,2.166666666666666,50.333333333333336,6.806859285554042,45.0,57.99999999999999
countdown,Countdown,RandOpt,100,3,2.25,49.333333333333336,5.85946527708232,45.0,56.00000000000001
countdown,Countdown,RandOpt,100,3,2.333333333333332,48.666666666666664,5.5075705472861065,45.0,55.00000000000001
countdown,Countdown,RandOpt,100,3,2.416666666666666,47.333333333333336,4.932882862316248,44.0,53.0
countdown,Countdown,RandOpt,100,3,2.5,45.333333333333336,4.932882862316248,42.0,51.0
countdown,Countdown,RandOpt,100,3,2.583333333333332,44.0,6.082762530298219,40.0,51.0
countdown,Countdown,RandOpt,100,3,2.666666666666666,43.666666666666664,5.507570547286102,40.0,50.0
countdown,Countdown,RandOpt,100,3,2.75,41.0,2.6457513110645907,39.0,44.0
countdown,Countdown,RandOpt,100,3,2.833333333333332,39.666666666666664,4.041451884327381,36.0,44.0
countdown,Countdown,RandOpt,100,3,2.916666666666666,38.666666666666664,3.055050463303893,36.0,42.0
countdown,Countdown,RandOpt,100,3,3.0,37.666666666666664,4.509249752822894,33.0,42.0
countdown,Countdown,RandOpt,100,3,3.083333333333332,36.0,3.0,33.0,39.0
countdown,Countdown,RandOpt,100,3,3.166666666666666,35.333333333333336,2.0816659994661326,33.0,37.0
countdown,Countdown,RandOpt,100,3,3.25,34.666666666666664,2.516611478423583,32.0,37.0
countdown,Countdown,RandOpt,100,3,3.333333333333332,34.0,2.6457513110645907,31.0,36.0
countdown,Countdown,RandOpt,100,3,3.416666666666666,33.333333333333336,2.8867513459481287,30.0,35.0
countdown,Countdown,RandOpt,100,3,3.5,32.666666666666664,3.2145502536643202,28.999999999999996,35.0
countdown,Countdown,RandOpt,100,3,3.583333333333332,31.333333333333332,2.886751345948127,28.000000000000004,33.0
countdown,Countdown,RandOpt,100,3,3.666666666666666,29.666666666666668,2.5166114784235836,27.0,32.0
countdown,Countdown,RandOpt,100,3,3.75,28.333333333333332,3.055050463303893,25.0,31.0
countdown,Countdown,RandOpt,100,3,3.833333333333332,27.0,2.6457513110645907,25.0,30.0
countdown,Countdown,RandOpt,100,3,3.916666666666666,26.0,2.6457513110645885,24.0,28.999999999999996
countdown,Countdown,RandOpt,100,3,4.0,25.333333333333332,2.309401076758505,24.0,28.000000000000004
countdown,Countdown,RandOpt,100,3,4.083333333333332,23.666666666666668,2.081665999466133,22.0,26.0
countdown,Countdown,RandOpt,100,3,4.166666666666666,22.333333333333332,1.5275252316519468,21.0,24.0
countdown,Countdown,RandOpt,100,3,4.25,21.333333333333332,1.1547005383792515,20.0,22.0
countdown,Countdown,RandOpt,100,3,4.333333333333332,20.0,1.0,19.0,21.0
countdown,Countdown,RandOpt,100,3,4.416666666666666,19.0,1.0,18.0,20.0
countdown,Countdown,RandOpt,100,3,4.5,18.333333333333332,0.5773502691896258,18.0,19.0
countdown,Countdown,RandOpt,100,3,4.583333333333332,17.333333333333332,0.5773502691896258,17.0,18.0
countdown,Countdown,RandOpt,100,3,4.666666666666666,17.333333333333332,0.5773502691896258,17.0,18.0
countdown,Countdown,RandOpt,100,3,4.75,16.666666666666668,1.5275252316519465,15.0,18.0
countdown,Countdown,RandOpt,100,3,4.833333333333332,16.666666666666668,1.5275252316519465,15.0,18.0
countdown,Countdown,RandOpt,100,3,4.916666666666666,16.666666666666668,1.5275252316519465,15.0,18.0
countdown,Countdown,RandOpt,100,3,5.0,16.333333333333332,1.5275252316519465,15.0,18.0
countdown,Countdown,RandOpt,100,3,5.083333333333332,16.333333333333332,1.5275252316519465,15.0,18.0
countdown,Countdown,RandOpt,100,3,5.166666666666666,16.0,1.0,15.0,17.0
countdown,Countdown,RandOpt,100,3,5.25,14.666666666666666,1.1547005383792504,14.000000000000002,16.0
countdown,Countdown,RandOpt,100,3,5.333333333333332,14.333333333333334,1.5275252316519465,13.0,16.0
countdown,Countdown,RandOpt,100,3,5.416666666666666,13.666666666666666,1.1547005383792517,13.0,15.0
countdown,Countdown,RandOpt,100,3,5.5,12.666666666666666,1.5275252316519474,11.0,14.000000000000002
countdown,Countdown,RandOpt,100,3,5.583333333333332,12.333333333333334,2.0816659994661335,10.0,14.000000000000002
countdown,Countdown,RandOpt,100,3,5.666666666666666,12.333333333333334,2.0816659994661335,10.0,14.000000000000002
countdown,Countdown,RandOpt,100,3,5.75,12.333333333333334,2.0816659994661335,10.0,14.000000000000002
countdown,Countdown,RandOpt,100,3,5.833333333333332,12.0,2.645751311064591,9.0,14.000000000000002
countdown,Countdown,RandOpt,100,3,5.916666666666666,11.666666666666666,2.516611478423584,9.0,14.000000000000002
countdown,Countdown,RandOpt,100,3,6.0,10.666666666666666,1.5275252316519468,9.0,12.0
countdown,Countdown,RandOpt,100,3,6.083333333333332,10.333333333333334,1.1547005383792517,9.0,11.0
countdown,Countdown,RandOpt,100,3,6.166666666666664,9.666666666666666,1.5275252316519468,8.0,11.0
countdown,Countdown,RandOpt,100,3,6.25,9.0,1.0,8.0,10.0
countdown,Countdown,RandOpt,100,3,6.333333333333332,8.333333333333334,1.154700538379251,7.000000000000001,9.0
countdown,Countdown,RandOpt,100,3,6.416666666666664,7.666666666666667,1.154700538379251,7.000000000000001,9.0
countdown,Countdown,RandOpt,100,3,6.5,7.666666666666667,1.154700538379251,7.000000000000001,9.0
countdown,Countdown,RandOpt,100,3,6.583333333333332,7.0,1.0,6.0,8.0
countdown,Countdown,RandOpt,100,3,6.666666666666664,7.0,1.0,6.0,8.0
countdown,Countdown,RandOpt,100,3,6.75,7.0,1.0,6.0,8.0
countdown,Countdown,RandOpt,100,3,6.833333333333332,6.666666666666667,1.1547005383792517,6.0,8.0
countdown,Countdown,RandOpt,100,3,6.916666666666664,5.333333333333333,0.5773502691896258,5.0,6.0
countdown,Countdown,RandOpt,100,3,7.0,4.666666666666667,1.1547005383792517,4.0,6.0
countdown,Countdown,RandOpt,100,3,7.083333333333332,4.666666666666667,1.1547005383792517,4.0,6.0
countdown,Countdown,RandOpt,100,3,7.166666666666664,4.333333333333333,1.5275252316519465,3.0,6.0
countdown,Countdown,RandOpt,100,3,7.25,4.0,1.0,3.0,5.0
countdown,Countdown,RandOpt,100,3,7.333333333333332,3.3333333333333335,1.1547005383792515,2.0,4.0
countdown,Countdown,RandOpt,100,3,7.416666666666664,3.0,1.0,2.0,4.0
countdown,Countdown,RandOpt,100,3,7.5,3.0,1.0,2.0,4.0
countdown,Countdown,RandOpt,100,3,7.583333333333332,2.6666666666666665,0.5773502691896258,2.0,3.0
countdown,Countdown,RandOpt,100,3,7.666666666666664,2.6666666666666665,0.5773502691896258,2.0,3.0
countdown,Countdown,RandOpt,100,3,7.75,2.6666666666666665,0.5773502691896258,2.0,3.0
countdown,Countdown,RandOpt,100,3,7.833333333333332,2.6666666666666665,0.5773502691896258,2.0,3.0
countdown,Countdown,RandOpt,100,3,7.916666666666664,2.6666666666666665,0.5773502691896258,2.0,3.0
countdown,Countdown,RandOpt,100,3,8.0,2.6666666666666665,0.5773502691896258,2.0,3.0
countdown,Countdown,RandOpt,100,3,8.083333333333332,2.6666666666666665,0.5773502691896258,2.0,3.0
countdown,Countdown,RandOpt,100,3,8.166666666666664,2.6666666666666665,0.5773502691896258,2.0,3.0
countdown,Countdown,RandOpt,100,3,8.25,2.3333333333333335,1.1547005383792515,1.0,3.0
countdown,Countdown,RandOpt,100,3,8.333333333333332,2.3333333333333335,1.1547005383792515,1.0,3.0
countdown,Countdown,RandOpt,100,3,8.416666666666664,2.3333333333333335,1.1547005383792515,1.0,3.0
countdown,Countdown,RandOpt,100,3,8.5,2.3333333333333335,1.1547005383792515,1.0,3.0
countdown,Countdown,RandOpt,100,3,8.583333333333332,2.3333333333333335,1.1547005383792515,1.0,3.0
countdown,Countdown,RandOpt,100,3,8.666666666666664,2.0,1.0,1.0,3.0
countdown,Countdown,RandOpt,100,3,8.75,2.0,1.0,1.0,3.0
countdown,Countdown,RandOpt,100,3,8.833333333333332,2.0,1.0,1.0,3.0
countdown,Countdown,RandOpt,100,3,8.916666666666664,1.6666666666666667,1.1547005383792517,1.0,3.0
countdown,Countdown,RandOpt,100,3,9.0,1.6666666666666667,1.1547005383792517,1.0,3.0
countdown,Countdown,RandOpt,100,3,9.083333333333332,1.6666666666666667,1.1547005383792517,1.0,3.0
countdown,Countdown,RandOpt,100,3,9.166666666666664,1.6666666666666667,1.1547005383792517,1.0,3.0
countdown,Countdown,RandOpt,100,3,9.25,1.6666666666666667,1.1547005383792517,1.0,3.0
countdown,Countdown,RandOpt,100,3,9.333333333333332,1.6666666666666667,1.1547005383792517,1.0,3.0
countdown,Countdown,RandOpt,100,3,9.416666666666664,1.3333333333333333,1.5275252316519468,0.0,3.0
countdown,Countdown,RandOpt,100,3,9.5,1.0,1.0,0.0,2.0
countdown,Countdown,RandOpt,100,3,9.583333333333332,1.0,1.0,0.0,2.0
countdown,Countdown,RandOpt,100,3,9.666666666666664,1.0,1.0,0.0,2.0
countdown,Countdown,RandOpt,100,3,9.75,1.0,1.0,0.0,2.0
countdown,Countdown,RandOpt,100,3,9.833333333333332,1.0,1.0,0.0,2.0
countdown,Countdown,RandOpt,100,3,9.916666666666664,0.3333333333333333,0.5773502691896258,0.0,1.0
countdown,Countdown,RandOpt,100,3,10.0,0.3333333333333333,0.5773502691896258,0.0,1.0
countdown,Countdown,RandOpt,100,3,10.083333333333332,0.3333333333333333,0.5773502691896258,0.0,1.0
countdown,Countdown,RandOpt,100,3,10.166666666666664,0.0,0.0,0.0,0.0
countdown,Countdown,RandOpt,100,3,10.25,0.0,0.0,0.0,0.0
countdown,Countdown,RandOpt,100,3,10.333333333333332,0.0,0.0,0.0,0.0
countdown,Countdown,RandOpt,100,3,10.416666666666664,0.0,0.0,0.0,0.0
countdown,Countdown,RandOpt,100,3,10.5,0.0,0.0,0.0,0.0
countdown,Countdown,RandOpt,100,3,10.583333333333332,0.0,0.0,0.0,0.0
countdown,Countdown,RandOpt,100,3,10.666666666666664,0.0,0.0,0.0,0.0
countdown,Countdown,RandOpt,100,3,10.75,0.0,0.0,0.0,0.0
countdown,Countdown,RandOpt,100,3,10.833333333333332,0.0,0.0,0.0,0.0
countdown,Countdown,RandOpt,100,3,10.916666666666664,0.0,0.0,0.0,0.0
countdown,Countdown,RandOpt,100,3,11.0,0.0,0.0,0.0,0.0
countdown,Countdown,RandOpt,100,3,11.083333333333332,0.0,0.0,0.0,0.0
countdown,Countdown,RandOpt,100,3,11.166666666666664,0.0,0.0,0.0,0.0
countdown,Countdown,RandOpt,100,3,11.25,0.0,0.0,0.0,0.0
countdown,Countdown,RandOpt,100,3,11.333333333333332,0.0,0.0,0.0,0.0
countdown,Countdown,RandOpt,100,3,11.416666666666664,0.0,0.0,0.0,0.0
countdown,Countdown,RandOpt,100,3,11.5,0.0,0.0,0.0,0.0
countdown,Countdown,RandOpt,100,3,11.583333333333332,0.0,0.0,0.0,0.0
countdown,Countdown,RandOpt,100,3,11.666666666666664,0.0,0.0,0.0,0.0
countdown,Countdown,RandOpt,100,3,11.75,0.0,0.0,0.0,0.0
countdown,Countdown,RandOpt,100,3,11.833333333333332,0.0,0.0,0.0,0.0
countdown,Countdown,RandOpt,100,3,11.916666666666664,0.0,0.0,0.0,0.0
countdown,Countdown,RandOpt,100,3,12.0,0.0,0.0,0.0,0.0
countdown,Countdown,RandOpt,100,3,12.083333333333332,0.0,0.0,0.0,0.0
countdown,Countdown,RandOpt,100,3,12.166666666666664,0.0,0.0,0.0,0.0
countdown,Countdown,RandOpt,100,3,12.25,0.0,0.0,0.0,0.0
countdown,Countdown,RandOpt,100,3,12.333333333333332,0.0,0.0,0.0,0.0
countdown,Countdown,RandOpt,100,3,12.416666666666664,0.0,0.0,0.0,0.0
countdown,Countdown,RandOpt,100,3,12.5,0.0,0.0,0.0,0.0
countdown,Countdown,RandOpt,100,3,12.583333333333332,0.0,0.0,0.0,0.0
countdown,Countdown,RandOpt,100,3,12.666666666666664,0.0,0.0,0.0,0.0
countdown,Countdown,RandOpt,100,3,12.75,0.0,0.0,0.0,0.0
countdown,Countdown,RandOpt,100,3,12.833333333333332,0.0,0.0,0.0,0.0
countdown,Countdown,RandOpt,100,3,12.916666666666664,0.0,0.0,0.0,0.0
countdown,Countdown,RandOpt,100,3,13.0,0.0,0.0,0.0,0.0
countdown,Countdown,RandOpt,100,3,13.083333333333332,0.0,0.0,0.0,0.0
countdown,Countdown,RandOpt,100,3,13.166666666666664,0.0,0.0,0.0,0.0
countdown,Countdown,RandOpt,100,3,13.25,0.0,0.0,0.0,0.0
countdown,Countdown,RandOpt,100,3,13.333333333333332,0.0,0.0,0.0,0.0
countdown,Countdown,RandOpt,100,3,13.416666666666664,0.0,0.0,0.0,0.0
countdown,Countdown,RandOpt,100,3,13.5,0.0,0.0,0.0,0.0
countdown,Countdown,RandOpt,100,3,13.583333333333332,0.0,0.0,0.0,0.0
countdown,Countdown,RandOpt,100,3,13.666666666666664,0.0,0.0,0.0,0.0
countdown,Countdown,RandOpt,100,3,13.75,0.0,0.0,0.0,0.0
countdown,Countdown,RandOpt,100,3,13.833333333333332,0.0,0.0,0.0,0.0
countdown,Countdown,RandOpt,100,3,13.916666666666664,0.0,0.0,0.0,0.0
countdown,Countdown,RandOpt,100,3,14.0,0.0,0.0,0.0,0.0
countdown,Countdown,RandOpt,100,3,14.083333333333332,0.0,0.0,0.0,0.0
countdown,Countdown,RandOpt,100,3,14.166666666666664,0.0,0.0,0.0,0.0
countdown,Countdown,RandOpt,100,3,14.25,0.0,0.0,0.0,0.0
countdown,Countdown,RandOpt,100,3,14.333333333333332,0.0,0.0,0.0,0.0
countdown,Countdown,RandOpt,100,3,14.416666666666664,0.0,0.0,0.0,0.0
countdown,Countdown,RandOpt,100,3,14.5,0.0,0.0,0.0,0.0
countdown,Countdown,RandOpt,100,3,14.583333333333332,0.0,0.0,0.0,0.0
countdown,Countdown,RandOpt,100,3,14.666666666666664,0.0,0.0,0.0,0.0
countdown,Countdown,RandOpt,100,3,14.75,0.0,0.0,0.0,0.0
countdown,Countdown,RandOpt,100,3,14.833333333333332,0.0,0.0,0.0,0.0
countdown,Countdown,RandOpt,100,3,14.916666666666664,0.0,0.0,0.0,0.0
countdown,Countdown,RandOpt,100,3,15.0,0.0,0.0,0.0,0.0
countdown,Countdown,Modular Norm RandOpt,100,3,-10.0,100.0,0.0,100.0,100.0
countdown,Countdown,Modular Norm RandOpt,100,3,-9.916666666666666,100.0,0.0,100.0,100.0
countdown,Countdown,Modular Norm RandOpt,100,3,-9.833333333333334,100.0,0.0,100.0,100.0
countdown,Countdown,Modular Norm RandOpt,100,3,-9.75,100.0,0.0,100.0,100.0
countdown,Countdown,Modular Norm RandOpt,100,3,-9.666666666666666,100.0,0.0,100.0,100.0
countdown,Countdown,Modular Norm RandOpt,100,3,-9.583333333333334,100.0,0.0,100.0,100.0
countdown,Countdown,Modular Norm RandOpt,100,3,-9.5,100.0,0.0,100.0,100.0
countdown,Countdown,Modular Norm RandOpt,100,3,-9.416666666666666,100.0,0.0,100.0,100.0
countdown,Countdown,Modular Norm RandOpt,100,3,-9.333333333333334,100.0,0.0,100.0,100.0
countdown,Countdown,Modular Norm RandOpt,100,3,-9.25,100.0,0.0,100.0,100.0
countdown,Countdown,Modular Norm RandOpt,100,3,-9.166666666666666,100.0,0.0,100.0,100.0
countdown,Countdown,Modular Norm RandOpt,100,3,-9.083333333333334,100.0,0.0,100.0,100.0
countdown,Countdown,Modular Norm RandOpt,100,3,-9.0,100.0,0.0,100.0,100.0
countdown,Countdown,Modular Norm RandOpt,100,3,-8.916666666666666,100.0,0.0,100.0,100.0
countdown,Countdown,Modular Norm RandOpt,100,3,-8.833333333333334,100.0,0.0,100.0,100.0
countdown,Countdown,Modular Norm RandOpt,100,3,-8.75,100.0,0.0,100.0,100.0
countdown,Countdown,Modular Norm RandOpt,100,3,-8.666666666666666,100.0,0.0,100.0,100.0
countdown,Countdown,Modular Norm RandOpt,100,3,-8.583333333333334,100.0,0.0,100.0,100.0
countdown,Countdown,Modular Norm RandOpt,100,3,-8.5,100.0,0.0,100.0,100.0
countdown,Countdown,Modular Norm RandOpt,100,3,-8.416666666666666,100.0,0.0,100.0,100.0
countdown,Countdown,Modular Norm RandOpt,100,3,-8.333333333333334,100.0,0.0,100.0,100.0
countdown,Countdown,Modular Norm RandOpt,100,3,-8.25,100.0,0.0,100.0,100.0
countdown,Countdown,Modular Norm RandOpt,100,3,-8.166666666666666,100.0,0.0,100.0,100.0
countdown,Countdown,Modular Norm RandOpt,100,3,-8.083333333333334,100.0,0.0,100.0,100.0
countdown,Countdown,Modular Norm RandOpt,100,3,-8.0,100.0,0.0,100.0,100.0
countdown,Countdown,Modular Norm RandOpt,100,3,-7.916666666666667,100.0,0.0,100.0,100.0
countdown,Countdown,Modular Norm RandOpt,100,3,-7.833333333333334,100.0,0.0,100.0,100.0
countdown,Countdown,Modular Norm RandOpt,100,3,-7.75,100.0,0.0,100.0,100.0
countdown,Countdown,Modular Norm RandOpt,100,3,-7.666666666666667,100.0,0.0,100.0,100.0
countdown,Countdown,Modular Norm RandOpt,100,3,-7.583333333333334,100.0,0.0,100.0,100.0
countdown,Countdown,Modular Norm RandOpt,100,3,-7.5,100.0,0.0,100.0,100.0
countdown,Countdown,Modular Norm RandOpt,100,3,-7.416666666666667,100.0,0.0,100.0,100.0
countdown,Countdown,Modular Norm RandOpt,100,3,-7.333333333333334,100.0,0.0,100.0,100.0
countdown,Countdown,Modular Norm RandOpt,100,3,-7.25,99.66666666666667,0.5773502691896257,99.0,100.0
countdown,Countdown,Modular Norm RandOpt,100,3,-7.166666666666667,99.66666666666667,0.5773502691896257,99.0,100.0
countdown,Countdown,Modular Norm RandOpt,100,3,-7.083333333333334,99.66666666666667,0.5773502691896257,99.0,100.0
countdown,Countdown,Modular Norm RandOpt,100,3,-7.0,99.66666666666667,0.5773502691896257,99.0,100.0
countdown,Countdown,Modular Norm RandOpt,100,3,-6.916666666666667,99.33333333333333,0.5773502691896257,99.0,100.0
countdown,Countdown,Modular Norm RandOpt,100,3,-6.833333333333334,99.33333333333333,0.5773502691896257,99.0,100.0
countdown,Countdown,Modular Norm RandOpt,100,3,-6.75,99.0,0.0,99.0,99.0
countdown,Countdown,Modular Norm RandOpt,100,3,-6.666666666666667,99.0,0.0,99.0,99.0
countdown,Countdown,Modular Norm RandOpt,100,3,-6.583333333333334,98.66666666666667,0.5773502691896257,98.0,99.0
countdown,Countdown,Modular Norm RandOpt,100,3,-6.5,98.33333333333333,1.1547005383792517,97.0,99.0
countdown,Countdown,Modular Norm RandOpt,100,3,-6.416666666666667,98.33333333333333,1.1547005383792517,97.0,99.0
countdown,Countdown,Modular Norm RandOpt,100,3,-6.333333333333334,98.33333333333333,1.1547005383792517,97.0,99.0
countdown,Countdown,Modular Norm RandOpt,100,3,-6.25,98.33333333333333,1.1547005383792517,97.0,99.0
countdown,Countdown,Modular Norm RandOpt,100,3,-6.166666666666667,98.0,1.7320508075688772,96.0,99.0
countdown,Countdown,Modular Norm RandOpt,100,3,-6.083333333333334,97.66666666666667,1.5275252316519468,96.0,99.0
countdown,Countdown,Modular Norm RandOpt,100,3,-6.0,97.33333333333333,2.081665999466133,95.0,99.0
countdown,Countdown,Modular Norm RandOpt,100,3,-5.916666666666667,97.0,1.7320508075688772,95.0,98.0
countdown,Countdown,Modular Norm RandOpt,100,3,-5.833333333333334,97.0,1.7320508075688772,95.0,98.0
countdown,Countdown,Modular Norm RandOpt,100,3,-5.75,96.66666666666667,2.3094010767585034,94.0,98.0
countdown,Countdown,Modular Norm RandOpt,100,3,-5.666666666666667,96.66666666666667,2.3094010767585034,94.0,98.0
countdown,Countdown,Modular Norm RandOpt,100,3,-5.583333333333334,96.0,2.6457513110645907,93.0,98.0
countdown,Countdown,Modular Norm RandOpt,100,3,-5.5,95.33333333333333,2.081665999466133,93.0,97.0
countdown,Countdown,Modular Norm RandOpt,100,3,-5.416666666666667,95.33333333333333,2.081665999466133,93.0,97.0
countdown,Countdown,Modular Norm RandOpt,100,3,-5.333333333333334,95.33333333333333,2.081665999466133,93.0,97.0
countdown,Countdown,Modular Norm RandOpt,100,3,-5.25,95.33333333333333,2.081665999466133,93.0,97.0
countdown,Countdown,Modular Norm RandOpt,100,3,-5.166666666666667,95.33333333333333,2.081665999466133,93.0,97.0
countdown,Countdown,Modular Norm RandOpt,100,3,-5.083333333333334,95.0,2.6457513110645907,92.0,97.0
countdown,Countdown,Modular Norm RandOpt,100,3,-5.0,94.66666666666667,3.214550253664318,91.0,97.0
countdown,Countdown,Modular Norm RandOpt,100,3,-4.916666666666667,94.66666666666667,3.214550253664318,91.0,97.0
countdown,Countdown,Modular Norm RandOpt,100,3,-4.833333333333334,94.66666666666667,3.214550253664318,91.0,97.0
countdown,Countdown,Modular Norm RandOpt,100,3,-4.75,94.33333333333333,3.7859388972001824,90.0,97.0
countdown,Countdown,Modular Norm RandOpt,100,3,-4.666666666666667,94.0,4.358898943540674,89.0,97.0
countdown,Countdown,Modular Norm RandOpt,100,3,-4.583333333333334,93.66666666666667,4.932882862316247,88.0,97.0
countdown,Countdown,Modular Norm RandOpt,100,3,-4.5,93.66666666666667,4.932882862316247,88.0,97.0
countdown,Countdown,Modular Norm RandOpt,100,3,-4.416666666666667,93.0,5.291502622129181,87.0,97.0
countdown,Countdown,Modular Norm RandOpt,100,3,-4.333333333333334,91.66666666666667,4.163331998932265,87.0,95.0
countdown,Countdown,Modular Norm RandOpt,100,3,-4.25,91.66666666666667,4.163331998932265,87.0,95.0
countdown,Countdown,Modular Norm RandOpt,100,3,-4.166666666666667,90.66666666666667,3.214550253664318,87.0,93.0
countdown,Countdown,Modular Norm RandOpt,100,3,-4.083333333333334,90.33333333333333,3.055050463303893,87.0,93.0
countdown,Countdown,Modular Norm RandOpt,100,3,-4.0,89.33333333333333,3.055050463303893,86.0,92.0
countdown,Countdown,Modular Norm RandOpt,100,3,-3.916666666666667,88.66666666666667,2.3094010767585034,86.0,90.0
countdown,Countdown,Modular Norm RandOpt,100,3,-3.833333333333334,88.33333333333333,2.081665999466133,86.0,90.0
countdown,Countdown,Modular Norm RandOpt,100,3,-3.75,86.66666666666667,1.5275252316519468,85.0,88.0
countdown,Countdown,Modular Norm RandOpt,100,3,-3.666666666666667,85.66666666666667,1.1547005383792517,85.0,87.0
countdown,Countdown,Modular Norm RandOpt,100,3,-3.583333333333334,85.0,1.0,84.0,86.0
countdown,Countdown,Modular Norm RandOpt,100,3,-3.5,84.33333333333333,0.5773502691896257,84.0,85.0
countdown,Countdown,Modular Norm RandOpt,100,3,-3.416666666666667,84.0,0.0,84.0,84.0
countdown,Countdown,Modular Norm RandOpt,100,3,-3.333333333333334,83.0,1.0,82.0,84.0
countdown,Countdown,Modular Norm RandOpt,100,3,-3.25,82.33333333333333,1.1547005383792517,81.0,83.0
countdown,Countdown,Modular Norm RandOpt,100,3,-3.166666666666667,82.33333333333333,1.1547005383792517,81.0,83.0
countdown,Countdown,Modular Norm RandOpt,100,3,-3.083333333333334,82.0,1.0,81.0,83.0
countdown,Countdown,Modular Norm RandOpt,100,3,-3.0,80.66666666666667,0.5773502691896257,80.0,81.0
countdown,Countdown,Modular Norm RandOpt,100,3,-2.916666666666667,80.33333333333333,0.5773502691896257,80.0,81.0
countdown,Countdown,Modular Norm RandOpt,100,3,-2.833333333333334,79.66666666666667,1.1547005383792517,79.0,81.0
countdown,Countdown,Modular Norm RandOpt,100,3,-2.75,79.0,1.0,78.0,80.0
countdown,Countdown,Modular Norm RandOpt,100,3,-2.666666666666667,78.33333333333333,1.1547005383792517,77.0,79.0
countdown,Countdown,Modular Norm RandOpt,100,3,-2.583333333333334,77.33333333333333,2.081665999466133,75.0,79.0
countdown,Countdown,Modular Norm RandOpt,100,3,-2.5,76.66666666666667,2.5166114784235836,74.0,79.0
countdown,Countdown,Modular Norm RandOpt,100,3,-2.416666666666667,75.33333333333333,3.055050463303893,72.0,78.0
countdown,Countdown,Modular Norm RandOpt,100,3,-2.333333333333334,74.66666666666667,3.214550253664318,71.0,77.0
countdown,Countdown,Modular Norm RandOpt,100,3,-2.25,74.66666666666667,3.214550253664318,71.0,77.0
countdown,Countdown,Modular Norm RandOpt,100,3,-2.166666666666667,73.0,3.605551275463989,69.0,76.0
countdown,Countdown,Modular Norm RandOpt,100,3,-2.083333333333334,72.66666666666667,4.163331998932265,68.0,76.0
countdown,Countdown,Modular Norm RandOpt,100,3,-2.0,71.66666666666667,3.511884584284246,68.0,75.0
countdown,Countdown,Modular Norm RandOpt,100,3,-1.9166666666666679,70.33333333333333,3.511884584284246,67.0,74.0
countdown,Countdown,Modular Norm RandOpt,100,3,-1.833333333333334,69.0,2.0,67.0,71.0
countdown,Countdown,Modular Norm RandOpt,100,3,-1.75,68.33333333333333,2.3094010767585034,67.0,71.0
countdown,Countdown,Modular Norm RandOpt,100,3,-1.6666666666666679,68.0,1.7320508075688772,67.0,70.0
countdown,Countdown,Modular Norm RandOpt,100,3,-1.583333333333334,67.0,1.7320508075688772,66.0,69.0
countdown,Countdown,Modular Norm RandOpt,100,3,-1.5,65.0,3.0,62.0,68.0
countdown,Countdown,Modular Norm RandOpt,100,3,-1.4166666666666679,64.33333333333333,3.511884584284246,61.0,68.0
countdown,Countdown,Modular Norm RandOpt,100,3,-1.333333333333334,63.666666666666664,3.785938897200183,61.0,68.0
countdown,Countdown,Modular Norm RandOpt,100,3,-1.25,63.333333333333336,3.214550253664318,61.0,67.0
countdown,Countdown,Modular Norm RandOpt,100,3,-1.1666666666666679,63.0,3.605551275463989,60.0,67.0
countdown,Countdown,Modular Norm RandOpt,100,3,-1.083333333333334,62.666666666666664,4.041451884327381,59.0,67.0
countdown,Countdown,Modular Norm RandOpt,100,3,-1.0,61.333333333333336,5.5075705472860985,56.00000000000001,67.0
countdown,Countdown,Modular Norm RandOpt,100,3,-0.9166666666666679,60.333333333333336,6.027713773341708,54.0,66.0
countdown,Countdown,Modular Norm RandOpt,100,3,-0.8333333333333339,59.666666666666664,6.506407098647712,53.0,66.0
countdown,Countdown,Modular Norm RandOpt,100,3,-0.75,59.666666666666664,6.506407098647712,53.0,66.0
countdown,Countdown,Modular Norm RandOpt,100,3,-0.6666666666666679,57.666666666666664,4.163331998932266,53.0,61.0
countdown,Countdown,Modular Norm RandOpt,100,3,-0.5833333333333339,56.666666666666664,3.2145502536643167,53.0,59.0
countdown,Countdown,Modular Norm RandOpt,100,3,-0.5,56.0,3.4641016151377504,52.0,57.99999999999999
countdown,Countdown,Modular Norm RandOpt,100,3,-0.41666666666666785,55.333333333333336,3.0550504633038913,52.0,57.99999999999999
countdown,Countdown,Modular Norm RandOpt,100,3,-0.3333333333333339,53.666666666666664,4.163331998932264,49.0,56.99999999999999
countdown,Countdown,Modular Norm RandOpt,100,3,-0.25,53.333333333333336,3.7859388972001864,49.0,56.00000000000001
countdown,Countdown,Modular Norm RandOpt,100,3,-0.16666666666666785,53.0,3.464101615137759,49.0,55.00000000000001
countdown,Countdown,Modular Norm RandOpt,100,3,-0.08333333333333393,52.0,4.358898943540676,47.0,55.00000000000001
countdown,Countdown,Modular Norm RandOpt,100,3,0.0,51.0,5.291502622129184,45.0,55.00000000000001
countdown,Countdown,Modular Norm RandOpt,100,3,0.08333333333333215,50.333333333333336,4.725815626252609,45.0,54.0
countdown,Countdown,Modular Norm RandOpt,100,3,0.16666666666666607,48.666666666666664,4.509249752822894,44.0,53.0
countdown,Countdown,Modular Norm RandOpt,100,3,0.25,48.0,5.0,43.0,53.0
countdown,Countdown,Modular Norm RandOpt,100,3,0.33333333333333215,47.666666666666664,5.507570547286102,42.0,53.0
countdown,Countdown,Modular Norm RandOpt,100,3,0.4166666666666661,46.666666666666664,4.509249752822894,42.0,51.0
countdown,Countdown,Modular Norm RandOpt,100,3,0.5,44.333333333333336,4.041451884327381,42.0,49.0
countdown,Countdown,Modular Norm RandOpt,100,3,0.5833333333333321,43.333333333333336,4.041451884327381,41.0,48.0
countdown,Countdown,Modular Norm RandOpt,100,3,0.6666666666666661,42.666666666666664,3.785938897200183,40.0,47.0
countdown,Countdown,Modular Norm RandOpt,100,3,0.75,40.666666666666664,3.055050463303893,38.0,44.0
countdown,Countdown,Modular Norm RandOpt,100,3,0.8333333333333321,39.0,3.605551275463989,36.0,43.0
countdown,Countdown,Modular Norm RandOpt,100,3,0.9166666666666661,38.0,4.58257569495584,34.0,43.0
countdown,Countdown,Modular Norm RandOpt,100,3,1.0,37.333333333333336,4.509249752822894,33.0,42.0
countdown,Countdown,Modular Norm RandOpt,100,3,1.0833333333333321,36.333333333333336,4.509249752822894,32.0,41.0
countdown,Countdown,Modular Norm RandOpt,100,3,1.166666666666666,35.666666666666664,5.033222956847167,31.0,41.0
countdown,Countdown,Modular Norm RandOpt,100,3,1.25,34.333333333333336,5.131601439446884,30.0,40.0
countdown,Countdown,Modular Norm RandOpt,100,3,1.3333333333333321,34.0,5.567764362830023,28.999999999999996,40.0
countdown,Countdown,Modular Norm RandOpt,100,3,1.416666666666666,34.0,5.567764362830023,28.999999999999996,40.0
countdown,Countdown,Modular Norm RandOpt,100,3,1.5,32.666666666666664,6.027713773341708,27.0,39.0
countdown,Countdown,Modular Norm RandOpt,100,3,1.5833333333333321,32.333333333333336,5.507570547286102,27.0,38.0
countdown,Countdown,Modular Norm RandOpt,100,3,1.666666666666666,31.666666666666668,4.509249752822894,27.0,36.0
countdown,Countdown,Modular Norm RandOpt,100,3,1.75,30.333333333333332,5.131601439446884,26.0,36.0
countdown,Countdown,Modular Norm RandOpt,100,3,1.8333333333333321,29.333333333333332,5.131601439446884,25.0,35.0
countdown,Countdown,Modular Norm RandOpt,100,3,1.916666666666666,28.666666666666668,5.686240703077327,24.0,35.0
countdown,Countdown,Modular Norm RandOpt,100,3,2.0,28.333333333333332,6.110100926607786,23.0,35.0
countdown,Countdown,Modular Norm RandOpt,100,3,2.083333333333332,28.0,5.5677643628300215,23.0,34.0
countdown,Countdown,Modular Norm RandOpt,100,3,2.166666666666666,26.666666666666668,5.686240703077327,22.0,33.0
countdown,Countdown,Modular Norm RandOpt,100,3,2.25,26.0,6.244997998398398,21.0,33.0
countdown,Countdown,Modular Norm RandOpt,100,3,2.333333333333332,26.0,6.244997998398398,21.0,33.0
countdown,Countdown,Modular Norm RandOpt,100,3,2.416666666666666,24.0,5.196152422706632,21.0,30.0
countdown,Countdown,Modular Norm RandOpt,100,3,2.5,23.0,3.4641016151377544,21.0,27.0
countdown,Countdown,Modular Norm RandOpt,100,3,2.583333333333332,23.0,3.4641016151377544,21.0,27.0
countdown,Countdown,Modular Norm RandOpt,100,3,2.666666666666666,22.666666666666668,3.7859388972001824,20.0,27.0
countdown,Countdown,Modular Norm RandOpt,100,3,2.75,22.0,3.4641016151377544,20.0,26.0
countdown,Countdown,Modular Norm RandOpt,100,3,2.833333333333332,20.666666666666668,3.7859388972001824,18.0,25.0
countdown,Countdown,Modular Norm RandOpt,100,3,2.916666666666666,20.0,3.4641016151377544,18.0,24.0
countdown,Countdown,Modular Norm RandOpt,100,3,3.0,19.0,2.6457513110645907,17.0,22.0
countdown,Countdown,Modular Norm RandOpt,100,3,3.083333333333332,19.0,2.6457513110645907,17.0,22.0
countdown,Countdown,Modular Norm RandOpt,100,3,3.166666666666666,18.333333333333332,2.5166114784235836,16.0,21.0
countdown,Countdown,Modular Norm RandOpt,100,3,3.25,16.666666666666668,2.5166114784235822,14.000000000000002,19.0
countdown,Countdown,Modular Norm RandOpt,100,3,3.333333333333332,16.666666666666668,2.5166114784235822,14.000000000000002,19.0
countdown,Countdown,Modular Norm RandOpt,100,3,3.416666666666666,16.0,3.0,13.0,19.0
countdown,Countdown,Modular Norm RandOpt,100,3,3.5,16.0,3.0,13.0,19.0
countdown,Countdown,Modular Norm RandOpt,100,3,3.583333333333332,15.333333333333334,3.055050463303893,12.0,18.0
countdown,Countdown,Modular Norm RandOpt,100,3,3.666666666666666,14.666666666666666,3.214550253664318,11.0,17.0
countdown,Countdown,Modular Norm RandOpt,100,3,3.75,13.666666666666666,3.214550253664318,10.0,16.0
countdown,Countdown,Modular Norm RandOpt,100,3,3.833333333333332,13.333333333333334,2.8867513459481287,10.0,15.0
countdown,Countdown,Modular Norm RandOpt,100,3,3.916666666666666,12.0,2.645751311064591,9.0,14.000000000000002
countdown,Countdown,Modular Norm RandOpt,100,3,4.0,11.0,2.0,9.0,13.0
countdown,Countdown,Modular Norm RandOpt,100,3,4.083333333333332,11.0,2.0,9.0,13.0
countdown,Countdown,Modular Norm RandOpt,100,3,4.166666666666666,10.666666666666666,2.5166114784235836,8.0,13.0
countdown,Countdown,Modular Norm RandOpt,100,3,4.25,10.0,2.9999999999999996,7.000000000000001,13.0
countdown,Countdown,Modular Norm RandOpt,100,3,4.333333333333332,10.0,2.9999999999999996,7.000000000000001,13.0
countdown,Countdown,Modular Norm RandOpt,100,3,4.416666666666666,9.666666666666666,3.511884584284246,6.0,13.0
countdown,Countdown,Modular Norm RandOpt,100,3,4.5,9.333333333333334,3.055050463303893,6.0,12.0
countdown,Countdown,Modular Norm RandOpt,100,3,4.583333333333332,9.0,2.6457513110645907,6.0,11.0
countdown,Countdown,Modular Norm RandOpt,100,3,4.666666666666666,8.666666666666666,2.5166114784235836,6.0,11.0
countdown,Countdown,Modular Norm RandOpt,100,3,4.75,8.333333333333334,2.081665999466133,6.0,10.0
countdown,Countdown,Modular Norm RandOpt,100,3,4.833333333333332,8.333333333333334,2.081665999466133,6.0,10.0
countdown,Countdown,Modular Norm RandOpt,100,3,4.916666666666666,8.0,2.6457513110645907,5.0,10.0
countdown,Countdown,Modular Norm RandOpt,100,3,5.0,8.0,2.6457513110645907,5.0,10.0
countdown,Countdown,Modular Norm RandOpt,100,3,5.083333333333332,7.0,2.6457513110645907,4.0,9.0
countdown,Countdown,Modular Norm RandOpt,100,3,5.166666666666666,7.0,2.6457513110645907,4.0,9.0
countdown,Countdown,Modular Norm RandOpt,100,3,5.25,6.666666666666667,2.309401076758503,4.0,8.0
countdown,Countdown,Modular Norm RandOpt,100,3,5.333333333333332,6.666666666666667,2.309401076758503,4.0,8.0
countdown,Countdown,Modular Norm RandOpt,100,3,5.416666666666666,6.333333333333333,2.081665999466133,4.0,8.0
countdown,Countdown,Modular Norm RandOpt,100,3,5.5,6.333333333333333,2.081665999466133,4.0,8.0
countdown,Countdown,Modular Norm RandOpt,100,3,5.583333333333332,5.666666666666667,2.516611478423583,3.0,8.0
countdown,Countdown,Modular Norm RandOpt,100,3,5.666666666666666,5.333333333333333,2.081665999466133,3.0,7.000000000000001
countdown,Countdown,Modular Norm RandOpt,100,3,5.75,5.0,2.6457513110645907,2.0,7.000000000000001
countdown,Countdown,Modular Norm RandOpt,100,3,5.833333333333332,4.333333333333333,2.5166114784235836,2.0,7.000000000000001
countdown,Countdown,Modular Norm RandOpt,100,3,5.916666666666666,4.333333333333333,2.5166114784235836,2.0,7.000000000000001
countdown,Countdown,Modular Norm RandOpt,100,3,6.0,4.0,2.0,2.0,6.0
countdown,Countdown,Modular Norm RandOpt,100,3,6.083333333333332,4.0,2.0,2.0,6.0
countdown,Countdown,Modular Norm RandOpt,100,3,6.166666666666664,4.0,2.0,2.0,6.0
countdown,Countdown,Modular Norm RandOpt,100,3,6.25,3.6666666666666665,1.5275252316519465,2.0,5.0
countdown,Countdown,Modular Norm RandOpt,100,3,6.333333333333332,3.3333333333333335,2.081665999466133,1.0,5.0
countdown,Countdown,Modular Norm RandOpt,100,3,6.416666666666664,3.3333333333333335,2.081665999466133,1.0,5.0
countdown,Countdown,Modular Norm RandOpt,100,3,6.5,3.3333333333333335,2.081665999466133,1.0,5.0
countdown,Countdown,Modular Norm RandOpt,100,3,6.583333333333332,3.3333333333333335,2.081665999466133,1.0,5.0
countdown,Countdown,Modular Norm RandOpt,100,3,6.666666666666664,3.3333333333333335,2.081665999466133,1.0,5.0
countdown,Countdown,Modular Norm RandOpt,100,3,6.75,3.3333333333333335,2.081665999466133,1.0,5.0
countdown,Countdown,Modular Norm RandOpt,100,3,6.833333333333332,3.3333333333333335,2.081665999466133,1.0,5.0
countdown,Countdown,Modular Norm RandOpt,100,3,6.916666666666664,3.0,1.7320508075688772,1.0,4.0
countdown,Countdown,Modular Norm RandOpt,100,3,7.0,3.0,1.7320508075688772,1.0,4.0
countdown,Countdown,Modular Norm RandOpt,100,3,7.083333333333332,3.0,1.7320508075688772,1.0,4.0
countdown,Countdown,Modular Norm RandOpt,100,3,7.166666666666664,2.6666666666666665,1.5275252316519465,1.0,4.0
countdown,Countdown,Modular Norm RandOpt,100,3,7.25,2.6666666666666665,1.5275252316519465,1.0,4.0
countdown,Countdown,Modular Norm RandOpt,100,3,7.333333333333332,2.3333333333333335,1.5275252316519465,1.0,4.0
countdown,Countdown,Modular Norm RandOpt,100,3,7.416666666666664,2.0,1.0,1.0,3.0
countdown,Countdown,Modular Norm RandOpt,100,3,7.5,2.0,1.0,1.0,3.0
countdown,Countdown,Modular Norm RandOpt,100,3,7.583333333333332,2.0,1.0,1.0,3.0
countdown,Countdown,Modular Norm RandOpt,100,3,7.666666666666664,2.0,1.0,1.0,3.0
countdown,Countdown,Modular Norm RandOpt,100,3,7.75,2.0,1.0,1.0,3.0
countdown,Countdown,Modular Norm RandOpt,100,3,7.833333333333332,2.0,1.0,1.0,3.0
countdown,Countdown,Modular Norm RandOpt,100,3,7.916666666666664,2.0,1.0,1.0,3.0
countdown,Countdown,Modular Norm RandOpt,100,3,8.0,1.6666666666666667,1.5275252316519468,0.0,3.0
countdown,Countdown,Modular Norm RandOpt,100,3,8.083333333333332,1.6666666666666667,1.5275252316519468,0.0,3.0
countdown,Countdown,Modular Norm RandOpt,100,3,8.166666666666664,1.3333333333333333,1.1547005383792517,0.0,2.0
countdown,Countdown,Modular Norm RandOpt,100,3,8.25,1.3333333333333333,1.1547005383792517,0.0,2.0
countdown,Countdown,Modular Norm RandOpt,100,3,8.333333333333332,1.3333333333333333,1.1547005383792517,0.0,2.0
countdown,Countdown,Modular Norm RandOpt,100,3,8.416666666666664,1.3333333333333333,1.1547005383792517,0.0,2.0
countdown,Countdown,Modular Norm RandOpt,100,3,8.5,1.3333333333333333,1.1547005383792517,0.0,2.0
countdown,Countdown,Modular Norm RandOpt,100,3,8.583333333333332,1.3333333333333333,1.1547005383792517,0.0,2.0
countdown,Countdown,Modular Norm RandOpt,100,3,8.666666666666664,1.3333333333333333,1.1547005383792517,0.0,2.0
countdown,Countdown,Modular Norm RandOpt,100,3,8.75,1.3333333333333333,1.1547005383792517,0.0,2.0
countdown,Countdown,Modular Norm RandOpt,100,3,8.833333333333332,1.0,1.0,0.0,2.0
countdown,Countdown,Modular Norm RandOpt,100,3,8.916666666666664,1.0,1.0,0.0,2.0
countdown,Countdown,Modular Norm RandOpt,100,3,9.0,1.0,1.0,0.0,2.0
countdown,Countdown,Modular Norm RandOpt,100,3,9.083333333333332,1.0,1.0,0.0,2.0
countdown,Countdown,Modular Norm RandOpt,100,3,9.166666666666664,1.0,1.0,0.0,2.0
countdown,Countdown,Modular Norm RandOpt,100,3,9.25,1.0,1.0,0.0,2.0
countdown,Countdown,Modular Norm RandOpt,100,3,9.333333333333332,0.6666666666666666,0.5773502691896258,0.0,1.0
countdown,Countdown,Modular Norm RandOpt,100,3,9.416666666666664,0.6666666666666666,0.5773502691896258,0.0,1.0
countdown,Countdown,Modular Norm RandOpt,100,3,9.5,0.3333333333333333,0.5773502691896258,0.0,1.0
countdown,Countdown,Modular Norm RandOpt,100,3,9.583333333333332,0.3333333333333333,0.5773502691896258,0.0,1.0
countdown,Countdown,Modular Norm RandOpt,100,3,9.666666666666664,0.3333333333333333,0.5773502691896258,0.0,1.0
countdown,Countdown,Modular Norm RandOpt,100,3,9.75,0.3333333333333333,0.5773502691896258,0.0,1.0
countdown,Countdown,Modular Norm RandOpt,100,3,9.833333333333332,0.3333333333333333,0.5773502691896258,0.0,1.0
countdown,Countdown,Modular Norm RandOpt,100,3,9.916666666666664,0.3333333333333333,0.5773502691896258,0.0,1.0
countdown,Countdown,Modular Norm RandOpt,100,3,10.0,0.3333333333333333,0.5773502691896258,0.0,1.0
countdown,Countdown,Modular Norm RandOpt,100,3,10.083333333333332,0.3333333333333333,0.5773502691896258,0.0,1.0
countdown,Countdown,Modular Norm RandOpt,100,3,10.166666666666664,0.3333333333333333,0.5773502691896258,0.0,1.0
countdown,Countdown,Modular Norm RandOpt,100,3,10.25,0.3333333333333333,0.5773502691896258,0.0,1.0
countdown,Countdown,Modular Norm RandOpt,100,3,10.333333333333332,0.3333333333333333,0.5773502691896258,0.0,1.0
countdown,Countdown,Modular Norm RandOpt,100,3,10.416666666666664,0.3333333333333333,0.5773502691896258,0.0,1.0
countdown,Countdown,Modular Norm RandOpt,100,3,10.5,0.3333333333333333,0.5773502691896258,0.0,1.0
countdown,Countdown,Modular Norm RandOpt,100,3,10.583333333333332,0.3333333333333333,0.5773502691896258,0.0,1.0
countdown,Countdown,Modular Norm RandOpt,100,3,10.666666666666664,0.3333333333333333,0.5773502691896258,0.0,1.0
countdown,Countdown,Modular Norm RandOpt,100,3,10.75,0.3333333333333333,0.5773502691896258,0.0,1.0
countdown,Countdown,Modular Norm RandOpt,100,3,10.833333333333332,0.3333333333333333,0.5773502691896258,0.0,1.0
countdown,Countdown,Modular Norm RandOpt,100,3,10.916666666666664,0.3333333333333333,0.5773502691896258,0.0,1.0
countdown,Countdown,Modular Norm RandOpt,100,3,11.0,0.3333333333333333,0.5773502691896258,0.0,1.0
countdown,Countdown,Modular Norm RandOpt,100,3,11.083333333333332,0.3333333333333333,0.5773502691896258,0.0,1.0
countdown,Countdown,Modular Norm RandOpt,100,3,11.166666666666664,0.3333333333333333,0.5773502691896258,0.0,1.0
countdown,Countdown,Modular Norm RandOpt,100,3,11.25,0.3333333333333333,0.5773502691896258,0.0,1.0
countdown,Countdown,Modular Norm RandOpt,100,3,11.333333333333332,0.3333333333333333,0.5773502691896258,0.0,1.0
countdown,Countdown,Modular Norm RandOpt,100,3,11.416666666666664,0.3333333333333333,0.5773502691896258,0.0,1.0
countdown,Countdown,Modular Norm RandOpt,100,3,11.5,0.3333333333333333,0.5773502691896258,0.0,1.0
countdown,Countdown,Modular Norm RandOpt,100,3,11.583333333333332,0.3333333333333333,0.5773502691896258,0.0,1.0
countdown,Countdown,Modular Norm RandOpt,100,3,11.666666666666664,0.3333333333333333,0.5773502691896258,0.0,1.0
countdown,Countdown,Modular Norm RandOpt,100,3,11.75,0.3333333333333333,0.5773502691896258,0.0,1.0
countdown,Countdown,Modular Norm RandOpt,100,3,11.833333333333332,0.3333333333333333,0.5773502691896258,0.0,1.0
countdown,Countdown,Modular Norm RandOpt,100,3,11.916666666666664,0.3333333333333333,0.5773502691896258,0.0,1.0
countdown,Countdown,Modular Norm RandOpt,100,3,12.0,0.3333333333333333,0.5773502691896258,0.0,1.0
countdown,Countdown,Modular Norm RandOpt,100,3,12.083333333333332,0.3333333333333333,0.5773502691896258,0.0,1.0
countdown,Countdown,Modular Norm RandOpt,100,3,12.166666666666664,0.3333333333333333,0.5773502691896258,0.0,1.0
countdown,Countdown,Modular Norm RandOpt,100,3,12.25,0.3333333333333333,0.5773502691896258,0.0,1.0
countdown,Countdown,Modular Norm RandOpt,100,3,12.333333333333332,0.3333333333333333,0.5773502691896258,0.0,1.0
countdown,Countdown,Modular Norm RandOpt,100,3,12.416666666666664,0.3333333333333333,0.5773502691896258,0.0,1.0
countdown,Countdown,Modular Norm RandOpt,100,3,12.5,0.0,0.0,0.0,0.0
countdown,Countdown,Modular Norm RandOpt,100,3,12.583333333333332,0.0,0.0,0.0,0.0
countdown,Countdown,Modular Norm RandOpt,100,3,12.666666666666664,0.0,0.0,0.0,0.0
countdown,Countdown,Modular Norm RandOpt,100,3,12.75,0.0,0.0,0.0,0.0
countdown,Countdown,Modular Norm RandOpt,100,3,12.833333333333332,0.0,0.0,0.0,0.0
countdown,Countdown,Modular Norm RandOpt,100,3,12.916666666666664,0.0,0.0,0.0,0.0
countdown,Countdown,Modular Norm RandOpt,100,3,13.0,0.0,0.0,0.0,0.0
countdown,Countdown,Modular Norm RandOpt,100,3,13.083333333333332,0.0,0.0,0.0,0.0
countdown,Countdown,Modular Norm RandOpt,100,3,13.166666666666664,0.0,0.0,0.0,0.0
countdown,Countdown,Modular Norm RandOpt,100,3,13.25,0.0,0.0,0.0,0.0
countdown,Countdown,Modular Norm RandOpt,100,3,13.333333333333332,0.0,0.0,0.0,0.0
countdown,Countdown,Modular Norm RandOpt,100,3,13.416666666666664,0.0,0.0,0.0,0.0
countdown,Countdown,Modular Norm RandOpt,100,3,13.5,0.0,0.0,0.0,0.0
countdown,Countdown,Modular Norm RandOpt,100,3,13.583333333333332,0.0,0.0,0.0,0.0
countdown,Countdown,Modular Norm RandOpt,100,3,13.666666666666664,0.0,0.0,0.0,0.0
countdown,Countdown,Modular Norm RandOpt,100,3,13.75,0.0,0.0,0.0,0.0
countdown,Countdown,Modular Norm RandOpt,100,3,13.833333333333332,0.0,0.0,0.0,0.0
countdown,Countdown,Modular Norm RandOpt,100,3,13.916666666666664,0.0,0.0,0.0,0.0
countdown,Countdown,Modular Norm RandOpt,100,3,14.0,0.0,0.0,0.0,0.0
countdown,Countdown,Modular Norm RandOpt,100,3,14.083333333333332,0.0,0.0,0.0,0.0
countdown,Countdown,Modular Norm RandOpt,100,3,14.166666666666664,0.0,0.0,0.0,0.0
countdown,Countdown,Modular Norm RandOpt,100,3,14.25,0.0,0.0,0.0,0.0
countdown,Countdown,Modular Norm RandOpt,100,3,14.333333333333332,0.0,0.0,0.0,0.0
countdown,Countdown,Modular Norm RandOpt,100,3,14.416666666666664,0.0,0.0,0.0,0.0
countdown,Countdown,Modular Norm RandOpt,100,3,14.5,0.0,0.0,0.0,0.0
countdown,Countdown,Modular Norm RandOpt,100,3,14.583333333333332,0.0,0.0,0.0,0.0
countdown,Countdown,Modular Norm RandOpt,100,3,14.666666666666664,0.0,0.0,0.0,0.0
countdown,Countdown,Modular Norm RandOpt,100,3,14.75,0.0,0.0,0.0,0.0
countdown,Countdown,Modular Norm RandOpt,100,3,14.833333333333332,0.0,0.0,0.0,0.0
countdown,Countdown,Modular Norm RandOpt,100,3,14.916666666666664,0.0,0.0,0.0,0.0
countdown,Countdown,Modular Norm RandOpt,100,3,15.0,0.0,0.0,0.0,0.0
gsm8k,GSM8K,RandOpt,100,3,-15.0,100.0,0.0,100.0,100.0
gsm8k,GSM8K,RandOpt,100,3,-14.9,100.0,0.0,100.0,100.0
gsm8k,GSM8K,RandOpt,100,3,-14.8,100.0,0.0,100.0,100.0
gsm8k,GSM8K,RandOpt,100,3,-14.7,100.0,0.0,100.0,100.0
gsm8k,GSM8K,RandOpt,100,3,-14.6,100.0,0.0,100.0,100.0
gsm8k,GSM8K,RandOpt,100,3,-14.5,100.0,0.0,100.0,100.0
gsm8k,GSM8K,RandOpt,100,3,-14.4,100.0,0.0,100.0,100.0
gsm8k,GSM8K,RandOpt,100,3,-14.3,100.0,0.0,100.0,100.0
gsm8k,GSM8K,RandOpt,100,3,-14.2,100.0,0.0,100.0,100.0
gsm8k,GSM8K,RandOpt,100,3,-14.1,100.0,0.0,100.0,100.0
gsm8k,GSM8K,RandOpt,100,3,-14.0,100.0,0.0,100.0,100.0
gsm8k,GSM8K,RandOpt,100,3,-13.9,100.0,0.0,100.0,100.0
gsm8k,GSM8K,RandOpt,100,3,-13.8,100.0,0.0,100.0,100.0
gsm8k,GSM8K,RandOpt,100,3,-13.7,100.0,0.0,100.0,100.0
gsm8k,GSM8K,RandOpt,100,3,-13.6,100.0,0.0,100.0,100.0
gsm8k,GSM8K,RandOpt,100,3,-13.5,100.0,0.0,100.0,100.0
gsm8k,GSM8K,RandOpt,100,3,-13.4,100.0,0.0,100.0,100.0
gsm8k,GSM8K,RandOpt,100,3,-13.3,100.0,0.0,100.0,100.0
gsm8k,GSM8K,RandOpt,100,3,-13.2,100.0,0.0,100.0,100.0
gsm8k,GSM8K,RandOpt,100,3,-13.1,100.0,0.0,100.0,100.0
gsm8k,GSM8K,RandOpt,100,3,-13.0,100.0,0.0,100.0,100.0
gsm8k,GSM8K,RandOpt,100,3,-12.9,100.0,0.0,100.0,100.0
gsm8k,GSM8K,RandOpt,100,3,-12.8,100.0,0.0,100.0,100.0
gsm8k,GSM8K,RandOpt,100,3,-12.7,100.0,0.0,100.0,100.0
gsm8k,GSM8K,RandOpt,100,3,-12.6,100.0,0.0,100.0,100.0
gsm8k,GSM8K,RandOpt,100,3,-12.5,100.0,0.0,100.0,100.0
gsm8k,GSM8K,RandOpt,100,3,-12.4,100.0,0.0,100.0,100.0
gsm8k,GSM8K,RandOpt,100,3,-12.3,100.0,0.0,100.0,100.0
gsm8k,GSM8K,RandOpt,100,3,-12.2,100.0,0.0,100.0,100.0
gsm8k,GSM8K,RandOpt,100,3,-12.1,100.0,0.0,100.0,100.0
gsm8k,GSM8K,RandOpt,100,3,-12.0,100.0,0.0,100.0,100.0
gsm8k,GSM8K,RandOpt,100,3,-11.9,100.0,0.0,100.0,100.0
gsm8k,GSM8K,RandOpt,100,3,-11.8,100.0,0.0,100.0,100.0
gsm8k,GSM8K,RandOpt,100,3,-11.7,100.0,0.0,100.0,100.0
gsm8k,GSM8K,RandOpt,100,3,-11.6,100.0,0.0,100.0,100.0
gsm8k,GSM8K,RandOpt,100,3,-11.5,100.0,0.0,100.0,100.0
gsm8k,GSM8K,RandOpt,100,3,-11.4,100.0,0.0,100.0,100.0
gsm8k,GSM8K,RandOpt,100,3,-11.3,100.0,0.0,100.0,100.0
gsm8k,GSM8K,RandOpt,100,3,-11.2,100.0,0.0,100.0,100.0
gsm8k,GSM8K,RandOpt,100,3,-11.1,100.0,0.0,100.0,100.0
gsm8k,GSM8K,RandOpt,100,3,-11.0,100.0,0.0,100.0,100.0
gsm8k,GSM8K,RandOpt,100,3,-10.899999999999999,100.0,0.0,100.0,100.0
gsm8k,GSM8K,RandOpt,100,3,-10.8,100.0,0.0,100.0,100.0
gsm8k,GSM8K,RandOpt,100,3,-10.7,100.0,0.0,100.0,100.0
gsm8k,GSM8K,RandOpt,100,3,-10.6,100.0,0.0,100.0,100.0
gsm8k,GSM8K,RandOpt,100,3,-10.5,100.0,0.0,100.0,100.0
gsm8k,GSM8K,RandOpt,100,3,-10.399999999999999,100.0,0.0,100.0,100.0
gsm8k,GSM8K,RandOpt,100,3,-10.3,100.0,0.0,100.0,100.0
gsm8k,GSM8K,RandOpt,100,3,-10.2,100.0,0.0,100.0,100.0
gsm8k,GSM8K,RandOpt,100,3,-10.1,100.0,0.0,100.0,100.0
gsm8k,GSM8K,RandOpt,100,3,-10.0,100.0,0.0,100.0,100.0
gsm8k,GSM8K,RandOpt,100,3,-9.899999999999999,100.0,0.0,100.0,100.0
gsm8k,GSM8K,RandOpt,100,3,-9.8,100.0,0.0,100.0,100.0
gsm8k,GSM8K,RandOpt,100,3,-9.7,100.0,0.0,100.0,100.0
gsm8k,GSM8K,RandOpt,100,3,-9.6,100.0,0.0,100.0,100.0
gsm8k,GSM8K,RandOpt,100,3,-9.5,100.0,0.0,100.0,100.0
gsm8k,GSM8K,RandOpt,100,3,-9.399999999999999,100.0,0.0,100.0,100.0
gsm8k,GSM8K,RandOpt,100,3,-9.3,100.0,0.0,100.0,100.0
gsm8k,GSM8K,RandOpt,100,3,-9.2,100.0,0.0,100.0,100.0
gsm8k,GSM8K,RandOpt,100,3,-9.1,100.0,0.0,100.0,100.0
gsm8k,GSM8K,RandOpt,100,3,-9.0,100.0,0.0,100.0,100.0
gsm8k,GSM8K,RandOpt,100,3,-8.899999999999999,100.0,0.0,100.0,100.0
gsm8k,GSM8K,RandOpt,100,3,-8.8,100.0,0.0,100.0,100.0
gsm8k,GSM8K,RandOpt,100,3,-8.7,100.0,0.0,100.0,100.0
gsm8k,GSM8K,RandOpt,100,3,-8.6,100.0,0.0,100.0,100.0
gsm8k,GSM8K,RandOpt,100,3,-8.5,100.0,0.0,100.0,100.0
gsm8k,GSM8K,RandOpt,100,3,-8.399999999999999,100.0,0.0,100.0,100.0
gsm8k,GSM8K,RandOpt,100,3,-8.3,100.0,0.0,100.0,100.0
gsm8k,GSM8K,RandOpt,100,3,-8.2,100.0,0.0,100.0,100.0
gsm8k,GSM8K,RandOpt,100,3,-8.1,100.0,0.0,100.0,100.0
gsm8k,GSM8K,RandOpt,100,3,-8.0,100.0,0.0,100.0,100.0
gsm8k,GSM8K,RandOpt,100,3,-7.8999999999999995,99.66666666666667,0.5773502691896257,99.0,100.0
gsm8k,GSM8K,RandOpt,100,3,-7.8,99.66666666666667,0.5773502691896257,99.0,100.0
gsm8k,GSM8K,RandOpt,100,3,-7.699999999999999,99.66666666666667,0.5773502691896257,99.0,100.0
gsm8k,GSM8K,RandOpt,100,3,-7.6,99.66666666666667,0.5773502691896257,99.0,100.0
gsm8k,GSM8K,RandOpt,100,3,-7.5,99.66666666666667,0.5773502691896257,99.0,100.0
gsm8k,GSM8K,RandOpt,100,3,-7.3999999999999995,99.33333333333333,0.5773502691896257,99.0,100.0
gsm8k,GSM8K,RandOpt,100,3,-7.3,99.33333333333333,0.5773502691896257,99.0,100.0
gsm8k,GSM8K,RandOpt,100,3,-7.199999999999999,99.33333333333333,0.5773502691896257,99.0,100.0
gsm8k,GSM8K,RandOpt,100,3,-7.1,99.33333333333333,0.5773502691896257,99.0,100.0
gsm8k,GSM8K,RandOpt,100,3,-7.0,99.33333333333333,0.5773502691896257,99.0,100.0
gsm8k,GSM8K,RandOpt,100,3,-6.9,99.33333333333333,0.5773502691896257,99.0,100.0
gsm8k,GSM8K,RandOpt,100,3,-6.799999999999999,99.33333333333333,0.5773502691896257,99.0,100.0
gsm8k,GSM8K,RandOpt,100,3,-6.699999999999999,99.33333333333333,0.5773502691896257,99.0,100.0
gsm8k,GSM8K,RandOpt,100,3,-6.6,99.33333333333333,0.5773502691896257,99.0,100.0
gsm8k,GSM8K,RandOpt,100,3,-6.5,99.33333333333333,0.5773502691896257,99.0,100.0
gsm8k,GSM8K,RandOpt,100,3,-6.4,99.0,0.0,99.0,99.0
gsm8k,GSM8K,RandOpt,100,3,-6.299999999999999,99.0,0.0,99.0,99.0
gsm8k,GSM8K,RandOpt,100,3,-6.199999999999999,99.0,0.0,99.0,99.0
gsm8k,GSM8K,RandOpt,100,3,-6.1,99.0,0.0,99.0,99.0
gsm8k,GSM8K,RandOpt,100,3,-6.0,99.0,0.0,99.0,99.0
gsm8k,GSM8K,RandOpt,100,3,-5.9,98.66666666666667,0.5773502691896257,98.0,99.0
gsm8k,GSM8K,RandOpt,100,3,-5.799999999999999,98.66666666666667,0.5773502691896257,98.0,99.0
gsm8k,GSM8K,RandOpt,100,3,-5.699999999999999,98.66666666666667,0.5773502691896257,98.0,99.0
gsm8k,GSM8K,RandOpt,100,3,-5.6,98.66666666666667,0.5773502691896257,98.0,99.0
gsm8k,GSM8K,RandOpt,100,3,-5.5,98.66666666666667,0.5773502691896257,98.0,99.0
gsm8k,GSM8K,RandOpt,100,3,-5.399999999999999,98.66666666666667,0.5773502691896257,98.0,99.0
gsm8k,GSM8K,RandOpt,100,3,-5.299999999999999,98.66666666666667,0.5773502691896257,98.0,99.0
gsm8k,GSM8K,RandOpt,100,3,-5.199999999999999,98.66666666666667,0.5773502691896257,98.0,99.0
gsm8k,GSM8K,RandOpt,100,3,-5.1,98.66666666666667,0.5773502691896257,98.0,99.0
gsm8k,GSM8K,RandOpt,100,3,-5.0,98.66666666666667,0.5773502691896257,98.0,99.0
gsm8k,GSM8K,RandOpt,100,3,-4.899999999999999,97.0,0.0,97.0,97.0
gsm8k,GSM8K,RandOpt,100,3,-4.799999999999999,97.0,0.0,97.0,97.0
gsm8k,GSM8K,RandOpt,100,3,-4.699999999999999,97.0,0.0,97.0,97.0
gsm8k,GSM8K,RandOpt,100,3,-4.6,97.0,0.0,97.0,97.0
gsm8k,GSM8K,RandOpt,100,3,-4.5,97.0,0.0,97.0,97.0
gsm8k,GSM8K,RandOpt,100,3,-4.399999999999999,95.0,0.0,95.0,95.0
gsm8k,GSM8K,RandOpt,100,3,-4.299999999999999,95.0,0.0,95.0,95.0
gsm8k,GSM8K,RandOpt,100,3,-4.199999999999999,95.0,0.0,95.0,95.0
gsm8k,GSM8K,RandOpt,100,3,-4.1,95.0,0.0,95.0,95.0
gsm8k,GSM8K,RandOpt,100,3,-4.0,95.0,0.0,95.0,95.0
gsm8k,GSM8K,RandOpt,100,3,-3.8999999999999986,93.33333333333333,2.081665999466133,91.0,95.0
gsm8k,GSM8K,RandOpt,100,3,-3.799999999999999,93.33333333333333,2.081665999466133,91.0,95.0
gsm8k,GSM8K,RandOpt,100,3,-3.6999999999999993,93.33333333333333,2.081665999466133,91.0,95.0
gsm8k,GSM8K,RandOpt,100,3,-3.5999999999999996,93.33333333333333,2.081665999466133,91.0,95.0
gsm8k,GSM8K,RandOpt,100,3,-3.5,93.33333333333333,2.081665999466133,91.0,95.0
gsm8k,GSM8K,RandOpt,100,3,-3.3999999999999986,89.66666666666667,3.055050463303893,87.0,93.0
gsm8k,GSM8K,RandOpt,100,3,-3.299999999999999,89.66666666666667,3.055050463303893,87.0,93.0
gsm8k,GSM8K,RandOpt,100,3,-3.1999999999999993,89.66666666666667,3.055050463303893,87.0,93.0
gsm8k,GSM8K,RandOpt,100,3,-3.0999999999999996,89.66666666666667,3.055050463303893,87.0,93.0
gsm8k,GSM8K,RandOpt,100,3,-3.0,89.66666666666667,3.055050463303893,87.0,93.0
gsm8k,GSM8K,RandOpt,100,3,-2.8999999999999986,83.66666666666667,2.3094010767585034,81.0,85.0
gsm8k,GSM8K,RandOpt,100,3,-2.799999999999999,83.66666666666667,2.3094010767585034,81.0,85.0
gsm8k,GSM8K,RandOpt,100,3,-2.6999999999999993,83.66666666666667,2.3094010767585034,81.0,85.0
gsm8k,GSM8K,RandOpt,100,3,-2.5999999999999996,83.66666666666667,2.3094010767585034,81.0,85.0
gsm8k,GSM8K,RandOpt,100,3,-2.5,83.66666666666667,2.3094010767585034,81.0,85.0
gsm8k,GSM8K,RandOpt,100,3,-2.3999999999999986,78.0,4.358898943540674,73.0,81.0
gsm8k,GSM8K,RandOpt,100,3,-2.299999999999999,78.0,4.358898943540674,73.0,81.0
gsm8k,GSM8K,RandOpt,100,3,-2.1999999999999993,78.0,4.358898943540674,73.0,81.0
gsm8k,GSM8K,RandOpt,100,3,-2.0999999999999996,78.0,4.358898943540674,73.0,81.0
gsm8k,GSM8K,RandOpt,100,3,-2.0,78.0,4.358898943540674,73.0,81.0
gsm8k,GSM8K,RandOpt,100,3,-1.8999999999999986,72.66666666666667,3.055050463303893,70.0,76.0
gsm8k,GSM8K,RandOpt,100,3,-1.799999999999999,72.66666666666667,3.055050463303893,70.0,76.0
gsm8k,GSM8K,RandOpt,100,3,-1.6999999999999993,72.66666666666667,3.055050463303893,70.0,76.0
gsm8k,GSM8K,RandOpt,100,3,-1.5999999999999996,72.66666666666667,3.055050463303893,70.0,76.0
gsm8k,GSM8K,RandOpt,100,3,-1.5,64.0,4.358898943540674,59.0,67.0
gsm8k,GSM8K,RandOpt,100,3,-1.3999999999999986,64.0,4.358898943540674,59.0,67.0
gsm8k,GSM8K,RandOpt,100,3,-1.299999999999999,64.0,4.358898943540674,59.0,67.0
gsm8k,GSM8K,RandOpt,100,3,-1.1999999999999993,64.0,4.358898943540674,59.0,67.0
gsm8k,GSM8K,RandOpt,100,3,-1.0999999999999996,64.0,4.358898943540674,59.0,67.0
gsm8k,GSM8K,RandOpt,100,3,-1.0,58.666666666666664,3.5118845842842425,55.00000000000001,62.0
gsm8k,GSM8K,RandOpt,100,3,-0.8999999999999986,58.666666666666664,3.5118845842842425,55.00000000000001,62.0
gsm8k,GSM8K,RandOpt,100,3,-0.7999999999999989,58.666666666666664,3.5118845842842425,55.00000000000001,62.0
gsm8k,GSM8K,RandOpt,100,3,-0.6999999999999993,58.666666666666664,3.5118845842842425,55.00000000000001,62.0
gsm8k,GSM8K,RandOpt,100,3,-0.5999999999999996,58.666666666666664,3.5118845842842425,55.00000000000001,62.0
gsm8k,GSM8K,RandOpt,100,3,-0.5,53.666666666666664,3.511884584284243,50.0,56.99999999999999
gsm8k,GSM8K,RandOpt,100,3,-0.3999999999999986,53.666666666666664,3.511884584284243,50.0,56.99999999999999
gsm8k,GSM8K,RandOpt,100,3,-0.29999999999999893,53.666666666666664,3.511884584284243,50.0,56.99999999999999
gsm8k,GSM8K,RandOpt,100,3,-0.1999999999999993,53.666666666666664,3.511884584284243,50.0,56.99999999999999
gsm8k,GSM8K,RandOpt,100,3,-0.09999999999999964,53.666666666666664,3.511884584284243,50.0,56.99999999999999
gsm8k,GSM8K,RandOpt,100,3,0.0,53.666666666666664,3.511884584284243,50.0,56.99999999999999
gsm8k,GSM8K,RandOpt,100,3,0.10000000000000142,48.0,3.605551275463989,44.0,51.0
gsm8k,GSM8K,RandOpt,100,3,0.20000000000000107,48.0,3.605551275463989,44.0,51.0
gsm8k,GSM8K,RandOpt,100,3,0.3000000000000007,48.0,3.605551275463989,44.0,51.0
gsm8k,GSM8K,RandOpt,100,3,0.40000000000000036,48.0,3.605551275463989,44.0,51.0
gsm8k,GSM8K,RandOpt,100,3,0.5,48.0,3.605551275463989,44.0,51.0
gsm8k,GSM8K,RandOpt,100,3,0.6000000000000014,41.0,4.58257569495584,37.0,46.0
gsm8k,GSM8K,RandOpt,100,3,0.7000000000000011,41.0,4.58257569495584,37.0,46.0
gsm8k,GSM8K,RandOpt,100,3,0.8000000000000007,41.0,4.58257569495584,37.0,46.0
gsm8k,GSM8K,RandOpt,100,3,0.9000000000000004,41.0,4.58257569495584,37.0,46.0
gsm8k,GSM8K,RandOpt,100,3,1.0,41.0,4.58257569495584,37.0,46.0
gsm8k,GSM8K,RandOpt,100,3,1.1000000000000014,36.0,6.082762530298219,32.0,43.0
gsm8k,GSM8K,RandOpt,100,3,1.1999999999999993,36.0,6.082762530298219,32.0,43.0
gsm8k,GSM8K,RandOpt,100,3,1.3000000000000007,36.0,6.082762530298219,32.0,43.0
gsm8k,GSM8K,RandOpt,100,3,1.4000000000000021,36.0,6.082762530298219,32.0,43.0
gsm8k,GSM8K,RandOpt,100,3,1.5,36.0,6.082762530298219,32.0,43.0
gsm8k,GSM8K,RandOpt,100,3,1.6000000000000014,27.666666666666668,4.509249752822894,23.0,32.0
gsm8k,GSM8K,RandOpt,100,3,1.6999999999999993,27.666666666666668,4.509249752822894,23.0,32.0
gsm8k,GSM8K,RandOpt,100,3,1.8000000000000007,27.666666666666668,4.509249752822894,23.0,32.0
gsm8k,GSM8K,RandOpt,100,3,1.9000000000000021,27.666666666666668,4.509249752822894,23.0,32.0
gsm8k,GSM8K,RandOpt,100,3,2.0,27.666666666666668,4.509249752822894,23.0,32.0
gsm8k,GSM8K,RandOpt,100,3,2.1000000000000014,23.333333333333332,3.7859388972001824,19.0,26.0
gsm8k,GSM8K,RandOpt,100,3,2.1999999999999993,23.333333333333332,3.7859388972001824,19.0,26.0
gsm8k,GSM8K,RandOpt,100,3,2.3000000000000007,23.333333333333332,3.7859388972001824,19.0,26.0
gsm8k,GSM8K,RandOpt,100,3,2.400000000000002,23.333333333333332,3.7859388972001824,19.0,26.0
gsm8k,GSM8K,RandOpt,100,3,2.5,23.333333333333332,3.7859388972001824,19.0,26.0
gsm8k,GSM8K,RandOpt,100,3,2.6000000000000014,16.333333333333332,3.5118845842842465,13.0,20.0
gsm8k,GSM8K,RandOpt,100,3,2.6999999999999993,16.333333333333332,3.5118845842842465,13.0,20.0
gsm8k,GSM8K,RandOpt,100,3,2.8000000000000007,16.333333333333332,3.5118845842842465,13.0,20.0
gsm8k,GSM8K,RandOpt,100,3,2.900000000000002,16.333333333333332,3.5118845842842465,13.0,20.0
gsm8k,GSM8K,RandOpt,100,3,3.0,16.333333333333332,3.5118845842842465,13.0,20.0
gsm8k,GSM8K,RandOpt,100,3,3.1000000000000014,12.666666666666666,3.511884584284246,9.0,16.0
gsm8k,GSM8K,RandOpt,100,3,3.1999999999999993,12.666666666666666,3.511884584284246,9.0,16.0
gsm8k,GSM8K,RandOpt,100,3,3.3000000000000007,12.666666666666666,3.511884584284246,9.0,16.0
gsm8k,GSM8K,RandOpt,100,3,3.400000000000002,12.666666666666666,3.511884584284246,9.0,16.0
gsm8k,GSM8K,RandOpt,100,3,3.5,12.666666666666666,3.511884584284246,9.0,16.0
gsm8k,GSM8K,RandOpt,100,3,3.6000000000000014,10.0,2.9999999999999996,7.000000000000001,13.0
gsm8k,GSM8K,RandOpt,100,3,3.6999999999999993,10.0,2.9999999999999996,7.000000000000001,13.0
gsm8k,GSM8K,RandOpt,100,3,3.8000000000000007,10.0,2.9999999999999996,7.000000000000001,13.0
gsm8k,GSM8K,RandOpt,100,3,3.900000000000002,10.0,2.9999999999999996,7.000000000000001,13.0
gsm8k,GSM8K,RandOpt,100,3,4.0,10.0,2.9999999999999996,7.000000000000001,13.0
gsm8k,GSM8K,RandOpt,100,3,4.100000000000001,5.666666666666667,1.527525231651947,4.0,7.000000000000001
gsm8k,GSM8K,RandOpt,100,3,4.200000000000003,5.666666666666667,1.527525231651947,4.0,7.000000000000001
gsm8k,GSM8K,RandOpt,100,3,4.300000000000001,5.666666666666667,1.527525231651947,4.0,7.000000000000001
gsm8k,GSM8K,RandOpt,100,3,4.400000000000002,5.666666666666667,1.527525231651947,4.0,7.000000000000001
gsm8k,GSM8K,RandOpt,100,3,4.5,5.666666666666667,1.527525231651947,4.0,7.000000000000001
gsm8k,GSM8K,RandOpt,100,3,4.600000000000001,3.3333333333333335,2.081665999466133,1.0,5.0
gsm8k,GSM8K,RandOpt,100,3,4.700000000000003,3.3333333333333335,2.081665999466133,1.0,5.0
gsm8k,GSM8K,RandOpt,100,3,4.800000000000001,3.3333333333333335,2.081665999466133,1.0,5.0
gsm8k,GSM8K,RandOpt,100,3,4.900000000000002,3.3333333333333335,2.081665999466133,1.0,5.0
gsm8k,GSM8K,RandOpt,100,3,5.0,3.3333333333333335,2.081665999466133,1.0,5.0
gsm8k,GSM8K,RandOpt,100,3,5.100000000000001,2.6666666666666665,1.5275252316519465,1.0,4.0
gsm8k,GSM8K,RandOpt,100,3,5.200000000000003,2.6666666666666665,1.5275252316519465,1.0,4.0
gsm8k,GSM8K,RandOpt,100,3,5.300000000000001,2.6666666666666665,1.5275252316519465,1.0,4.0
gsm8k,GSM8K,RandOpt,100,3,5.400000000000002,2.6666666666666665,1.5275252316519465,1.0,4.0
gsm8k,GSM8K,RandOpt,100,3,5.5,2.6666666666666665,1.5275252316519465,1.0,4.0
gsm8k,GSM8K,RandOpt,100,3,5.600000000000001,2.0,1.0,1.0,3.0
gsm8k,GSM8K,RandOpt,100,3,5.700000000000003,2.0,1.0,1.0,3.0
gsm8k,GSM8K,RandOpt,100,3,5.800000000000001,2.0,1.0,1.0,3.0
gsm8k,GSM8K,RandOpt,100,3,5.900000000000002,2.0,1.0,1.0,3.0
gsm8k,GSM8K,RandOpt,100,3,6.0,2.0,1.0,1.0,3.0
gsm8k,GSM8K,RandOpt,100,3,6.100000000000001,1.3333333333333333,0.5773502691896257,1.0,2.0
gsm8k,GSM8K,RandOpt,100,3,6.200000000000003,1.3333333333333333,0.5773502691896257,1.0,2.0
gsm8k,GSM8K,RandOpt,100,3,6.300000000000001,1.3333333333333333,0.5773502691896257,1.0,2.0
gsm8k,GSM8K,RandOpt,100,3,6.400000000000002,1.3333333333333333,0.5773502691896257,1.0,2.0
gsm8k,GSM8K,RandOpt,100,3,6.5,1.3333333333333333,0.5773502691896257,1.0,2.0
gsm8k,GSM8K,RandOpt,100,3,6.600000000000001,1.0,0.0,1.0,1.0
gsm8k,GSM8K,RandOpt,100,3,6.700000000000003,1.0,0.0,1.0,1.0
gsm8k,GSM8K,RandOpt,100,3,6.800000000000001,1.0,0.0,1.0,1.0
gsm8k,GSM8K,RandOpt,100,3,6.900000000000002,1.0,0.0,1.0,1.0
gsm8k,GSM8K,RandOpt,100,3,7.0,1.0,0.0,1.0,1.0
gsm8k,GSM8K,RandOpt,100,3,7.100000000000001,0.6666666666666666,0.5773502691896258,0.0,1.0
gsm8k,GSM8K,RandOpt,100,3,7.200000000000003,0.6666666666666666,0.5773502691896258,0.0,1.0
gsm8k,GSM8K,RandOpt,100,3,7.300000000000001,0.6666666666666666,0.5773502691896258,0.0,1.0
gsm8k,GSM8K,RandOpt,100,3,7.400000000000002,0.6666666666666666,0.5773502691896258,0.0,1.0
gsm8k,GSM8K,RandOpt,100,3,7.5,0.6666666666666666,0.5773502691896258,0.0,1.0
gsm8k,GSM8K,RandOpt,100,3,7.600000000000001,0.6666666666666666,0.5773502691896258,0.0,1.0
gsm8k,GSM8K,RandOpt,100,3,7.700000000000003,0.6666666666666666,0.5773502691896258,0.0,1.0
gsm8k,GSM8K,RandOpt,100,3,7.800000000000001,0.6666666666666666,0.5773502691896258,0.0,1.0
gsm8k,GSM8K,RandOpt,100,3,7.900000000000002,0.6666666666666666,0.5773502691896258,0.0,1.0
gsm8k,GSM8K,RandOpt,100,3,8.0,0.6666666666666666,0.5773502691896258,0.0,1.0
gsm8k,GSM8K,RandOpt,100,3,8.100000000000001,0.6666666666666666,0.5773502691896258,0.0,1.0
gsm8k,GSM8K,RandOpt,100,3,8.200000000000003,0.6666666666666666,0.5773502691896258,0.0,1.0
gsm8k,GSM8K,RandOpt,100,3,8.3,0.6666666666666666,0.5773502691896258,0.0,1.0
gsm8k,GSM8K,RandOpt,100,3,8.400000000000002,0.6666666666666666,0.5773502691896258,0.0,1.0
gsm8k,GSM8K,RandOpt,100,3,8.5,0.6666666666666666,0.5773502691896258,0.0,1.0
gsm8k,GSM8K,RandOpt,100,3,8.600000000000001,0.3333333333333333,0.5773502691896258,0.0,1.0
gsm8k,GSM8K,RandOpt,100,3,8.700000000000003,0.3333333333333333,0.5773502691896258,0.0,1.0
gsm8k,GSM8K,RandOpt,100,3,8.8,0.3333333333333333,0.5773502691896258,0.0,1.0
gsm8k,GSM8K,RandOpt,100,3,8.900000000000002,0.3333333333333333,0.5773502691896258,0.0,1.0
gsm8k,GSM8K,RandOpt,100,3,9.0,0.3333333333333333,0.5773502691896258,0.0,1.0
gsm8k,GSM8K,RandOpt,100,3,9.100000000000001,0.3333333333333333,0.5773502691896258,0.0,1.0
gsm8k,GSM8K,RandOpt,100,3,9.200000000000003,0.3333333333333333,0.5773502691896258,0.0,1.0
gsm8k,GSM8K,RandOpt,100,3,9.3,0.3333333333333333,0.5773502691896258,0.0,1.0
gsm8k,GSM8K,RandOpt,100,3,9.400000000000002,0.3333333333333333,0.5773502691896258,0.0,1.0
gsm8k,GSM8K,RandOpt,100,3,9.5,0.3333333333333333,0.5773502691896258,0.0,1.0
gsm8k,GSM8K,RandOpt,100,3,9.600000000000001,0.3333333333333333,0.5773502691896258,0.0,1.0
gsm8k,GSM8K,RandOpt,100,3,9.700000000000003,0.3333333333333333,0.5773502691896258,0.0,1.0
gsm8k,GSM8K,RandOpt,100,3,9.8,0.3333333333333333,0.5773502691896258,0.0,1.0
gsm8k,GSM8K,RandOpt,100,3,9.900000000000002,0.3333333333333333,0.5773502691896258,0.0,1.0
gsm8k,GSM8K,RandOpt,100,3,10.0,0.3333333333333333,0.5773502691896258,0.0,1.0
gsm8k,GSM8K,RandOpt,100,3,10.100000000000001,0.3333333333333333,0.5773502691896258,0.0,1.0
gsm8k,GSM8K,RandOpt,100,3,10.200000000000003,0.3333333333333333,0.5773502691896258,0.0,1.0
gsm8k,GSM8K,RandOpt,100,3,10.3,0.3333333333333333,0.5773502691896258,0.0,1.0
gsm8k,GSM8K,RandOpt,100,3,10.400000000000002,0.3333333333333333,0.5773502691896258,0.0,1.0
gsm8k,GSM8K,RandOpt,100,3,10.5,0.3333333333333333,0.5773502691896258,0.0,1.0
gsm8k,GSM8K,RandOpt,100,3,10.600000000000001,0.3333333333333333,0.5773502691896258,0.0,1.0
gsm8k,GSM8K,RandOpt,100,3,10.700000000000003,0.3333333333333333,0.5773502691896258,0.0,1.0
gsm8k,GSM8K,RandOpt,100,3,10.8,0.3333333333333333,0.5773502691896258,0.0,1.0
gsm8k,GSM8K,RandOpt,100,3,10.900000000000002,0.3333333333333333,0.5773502691896258,0.0,1.0
gsm8k,GSM8K,RandOpt,100,3,11.0,0.3333333333333333,0.5773502691896258,0.0,1.0
gsm8k,GSM8K,RandOpt,100,3,11.100000000000001,0.3333333333333333,0.5773502691896258,0.0,1.0
gsm8k,GSM8K,RandOpt,100,3,11.200000000000003,0.3333333333333333,0.5773502691896258,0.0,1.0
gsm8k,GSM8K,RandOpt,100,3,11.3,0.3333333333333333,0.5773502691896258,0.0,1.0
gsm8k,GSM8K,RandOpt,100,3,11.400000000000002,0.3333333333333333,0.5773502691896258,0.0,1.0
gsm8k,GSM8K,RandOpt,100,3,11.5,0.3333333333333333,0.5773502691896258,0.0,1.0
gsm8k,GSM8K,RandOpt,100,3,11.600000000000001,0.0,0.0,0.0,0.0
gsm8k,GSM8K,RandOpt,100,3,11.700000000000003,0.0,0.0,0.0,0.0
gsm8k,GSM8K,RandOpt,100,3,11.8,0.0,0.0,0.0,0.0
gsm8k,GSM8K,RandOpt,100,3,11.900000000000002,0.0,0.0,0.0,0.0
gsm8k,GSM8K,RandOpt,100,3,12.0,0.0,0.0,0.0,0.0
gsm8k,GSM8K,RandOpt,100,3,12.100000000000001,0.0,0.0,0.0,0.0
gsm8k,GSM8K,RandOpt,100,3,12.200000000000003,0.0,0.0,0.0,0.0
gsm8k,GSM8K,RandOpt,100,3,12.3,0.0,0.0,0.0,0.0
gsm8k,GSM8K,RandOpt,100,3,12.400000000000002,0.0,0.0,0.0,0.0
gsm8k,GSM8K,RandOpt,100,3,12.5,0.0,0.0,0.0,0.0
gsm8k,GSM8K,RandOpt,100,3,12.600000000000001,0.0,0.0,0.0,0.0
gsm8k,GSM8K,RandOpt,100,3,12.700000000000003,0.0,0.0,0.0,0.0
gsm8k,GSM8K,RandOpt,100,3,12.8,0.0,0.0,0.0,0.0
gsm8k,GSM8K,RandOpt,100,3,12.900000000000002,0.0,0.0,0.0,0.0
gsm8k,GSM8K,RandOpt,100,3,13.0,0.0,0.0,0.0,0.0
gsm8k,GSM8K,RandOpt,100,3,13.100000000000001,0.0,0.0,0.0,0.0
gsm8k,GSM8K,RandOpt,100,3,13.200000000000003,0.0,0.0,0.0,0.0
gsm8k,GSM8K,RandOpt,100,3,13.3,0.0,0.0,0.0,0.0
gsm8k,GSM8K,RandOpt,100,3,13.400000000000002,0.0,0.0,0.0,0.0
gsm8k,GSM8K,RandOpt,100,3,13.5,0.0,0.0,0.0,0.0
gsm8k,GSM8K,RandOpt,100,3,13.600000000000001,0.0,0.0,0.0,0.0
gsm8k,GSM8K,RandOpt,100,3,13.700000000000003,0.0,0.0,0.0,0.0
gsm8k,GSM8K,RandOpt,100,3,13.8,0.0,0.0,0.0,0.0
gsm8k,GSM8K,RandOpt,100,3,13.900000000000002,0.0,0.0,0.0,0.0
gsm8k,GSM8K,RandOpt,100,3,14.0,0.0,0.0,0.0,0.0
gsm8k,GSM8K,RandOpt,100,3,14.100000000000001,0.0,0.0,0.0,0.0
gsm8k,GSM8K,RandOpt,100,3,14.200000000000003,0.0,0.0,0.0,0.0
gsm8k,GSM8K,RandOpt,100,3,14.3,0.0,0.0,0.0,0.0
gsm8k,GSM8K,RandOpt,100,3,14.400000000000002,0.0,0.0,0.0,0.0
gsm8k,GSM8K,RandOpt,100,3,14.5,0.0,0.0,0.0,0.0
gsm8k,GSM8K,RandOpt,100,3,14.600000000000001,0.0,0.0,0.0,0.0
gsm8k,GSM8K,RandOpt,100,3,14.700000000000003,0.0,0.0,0.0,0.0
gsm8k,GSM8K,RandOpt,100,3,14.8,0.0,0.0,0.0,0.0
gsm8k,GSM8K,RandOpt,100,3,14.900000000000002,0.0,0.0,0.0,0.0
gsm8k,GSM8K,RandOpt,100,3,15.0,0.0,0.0,0.0,0.0
gsm8k,GSM8K,Modular Norm RandOpt,100,3,-15.0,100.0,0.0,100.0,100.0
gsm8k,GSM8K,Modular Norm RandOpt,100,3,-14.9,100.0,0.0,100.0,100.0
gsm8k,GSM8K,Modular Norm RandOpt,100,3,-14.8,100.0,0.0,100.0,100.0
gsm8k,GSM8K,Modular Norm RandOpt,100,3,-14.7,100.0,0.0,100.0,100.0
gsm8k,GSM8K,Modular Norm RandOpt,100,3,-14.6,100.0,0.0,100.0,100.0
gsm8k,GSM8K,Modular Norm RandOpt,100,3,-14.5,100.0,0.0,100.0,100.0
gsm8k,GSM8K,Modular Norm RandOpt,100,3,-14.4,100.0,0.0,100.0,100.0
gsm8k,GSM8K,Modular Norm RandOpt,100,3,-14.3,100.0,0.0,100.0,100.0
gsm8k,GSM8K,Modular Norm RandOpt,100,3,-14.2,100.0,0.0,100.0,100.0
gsm8k,GSM8K,Modular Norm RandOpt,100,3,-14.1,100.0,0.0,100.0,100.0
gsm8k,GSM8K,Modular Norm RandOpt,100,3,-14.0,100.0,0.0,100.0,100.0
gsm8k,GSM8K,Modular Norm RandOpt,100,3,-13.9,100.0,0.0,100.0,100.0
gsm8k,GSM8K,Modular Norm RandOpt,100,3,-13.8,100.0,0.0,100.0,100.0
gsm8k,GSM8K,Modular Norm RandOpt,100,3,-13.7,100.0,0.0,100.0,100.0
gsm8k,GSM8K,Modular Norm RandOpt,100,3,-13.6,100.0,0.0,100.0,100.0
gsm8k,GSM8K,Modular Norm RandOpt,100,3,-13.5,100.0,0.0,100.0,100.0
gsm8k,GSM8K,Modular Norm RandOpt,100,3,-13.4,100.0,0.0,100.0,100.0
gsm8k,GSM8K,Modular Norm RandOpt,100,3,-13.3,100.0,0.0,100.0,100.0
gsm8k,GSM8K,Modular Norm RandOpt,100,3,-13.2,100.0,0.0,100.0,100.0
gsm8k,GSM8K,Modular Norm RandOpt,100,3,-13.1,100.0,0.0,100.0,100.0
gsm8k,GSM8K,Modular Norm RandOpt,100,3,-13.0,100.0,0.0,100.0,100.0
gsm8k,GSM8K,Modular Norm RandOpt,100,3,-12.9,100.0,0.0,100.0,100.0
gsm8k,GSM8K,Modular Norm RandOpt,100,3,-12.8,100.0,0.0,100.0,100.0
gsm8k,GSM8K,Modular Norm RandOpt,100,3,-12.7,100.0,0.0,100.0,100.0
gsm8k,GSM8K,Modular Norm RandOpt,100,3,-12.6,100.0,0.0,100.0,100.0
gsm8k,GSM8K,Modular Norm RandOpt,100,3,-12.5,100.0,0.0,100.0,100.0
gsm8k,GSM8K,Modular Norm RandOpt,100,3,-12.4,100.0,0.0,100.0,100.0
gsm8k,GSM8K,Modular Norm RandOpt,100,3,-12.3,100.0,0.0,100.0,100.0
gsm8k,GSM8K,Modular Norm RandOpt,100,3,-12.2,100.0,0.0,100.0,100.0
gsm8k,GSM8K,Modular Norm RandOpt,100,3,-12.1,100.0,0.0,100.0,100.0
gsm8k,GSM8K,Modular Norm RandOpt,100,3,-12.0,100.0,0.0,100.0,100.0
gsm8k,GSM8K,Modular Norm RandOpt,100,3,-11.9,99.66666666666667,0.5773502691896257,99.0,100.0
gsm8k,GSM8K,Modular Norm RandOpt,100,3,-11.8,99.66666666666667,0.5773502691896257,99.0,100.0
gsm8k,GSM8K,Modular Norm RandOpt,100,3,-11.7,99.66666666666667,0.5773502691896257,99.0,100.0
gsm8k,GSM8K,Modular Norm RandOpt,100,3,-11.6,99.66666666666667,0.5773502691896257,99.0,100.0
gsm8k,GSM8K,Modular Norm RandOpt,100,3,-11.5,99.66666666666667,0.5773502691896257,99.0,100.0
gsm8k,GSM8K,Modular Norm RandOpt,100,3,-11.4,99.66666666666667,0.5773502691896257,99.0,100.0
gsm8k,GSM8K,Modular Norm RandOpt,100,3,-11.3,99.66666666666667,0.5773502691896257,99.0,100.0
gsm8k,GSM8K,Modular Norm RandOpt,100,3,-11.2,99.66666666666667,0.5773502691896257,99.0,100.0
gsm8k,GSM8K,Modular Norm RandOpt,100,3,-11.1,99.66666666666667,0.5773502691896257,99.0,100.0
gsm8k,GSM8K,Modular Norm RandOpt,100,3,-11.0,99.66666666666667,0.5773502691896257,99.0,100.0
gsm8k,GSM8K,Modular Norm RandOpt,100,3,-10.899999999999999,99.66666666666667,0.5773502691896257,99.0,100.0
gsm8k,GSM8K,Modular Norm RandOpt,100,3,-10.8,99.66666666666667,0.5773502691896257,99.0,100.0
gsm8k,GSM8K,Modular Norm RandOpt,100,3,-10.7,99.66666666666667,0.5773502691896257,99.0,100.0
gsm8k,GSM8K,Modular Norm RandOpt,100,3,-10.6,99.66666666666667,0.5773502691896257,99.0,100.0
gsm8k,GSM8K,Modular Norm RandOpt,100,3,-10.5,99.66666666666667,0.5773502691896257,99.0,100.0
gsm8k,GSM8K,Modular Norm RandOpt,100,3,-10.399999999999999,99.33333333333333,0.5773502691896257,99.0,100.0
gsm8k,GSM8K,Modular Norm RandOpt,100,3,-10.3,99.33333333333333,0.5773502691896257,99.0,100.0
gsm8k,GSM8K,Modular Norm RandOpt,100,3,-10.2,99.33333333333333,0.5773502691896257,99.0,100.0
gsm8k,GSM8K,Modular Norm RandOpt,100,3,-10.1,99.33333333333333,0.5773502691896257,99.0,100.0
gsm8k,GSM8K,Modular Norm RandOpt,100,3,-10.0,99.33333333333333,0.5773502691896257,99.0,100.0
gsm8k,GSM8K,Modular Norm RandOpt,100,3,-9.899999999999999,99.33333333333333,0.5773502691896257,99.0,100.0
gsm8k,GSM8K,Modular Norm RandOpt,100,3,-9.8,99.33333333333333,0.5773502691896257,99.0,100.0
gsm8k,GSM8K,Modular Norm RandOpt,100,3,-9.7,99.33333333333333,0.5773502691896257,99.0,100.0
gsm8k,GSM8K,Modular Norm RandOpt,100,3,-9.6,99.33333333333333,0.5773502691896257,99.0,100.0
gsm8k,GSM8K,Modular Norm RandOpt,100,3,-9.5,99.33333333333333,0.5773502691896257,99.0,100.0
gsm8k,GSM8K,Modular Norm RandOpt,100,3,-9.399999999999999,99.0,0.0,99.0,99.0
gsm8k,GSM8K,Modular Norm RandOpt,100,3,-9.3,99.0,0.0,99.0,99.0
gsm8k,GSM8K,Modular Norm RandOpt,100,3,-9.2,99.0,0.0,99.0,99.0
gsm8k,GSM8K,Modular Norm RandOpt,100,3,-9.1,99.0,0.0,99.0,99.0
gsm8k,GSM8K,Modular Norm RandOpt,100,3,-9.0,99.0,0.0,99.0,99.0
gsm8k,GSM8K,Modular Norm RandOpt,100,3,-8.899999999999999,98.66666666666667,0.5773502691896257,98.0,99.0
gsm8k,GSM8K,Modular Norm RandOpt,100,3,-8.8,98.66666666666667,0.5773502691896257,98.0,99.0
gsm8k,GSM8K,Modular Norm RandOpt,100,3,-8.7,98.66666666666667,0.5773502691896257,98.0,99.0
gsm8k,GSM8K,Modular Norm RandOpt,100,3,-8.6,98.66666666666667,0.5773502691896257,98.0,99.0
gsm8k,GSM8K,Modular Norm RandOpt,100,3,-8.5,98.66666666666667,0.5773502691896257,98.0,99.0
gsm8k,GSM8K,Modular Norm RandOpt,100,3,-8.399999999999999,97.66666666666667,0.5773502691896257,97.0,98.0
gsm8k,GSM8K,Modular Norm RandOpt,100,3,-8.3,97.66666666666667,0.5773502691896257,97.0,98.0
gsm8k,GSM8K,Modular Norm RandOpt,100,3,-8.2,97.66666666666667,0.5773502691896257,97.0,98.0
gsm8k,GSM8K,Modular Norm RandOpt,100,3,-8.1,97.66666666666667,0.5773502691896257,97.0,98.0
gsm8k,GSM8K,Modular Norm RandOpt,100,3,-8.0,97.66666666666667,0.5773502691896257,97.0,98.0
gsm8k,GSM8K,Modular Norm RandOpt,100,3,-7.8999999999999995,97.33333333333333,0.5773502691896257,97.0,98.0
gsm8k,GSM8K,Modular Norm RandOpt,100,3,-7.8,97.33333333333333,0.5773502691896257,97.0,98.0
gsm8k,GSM8K,Modular Norm RandOpt,100,3,-7.699999999999999,97.33333333333333,0.5773502691896257,97.0,98.0
gsm8k,GSM8K,Modular Norm RandOpt,100,3,-7.6,97.33333333333333,0.5773502691896257,97.0,98.0
gsm8k,GSM8K,Modular Norm RandOpt,100,3,-7.5,97.33333333333333,0.5773502691896257,97.0,98.0
gsm8k,GSM8K,Modular Norm RandOpt,100,3,-7.3999999999999995,97.0,1.0,96.0,98.0
gsm8k,GSM8K,Modular Norm RandOpt,100,3,-7.3,97.0,1.0,96.0,98.0
gsm8k,GSM8K,Modular Norm RandOpt,100,3,-7.199999999999999,97.0,1.0,96.0,98.0
gsm8k,GSM8K,Modular Norm RandOpt,100,3,-7.1,97.0,1.0,96.0,98.0
gsm8k,GSM8K,Modular Norm RandOpt,100,3,-7.0,97.0,1.0,96.0,98.0
gsm8k,GSM8K,Modular Norm RandOpt,100,3,-6.9,95.66666666666667,0.5773502691896257,95.0,96.0
gsm8k,GSM8K,Modular Norm RandOpt,100,3,-6.799999999999999,95.66666666666667,0.5773502691896257,95.0,96.0
gsm8k,GSM8K,Modular Norm RandOpt,100,3,-6.699999999999999,95.66666666666667,0.5773502691896257,95.0,96.0
gsm8k,GSM8K,Modular Norm RandOpt,100,3,-6.6,95.66666666666667,0.5773502691896257,95.0,96.0
gsm8k,GSM8K,Modular Norm RandOpt,100,3,-6.5,95.66666666666667,0.5773502691896257,95.0,96.0
gsm8k,GSM8K,Modular Norm RandOpt,100,3,-6.4,94.33333333333333,1.1547005383792517,93.0,95.0
gsm8k,GSM8K,Modular Norm RandOpt,100,3,-6.299999999999999,94.33333333333333,1.1547005383792517,93.0,95.0
gsm8k,GSM8K,Modular Norm RandOpt,100,3,-6.199999999999999,94.33333333333333,1.1547005383792517,93.0,95.0
gsm8k,GSM8K,Modular Norm RandOpt,100,3,-6.1,94.33333333333333,1.1547005383792517,93.0,95.0
gsm8k,GSM8K,Modular Norm RandOpt,100,3,-6.0,94.33333333333333,1.1547005383792517,93.0,95.0
gsm8k,GSM8K,Modular Norm RandOpt,100,3,-5.9,93.33333333333333,2.0816659994661326,91.0,95.0
gsm8k,GSM8K,Modular Norm RandOpt,100,3,-5.799999999999999,93.33333333333333,2.0816659994661326,91.0,95.0
gsm8k,GSM8K,Modular Norm RandOpt,100,3,-5.699999999999999,93.33333333333333,2.0816659994661326,91.0,95.0
gsm8k,GSM8K,Modular Norm RandOpt,100,3,-5.6,93.33333333333333,2.0816659994661326,91.0,95.0
gsm8k,GSM8K,Modular Norm RandOpt,100,3,-5.5,93.33333333333333,2.0816659994661326,91.0,95.0
gsm8k,GSM8K,Modular Norm RandOpt,100,3,-5.399999999999999,92.33333333333333,2.081665999466133,90.0,94.0
gsm8k,GSM8K,Modular Norm RandOpt,100,3,-5.299999999999999,92.33333333333333,2.081665999466133,90.0,94.0
gsm8k,GSM8K,Modular Norm RandOpt,100,3,-5.199999999999999,92.33333333333333,2.081665999466133,90.0,94.0
gsm8k,GSM8K,Modular Norm RandOpt,100,3,-5.1,92.33333333333333,2.081665999466133,90.0,94.0
gsm8k,GSM8K,Modular Norm RandOpt,100,3,-5.0,92.33333333333333,2.081665999466133,90.0,94.0
gsm8k,GSM8K,Modular Norm RandOpt,100,3,-4.899999999999999,91.33333333333333,1.1547005383792517,90.0,92.0
gsm8k,GSM8K,Modular Norm RandOpt,100,3,-4.799999999999999,91.33333333333333,1.1547005383792517,90.0,92.0
gsm8k,GSM8K,Modular Norm RandOpt,100,3,-4.699999999999999,91.33333333333333,1.1547005383792517,90.0,92.0
gsm8k,GSM8K,Modular Norm RandOpt,100,3,-4.6,91.33333333333333,1.1547005383792517,90.0,92.0
gsm8k,GSM8K,Modular Norm RandOpt,100,3,-4.5,91.33333333333333,1.1547005383792517,90.0,92.0
gsm8k,GSM8K,Modular Norm RandOpt,100,3,-4.399999999999999,89.33333333333333,0.5773502691896257,89.0,90.0
gsm8k,GSM8K,Modular Norm RandOpt,100,3,-4.299999999999999,89.33333333333333,0.5773502691896257,89.0,90.0
gsm8k,GSM8K,Modular Norm RandOpt,100,3,-4.199999999999999,89.33333333333333,0.5773502691896257,89.0,90.0
gsm8k,GSM8K,Modular Norm RandOpt,100,3,-4.1,89.33333333333333,0.5773502691896257,89.0,90.0
gsm8k,GSM8K,Modular Norm RandOpt,100,3,-4.0,89.33333333333333,0.5773502691896257,89.0,90.0
gsm8k,GSM8K,Modular Norm RandOpt,100,3,-3.8999999999999986,86.66666666666667,1.5275252316519468,85.0,88.0
gsm8k,GSM8K,Modular Norm RandOpt,100,3,-3.799999999999999,86.66666666666667,1.5275252316519468,85.0,88.0
gsm8k,GSM8K,Modular Norm RandOpt,100,3,-3.6999999999999993,86.66666666666667,1.5275252316519468,85.0,88.0
gsm8k,GSM8K,Modular Norm RandOpt,100,3,-3.5999999999999996,86.66666666666667,1.5275252316519468,85.0,88.0
gsm8k,GSM8K,Modular Norm RandOpt,100,3,-3.5,86.66666666666667,1.5275252316519468,85.0,88.0
gsm8k,GSM8K,Modular Norm RandOpt,100,3,-3.3999999999999986,82.66666666666667,1.5275252316519468,81.0,84.0
gsm8k,GSM8K,Modular Norm RandOpt,100,3,-3.299999999999999,82.66666666666667,1.5275252316519468,81.0,84.0
gsm8k,GSM8K,Modular Norm RandOpt,100,3,-3.1999999999999993,82.66666666666667,1.5275252316519468,81.0,84.0
gsm8k,GSM8K,Modular Norm RandOpt,100,3,-3.0999999999999996,82.66666666666667,1.5275252316519468,81.0,84.0
gsm8k,GSM8K,Modular Norm RandOpt,100,3,-3.0,82.66666666666667,1.5275252316519468,81.0,84.0
gsm8k,GSM8K,Modular Norm RandOpt,100,3,-2.8999999999999986,80.33333333333333,3.511884584284246,77.0,84.0
gsm8k,GSM8K,Modular Norm RandOpt,100,3,-2.799999999999999,80.33333333333333,3.511884584284246,77.0,84.0
gsm8k,GSM8K,Modular Norm RandOpt,100,3,-2.6999999999999993,80.33333333333333,3.511884584284246,77.0,84.0
gsm8k,GSM8K,Modular Norm RandOpt,100,3,-2.5999999999999996,80.33333333333333,3.511884584284246,77.0,84.0
gsm8k,GSM8K,Modular Norm RandOpt,100,3,-2.5,80.33333333333333,3.511884584284246,77.0,84.0
gsm8k,GSM8K,Modular Norm RandOpt,100,3,-2.3999999999999986,75.66666666666667,3.214550253664318,72.0,78.0
gsm8k,GSM8K,Modular Norm RandOpt,100,3,-2.299999999999999,75.66666666666667,3.214550253664318,72.0,78.0
gsm8k,GSM8K,Modular Norm RandOpt,100,3,-2.1999999999999993,75.66666666666667,3.214550253664318,72.0,78.0
gsm8k,GSM8K,Modular Norm RandOpt,100,3,-2.0999999999999996,75.66666666666667,3.214550253664318,72.0,78.0
gsm8k,GSM8K,Modular Norm RandOpt,100,3,-2.0,75.66666666666667,3.214550253664318,72.0,78.0
gsm8k,GSM8K,Modular Norm RandOpt,100,3,-1.8999999999999986,70.66666666666667,1.5275252316519468,69.0,72.0
gsm8k,GSM8K,Modular Norm RandOpt,100,3,-1.799999999999999,70.66666666666667,1.5275252316519468,69.0,72.0
gsm8k,GSM8K,Modular Norm RandOpt,100,3,-1.6999999999999993,70.66666666666667,1.5275252316519468,69.0,72.0
gsm8k,GSM8K,Modular Norm RandOpt,100,3,-1.5999999999999996,70.66666666666667,1.5275252316519468,69.0,72.0
gsm8k,GSM8K,Modular Norm RandOpt,100,3,-1.5,65.33333333333333,2.5166114784235836,63.0,68.0
gsm8k,GSM8K,Modular Norm RandOpt,100,3,-1.3999999999999986,65.33333333333333,2.5166114784235836,63.0,68.0
gsm8k,GSM8K,Modular Norm RandOpt,100,3,-1.299999999999999,65.33333333333333,2.5166114784235836,63.0,68.0
gsm8k,GSM8K,Modular Norm RandOpt,100,3,-1.1999999999999993,65.33333333333333,2.5166114784235836,63.0,68.0
gsm8k,GSM8K,Modular Norm RandOpt,100,3,-1.0999999999999996,65.33333333333333,2.5166114784235836,63.0,68.0
gsm8k,GSM8K,Modular Norm RandOpt,100,3,-1.0,60.333333333333336,2.886751345948133,56.99999999999999,62.0
gsm8k,GSM8K,Modular Norm RandOpt,100,3,-0.8999999999999986,60.333333333333336,2.886751345948133,56.99999999999999,62.0
gsm8k,GSM8K,Modular Norm RandOpt,100,3,-0.7999999999999989,60.333333333333336,2.886751345948133,56.99999999999999,62.0
gsm8k,GSM8K,Modular Norm RandOpt,100,3,-0.6999999999999993,60.333333333333336,2.886751345948133,56.99999999999999,62.0
gsm8k,GSM8K,Modular Norm RandOpt,100,3,-0.5999999999999996,60.333333333333336,2.886751345948133,56.99999999999999,62.0
gsm8k,GSM8K,Modular Norm RandOpt,100,3,-0.5,54.666666666666664,2.3094010767585074,52.0,56.00000000000001
gsm8k,GSM8K,Modular Norm RandOpt,100,3,-0.3999999999999986,54.666666666666664,2.3094010767585074,52.0,56.00000000000001
gsm8k,GSM8K,Modular Norm RandOpt,100,3,-0.29999999999999893,54.666666666666664,2.3094010767585074,52.0,56.00000000000001
gsm8k,GSM8K,Modular Norm RandOpt,100,3,-0.1999999999999993,54.666666666666664,2.3094010767585074,52.0,56.00000000000001
gsm8k,GSM8K,Modular Norm RandOpt,100,3,-0.09999999999999964,54.666666666666664,2.3094010767585074,52.0,56.00000000000001
gsm8k,GSM8K,Modular Norm RandOpt,100,3,0.0,54.666666666666664,2.3094010767585074,52.0,56.00000000000001
gsm8k,GSM8K,Modular Norm RandOpt,100,3,0.10000000000000142,47.333333333333336,1.5275252316519465,46.0,49.0
gsm8k,GSM8K,Modular Norm RandOpt,100,3,0.20000000000000107,47.333333333333336,1.5275252316519465,46.0,49.0
gsm8k,GSM8K,Modular Norm RandOpt,100,3,0.3000000000000007,47.333333333333336,1.5275252316519465,46.0,49.0
gsm8k,GSM8K,Modular Norm RandOpt,100,3,0.40000000000000036,47.333333333333336,1.5275252316519465,46.0,49.0
gsm8k,GSM8K,Modular Norm RandOpt,100,3,0.5,47.333333333333336,1.5275252316519465,46.0,49.0
gsm8k,GSM8K,Modular Norm RandOpt,100,3,0.6000000000000014,42.333333333333336,1.1547005383792517,41.0,43.0
gsm8k,GSM8K,Modular Norm RandOpt,100,3,0.7000000000000011,42.333333333333336,1.1547005383792517,41.0,43.0
gsm8k,GSM8K,Modular Norm RandOpt,100,3,0.8000000000000007,42.333333333333336,1.1547005383792517,41.0,43.0
gsm8k,GSM8K,Modular Norm RandOpt,100,3,0.9000000000000004,42.333333333333336,1.1547005383792517,41.0,43.0
gsm8k,GSM8K,Modular Norm RandOpt,100,3,1.0,42.333333333333336,1.1547005383792517,41.0,43.0
gsm8k,GSM8K,Modular Norm RandOpt,100,3,1.1000000000000014,38.0,3.605551275463989,34.0,41.0
gsm8k,GSM8K,Modular Norm RandOpt,100,3,1.1999999999999993,38.0,3.605551275463989,34.0,41.0
gsm8k,GSM8K,Modular Norm RandOpt,100,3,1.3000000000000007,38.0,3.605551275463989,34.0,41.0
gsm8k,GSM8K,Modular Norm RandOpt,100,3,1.4000000000000021,38.0,3.605551275463989,34.0,41.0
gsm8k,GSM8K,Modular Norm RandOpt,100,3,1.5,38.0,3.605551275463989,34.0,41.0
gsm8k,GSM8K,Modular Norm RandOpt,100,3,1.6000000000000014,29.666666666666668,3.785938897200182,27.0,34.0
gsm8k,GSM8K,Modular Norm RandOpt,100,3,1.6999999999999993,29.666666666666668,3.785938897200182,27.0,34.0
gsm8k,GSM8K,Modular Norm RandOpt,100,3,1.8000000000000007,29.666666666666668,3.785938897200182,27.0,34.0
gsm8k,GSM8K,Modular Norm RandOpt,100,3,1.9000000000000021,29.666666666666668,3.785938897200182,27.0,34.0
gsm8k,GSM8K,Modular Norm RandOpt,100,3,2.0,29.666666666666668,3.785938897200182,27.0,34.0
gsm8k,GSM8K,Modular Norm RandOpt,100,3,2.1000000000000014,24.0,1.0,23.0,25.0
gsm8k,GSM8K,Modular Norm RandOpt,100,3,2.1999999999999993,24.0,1.0,23.0,25.0
gsm8k,GSM8K,Modular Norm RandOpt,100,3,2.3000000000000007,24.0,1.0,23.0,25.0
gsm8k,GSM8K,Modular Norm RandOpt,100,3,2.400000000000002,24.0,1.0,23.0,25.0
gsm8k,GSM8K,Modular Norm RandOpt,100,3,2.5,24.0,1.0,23.0,25.0
gsm8k,GSM8K,Modular Norm RandOpt,100,3,2.6000000000000014,19.333333333333332,2.5166114784235836,17.0,22.0
gsm8k,GSM8K,Modular Norm RandOpt,100,3,2.6999999999999993,19.333333333333332,2.5166114784235836,17.0,22.0
gsm8k,GSM8K,Modular Norm RandOpt,100,3,2.8000000000000007,19.333333333333332,2.5166114784235836,17.0,22.0
gsm8k,GSM8K,Modular Norm RandOpt,100,3,2.900000000000002,19.333333333333332,2.5166114784235836,17.0,22.0
gsm8k,GSM8K,Modular Norm RandOpt,100,3,3.0,19.333333333333332,2.5166114784235836,17.0,22.0
gsm8k,GSM8K,Modular Norm RandOpt,100,3,3.1000000000000014,15.0,0.9999999999999991,14.000000000000002,16.0
gsm8k,GSM8K,Modular Norm RandOpt,100,3,3.1999999999999993,15.0,0.9999999999999991,14.000000000000002,16.0
gsm8k,GSM8K,Modular Norm RandOpt,100,3,3.3000000000000007,15.0,0.9999999999999991,14.000000000000002,16.0
gsm8k,GSM8K,Modular Norm RandOpt,100,3,3.400000000000002,15.0,0.9999999999999991,14.000000000000002,16.0
gsm8k,GSM8K,Modular Norm RandOpt,100,3,3.5,15.0,0.9999999999999991,14.000000000000002,16.0
gsm8k,GSM8K,Modular Norm RandOpt,100,3,3.6000000000000014,11.666666666666666,2.0816659994661335,10.0,14.000000000000002
gsm8k,GSM8K,Modular Norm RandOpt,100,3,3.6999999999999993,11.666666666666666,2.0816659994661335,10.0,14.000000000000002
gsm8k,GSM8K,Modular Norm RandOpt,100,3,3.8000000000000007,11.666666666666666,2.0816659994661335,10.0,14.000000000000002
gsm8k,GSM8K,Modular Norm RandOpt,100,3,3.900000000000002,11.666666666666666,2.0816659994661335,10.0,14.000000000000002
gsm8k,GSM8K,Modular Norm RandOpt,100,3,4.0,11.666666666666666,2.0816659994661335,10.0,14.000000000000002
gsm8k,GSM8K,Modular Norm RandOpt,100,3,4.100000000000001,9.0,1.0,8.0,10.0
gsm8k,GSM8K,Modular Norm RandOpt,100,3,4.200000000000003,9.0,1.0,8.0,10.0
gsm8k,GSM8K,Modular Norm RandOpt,100,3,4.300000000000001,9.0,1.0,8.0,10.0
gsm8k,GSM8K,Modular Norm RandOpt,100,3,4.400000000000002,9.0,1.0,8.0,10.0
gsm8k,GSM8K,Modular Norm RandOpt,100,3,4.5,9.0,1.0,8.0,10.0
gsm8k,GSM8K,Modular Norm RandOpt,100,3,4.600000000000001,6.666666666666667,1.5275252316519468,5.0,8.0
gsm8k,GSM8K,Modular Norm RandOpt,100,3,4.700000000000003,6.666666666666667,1.5275252316519468,5.0,8.0
gsm8k,GSM8K,Modular Norm RandOpt,100,3,4.800000000000001,6.666666666666667,1.5275252316519468,5.0,8.0
gsm8k,GSM8K,Modular Norm RandOpt,100,3,4.900000000000002,6.666666666666667,1.5275252316519468,5.0,8.0
gsm8k,GSM8K,Modular Norm RandOpt,100,3,5.0,6.666666666666667,1.5275252316519468,5.0,8.0
gsm8k,GSM8K,Modular Norm RandOpt,100,3,5.100000000000001,4.333333333333333,1.1547005383792517,3.0,5.0
gsm8k,GSM8K,Modular Norm RandOpt,100,3,5.200000000000003,4.333333333333333,1.1547005383792517,3.0,5.0
gsm8k,GSM8K,Modular Norm RandOpt,100,3,5.300000000000001,4.333333333333333,1.1547005383792517,3.0,5.0
gsm8k,GSM8K,Modular Norm RandOpt,100,3,5.400000000000002,4.333333333333333,1.1547005383792517,3.0,5.0
gsm8k,GSM8K,Modular Norm RandOpt,100,3,5.5,4.333333333333333,1.1547005383792517,3.0,5.0
gsm8k,GSM8K,Modular Norm RandOpt,100,3,5.600000000000001,3.6666666666666665,1.1547005383792515,3.0,5.0
gsm8k,GSM8K,Modular Norm RandOpt,100,3,5.700000000000003,3.6666666666666665,1.1547005383792515,3.0,5.0
gsm8k,GSM8K,Modular Norm RandOpt,100,3,5.800000000000001,3.6666666666666665,1.1547005383792515,3.0,5.0
gsm8k,GSM8K,Modular Norm RandOpt,100,3,5.900000000000002,3.6666666666666665,1.1547005383792515,3.0,5.0
gsm8k,GSM8K,Modular Norm RandOpt,100,3,6.0,3.6666666666666665,1.1547005383792515,3.0,5.0
gsm8k,GSM8K,Modular Norm RandOpt,100,3,6.100000000000001,3.0,1.0,2.0,4.0
gsm8k,GSM8K,Modular Norm RandOpt,100,3,6.200000000000003,3.0,1.0,2.0,4.0
gsm8k,GSM8K,Modular Norm RandOpt,100,3,6.300000000000001,3.0,1.0,2.0,4.0
gsm8k,GSM8K,Modular Norm RandOpt,100,3,6.400000000000002,3.0,1.0,2.0,4.0
gsm8k,GSM8K,Modular Norm RandOpt,100,3,6.5,3.0,1.0,2.0,4.0
gsm8k,GSM8K,Modular Norm RandOpt,100,3,6.600000000000001,2.3333333333333335,0.5773502691896258,2.0,3.0
gsm8k,GSM8K,Modular Norm RandOpt,100,3,6.700000000000003,2.3333333333333335,0.5773502691896258,2.0,3.0
gsm8k,GSM8K,Modular Norm RandOpt,100,3,6.800000000000001,2.3333333333333335,0.5773502691896258,2.0,3.0
gsm8k,GSM8K,Modular Norm RandOpt,100,3,6.900000000000002,2.3333333333333335,0.5773502691896258,2.0,3.0
gsm8k,GSM8K,Modular Norm RandOpt,100,3,7.0,2.3333333333333335,0.5773502691896258,2.0,3.0
gsm8k,GSM8K,Modular Norm RandOpt,100,3,7.100000000000001,2.0,0.0,2.0,2.0
gsm8k,GSM8K,Modular Norm RandOpt,100,3,7.200000000000003,2.0,0.0,2.0,2.0
gsm8k,GSM8K,Modular Norm RandOpt,100,3,7.300000000000001,2.0,0.0,2.0,2.0
gsm8k,GSM8K,Modular Norm RandOpt,100,3,7.400000000000002,2.0,0.0,2.0,2.0
gsm8k,GSM8K,Modular Norm RandOpt,100,3,7.5,2.0,0.0,2.0,2.0
gsm8k,GSM8K,Modular Norm RandOpt,100,3,7.600000000000001,0.6666666666666666,1.1547005383792517,0.0,2.0
gsm8k,GSM8K,Modular Norm RandOpt,100,3,7.700000000000003,0.6666666666666666,1.1547005383792517,0.0,2.0
gsm8k,GSM8K,Modular Norm RandOpt,100,3,7.800000000000001,0.6666666666666666,1.1547005383792517,0.0,2.0
gsm8k,GSM8K,Modular Norm RandOpt,100,3,7.900000000000002,0.6666666666666666,1.1547005383792517,0.0,2.0
gsm8k,GSM8K,Modular Norm RandOpt,100,3,8.0,0.6666666666666666,1.1547005383792517,0.0,2.0
gsm8k,GSM8K,Modular Norm RandOpt,100,3,8.100000000000001,0.3333333333333333,0.5773502691896258,0.0,1.0
gsm8k,GSM8K,Modular Norm RandOpt,100,3,8.200000000000003,0.3333333333333333,0.5773502691896258,0.0,1.0
gsm8k,GSM8K,Modular Norm RandOpt,100,3,8.3,0.3333333333333333,0.5773502691896258,0.0,1.0
gsm8k,GSM8K,Modular Norm RandOpt,100,3,8.400000000000002,0.3333333333333333,0.5773502691896258,0.0,1.0
gsm8k,GSM8K,Modular Norm RandOpt,100,3,8.5,0.3333333333333333,0.5773502691896258,0.0,1.0
gsm8k,GSM8K,Modular Norm RandOpt,100,3,8.600000000000001,0.3333333333333333,0.5773502691896258,0.0,1.0
gsm8k,GSM8K,Modular Norm RandOpt,100,3,8.700000000000003,0.3333333333333333,0.5773502691896258,0.0,1.0
gsm8k,GSM8K,Modular Norm RandOpt,100,3,8.8,0.3333333333333333,0.5773502691896258,0.0,1.0
gsm8k,GSM8K,Modular Norm RandOpt,100,3,8.900000000000002,0.3333333333333333,0.5773502691896258,0.0,1.0
gsm8k,GSM8K,Modular Norm RandOpt,100,3,9.0,0.3333333333333333,0.5773502691896258,0.0,1.0
gsm8k,GSM8K,Modular Norm RandOpt,100,3,9.100000000000001,0.0,0.0,0.0,0.0
gsm8k,GSM8K,Modular Norm RandOpt,100,3,9.200000000000003,0.0,0.0,0.0,0.0
gsm8k,GSM8K,Modular Norm RandOpt,100,3,9.3,0.0,0.0,0.0,0.0
gsm8k,GSM8K,Modular Norm RandOpt,100,3,9.400000000000002,0.0,0.0,0.0,0.0
gsm8k,GSM8K,Modular Norm RandOpt,100,3,9.5,0.0,0.0,0.0,0.0
gsm8k,GSM8K,Modular Norm RandOpt,100,3,9.600000000000001,0.0,0.0,0.0,0.0
gsm8k,GSM8K,Modular Norm RandOpt,100,3,9.700000000000003,0.0,0.0,0.0,0.0
gsm8k,GSM8K,Modular Norm RandOpt,100,3,9.8,0.0,0.0,0.0,0.0
gsm8k,GSM8K,Modular Norm RandOpt,100,3,9.900000000000002,0.0,0.0,0.0,0.0
gsm8k,GSM8K,Modular Norm RandOpt,100,3,10.0,0.0,0.0,0.0,0.0
gsm8k,GSM8K,Modular Norm RandOpt,100,3,10.100000000000001,0.0,0.0,0.0,0.0
gsm8k,GSM8K,Modular Norm RandOpt,100,3,10.200000000000003,0.0,0.0,0.0,0.0
gsm8k,GSM8K,Modular Norm RandOpt,100,3,10.3,0.0,0.0,0.0,0.0
gsm8k,GSM8K,Modular Norm RandOpt,100,3,10.400000000000002,0.0,0.0,0.0,0.0
gsm8k,GSM8K,Modular Norm RandOpt,100,3,10.5,0.0,0.0,0.0,0.0
gsm8k,GSM8K,Modular Norm RandOpt,100,3,10.600000000000001,0.0,0.0,0.0,0.0
gsm8k,GSM8K,Modular Norm RandOpt,100,3,10.700000000000003,0.0,0.0,0.0,0.0
gsm8k,GSM8K,Modular Norm RandOpt,100,3,10.8,0.0,0.0,0.0,0.0
gsm8k,GSM8K,Modular Norm RandOpt,100,3,10.900000000000002,0.0,0.0,0.0,0.0
gsm8k,GSM8K,Modular Norm RandOpt,100,3,11.0,0.0,0.0,0.0,0.0
gsm8k,GSM8K,Modular Norm RandOpt,100,3,11.100000000000001,0.0,0.0,0.0,0.0
gsm8k,GSM8K,Modular Norm RandOpt,100,3,11.200000000000003,0.0,0.0,0.0,0.0
gsm8k,GSM8K,Modular Norm RandOpt,100,3,11.3,0.0,0.0,0.0,0.0
gsm8k,GSM8K,Modular Norm RandOpt,100,3,11.400000000000002,0.0,0.0,0.0,0.0
gsm8k,GSM8K,Modular Norm RandOpt,100,3,11.5,0.0,0.0,0.0,0.0
gsm8k,GSM8K,Modular Norm RandOpt,100,3,11.600000000000001,0.0,0.0,0.0,0.0
gsm8k,GSM8K,Modular Norm RandOpt,100,3,11.700000000000003,0.0,0.0,0.0,0.0
gsm8k,GSM8K,Modular Norm RandOpt,100,3,11.8,0.0,0.0,0.0,0.0
gsm8k,GSM8K,Modular Norm RandOpt,100,3,11.900000000000002,0.0,0.0,0.0,0.0
gsm8k,GSM8K,Modular Norm RandOpt,100,3,12.0,0.0,0.0,0.0,0.0
gsm8k,GSM8K,Modular Norm RandOpt,100,3,12.100000000000001,0.0,0.0,0.0,0.0
gsm8k,GSM8K,Modular Norm RandOpt,100,3,12.200000000000003,0.0,0.0,0.0,0.0
gsm8k,GSM8K,Modular Norm RandOpt,100,3,12.3,0.0,0.0,0.0,0.0
gsm8k,GSM8K,Modular Norm RandOpt,100,3,12.400000000000002,0.0,0.0,0.0,0.0
gsm8k,GSM8K,Modular Norm RandOpt,100,3,12.5,0.0,0.0,0.0,0.0
gsm8k,GSM8K,Modular Norm RandOpt,100,3,12.600000000000001,0.0,0.0,0.0,0.0
gsm8k,GSM8K,Modular Norm RandOpt,100,3,12.700000000000003,0.0,0.0,0.0,0.0
gsm8k,GSM8K,Modular Norm RandOpt,100,3,12.8,0.0,0.0,0.0,0.0
gsm8k,GSM8K,Modular Norm RandOpt,100,3,12.900000000000002,0.0,0.0,0.0,0.0
gsm8k,GSM8K,Modular Norm RandOpt,100,3,13.0,0.0,0.0,0.0,0.0
gsm8k,GSM8K,Modular Norm RandOpt,100,3,13.100000000000001,0.0,0.0,0.0,0.0
gsm8k,GSM8K,Modular Norm RandOpt,100,3,13.200000000000003,0.0,0.0,0.0,0.0
gsm8k,GSM8K,Modular Norm RandOpt,100,3,13.3,0.0,0.0,0.0,0.0
gsm8k,GSM8K,Modular Norm RandOpt,100,3,13.400000000000002,0.0,0.0,0.0,0.0
gsm8k,GSM8K,Modular Norm RandOpt,100,3,13.5,0.0,0.0,0.0,0.0
gsm8k,GSM8K,Modular Norm RandOpt,100,3,13.600000000000001,0.0,0.0,0.0,0.0
gsm8k,GSM8K,Modular Norm RandOpt,100,3,13.700000000000003,0.0,0.0,0.0,0.0
gsm8k,GSM8K,Modular Norm RandOpt,100,3,13.8,0.0,0.0,0.0,0.0
gsm8k,GSM8K,Modular Norm RandOpt,100,3,13.900000000000002,0.0,0.0,0.0,0.0
gsm8k,GSM8K,Modular Norm RandOpt,100,3,14.0,0.0,0.0,0.0,0.0
gsm8k,GSM8K,Modular Norm RandOpt,100,3,14.100000000000001,0.0,0.0,0.0,0.0
gsm8k,GSM8K,Modular Norm RandOpt,100,3,14.200000000000003,0.0,0.0,0.0,0.0
gsm8k,GSM8K,Modular Norm RandOpt,100,3,14.3,0.0,0.0,0.0,0.0
gsm8k,GSM8K,Modular Norm RandOpt,100,3,14.400000000000002,0.0,0.0,0.0,0.0
gsm8k,GSM8K,Modular Norm RandOpt,100,3,14.5,0.0,0.0,0.0,0.0
gsm8k,GSM8K,Modular Norm RandOpt,100,3,14.600000000000001,0.0,0.0,0.0,0.0
gsm8k,GSM8K,Modular Norm RandOpt,100,3,14.700000000000003,0.0,0.0,0.0,0.0
gsm8k,GSM8K,Modular Norm RandOpt,100,3,14.8,0.0,0.0,0.0,0.0
gsm8k,GSM8K,Modular Norm RandOpt,100,3,14.900000000000002,0.0,0.0,0.0,0.0
gsm8k,GSM8K,Modular Norm RandOpt,100,3,15.0,0.0,0.0,0.0,0.0
mbpp,MBPP,RandOpt,100,3,-7.5,100.0,0.0,100.0,100.0
mbpp,MBPP,RandOpt,100,3,-7.441666666666666,100.0,0.0,100.0,100.0
mbpp,MBPP,RandOpt,100,3,-7.383333333333334,100.0,0.0,100.0,100.0
mbpp,MBPP,RandOpt,100,3,-7.325,100.0,0.0,100.0,100.0
mbpp,MBPP,RandOpt,100,3,-7.266666666666667,100.0,0.0,100.0,100.0
mbpp,MBPP,RandOpt,100,3,-7.208333333333333,100.0,0.0,100.0,100.0
mbpp,MBPP,RandOpt,100,3,-7.15,100.0,0.0,100.0,100.0
mbpp,MBPP,RandOpt,100,3,-7.091666666666667,100.0,0.0,100.0,100.0
mbpp,MBPP,RandOpt,100,3,-7.033333333333333,100.0,0.0,100.0,100.0
mbpp,MBPP,RandOpt,100,3,-6.975,100.0,0.0,100.0,100.0
mbpp,MBPP,RandOpt,100,3,-6.916666666666667,100.0,0.0,100.0,100.0
mbpp,MBPP,RandOpt,100,3,-6.858333333333333,100.0,0.0,100.0,100.0
mbpp,MBPP,RandOpt,100,3,-6.8,100.0,0.0,100.0,100.0
mbpp,MBPP,RandOpt,100,3,-6.741666666666667,100.0,0.0,100.0,100.0
mbpp,MBPP,RandOpt,100,3,-6.683333333333334,100.0,0.0,100.0,100.0
mbpp,MBPP,RandOpt,100,3,-6.625,100.0,0.0,100.0,100.0
mbpp,MBPP,RandOpt,100,3,-6.566666666666666,100.0,0.0,100.0,100.0
mbpp,MBPP,RandOpt,100,3,-6.508333333333333,100.0,0.0,100.0,100.0
mbpp,MBPP,RandOpt,100,3,-6.45,100.0,0.0,100.0,100.0
mbpp,MBPP,RandOpt,100,3,-6.391666666666667,100.0,0.0,100.0,100.0
mbpp,MBPP,RandOpt,100,3,-6.333333333333333,100.0,0.0,100.0,100.0
mbpp,MBPP,RandOpt,100,3,-6.275,100.0,0.0,100.0,100.0
mbpp,MBPP,RandOpt,100,3,-6.216666666666667,100.0,0.0,100.0,100.0
mbpp,MBPP,RandOpt,100,3,-6.158333333333333,100.0,0.0,100.0,100.0
mbpp,MBPP,RandOpt,100,3,-6.1,100.0,0.0,100.0,100.0
mbpp,MBPP,RandOpt,100,3,-6.041666666666667,100.0,0.0,100.0,100.0
mbpp,MBPP,RandOpt,100,3,-5.983333333333333,100.0,0.0,100.0,100.0
mbpp,MBPP,RandOpt,100,3,-5.925,100.0,0.0,100.0,100.0
mbpp,MBPP,RandOpt,100,3,-5.866666666666667,100.0,0.0,100.0,100.0
mbpp,MBPP,RandOpt,100,3,-5.808333333333334,100.0,0.0,100.0,100.0
mbpp,MBPP,RandOpt,100,3,-5.75,100.0,0.0,100.0,100.0
mbpp,MBPP,RandOpt,100,3,-5.691666666666666,100.0,0.0,100.0,100.0
mbpp,MBPP,RandOpt,100,3,-5.633333333333333,100.0,0.0,100.0,100.0
mbpp,MBPP,RandOpt,100,3,-5.575,100.0,0.0,100.0,100.0
mbpp,MBPP,RandOpt,100,3,-5.516666666666667,100.0,0.0,100.0,100.0
mbpp,MBPP,RandOpt,100,3,-5.458333333333334,100.0,0.0,100.0,100.0
mbpp,MBPP,RandOpt,100,3,-5.4,100.0,0.0,100.0,100.0
mbpp,MBPP,RandOpt,100,3,-5.341666666666667,100.0,0.0,100.0,100.0
mbpp,MBPP,RandOpt,100,3,-5.283333333333333,100.0,0.0,100.0,100.0
mbpp,MBPP,RandOpt,100,3,-5.225,100.0,0.0,100.0,100.0
mbpp,MBPP,RandOpt,100,3,-5.166666666666666,100.0,0.0,100.0,100.0
mbpp,MBPP,RandOpt,100,3,-5.108333333333333,100.0,0.0,100.0,100.0
mbpp,MBPP,RandOpt,100,3,-5.05,100.0,0.0,100.0,100.0
mbpp,MBPP,RandOpt,100,3,-4.991666666666667,100.0,0.0,100.0,100.0
mbpp,MBPP,RandOpt,100,3,-4.933333333333334,100.0,0.0,100.0,100.0
mbpp,MBPP,RandOpt,100,3,-4.875,100.0,0.0,100.0,100.0
mbpp,MBPP,RandOpt,100,3,-4.816666666666666,100.0,0.0,100.0,100.0
mbpp,MBPP,RandOpt,100,3,-4.758333333333333,100.0,0.0,100.0,100.0
mbpp,MBPP,RandOpt,100,3,-4.7,100.0,0.0,100.0,100.0
mbpp,MBPP,RandOpt,100,3,-4.641666666666667,100.0,0.0,100.0,100.0
mbpp,MBPP,RandOpt,100,3,-4.583333333333334,100.0,0.0,100.0,100.0
mbpp,MBPP,RandOpt,100,3,-4.525,100.0,0.0,100.0,100.0
mbpp,MBPP,RandOpt,100,3,-4.466666666666667,100.0,0.0,100.0,100.0
mbpp,MBPP,RandOpt,100,3,-4.408333333333333,100.0,0.0,100.0,100.0
mbpp,MBPP,RandOpt,100,3,-4.35,100.0,0.0,100.0,100.0
mbpp,MBPP,RandOpt,100,3,-4.291666666666666,100.0,0.0,100.0,100.0
mbpp,MBPP,RandOpt,100,3,-4.233333333333333,100.0,0.0,100.0,100.0
mbpp,MBPP,RandOpt,100,3,-4.175,100.0,0.0,100.0,100.0
mbpp,MBPP,RandOpt,100,3,-4.116666666666667,100.0,0.0,100.0,100.0
mbpp,MBPP,RandOpt,100,3,-4.058333333333334,100.0,0.0,100.0,100.0
mbpp,MBPP,RandOpt,100,3,-4.0,100.0,0.0,100.0,100.0
mbpp,MBPP,RandOpt,100,3,-3.9416666666666664,99.66666666666667,0.5773502691896257,99.0,100.0
mbpp,MBPP,RandOpt,100,3,-3.8833333333333333,99.66666666666667,0.5773502691896257,99.0,100.0
mbpp,MBPP,RandOpt,100,3,-3.8249999999999997,99.66666666666667,0.5773502691896257,99.0,100.0
mbpp,MBPP,RandOpt,100,3,-3.7666666666666666,99.66666666666667,0.5773502691896257,99.0,100.0
mbpp,MBPP,RandOpt,100,3,-3.7083333333333335,99.66666666666667,0.5773502691896257,99.0,100.0
mbpp,MBPP,RandOpt,100,3,-3.65,99.66666666666667,0.5773502691896257,99.0,100.0
mbpp,MBPP,RandOpt,100,3,-3.591666666666667,99.66666666666667,0.5773502691896257,99.0,100.0
mbpp,MBPP,RandOpt,100,3,-3.533333333333333,99.66666666666667,0.5773502691896257,99.0,100.0
mbpp,MBPP,RandOpt,100,3,-3.4749999999999996,99.33333333333333,0.5773502691896257,99.0,100.0
mbpp,MBPP,RandOpt,100,3,-3.416666666666667,99.33333333333333,0.5773502691896257,99.0,100.0
mbpp,MBPP,RandOpt,100,3,-3.3583333333333334,99.33333333333333,0.5773502691896257,99.0,100.0
mbpp,MBPP,RandOpt,100,3,-3.3,99.33333333333333,0.5773502691896257,99.0,100.0
mbpp,MBPP,RandOpt,100,3,-3.2416666666666663,99.33333333333333,0.5773502691896257,99.0,100.0
mbpp,MBPP,RandOpt,100,3,-3.1833333333333336,99.33333333333333,0.5773502691896257,99.0,100.0
mbpp,MBPP,RandOpt,100,3,-3.125,99.33333333333333,0.5773502691896257,99.0,100.0
mbpp,MBPP,RandOpt,100,3,-3.0666666666666664,99.33333333333333,0.5773502691896257,99.0,100.0
mbpp,MBPP,RandOpt,100,3,-3.008333333333333,99.33333333333333,0.5773502691896257,99.0,100.0
mbpp,MBPP,RandOpt,100,3,-2.95,97.66666666666667,0.5773502691896257,97.0,98.0
mbpp,MBPP,RandOpt,100,3,-2.8916666666666666,97.66666666666667,0.5773502691896257,97.0,98.0
mbpp,MBPP,RandOpt,100,3,-2.833333333333333,97.66666666666667,0.5773502691896257,97.0,98.0
mbpp,MBPP,RandOpt,100,3,-2.7750000000000004,97.66666666666667,0.5773502691896257,97.0,98.0
mbpp,MBPP,RandOpt,100,3,-2.716666666666667,97.66666666666667,0.5773502691896257,97.0,98.0
mbpp,MBPP,RandOpt,100,3,-2.658333333333333,97.66666666666667,0.5773502691896257,97.0,98.0
mbpp,MBPP,RandOpt,100,3,-2.5999999999999996,97.66666666666667,0.5773502691896257,97.0,98.0
mbpp,MBPP,RandOpt,100,3,-2.541666666666667,97.66666666666667,0.5773502691896257,97.0,98.0
mbpp,MBPP,RandOpt,100,3,-2.4833333333333334,96.66666666666667,0.5773502691896257,96.0,97.0
mbpp,MBPP,RandOpt,100,3,-2.425,96.66666666666667,0.5773502691896257,96.0,97.0
mbpp,MBPP,RandOpt,100,3,-2.3666666666666663,96.66666666666667,0.5773502691896257,96.0,97.0
mbpp,MBPP,RandOpt,100,3,-2.3083333333333336,96.66666666666667,0.5773502691896257,96.0,97.0
mbpp,MBPP,RandOpt,100,3,-2.25,96.66666666666667,0.5773502691896257,96.0,97.0
mbpp,MBPP,RandOpt,100,3,-2.1916666666666664,96.66666666666667,0.5773502691896257,96.0,97.0
mbpp,MBPP,RandOpt,100,3,-2.133333333333333,96.66666666666667,0.5773502691896257,96.0,97.0
mbpp,MBPP,RandOpt,100,3,-2.075,96.66666666666667,0.5773502691896257,96.0,97.0
mbpp,MBPP,RandOpt,100,3,-2.0166666666666666,96.66666666666667,0.5773502691896257,96.0,97.0
mbpp,MBPP,RandOpt,100,3,-1.958333333333333,93.33333333333333,2.081665999466133,91.0,95.0
mbpp,MBPP,RandOpt,100,3,-1.9000000000000004,93.33333333333333,2.081665999466133,91.0,95.0
mbpp,MBPP,RandOpt,100,3,-1.8416666666666668,93.33333333333333,2.081665999466133,91.0,95.0
mbpp,MBPP,RandOpt,100,3,-1.7833333333333332,93.33333333333333,2.081665999466133,91.0,95.0
mbpp,MBPP,RandOpt,100,3,-1.7249999999999996,93.33333333333333,2.081665999466133,91.0,95.0
mbpp,MBPP,RandOpt,100,3,-1.666666666666667,93.33333333333333,2.081665999466133,91.0,95.0
mbpp,MBPP,RandOpt,100,3,-1.6083333333333334,93.33333333333333,2.081665999466133,91.0,95.0
mbpp,MBPP,RandOpt,100,3,-1.5499999999999998,93.33333333333333,2.081665999466133,91.0,95.0
mbpp,MBPP,RandOpt,100,3,-1.4916666666666663,89.0,2.6457513110645907,86.0,91.0
mbpp,MBPP,RandOpt,100,3,-1.4333333333333336,89.0,2.6457513110645907,86.0,91.0
mbpp,MBPP,RandOpt,100,3,-1.375,89.0,2.6457513110645907,86.0,91.0
mbpp,MBPP,RandOpt,100,3,-1.3166666666666664,89.0,2.6457513110645907,86.0,91.0
mbpp,MBPP,RandOpt,100,3,-1.2583333333333329,89.0,2.6457513110645907,86.0,91.0
mbpp,MBPP,RandOpt,100,3,-1.2000000000000002,89.0,2.6457513110645907,86.0,91.0
mbpp,MBPP,RandOpt,100,3,-1.1416666666666666,89.0,2.6457513110645907,86.0,91.0
mbpp,MBPP,RandOpt,100,3,-1.083333333333333,89.0,2.6457513110645907,86.0,91.0
mbpp,MBPP,RandOpt,100,3,-1.0249999999999995,89.0,2.6457513110645907,86.0,91.0
mbpp,MBPP,RandOpt,100,3,-0.9666666666666668,84.0,3.605551275463989,80.0,87.0
mbpp,MBPP,RandOpt,100,3,-0.9083333333333332,84.0,3.605551275463989,80.0,87.0
mbpp,MBPP,RandOpt,100,3,-0.8499999999999996,84.0,3.605551275463989,80.0,87.0
mbpp,MBPP,RandOpt,100,3,-0.791666666666667,84.0,3.605551275463989,80.0,87.0
mbpp,MBPP,RandOpt,100,3,-0.7333333333333334,84.0,3.605551275463989,80.0,87.0
mbpp,MBPP,RandOpt,100,3,-0.6749999999999998,84.0,3.605551275463989,80.0,87.0
mbpp,MBPP,RandOpt,100,3,-0.6166666666666663,84.0,3.605551275463989,80.0,87.0
mbpp,MBPP,RandOpt,100,3,-0.5583333333333336,84.0,3.605551275463989,80.0,87.0
mbpp,MBPP,RandOpt,100,3,-0.5,80.33333333333333,3.055050463303893,77.0,83.0
mbpp,MBPP,RandOpt,100,3,-0.44166666666666643,80.33333333333333,3.055050463303893,77.0,83.0
mbpp,MBPP,RandOpt,100,3,-0.38333333333333286,80.33333333333333,3.055050463303893,77.0,83.0
mbpp,MBPP,RandOpt,100,3,-0.3250000000000002,80.33333333333333,3.055050463303893,77.0,83.0
mbpp,MBPP,RandOpt,100,3,-0.2666666666666666,80.33333333333333,3.055050463303893,77.0,83.0
mbpp,MBPP,RandOpt,100,3,-0.20833333333333304,80.33333333333333,3.055050463303893,77.0,83.0
mbpp,MBPP,RandOpt,100,3,-0.14999999999999947,80.33333333333333,3.055050463303893,77.0,83.0
mbpp,MBPP,RandOpt,100,3,-0.09166666666666679,80.33333333333333,3.055050463303893,77.0,83.0
mbpp,MBPP,RandOpt,100,3,-0.033333333333333215,80.33333333333333,3.055050463303893,77.0,83.0
mbpp,MBPP,RandOpt,100,3,0.025000000000000355,71.0,6.082762530298219,64.0,75.0
mbpp,MBPP,RandOpt,100,3,0.08333333333333304,71.0,6.082762530298219,64.0,75.0
mbpp,MBPP,RandOpt,100,3,0.1416666666666666,71.0,6.082762530298219,64.0,75.0
mbpp,MBPP,RandOpt,100,3,0.20000000000000018,71.0,6.082762530298219,64.0,75.0
mbpp,MBPP,RandOpt,100,3,0.25833333333333375,71.0,6.082762530298219,64.0,75.0
mbpp,MBPP,RandOpt,100,3,0.31666666666666643,71.0,6.082762530298219,64.0,75.0
mbpp,MBPP,RandOpt,100,3,0.375,71.0,6.082762530298219,64.0,75.0
mbpp,MBPP,RandOpt,100,3,0.43333333333333357,71.0,6.082762530298219,64.0,75.0
mbpp,MBPP,RandOpt,100,3,0.49166666666666714,71.0,6.082762530298219,64.0,75.0
mbpp,MBPP,RandOpt,100,3,0.5500000000000007,61.0,4.0000000000000036,56.99999999999999,65.0
mbpp,MBPP,RandOpt,100,3,0.6083333333333343,61.0,4.0000000000000036,56.99999999999999,65.0
mbpp,MBPP,RandOpt,100,3,0.6666666666666661,61.0,4.0000000000000036,56.99999999999999,65.0
mbpp,MBPP,RandOpt,100,3,0.7249999999999996,61.0,4.0000000000000036,56.99999999999999,65.0
mbpp,MBPP,RandOpt,100,3,0.7833333333333332,61.0,4.0000000000000036,56.99999999999999,65.0
mbpp,MBPP,RandOpt,100,3,0.8416666666666668,61.0,4.0000000000000036,56.99999999999999,65.0
mbpp,MBPP,RandOpt,100,3,0.9000000000000004,61.0,4.0000000000000036,56.99999999999999,65.0
mbpp,MBPP,RandOpt,100,3,0.9583333333333339,61.0,4.0000000000000036,56.99999999999999,65.0
mbpp,MBPP,RandOpt,100,3,1.0166666666666675,50.0,3.0,47.0,53.0
mbpp,MBPP,RandOpt,100,3,1.0749999999999993,50.0,3.0,47.0,53.0
mbpp,MBPP,RandOpt,100,3,1.1333333333333329,50.0,3.0,47.0,53.0
mbpp,MBPP,RandOpt,100,3,1.1916666666666664,50.0,3.0,47.0,53.0
mbpp,MBPP,RandOpt,100,3,1.25,50.0,3.0,47.0,53.0
mbpp,MBPP,RandOpt,100,3,1.3083333333333336,50.0,3.0,47.0,53.0
mbpp,MBPP,RandOpt,100,3,1.3666666666666671,50.0,3.0,47.0,53.0
mbpp,MBPP,RandOpt,100,3,1.4250000000000007,50.0,3.0,47.0,53.0
mbpp,MBPP,RandOpt,100,3,1.4833333333333343,50.0,3.0,47.0,53.0
mbpp,MBPP,RandOpt,100,3,1.541666666666666,40.666666666666664,3.2145502536643185,37.0,43.0
mbpp,MBPP,RandOpt,100,3,1.5999999999999996,40.666666666666664,3.2145502536643185,37.0,43.0
mbpp,MBPP,RandOpt,100,3,1.6583333333333332,40.666666666666664,3.2145502536643185,37.0,43.0
mbpp,MBPP,RandOpt,100,3,1.7166666666666668,40.666666666666664,3.2145502536643185,37.0,43.0
mbpp,MBPP,RandOpt,100,3,1.7750000000000004,40.666666666666664,3.2145502536643185,37.0,43.0
mbpp,MBPP,RandOpt,100,3,1.833333333333334,40.666666666666664,3.2145502536643185,37.0,43.0
mbpp,MBPP,RandOpt,100,3,1.8916666666666675,40.666666666666664,3.2145502536643185,37.0,43.0
mbpp,MBPP,RandOpt,100,3,1.9499999999999993,40.666666666666664,3.2145502536643185,37.0,43.0
mbpp,MBPP,RandOpt,100,3,2.008333333333333,30.666666666666668,5.131601439446884,25.0,35.0
mbpp,MBPP,RandOpt,100,3,2.0666666666666664,30.666666666666668,5.131601439446884,25.0,35.0
mbpp,MBPP,RandOpt,100,3,2.125,30.666666666666668,5.131601439446884,25.0,35.0
mbpp,MBPP,RandOpt,100,3,2.1833333333333336,30.666666666666668,5.131601439446884,25.0,35.0
mbpp,MBPP,RandOpt,100,3,2.241666666666667,30.666666666666668,5.131601439446884,25.0,35.0
mbpp,MBPP,RandOpt,100,3,2.3000000000000007,30.666666666666668,5.131601439446884,25.0,35.0
mbpp,MBPP,RandOpt,100,3,2.3583333333333343,30.666666666666668,5.131601439446884,25.0,35.0
mbpp,MBPP,RandOpt,100,3,2.416666666666666,30.666666666666668,5.131601439446884,25.0,35.0
mbpp,MBPP,RandOpt,100,3,2.4749999999999996,30.666666666666668,5.131601439446884,25.0,35.0
mbpp,MBPP,RandOpt,100,3,2.533333333333333,21.666666666666668,4.509249752822894,17.0,26.0
mbpp,MBPP,RandOpt,100,3,2.591666666666667,21.666666666666668,4.509249752822894,17.0,26.0
mbpp,MBPP,RandOpt,100,3,2.6500000000000004,21.666666666666668,4.509249752822894,17.0,26.0
mbpp,MBPP,RandOpt,100,3,2.708333333333334,21.666666666666668,4.509249752822894,17.0,26.0
mbpp,MBPP,RandOpt,100,3,2.7666666666666675,21.666666666666668,4.509249752822894,17.0,26.0
mbpp,MBPP,RandOpt,100,3,2.8249999999999993,21.666666666666668,4.509249752822894,17.0,26.0
mbpp,MBPP,RandOpt,100,3,2.883333333333333,21.666666666666668,4.509249752822894,17.0,26.0
mbpp,MBPP,RandOpt,100,3,2.9416666666666664,21.666666666666668,4.509249752822894,17.0,26.0
mbpp,MBPP,RandOpt,100,3,3.0,21.666666666666668,4.509249752822894,17.0,26.0
mbpp,MBPP,RandOpt,100,3,3.0583333333333336,16.0,2.64575131106459,14.000000000000002,19.0
mbpp,MBPP,RandOpt,100,3,3.116666666666667,16.0,2.64575131106459,14.000000000000002,19.0
mbpp,MBPP,RandOpt,100,3,3.1750000000000007,16.0,2.64575131106459,14.000000000000002,19.0
mbpp,MBPP,RandOpt,100,3,3.2333333333333343,16.0,2.64575131106459,14.000000000000002,19.0
mbpp,MBPP,RandOpt,100,3,3.291666666666666,16.0,2.64575131106459,14.000000000000002,19.0
mbpp,MBPP,RandOpt,100,3,3.3499999999999996,16.0,2.64575131106459,14.000000000000002,19.0
mbpp,MBPP,RandOpt,100,3,3.408333333333333,16.0,2.64575131106459,14.000000000000002,19.0
mbpp,MBPP,RandOpt,100,3,3.466666666666667,16.0,2.64575131106459,14.000000000000002,19.0
mbpp,MBPP,RandOpt,100,3,3.5250000000000004,11.666666666666666,4.041451884327381,8.0,16.0
mbpp,MBPP,RandOpt,100,3,3.583333333333334,11.666666666666666,4.041451884327381,8.0,16.0
mbpp,MBPP,RandOpt,100,3,3.6416666666666675,11.666666666666666,4.041451884327381,8.0,16.0
mbpp,MBPP,RandOpt,100,3,3.6999999999999993,11.666666666666666,4.041451884327381,8.0,16.0
mbpp,MBPP,RandOpt,100,3,3.758333333333333,11.666666666666666,4.041451884327381,8.0,16.0
mbpp,MBPP,RandOpt,100,3,3.8166666666666664,11.666666666666666,4.041451884327381,8.0,16.0
mbpp,MBPP,RandOpt,100,3,3.875,11.666666666666666,4.041451884327381,8.0,16.0
mbpp,MBPP,RandOpt,100,3,3.9333333333333336,11.666666666666666,4.041451884327381,8.0,16.0
mbpp,MBPP,RandOpt,100,3,3.991666666666667,11.666666666666666,4.041451884327381,8.0,16.0
mbpp,MBPP,RandOpt,100,3,4.050000000000001,7.333333333333333,4.163331998932266,4.0,12.0
mbpp,MBPP,RandOpt,100,3,4.108333333333334,7.333333333333333,4.163331998932266,4.0,12.0
mbpp,MBPP,RandOpt,100,3,4.166666666666666,7.333333333333333,4.163331998932266,4.0,12.0
mbpp,MBPP,RandOpt,100,3,4.225,7.333333333333333,4.163331998932266,4.0,12.0
mbpp,MBPP,RandOpt,100,3,4.283333333333333,7.333333333333333,4.163331998932266,4.0,12.0
mbpp,MBPP,RandOpt,100,3,4.341666666666667,7.333333333333333,4.163331998932266,4.0,12.0
mbpp,MBPP,RandOpt,100,3,4.4,7.333333333333333,4.163331998932266,4.0,12.0
mbpp,MBPP,RandOpt,100,3,4.458333333333334,7.333333333333333,4.163331998932266,4.0,12.0
mbpp,MBPP,RandOpt,100,3,4.5166666666666675,4.0,3.4641016151377544,2.0,8.0
mbpp,MBPP,RandOpt,100,3,4.575000000000001,4.0,3.4641016151377544,2.0,8.0
mbpp,MBPP,RandOpt,100,3,4.633333333333333,4.0,3.4641016151377544,2.0,8.0
mbpp,MBPP,RandOpt,100,3,4.691666666666666,4.0,3.4641016151377544,2.0,8.0
mbpp,MBPP,RandOpt,100,3,4.75,4.0,3.4641016151377544,2.0,8.0
mbpp,MBPP,RandOpt,100,3,4.808333333333334,4.0,3.4641016151377544,2.0,8.0
mbpp,MBPP,RandOpt,100,3,4.866666666666667,4.0,3.4641016151377544,2.0,8.0
mbpp,MBPP,RandOpt,100,3,4.925000000000001,4.0,3.4641016151377544,2.0,8.0
mbpp,MBPP,RandOpt,100,3,4.983333333333334,4.0,3.4641016151377544,2.0,8.0
mbpp,MBPP,RandOpt,100,3,5.041666666666666,2.3333333333333335,2.3094010767585034,1.0,5.0
mbpp,MBPP,RandOpt,100,3,5.1,2.3333333333333335,2.3094010767585034,1.0,5.0
mbpp,MBPP,RandOpt,100,3,5.158333333333333,2.3333333333333335,2.3094010767585034,1.0,5.0
mbpp,MBPP,RandOpt,100,3,5.216666666666667,2.3333333333333335,2.3094010767585034,1.0,5.0
mbpp,MBPP,RandOpt,100,3,5.275,2.3333333333333335,2.3094010767585034,1.0,5.0
mbpp,MBPP,RandOpt,100,3,5.333333333333334,2.3333333333333335,2.3094010767585034,1.0,5.0
mbpp,MBPP,RandOpt,100,3,5.3916666666666675,2.3333333333333335,2.3094010767585034,1.0,5.0
mbpp,MBPP,RandOpt,100,3,5.450000000000001,2.3333333333333335,2.3094010767585034,1.0,5.0
mbpp,MBPP,RandOpt,100,3,5.508333333333333,1.3333333333333333,0.5773502691896257,1.0,2.0
mbpp,MBPP,RandOpt,100,3,5.566666666666666,1.3333333333333333,0.5773502691896257,1.0,2.0
mbpp,MBPP,RandOpt,100,3,5.625,1.3333333333333333,0.5773502691896257,1.0,2.0
mbpp,MBPP,RandOpt,100,3,5.683333333333334,1.3333333333333333,0.5773502691896257,1.0,2.0
mbpp,MBPP,RandOpt,100,3,5.741666666666667,1.3333333333333333,0.5773502691896257,1.0,2.0
mbpp,MBPP,RandOpt,100,3,5.800000000000001,1.3333333333333333,0.5773502691896257,1.0,2.0
mbpp,MBPP,RandOpt,100,3,5.858333333333334,1.3333333333333333,0.5773502691896257,1.0,2.0
mbpp,MBPP,RandOpt,100,3,5.916666666666666,1.3333333333333333,0.5773502691896257,1.0,2.0
mbpp,MBPP,RandOpt,100,3,5.975,1.3333333333333333,0.5773502691896257,1.0,2.0
mbpp,MBPP,RandOpt,100,3,6.033333333333333,1.0,0.0,1.0,1.0
mbpp,MBPP,RandOpt,100,3,6.091666666666667,1.0,0.0,1.0,1.0
mbpp,MBPP,RandOpt,100,3,6.15,1.0,0.0,1.0,1.0
mbpp,MBPP,RandOpt,100,3,6.208333333333334,1.0,0.0,1.0,1.0
mbpp,MBPP,RandOpt,100,3,6.2666666666666675,1.0,0.0,1.0,1.0
mbpp,MBPP,RandOpt,100,3,6.325000000000001,1.0,0.0,1.0,1.0
mbpp,MBPP,RandOpt,100,3,6.383333333333333,1.0,0.0,1.0,1.0
mbpp,MBPP,RandOpt,100,3,6.441666666666666,1.0,0.0,1.0,1.0
mbpp,MBPP,RandOpt,100,3,6.5,1.0,0.0,1.0,1.0
mbpp,MBPP,RandOpt,100,3,6.558333333333334,0.3333333333333333,0.5773502691896258,0.0,1.0
mbpp,MBPP,RandOpt,100,3,6.616666666666667,0.3333333333333333,0.5773502691896258,0.0,1.0
mbpp,MBPP,RandOpt,100,3,6.675000000000001,0.3333333333333333,0.5773502691896258,0.0,1.0
mbpp,MBPP,RandOpt,100,3,6.733333333333334,0.3333333333333333,0.5773502691896258,0.0,1.0
mbpp,MBPP,RandOpt,100,3,6.791666666666666,0.3333333333333333,0.5773502691896258,0.0,1.0
mbpp,MBPP,RandOpt,100,3,6.85,0.3333333333333333,0.5773502691896258,0.0,1.0
mbpp,MBPP,RandOpt,100,3,6.908333333333333,0.3333333333333333,0.5773502691896258,0.0,1.0
mbpp,MBPP,RandOpt,100,3,6.966666666666667,0.3333333333333333,0.5773502691896258,0.0,1.0
mbpp,MBPP,RandOpt,100,3,7.025,0.0,0.0,0.0,0.0
mbpp,MBPP,RandOpt,100,3,7.083333333333334,0.0,0.0,0.0,0.0
mbpp,MBPP,RandOpt,100,3,7.1416666666666675,0.0,0.0,0.0,0.0
mbpp,MBPP,RandOpt,100,3,7.200000000000001,0.0,0.0,0.0,0.0
mbpp,MBPP,RandOpt,100,3,7.258333333333333,0.0,0.0,0.0,0.0
mbpp,MBPP,RandOpt,100,3,7.316666666666666,0.0,0.0,0.0,0.0
mbpp,MBPP,RandOpt,100,3,7.375,0.0,0.0,0.0,0.0
mbpp,MBPP,RandOpt,100,3,7.433333333333334,0.0,0.0,0.0,0.0
mbpp,MBPP,RandOpt,100,3,7.491666666666667,0.0,0.0,0.0,0.0
mbpp,MBPP,RandOpt,100,3,7.550000000000001,0.0,0.0,0.0,0.0
mbpp,MBPP,RandOpt,100,3,7.608333333333334,0.0,0.0,0.0,0.0
mbpp,MBPP,RandOpt,100,3,7.666666666666666,0.0,0.0,0.0,0.0
mbpp,MBPP,RandOpt,100,3,7.725,0.0,0.0,0.0,0.0
mbpp,MBPP,RandOpt,100,3,7.783333333333333,0.0,0.0,0.0,0.0
mbpp,MBPP,RandOpt,100,3,7.841666666666667,0.0,0.0,0.0,0.0
mbpp,MBPP,RandOpt,100,3,7.9,0.0,0.0,0.0,0.0
mbpp,MBPP,RandOpt,100,3,7.958333333333334,0.0,0.0,0.0,0.0
mbpp,MBPP,RandOpt,100,3,8.016666666666667,0.0,0.0,0.0,0.0
mbpp,MBPP,RandOpt,100,3,8.075000000000001,0.0,0.0,0.0,0.0
mbpp,MBPP,RandOpt,100,3,8.133333333333333,0.0,0.0,0.0,0.0
mbpp,MBPP,RandOpt,100,3,8.191666666666666,0.0,0.0,0.0,0.0
mbpp,MBPP,RandOpt,100,3,8.25,0.0,0.0,0.0,0.0
mbpp,MBPP,RandOpt,100,3,8.308333333333334,0.0,0.0,0.0,0.0
mbpp,MBPP,RandOpt,100,3,8.366666666666667,0.0,0.0,0.0,0.0
mbpp,MBPP,RandOpt,100,3,8.425,0.0,0.0,0.0,0.0
mbpp,MBPP,RandOpt,100,3,8.483333333333334,0.0,0.0,0.0,0.0
mbpp,MBPP,RandOpt,100,3,8.541666666666668,0.0,0.0,0.0,0.0
mbpp,MBPP,RandOpt,100,3,8.600000000000001,0.0,0.0,0.0,0.0
mbpp,MBPP,RandOpt,100,3,8.658333333333335,0.0,0.0,0.0,0.0
mbpp,MBPP,RandOpt,100,3,8.716666666666669,0.0,0.0,0.0,0.0
mbpp,MBPP,RandOpt,100,3,8.774999999999999,0.0,0.0,0.0,0.0
mbpp,MBPP,RandOpt,100,3,8.833333333333332,0.0,0.0,0.0,0.0
mbpp,MBPP,RandOpt,100,3,8.891666666666666,0.0,0.0,0.0,0.0
mbpp,MBPP,RandOpt,100,3,8.95,0.0,0.0,0.0,0.0
mbpp,MBPP,RandOpt,100,3,9.008333333333333,0.0,0.0,0.0,0.0
mbpp,MBPP,RandOpt,100,3,9.066666666666666,0.0,0.0,0.0,0.0
mbpp,MBPP,RandOpt,100,3,9.125,0.0,0.0,0.0,0.0
mbpp,MBPP,RandOpt,100,3,9.183333333333334,0.0,0.0,0.0,0.0
mbpp,MBPP,RandOpt,100,3,9.241666666666667,0.0,0.0,0.0,0.0
mbpp,MBPP,RandOpt,100,3,9.3,0.0,0.0,0.0,0.0
mbpp,MBPP,RandOpt,100,3,9.358333333333334,0.0,0.0,0.0,0.0
mbpp,MBPP,RandOpt,100,3,9.416666666666668,0.0,0.0,0.0,0.0
mbpp,MBPP,RandOpt,100,3,9.475000000000001,0.0,0.0,0.0,0.0
mbpp,MBPP,RandOpt,100,3,9.533333333333335,0.0,0.0,0.0,0.0
mbpp,MBPP,RandOpt,100,3,9.591666666666669,0.0,0.0,0.0,0.0
mbpp,MBPP,RandOpt,100,3,9.649999999999999,0.0,0.0,0.0,0.0
mbpp,MBPP,RandOpt,100,3,9.708333333333332,0.0,0.0,0.0,0.0
mbpp,MBPP,RandOpt,100,3,9.766666666666666,0.0,0.0,0.0,0.0
mbpp,MBPP,RandOpt,100,3,9.825,0.0,0.0,0.0,0.0
mbpp,MBPP,RandOpt,100,3,9.883333333333333,0.0,0.0,0.0,0.0
mbpp,MBPP,RandOpt,100,3,9.941666666666666,0.0,0.0,0.0,0.0
mbpp,MBPP,RandOpt,100,3,10.0,0.0,0.0,0.0,0.0
mbpp,MBPP,Modular Norm RandOpt,100,3,-7.5,100.0,0.0,100.0,100.0
mbpp,MBPP,Modular Norm RandOpt,100,3,-7.441666666666666,100.0,0.0,100.0,100.0
mbpp,MBPP,Modular Norm RandOpt,100,3,-7.383333333333334,100.0,0.0,100.0,100.0
mbpp,MBPP,Modular Norm RandOpt,100,3,-7.325,100.0,0.0,100.0,100.0
mbpp,MBPP,Modular Norm RandOpt,100,3,-7.266666666666667,100.0,0.0,100.0,100.0
mbpp,MBPP,Modular Norm RandOpt,100,3,-7.208333333333333,100.0,0.0,100.0,100.0
mbpp,MBPP,Modular Norm RandOpt,100,3,-7.15,100.0,0.0,100.0,100.0
mbpp,MBPP,Modular Norm RandOpt,100,3,-7.091666666666667,100.0,0.0,100.0,100.0
mbpp,MBPP,Modular Norm RandOpt,100,3,-7.033333333333333,100.0,0.0,100.0,100.0
mbpp,MBPP,Modular Norm RandOpt,100,3,-6.975,100.0,0.0,100.0,100.0
mbpp,MBPP,Modular Norm RandOpt,100,3,-6.916666666666667,100.0,0.0,100.0,100.0
mbpp,MBPP,Modular Norm RandOpt,100,3,-6.858333333333333,100.0,0.0,100.0,100.0
mbpp,MBPP,Modular Norm RandOpt,100,3,-6.8,100.0,0.0,100.0,100.0
mbpp,MBPP,Modular Norm RandOpt,100,3,-6.741666666666667,100.0,0.0,100.0,100.0
mbpp,MBPP,Modular Norm RandOpt,100,3,-6.683333333333334,100.0,0.0,100.0,100.0
mbpp,MBPP,Modular Norm RandOpt,100,3,-6.625,100.0,0.0,100.0,100.0
mbpp,MBPP,Modular Norm RandOpt,100,3,-6.566666666666666,100.0,0.0,100.0,100.0
mbpp,MBPP,Modular Norm RandOpt,100,3,-6.508333333333333,100.0,0.0,100.0,100.0
mbpp,MBPP,Modular Norm RandOpt,100,3,-6.45,100.0,0.0,100.0,100.0
mbpp,MBPP,Modular Norm RandOpt,100,3,-6.391666666666667,100.0,0.0,100.0,100.0
mbpp,MBPP,Modular Norm RandOpt,100,3,-6.333333333333333,100.0,0.0,100.0,100.0
mbpp,MBPP,Modular Norm RandOpt,100,3,-6.275,100.0,0.0,100.0,100.0
mbpp,MBPP,Modular Norm RandOpt,100,3,-6.216666666666667,100.0,0.0,100.0,100.0
mbpp,MBPP,Modular Norm RandOpt,100,3,-6.158333333333333,100.0,0.0,100.0,100.0
mbpp,MBPP,Modular Norm RandOpt,100,3,-6.1,100.0,0.0,100.0,100.0
mbpp,MBPP,Modular Norm RandOpt,100,3,-6.041666666666667,100.0,0.0,100.0,100.0
mbpp,MBPP,Modular Norm RandOpt,100,3,-5.983333333333333,100.0,0.0,100.0,100.0
mbpp,MBPP,Modular Norm RandOpt,100,3,-5.925,100.0,0.0,100.0,100.0
mbpp,MBPP,Modular Norm RandOpt,100,3,-5.866666666666667,100.0,0.0,100.0,100.0
mbpp,MBPP,Modular Norm RandOpt,100,3,-5.808333333333334,100.0,0.0,100.0,100.0
mbpp,MBPP,Modular Norm RandOpt,100,3,-5.75,100.0,0.0,100.0,100.0
mbpp,MBPP,Modular Norm RandOpt,100,3,-5.691666666666666,100.0,0.0,100.0,100.0
mbpp,MBPP,Modular Norm RandOpt,100,3,-5.633333333333333,100.0,0.0,100.0,100.0
mbpp,MBPP,Modular Norm RandOpt,100,3,-5.575,100.0,0.0,100.0,100.0
mbpp,MBPP,Modular Norm RandOpt,100,3,-5.516666666666667,100.0,0.0,100.0,100.0
mbpp,MBPP,Modular Norm RandOpt,100,3,-5.458333333333334,100.0,0.0,100.0,100.0
mbpp,MBPP,Modular Norm RandOpt,100,3,-5.4,100.0,0.0,100.0,100.0
mbpp,MBPP,Modular Norm RandOpt,100,3,-5.341666666666667,100.0,0.0,100.0,100.0
mbpp,MBPP,Modular Norm RandOpt,100,3,-5.283333333333333,100.0,0.0,100.0,100.0
mbpp,MBPP,Modular Norm RandOpt,100,3,-5.225,100.0,0.0,100.0,100.0
mbpp,MBPP,Modular Norm RandOpt,100,3,-5.166666666666666,100.0,0.0,100.0,100.0
mbpp,MBPP,Modular Norm RandOpt,100,3,-5.108333333333333,100.0,0.0,100.0,100.0
mbpp,MBPP,Modular Norm RandOpt,100,3,-5.05,100.0,0.0,100.0,100.0
mbpp,MBPP,Modular Norm RandOpt,100,3,-4.991666666666667,100.0,0.0,100.0,100.0
mbpp,MBPP,Modular Norm RandOpt,100,3,-4.933333333333334,100.0,0.0,100.0,100.0
mbpp,MBPP,Modular Norm RandOpt,100,3,-4.875,100.0,0.0,100.0,100.0
mbpp,MBPP,Modular Norm RandOpt,100,3,-4.816666666666666,100.0,0.0,100.0,100.0
mbpp,MBPP,Modular Norm RandOpt,100,3,-4.758333333333333,100.0,0.0,100.0,100.0
mbpp,MBPP,Modular Norm RandOpt,100,3,-4.7,100.0,0.0,100.0,100.0
mbpp,MBPP,Modular Norm RandOpt,100,3,-4.641666666666667,100.0,0.0,100.0,100.0
mbpp,MBPP,Modular Norm RandOpt,100,3,-4.583333333333334,100.0,0.0,100.0,100.0
mbpp,MBPP,Modular Norm RandOpt,100,3,-4.525,100.0,0.0,100.0,100.0
mbpp,MBPP,Modular Norm RandOpt,100,3,-4.466666666666667,99.0,1.0,98.0,100.0
mbpp,MBPP,Modular Norm RandOpt,100,3,-4.408333333333333,99.0,1.0,98.0,100.0
mbpp,MBPP,Modular Norm RandOpt,100,3,-4.35,99.0,1.0,98.0,100.0
mbpp,MBPP,Modular Norm RandOpt,100,3,-4.291666666666666,99.0,1.0,98.0,100.0
mbpp,MBPP,Modular Norm RandOpt,100,3,-4.233333333333333,99.0,1.0,98.0,100.0
mbpp,MBPP,Modular Norm RandOpt,100,3,-4.175,99.0,1.0,98.0,100.0
mbpp,MBPP,Modular Norm RandOpt,100,3,-4.116666666666667,99.0,1.0,98.0,100.0
mbpp,MBPP,Modular Norm RandOpt,100,3,-4.058333333333334,99.0,1.0,98.0,100.0
mbpp,MBPP,Modular Norm RandOpt,100,3,-4.0,99.0,1.0,98.0,100.0
mbpp,MBPP,Modular Norm RandOpt,100,3,-3.9416666666666664,98.33333333333333,1.5275252316519468,97.0,100.0
mbpp,MBPP,Modular Norm RandOpt,100,3,-3.8833333333333333,98.33333333333333,1.5275252316519468,97.0,100.0
mbpp,MBPP,Modular Norm RandOpt,100,3,-3.8249999999999997,98.33333333333333,1.5275252316519468,97.0,100.0
mbpp,MBPP,Modular Norm RandOpt,100,3,-3.7666666666666666,98.33333333333333,1.5275252316519468,97.0,100.0
mbpp,MBPP,Modular Norm RandOpt,100,3,-3.7083333333333335,98.33333333333333,1.5275252316519468,97.0,100.0
mbpp,MBPP,Modular Norm RandOpt,100,3,-3.65,98.33333333333333,1.5275252316519468,97.0,100.0
mbpp,MBPP,Modular Norm RandOpt,100,3,-3.591666666666667,98.33333333333333,1.5275252316519468,97.0,100.0
mbpp,MBPP,Modular Norm RandOpt,100,3,-3.533333333333333,98.33333333333333,1.5275252316519468,97.0,100.0
mbpp,MBPP,Modular Norm RandOpt,100,3,-3.4749999999999996,97.33333333333333,2.3094010767585034,96.0,100.0
mbpp,MBPP,Modular Norm RandOpt,100,3,-3.416666666666667,97.33333333333333,2.3094010767585034,96.0,100.0
mbpp,MBPP,Modular Norm RandOpt,100,3,-3.3583333333333334,97.33333333333333,2.3094010767585034,96.0,100.0
mbpp,MBPP,Modular Norm RandOpt,100,3,-3.3,97.33333333333333,2.3094010767585034,96.0,100.0
mbpp,MBPP,Modular Norm RandOpt,100,3,-3.2416666666666663,97.33333333333333,2.3094010767585034,96.0,100.0
mbpp,MBPP,Modular Norm RandOpt,100,3,-3.1833333333333336,97.33333333333333,2.3094010767585034,96.0,100.0
mbpp,MBPP,Modular Norm RandOpt,100,3,-3.125,97.33333333333333,2.3094010767585034,96.0,100.0
mbpp,MBPP,Modular Norm RandOpt,100,3,-3.0666666666666664,97.33333333333333,2.3094010767585034,96.0,100.0
mbpp,MBPP,Modular Norm RandOpt,100,3,-3.008333333333333,97.33333333333333,2.3094010767585034,96.0,100.0
mbpp,MBPP,Modular Norm RandOpt,100,3,-2.95,97.0,2.6457513110645907,95.0,100.0
mbpp,MBPP,Modular Norm RandOpt,100,3,-2.8916666666666666,97.0,2.6457513110645907,95.0,100.0
mbpp,MBPP,Modular Norm RandOpt,100,3,-2.833333333333333,97.0,2.6457513110645907,95.0,100.0
mbpp,MBPP,Modular Norm RandOpt,100,3,-2.7750000000000004,97.0,2.6457513110645907,95.0,100.0
mbpp,MBPP,Modular Norm RandOpt,100,3,-2.716666666666667,97.0,2.6457513110645907,95.0,100.0
mbpp,MBPP,Modular Norm RandOpt,100,3,-2.658333333333333,97.0,2.6457513110645907,95.0,100.0
mbpp,MBPP,Modular Norm RandOpt,100,3,-2.5999999999999996,97.0,2.6457513110645907,95.0,100.0
mbpp,MBPP,Modular Norm RandOpt,100,3,-2.541666666666667,97.0,2.6457513110645907,95.0,100.0
mbpp,MBPP,Modular Norm RandOpt,100,3,-2.4833333333333334,95.0,3.605551275463989,92.0,99.0
mbpp,MBPP,Modular Norm RandOpt,100,3,-2.425,95.0,3.605551275463989,92.0,99.0
mbpp,MBPP,Modular Norm RandOpt,100,3,-2.3666666666666663,95.0,3.605551275463989,92.0,99.0
mbpp,MBPP,Modular Norm RandOpt,100,3,-2.3083333333333336,95.0,3.605551275463989,92.0,99.0
mbpp,MBPP,Modular Norm RandOpt,100,3,-2.25,95.0,3.605551275463989,92.0,99.0
mbpp,MBPP,Modular Norm RandOpt,100,3,-2.1916666666666664,95.0,3.605551275463989,92.0,99.0
mbpp,MBPP,Modular Norm RandOpt,100,3,-2.133333333333333,95.0,3.605551275463989,92.0,99.0
mbpp,MBPP,Modular Norm RandOpt,100,3,-2.075,95.0,3.605551275463989,92.0,99.0
mbpp,MBPP,Modular Norm RandOpt,100,3,-2.0166666666666666,95.0,3.605551275463989,92.0,99.0
mbpp,MBPP,Modular Norm RandOpt,100,3,-1.958333333333333,91.33333333333333,3.055050463303893,88.0,94.0
mbpp,MBPP,Modular Norm RandOpt,100,3,-1.9000000000000004,91.33333333333333,3.055050463303893,88.0,94.0
mbpp,MBPP,Modular Norm RandOpt,100,3,-1.8416666666666668,91.33333333333333,3.055050463303893,88.0,94.0
mbpp,MBPP,Modular Norm RandOpt,100,3,-1.7833333333333332,91.33333333333333,3.055050463303893,88.0,94.0
mbpp,MBPP,Modular Norm RandOpt,100,3,-1.7249999999999996,91.33333333333333,3.055050463303893,88.0,94.0
mbpp,MBPP,Modular Norm RandOpt,100,3,-1.666666666666667,91.33333333333333,3.055050463303893,88.0,94.0
mbpp,MBPP,Modular Norm RandOpt,100,3,-1.6083333333333334,91.33333333333333,3.055050463303893,88.0,94.0
mbpp,MBPP,Modular Norm RandOpt,100,3,-1.5499999999999998,91.33333333333333,3.055050463303893,88.0,94.0
mbpp,MBPP,Modular Norm RandOpt,100,3,-1.4916666666666663,86.33333333333333,3.511884584284246,83.0,90.0
mbpp,MBPP,Modular Norm RandOpt,100,3,-1.4333333333333336,86.33333333333333,3.511884584284246,83.0,90.0
mbpp,MBPP,Modular Norm RandOpt,100,3,-1.375,86.33333333333333,3.511884584284246,83.0,90.0
mbpp,MBPP,Modular Norm RandOpt,100,3,-1.3166666666666664,86.33333333333333,3.511884584284246,83.0,90.0
mbpp,MBPP,Modular Norm RandOpt,100,3,-1.2583333333333329,86.33333333333333,3.511884584284246,83.0,90.0
mbpp,MBPP,Modular Norm RandOpt,100,3,-1.2000000000000002,86.33333333333333,3.511884584284246,83.0,90.0
mbpp,MBPP,Modular Norm RandOpt,100,3,-1.1416666666666666,86.33333333333333,3.511884584284246,83.0,90.0
mbpp,MBPP,Modular Norm RandOpt,100,3,-1.083333333333333,86.33333333333333,3.511884584284246,83.0,90.0
mbpp,MBPP,Modular Norm RandOpt,100,3,-1.0249999999999995,86.33333333333333,3.511884584284246,83.0,90.0
mbpp,MBPP,Modular Norm RandOpt,100,3,-0.9666666666666668,82.33333333333333,5.131601439446884,78.0,88.0
mbpp,MBPP,Modular Norm RandOpt,100,3,-0.9083333333333332,82.33333333333333,5.131601439446884,78.0,88.0
mbpp,MBPP,Modular Norm RandOpt,100,3,-0.8499999999999996,82.33333333333333,5.131601439446884,78.0,88.0
mbpp,MBPP,Modular Norm RandOpt,100,3,-0.791666666666667,82.33333333333333,5.131601439446884,78.0,88.0
mbpp,MBPP,Modular Norm RandOpt,100,3,-0.7333333333333334,82.33333333333333,5.131601439446884,78.0,88.0
mbpp,MBPP,Modular Norm RandOpt,100,3,-0.6749999999999998,82.33333333333333,5.131601439446884,78.0,88.0
mbpp,MBPP,Modular Norm RandOpt,100,3,-0.6166666666666663,82.33333333333333,5.131601439446884,78.0,88.0
mbpp,MBPP,Modular Norm RandOpt,100,3,-0.5583333333333336,82.33333333333333,5.131601439446884,78.0,88.0
mbpp,MBPP,Modular Norm RandOpt,100,3,-0.5,73.66666666666667,7.505553499465135,66.0,81.0
mbpp,MBPP,Modular Norm RandOpt,100,3,-0.44166666666666643,73.66666666666667,7.505553499465135,66.0,81.0
mbpp,MBPP,Modular Norm RandOpt,100,3,-0.38333333333333286,73.66666666666667,7.505553499465135,66.0,81.0
mbpp,MBPP,Modular Norm RandOpt,100,3,-0.3250000000000002,73.66666666666667,7.505553499465135,66.0,81.0
mbpp,MBPP,Modular Norm RandOpt,100,3,-0.2666666666666666,73.66666666666667,7.505553499465135,66.0,81.0
mbpp,MBPP,Modular Norm RandOpt,100,3,-0.20833333333333304,73.66666666666667,7.505553499465135,66.0,81.0
mbpp,MBPP,Modular Norm RandOpt,100,3,-0.14999999999999947,73.66666666666667,7.505553499465135,66.0,81.0
mbpp,MBPP,Modular Norm RandOpt,100,3,-0.09166666666666679,73.66666666666667,7.505553499465135,66.0,81.0
mbpp,MBPP,Modular Norm RandOpt,100,3,-0.033333333333333215,73.66666666666667,7.505553499465135,66.0,81.0
mbpp,MBPP,Modular Norm RandOpt,100,3,0.025000000000000355,67.0,8.18535277187245,60.0,76.0
mbpp,MBPP,Modular Norm RandOpt,100,3,0.08333333333333304,67.0,8.18535277187245,60.0,76.0
mbpp,MBPP,Modular Norm RandOpt,100,3,0.1416666666666666,67.0,8.18535277187245,60.0,76.0
mbpp,MBPP,Modular Norm RandOpt,100,3,0.20000000000000018,67.0,8.18535277187245,60.0,76.0
mbpp,MBPP,Modular Norm RandOpt,100,3,0.25833333333333375,67.0,8.18535277187245,60.0,76.0
mbpp,MBPP,Modular Norm RandOpt,100,3,0.31666666666666643,67.0,8.18535277187245,60.0,76.0
mbpp,MBPP,Modular Norm RandOpt,100,3,0.375,67.0,8.18535277187245,60.0,76.0
mbpp,MBPP,Modular Norm RandOpt,100,3,0.43333333333333357,67.0,8.18535277187245,60.0,76.0
mbpp,MBPP,Modular Norm RandOpt,100,3,0.49166666666666714,67.0,8.18535277187245,60.0,76.0
mbpp,MBPP,Modular Norm RandOpt,100,3,0.5500000000000007,59.333333333333336,5.773502691896254,56.00000000000001,66.0
mbpp,MBPP,Modular Norm RandOpt,100,3,0.6083333333333343,59.333333333333336,5.773502691896254,56.00000000000001,66.0
mbpp,MBPP,Modular Norm RandOpt,100,3,0.6666666666666661,59.333333333333336,5.773502691896254,56.00000000000001,66.0
mbpp,MBPP,Modular Norm RandOpt,100,3,0.7249999999999996,59.333333333333336,5.773502691896254,56.00000000000001,66.0
mbpp,MBPP,Modular Norm RandOpt,100,3,0.7833333333333332,59.333333333333336,5.773502691896254,56.00000000000001,66.0
mbpp,MBPP,Modular Norm RandOpt,100,3,0.8416666666666668,59.333333333333336,5.773502691896254,56.00000000000001,66.0
mbpp,MBPP,Modular Norm RandOpt,100,3,0.9000000000000004,59.333333333333336,5.773502691896254,56.00000000000001,66.0
mbpp,MBPP,Modular Norm RandOpt,100,3,0.9583333333333339,59.333333333333336,5.773502691896254,56.00000000000001,66.0
mbpp,MBPP,Modular Norm RandOpt,100,3,1.0166666666666675,51.0,6.082762530298222,44.0,55.00000000000001
mbpp,MBPP,Modular Norm RandOpt,100,3,1.0749999999999993,51.0,6.082762530298222,44.0,55.00000000000001
mbpp,MBPP,Modular Norm RandOpt,100,3,1.1333333333333329,51.0,6.082762530298222,44.0,55.00000000000001
mbpp,MBPP,Modular Norm RandOpt,100,3,1.1916666666666664,51.0,6.082762530298222,44.0,55.00000000000001
mbpp,MBPP,Modular Norm RandOpt,100,3,1.25,51.0,6.082762530298222,44.0,55.00000000000001
mbpp,MBPP,Modular Norm RandOpt,100,3,1.3083333333333336,51.0,6.082762530298222,44.0,55.00000000000001
mbpp,MBPP,Modular Norm RandOpt,100,3,1.3666666666666671,51.0,6.082762530298222,44.0,55.00000000000001
mbpp,MBPP,Modular Norm RandOpt,100,3,1.4250000000000007,51.0,6.082762530298222,44.0,55.00000000000001
mbpp,MBPP,Modular Norm RandOpt,100,3,1.4833333333333343,51.0,6.082762530298222,44.0,55.00000000000001
mbpp,MBPP,Modular Norm RandOpt,100,3,1.541666666666666,43.0,5.196152422706632,37.0,46.0
mbpp,MBPP,Modular Norm RandOpt,100,3,1.5999999999999996,43.0,5.196152422706632,37.0,46.0
mbpp,MBPP,Modular Norm RandOpt,100,3,1.6583333333333332,43.0,5.196152422706632,37.0,46.0
mbpp,MBPP,Modular Norm RandOpt,100,3,1.7166666666666668,43.0,5.196152422706632,37.0,46.0
mbpp,MBPP,Modular Norm RandOpt,100,3,1.7750000000000004,43.0,5.196152422706632,37.0,46.0
mbpp,MBPP,Modular Norm RandOpt,100,3,1.833333333333334,43.0,5.196152422706632,37.0,46.0
mbpp,MBPP,Modular Norm RandOpt,100,3,1.8916666666666675,43.0,5.196152422706632,37.0,46.0
mbpp,MBPP,Modular Norm RandOpt,100,3,1.9499999999999993,43.0,5.196152422706632,37.0,46.0
mbpp,MBPP,Modular Norm RandOpt,100,3,2.008333333333333,34.0,2.6457513110645907,31.0,36.0
mbpp,MBPP,Modular Norm RandOpt,100,3,2.0666666666666664,34.0,2.6457513110645907,31.0,36.0
mbpp,MBPP,Modular Norm RandOpt,100,3,2.125,34.0,2.6457513110645907,31.0,36.0
mbpp,MBPP,Modular Norm RandOpt,100,3,2.1833333333333336,34.0,2.6457513110645907,31.0,36.0
mbpp,MBPP,Modular Norm RandOpt,100,3,2.241666666666667,34.0,2.6457513110645907,31.0,36.0
mbpp,MBPP,Modular Norm RandOpt,100,3,2.3000000000000007,34.0,2.6457513110645907,31.0,36.0
mbpp,MBPP,Modular Norm RandOpt,100,3,2.3583333333333343,34.0,2.6457513110645907,31.0,36.0
mbpp,MBPP,Modular Norm RandOpt,100,3,2.416666666666666,34.0,2.6457513110645907,31.0,36.0
mbpp,MBPP,Modular Norm RandOpt,100,3,2.4749999999999996,34.0,2.6457513110645907,31.0,36.0
mbpp,MBPP,Modular Norm RandOpt,100,3,2.533333333333333,29.0,1.7320508075688752,28.000000000000004,31.0
mbpp,MBPP,Modular Norm RandOpt,100,3,2.591666666666667,29.0,1.7320508075688752,28.000000000000004,31.0
mbpp,MBPP,Modular Norm RandOpt,100,3,2.6500000000000004,29.0,1.7320508075688752,28.000000000000004,31.0
mbpp,MBPP,Modular Norm RandOpt,100,3,2.708333333333334,29.0,1.7320508075688752,28.000000000000004,31.0
mbpp,MBPP,Modular Norm RandOpt,100,3,2.7666666666666675,29.0,1.7320508075688752,28.000000000000004,31.0
mbpp,MBPP,Modular Norm RandOpt,100,3,2.8249999999999993,29.0,1.7320508075688752,28.000000000000004,31.0
mbpp,MBPP,Modular Norm RandOpt,100,3,2.883333333333333,29.0,1.7320508075688752,28.000000000000004,31.0
mbpp,MBPP,Modular Norm RandOpt,100,3,2.9416666666666664,29.0,1.7320508075688752,28.000000000000004,31.0
mbpp,MBPP,Modular Norm RandOpt,100,3,3.0,29.0,1.7320508075688752,28.000000000000004,31.0
mbpp,MBPP,Modular Norm RandOpt,100,3,3.0583333333333336,23.666666666666668,1.1547005383792515,23.0,25.0
mbpp,MBPP,Modular Norm RandOpt,100,3,3.116666666666667,23.666666666666668,1.1547005383792515,23.0,25.0
mbpp,MBPP,Modular Norm RandOpt,100,3,3.1750000000000007,23.666666666666668,1.1547005383792515,23.0,25.0
mbpp,MBPP,Modular Norm RandOpt,100,3,3.2333333333333343,23.666666666666668,1.1547005383792515,23.0,25.0
mbpp,MBPP,Modular Norm RandOpt,100,3,3.291666666666666,23.666666666666668,1.1547005383792515,23.0,25.0
mbpp,MBPP,Modular Norm RandOpt,100,3,3.3499999999999996,23.666666666666668,1.1547005383792515,23.0,25.0
mbpp,MBPP,Modular Norm RandOpt,100,3,3.408333333333333,23.666666666666668,1.1547005383792515,23.0,25.0
mbpp,MBPP,Modular Norm RandOpt,100,3,3.466666666666667,23.666666666666668,1.1547005383792515,23.0,25.0
mbpp,MBPP,Modular Norm RandOpt,100,3,3.5250000000000004,17.333333333333332,0.5773502691896258,17.0,18.0
mbpp,MBPP,Modular Norm RandOpt,100,3,3.583333333333334,17.333333333333332,0.5773502691896258,17.0,18.0
mbpp,MBPP,Modular Norm RandOpt,100,3,3.6416666666666675,17.333333333333332,0.5773502691896258,17.0,18.0
mbpp,MBPP,Modular Norm RandOpt,100,3,3.6999999999999993,17.333333333333332,0.5773502691896258,17.0,18.0
mbpp,MBPP,Modular Norm RandOpt,100,3,3.758333333333333,17.333333333333332,0.5773502691896258,17.0,18.0
mbpp,MBPP,Modular Norm RandOpt,100,3,3.8166666666666664,17.333333333333332,0.5773502691896258,17.0,18.0
mbpp,MBPP,Modular Norm RandOpt,100,3,3.875,17.333333333333332,0.5773502691896258,17.0,18.0
mbpp,MBPP,Modular Norm RandOpt,100,3,3.9333333333333336,17.333333333333332,0.5773502691896258,17.0,18.0
mbpp,MBPP,Modular Norm RandOpt,100,3,3.991666666666667,17.333333333333332,0.5773502691896258,17.0,18.0
mbpp,MBPP,Modular Norm RandOpt,100,3,4.050000000000001,11.666666666666666,1.1547005383792517,11.0,13.0
mbpp,MBPP,Modular Norm RandOpt,100,3,4.108333333333334,11.666666666666666,1.1547005383792517,11.0,13.0
mbpp,MBPP,Modular Norm RandOpt,100,3,4.166666666666666,11.666666666666666,1.1547005383792517,11.0,13.0
mbpp,MBPP,Modular Norm RandOpt,100,3,4.225,11.666666666666666,1.1547005383792517,11.0,13.0
mbpp,MBPP,Modular Norm RandOpt,100,3,4.283333333333333,11.666666666666666,1.1547005383792517,11.0,13.0
mbpp,MBPP,Modular Norm RandOpt,100,3,4.341666666666667,11.666666666666666,1.1547005383792517,11.0,13.0
mbpp,MBPP,Modular Norm RandOpt,100,3,4.4,11.666666666666666,1.1547005383792517,11.0,13.0
mbpp,MBPP,Modular Norm RandOpt,100,3,4.458333333333334,11.666666666666666,1.1547005383792517,11.0,13.0
mbpp,MBPP,Modular Norm RandOpt,100,3,4.5166666666666675,8.0,2.0,6.0,10.0
mbpp,MBPP,Modular Norm RandOpt,100,3,4.575000000000001,8.0,2.0,6.0,10.0
mbpp,MBPP,Modular Norm RandOpt,100,3,4.633333333333333,8.0,2.0,6.0,10.0
mbpp,MBPP,Modular Norm RandOpt,100,3,4.691666666666666,8.0,2.0,6.0,10.0
mbpp,MBPP,Modular Norm RandOpt,100,3,4.75,8.0,2.0,6.0,10.0
mbpp,MBPP,Modular Norm RandOpt,100,3,4.808333333333334,8.0,2.0,6.0,10.0
mbpp,MBPP,Modular Norm RandOpt,100,3,4.866666666666667,8.0,2.0,6.0,10.0
mbpp,MBPP,Modular Norm RandOpt,100,3,4.925000000000001,8.0,2.0,6.0,10.0
mbpp,MBPP,Modular Norm RandOpt,100,3,4.983333333333334,8.0,2.0,6.0,10.0
mbpp,MBPP,Modular Norm RandOpt,100,3,5.041666666666666,5.333333333333333,2.516611478423583,3.0,8.0
mbpp,MBPP,Modular Norm RandOpt,100,3,5.1,5.333333333333333,2.516611478423583,3.0,8.0
mbpp,MBPP,Modular Norm RandOpt,100,3,5.158333333333333,5.333333333333333,2.516611478423583,3.0,8.0
mbpp,MBPP,Modular Norm RandOpt,100,3,5.216666666666667,5.333333333333333,2.516611478423583,3.0,8.0
mbpp,MBPP,Modular Norm RandOpt,100,3,5.275,5.333333333333333,2.516611478423583,3.0,8.0
mbpp,MBPP,Modular Norm RandOpt,100,3,5.333333333333334,5.333333333333333,2.516611478423583,3.0,8.0
mbpp,MBPP,Modular Norm RandOpt,100,3,5.3916666666666675,5.333333333333333,2.516611478423583,3.0,8.0
mbpp,MBPP,Modular Norm RandOpt,100,3,5.450000000000001,5.333333333333333,2.516611478423583,3.0,8.0
mbpp,MBPP,Modular Norm RandOpt,100,3,5.508333333333333,4.0,3.0000000000000004,1.0,7.000000000000001
mbpp,MBPP,Modular Norm RandOpt,100,3,5.566666666666666,4.0,3.0000000000000004,1.0,7.000000000000001
mbpp,MBPP,Modular Norm RandOpt,100,3,5.625,4.0,3.0000000000000004,1.0,7.000000000000001
mbpp,MBPP,Modular Norm RandOpt,100,3,5.683333333333334,4.0,3.0000000000000004,1.0,7.000000000000001
mbpp,MBPP,Modular Norm RandOpt,100,3,5.741666666666667,4.0,3.0000000000000004,1.0,7.000000000000001
mbpp,MBPP,Modular Norm RandOpt,100,3,5.800000000000001,4.0,3.0000000000000004,1.0,7.000000000000001
mbpp,MBPP,Modular Norm RandOpt,100,3,5.858333333333334,4.0,3.0000000000000004,1.0,7.000000000000001
mbpp,MBPP,Modular Norm RandOpt,100,3,5.916666666666666,4.0,3.0000000000000004,1.0,7.000000000000001
mbpp,MBPP,Modular Norm RandOpt,100,3,5.975,4.0,3.0000000000000004,1.0,7.000000000000001
mbpp,MBPP,Modular Norm RandOpt,100,3,6.033333333333333,2.0,1.7320508075688772,1.0,4.0
mbpp,MBPP,Modular Norm RandOpt,100,3,6.091666666666667,2.0,1.7320508075688772,1.0,4.0
mbpp,MBPP,Modular Norm RandOpt,100,3,6.15,2.0,1.7320508075688772,1.0,4.0
mbpp,MBPP,Modular Norm RandOpt,100,3,6.208333333333334,2.0,1.7320508075688772,1.0,4.0
mbpp,MBPP,Modular Norm RandOpt,100,3,6.2666666666666675,2.0,1.7320508075688772,1.0,4.0
mbpp,MBPP,Modular Norm RandOpt,100,3,6.325000000000001,2.0,1.7320508075688772,1.0,4.0
mbpp,MBPP,Modular Norm RandOpt,100,3,6.383333333333333,2.0,1.7320508075688772,1.0,4.0
mbpp,MBPP,Modular Norm RandOpt,100,3,6.441666666666666,2.0,1.7320508075688772,1.0,4.0
mbpp,MBPP,Modular Norm RandOpt,100,3,6.5,2.0,1.7320508075688772,1.0,4.0
mbpp,MBPP,Modular Norm RandOpt,100,3,6.558333333333334,1.0,1.0,0.0,2.0
mbpp,MBPP,Modular Norm RandOpt,100,3,6.616666666666667,1.0,1.0,0.0,2.0
mbpp,MBPP,Modular Norm RandOpt,100,3,6.675000000000001,1.0,1.0,0.0,2.0
mbpp,MBPP,Modular Norm RandOpt,100,3,6.733333333333334,1.0,1.0,0.0,2.0
mbpp,MBPP,Modular Norm RandOpt,100,3,6.791666666666666,1.0,1.0,0.0,2.0
mbpp,MBPP,Modular Norm RandOpt,100,3,6.85,1.0,1.0,0.0,2.0
mbpp,MBPP,Modular Norm RandOpt,100,3,6.908333333333333,1.0,1.0,0.0,2.0
mbpp,MBPP,Modular Norm RandOpt,100,3,6.966666666666667,1.0,1.0,0.0,2.0
mbpp,MBPP,Modular Norm RandOpt,100,3,7.025,0.6666666666666666,1.1547005383792517,0.0,2.0
mbpp,MBPP,Modular Norm RandOpt,100,3,7.083333333333334,0.6666666666666666,1.1547005383792517,0.0,2.0
mbpp,MBPP,Modular Norm RandOpt,100,3,7.1416666666666675,0.6666666666666666,1.1547005383792517,0.0,2.0
mbpp,MBPP,Modular Norm RandOpt,100,3,7.200000000000001,0.6666666666666666,1.1547005383792517,0.0,2.0
mbpp,MBPP,Modular Norm RandOpt,100,3,7.258333333333333,0.6666666666666666,1.1547005383792517,0.0,2.0
mbpp,MBPP,Modular Norm RandOpt,100,3,7.316666666666666,0.6666666666666666,1.1547005383792517,0.0,2.0
mbpp,MBPP,Modular Norm RandOpt,100,3,7.375,0.6666666666666666,1.1547005383792517,0.0,2.0
mbpp,MBPP,Modular Norm RandOpt,100,3,7.433333333333334,0.6666666666666666,1.1547005383792517,0.0,2.0
mbpp,MBPP,Modular Norm RandOpt,100,3,7.491666666666667,0.6666666666666666,1.1547005383792517,0.0,2.0
mbpp,MBPP,Modular Norm RandOpt,100,3,7.550000000000001,0.6666666666666666,1.1547005383792517,0.0,2.0
mbpp,MBPP,Modular Norm RandOpt,100,3,7.608333333333334,0.6666666666666666,1.1547005383792517,0.0,2.0
mbpp,MBPP,Modular Norm RandOpt,100,3,7.666666666666666,0.6666666666666666,1.1547005383792517,0.0,2.0
mbpp,MBPP,Modular Norm RandOpt,100,3,7.725,0.6666666666666666,1.1547005383792517,0.0,2.0
mbpp,MBPP,Modular Norm RandOpt,100,3,7.783333333333333,0.6666666666666666,1.1547005383792517,0.0,2.0
mbpp,MBPP,Modular Norm RandOpt,100,3,7.841666666666667,0.6666666666666666,1.1547005383792517,0.0,2.0
mbpp,MBPP,Modular Norm RandOpt,100,3,7.9,0.6666666666666666,1.1547005383792517,0.0,2.0
mbpp,MBPP,Modular Norm RandOpt,100,3,7.958333333333334,0.6666666666666666,1.1547005383792517,0.0,2.0
mbpp,MBPP,Modular Norm RandOpt,100,3,8.016666666666667,0.0,0.0,0.0,0.0
mbpp,MBPP,Modular Norm RandOpt,100,3,8.075000000000001,0.0,0.0,0.0,0.0
mbpp,MBPP,Modular Norm RandOpt,100,3,8.133333333333333,0.0,0.0,0.0,0.0
mbpp,MBPP,Modular Norm RandOpt,100,3,8.191666666666666,0.0,0.0,0.0,0.0
mbpp,MBPP,Modular Norm RandOpt,100,3,8.25,0.0,0.0,0.0,0.0
mbpp,MBPP,Modular Norm RandOpt,100,3,8.308333333333334,0.0,0.0,0.0,0.0
mbpp,MBPP,Modular Norm RandOpt,100,3,8.366666666666667,0.0,0.0,0.0,0.0
mbpp,MBPP,Modular Norm RandOpt,100,3,8.425,0.0,0.0,0.0,0.0
mbpp,MBPP,Modular Norm RandOpt,100,3,8.483333333333334,0.0,0.0,0.0,0.0
mbpp,MBPP,Modular Norm RandOpt,100,3,8.541666666666668,0.0,0.0,0.0,0.0
mbpp,MBPP,Modular Norm RandOpt,100,3,8.600000000000001,0.0,0.0,0.0,0.0
mbpp,MBPP,Modular Norm RandOpt,100,3,8.658333333333335,0.0,0.0,0.0,0.0
mbpp,MBPP,Modular Norm RandOpt,100,3,8.716666666666669,0.0,0.0,0.0,0.0
mbpp,MBPP,Modular Norm RandOpt,100,3,8.774999999999999,0.0,0.0,0.0,0.0
mbpp,MBPP,Modular Norm RandOpt,100,3,8.833333333333332,0.0,0.0,0.0,0.0
mbpp,MBPP,Modular Norm RandOpt,100,3,8.891666666666666,0.0,0.0,0.0,0.0
mbpp,MBPP,Modular Norm RandOpt,100,3,8.95,0.0,0.0,0.0,0.0
mbpp,MBPP,Modular Norm RandOpt,100,3,9.008333333333333,0.0,0.0,0.0,0.0
mbpp,MBPP,Modular Norm RandOpt,100,3,9.066666666666666,0.0,0.0,0.0,0.0
mbpp,MBPP,Modular Norm RandOpt,100,3,9.125,0.0,0.0,0.0,0.0
mbpp,MBPP,Modular Norm RandOpt,100,3,9.183333333333334,0.0,0.0,0.0,0.0
mbpp,MBPP,Modular Norm RandOpt,100,3,9.241666666666667,0.0,0.0,0.0,0.0
mbpp,MBPP,Modular Norm RandOpt,100,3,9.3,0.0,0.0,0.0,0.0
mbpp,MBPP,Modular Norm RandOpt,100,3,9.358333333333334,0.0,0.0,0.0,0.0
mbpp,MBPP,Modular Norm RandOpt,100,3,9.416666666666668,0.0,0.0,0.0,0.0
mbpp,MBPP,Modular Norm RandOpt,100,3,9.475000000000001,0.0,0.0,0.0,0.0
mbpp,MBPP,Modular Norm RandOpt,100,3,9.533333333333335,0.0,0.0,0.0,0.0
mbpp,MBPP,Modular Norm RandOpt,100,3,9.591666666666669,0.0,0.0,0.0,0.0
mbpp,MBPP,Modular Norm RandOpt,100,3,9.649999999999999,0.0,0.0,0.0,0.0
mbpp,MBPP,Modular Norm RandOpt,100,3,9.708333333333332,0.0,0.0,0.0,0.0
mbpp,MBPP,Modular Norm RandOpt,100,3,9.766666666666666,0.0,0.0,0.0,0.0
mbpp,MBPP,Modular Norm RandOpt,100,3,9.825,0.0,0.0,0.0,0.0
mbpp,MBPP,Modular Norm RandOpt,100,3,9.883333333333333,0.0,0.0,0.0,0.0
mbpp,MBPP,Modular Norm RandOpt,100,3,9.941666666666666,0.0,0.0,0.0,0.0
mbpp,MBPP,Modular Norm RandOpt,100,3,10.0,0.0,0.0,0.0,0.0
rocstories,ROCStories,RandOpt,100,3,-3.0,100.0,0.0,100.0,100.0
rocstories,ROCStories,RandOpt,100,3,-2.98,100.0,0.0,100.0,100.0
rocstories,ROCStories,RandOpt,100,3,-2.96,100.0,0.0,100.0,100.0
rocstories,ROCStories,RandOpt,100,3,-2.94,100.0,0.0,100.0,100.0
rocstories,ROCStories,RandOpt,100,3,-2.92,100.0,0.0,100.0,100.0
rocstories,ROCStories,RandOpt,100,3,-2.9,100.0,0.0,100.0,100.0
rocstories,ROCStories,RandOpt,100,3,-2.88,100.0,0.0,100.0,100.0
rocstories,ROCStories,RandOpt,100,3,-2.86,100.0,0.0,100.0,100.0
rocstories,ROCStories,RandOpt,100,3,-2.84,100.0,0.0,100.0,100.0
rocstories,ROCStories,RandOpt,100,3,-2.82,100.0,0.0,100.0,100.0
rocstories,ROCStories,RandOpt,100,3,-2.8,100.0,0.0,100.0,100.0
rocstories,ROCStories,RandOpt,100,3,-2.78,100.0,0.0,100.0,100.0
rocstories,ROCStories,RandOpt,100,3,-2.76,100.0,0.0,100.0,100.0
rocstories,ROCStories,RandOpt,100,3,-2.74,100.0,0.0,100.0,100.0
rocstories,ROCStories,RandOpt,100,3,-2.7199999999999998,100.0,0.0,100.0,100.0
rocstories,ROCStories,RandOpt,100,3,-2.7,100.0,0.0,100.0,100.0
rocstories,ROCStories,RandOpt,100,3,-2.68,100.0,0.0,100.0,100.0
rocstories,ROCStories,RandOpt,100,3,-2.66,100.0,0.0,100.0,100.0
rocstories,ROCStories,RandOpt,100,3,-2.64,100.0,0.0,100.0,100.0
rocstories,ROCStories,RandOpt,100,3,-2.62,100.0,0.0,100.0,100.0
rocstories,ROCStories,RandOpt,100,3,-2.6,100.0,0.0,100.0,100.0
rocstories,ROCStories,RandOpt,100,3,-2.58,100.0,0.0,100.0,100.0
rocstories,ROCStories,RandOpt,100,3,-2.56,100.0,0.0,100.0,100.0
rocstories,ROCStories,RandOpt,100,3,-2.54,100.0,0.0,100.0,100.0
rocstories,ROCStories,RandOpt,100,3,-2.52,100.0,0.0,100.0,100.0
rocstories,ROCStories,RandOpt,100,3,-2.5,100.0,0.0,100.0,100.0
rocstories,ROCStories,RandOpt,100,3,-2.48,100.0,0.0,100.0,100.0
rocstories,ROCStories,RandOpt,100,3,-2.46,100.0,0.0,100.0,100.0
rocstories,ROCStories,RandOpt,100,3,-2.44,100.0,0.0,100.0,100.0
rocstories,ROCStories,RandOpt,100,3,-2.42,100.0,0.0,100.0,100.0
rocstories,ROCStories,RandOpt,100,3,-2.4,100.0,0.0,100.0,100.0
rocstories,ROCStories,RandOpt,100,3,-2.38,100.0,0.0,100.0,100.0
rocstories,ROCStories,RandOpt,100,3,-2.36,100.0,0.0,100.0,100.0
rocstories,ROCStories,RandOpt,100,3,-2.34,100.0,0.0,100.0,100.0
rocstories,ROCStories,RandOpt,100,3,-2.32,100.0,0.0,100.0,100.0
rocstories,ROCStories,RandOpt,100,3,-2.3,100.0,0.0,100.0,100.0
rocstories,ROCStories,RandOpt,100,3,-2.2800000000000002,100.0,0.0,100.0,100.0
rocstories,ROCStories,RandOpt,100,3,-2.26,100.0,0.0,100.0,100.0
rocstories,ROCStories,RandOpt,100,3,-2.24,100.0,0.0,100.0,100.0
rocstories,ROCStories,RandOpt,100,3,-2.2199999999999998,100.0,0.0,100.0,100.0
rocstories,ROCStories,RandOpt,100,3,-2.2,100.0,0.0,100.0,100.0
rocstories,ROCStories,RandOpt,100,3,-2.1799999999999997,100.0,0.0,100.0,100.0
rocstories,ROCStories,RandOpt,100,3,-2.16,100.0,0.0,100.0,100.0
rocstories,ROCStories,RandOpt,100,3,-2.14,100.0,0.0,100.0,100.0
rocstories,ROCStories,RandOpt,100,3,-2.12,100.0,0.0,100.0,100.0
rocstories,ROCStories,RandOpt,100,3,-2.1,100.0,0.0,100.0,100.0
rocstories,ROCStories,RandOpt,100,3,-2.08,100.0,0.0,100.0,100.0
rocstories,ROCStories,RandOpt,100,3,-2.06,100.0,0.0,100.0,100.0
rocstories,ROCStories,RandOpt,100,3,-2.04,100.0,0.0,100.0,100.0
rocstories,ROCStories,RandOpt,100,3,-2.02,100.0,0.0,100.0,100.0
rocstories,ROCStories,RandOpt,100,3,-2.0,100.0,0.0,100.0,100.0
rocstories,ROCStories,RandOpt,100,3,-1.98,100.0,0.0,100.0,100.0
rocstories,ROCStories,RandOpt,100,3,-1.96,100.0,0.0,100.0,100.0
rocstories,ROCStories,RandOpt,100,3,-1.94,100.0,0.0,100.0,100.0
rocstories,ROCStories,RandOpt,100,3,-1.92,100.0,0.0,100.0,100.0
rocstories,ROCStories,RandOpt,100,3,-1.9,100.0,0.0,100.0,100.0
rocstories,ROCStories,RandOpt,100,3,-1.88,100.0,0.0,100.0,100.0
rocstories,ROCStories,RandOpt,100,3,-1.8599999999999999,100.0,0.0,100.0,100.0
rocstories,ROCStories,RandOpt,100,3,-1.84,100.0,0.0,100.0,100.0
rocstories,ROCStories,RandOpt,100,3,-1.82,100.0,0.0,100.0,100.0
rocstories,ROCStories,RandOpt,100,3,-1.8,100.0,0.0,100.0,100.0
rocstories,ROCStories,RandOpt,100,3,-1.78,100.0,0.0,100.0,100.0
rocstories,ROCStories,RandOpt,100,3,-1.76,100.0,0.0,100.0,100.0
rocstories,ROCStories,RandOpt,100,3,-1.74,100.0,0.0,100.0,100.0
rocstories,ROCStories,RandOpt,100,3,-1.72,100.0,0.0,100.0,100.0
rocstories,ROCStories,RandOpt,100,3,-1.7,100.0,0.0,100.0,100.0
rocstories,ROCStories,RandOpt,100,3,-1.68,100.0,0.0,100.0,100.0
rocstories,ROCStories,RandOpt,100,3,-1.66,100.0,0.0,100.0,100.0
rocstories,ROCStories,RandOpt,100,3,-1.64,100.0,0.0,100.0,100.0
rocstories,ROCStories,RandOpt,100,3,-1.6199999999999999,100.0,0.0,100.0,100.0
rocstories,ROCStories,RandOpt,100,3,-1.5999999999999999,100.0,0.0,100.0,100.0
rocstories,ROCStories,RandOpt,100,3,-1.58,100.0,0.0,100.0,100.0
rocstories,ROCStories,RandOpt,100,3,-1.56,100.0,0.0,100.0,100.0
rocstories,ROCStories,RandOpt,100,3,-1.54,100.0,0.0,100.0,100.0
rocstories,ROCStories,RandOpt,100,3,-1.52,100.0,0.0,100.0,100.0
rocstories,ROCStories,RandOpt,100,3,-1.5,99.66666666666667,0.5773502691896257,99.0,100.0
rocstories,ROCStories,RandOpt,100,3,-1.48,99.66666666666667,0.5773502691896257,99.0,100.0
rocstories,ROCStories,RandOpt,100,3,-1.46,99.66666666666667,0.5773502691896257,99.0,100.0
rocstories,ROCStories,RandOpt,100,3,-1.44,99.66666666666667,0.5773502691896257,99.0,100.0
rocstories,ROCStories,RandOpt,100,3,-1.42,99.66666666666667,0.5773502691896257,99.0,100.0
rocstories,ROCStories,RandOpt,100,3,-1.4,99.66666666666667,0.5773502691896257,99.0,100.0
rocstories,ROCStories,RandOpt,100,3,-1.38,99.66666666666667,0.5773502691896257,99.0,100.0
rocstories,ROCStories,RandOpt,100,3,-1.3599999999999999,99.66666666666667,0.5773502691896257,99.0,100.0
rocstories,ROCStories,RandOpt,100,3,-1.3399999999999999,99.66666666666667,0.5773502691896257,99.0,100.0
rocstories,ROCStories,RandOpt,100,3,-1.32,99.66666666666667,0.5773502691896257,99.0,100.0
rocstories,ROCStories,RandOpt,100,3,-1.3,99.33333333333333,1.1547005383792517,98.0,100.0
rocstories,ROCStories,RandOpt,100,3,-1.28,99.33333333333333,1.1547005383792517,98.0,100.0
rocstories,ROCStories,RandOpt,100,3,-1.26,99.33333333333333,1.1547005383792517,98.0,100.0
rocstories,ROCStories,RandOpt,100,3,-1.24,99.33333333333333,1.1547005383792517,98.0,100.0
rocstories,ROCStories,RandOpt,100,3,-1.22,99.33333333333333,1.1547005383792517,98.0,100.0
rocstories,ROCStories,RandOpt,100,3,-1.2,99.33333333333333,1.1547005383792517,98.0,100.0
rocstories,ROCStories,RandOpt,100,3,-1.18,99.33333333333333,1.1547005383792517,98.0,100.0
rocstories,ROCStories,RandOpt,100,3,-1.16,99.33333333333333,1.1547005383792517,98.0,100.0
rocstories,ROCStories,RandOpt,100,3,-1.14,99.0,1.7320508075688772,97.0,100.0
rocstories,ROCStories,RandOpt,100,3,-1.1199999999999999,98.66666666666667,2.3094010767585034,96.0,100.0
rocstories,ROCStories,RandOpt,100,3,-1.0999999999999999,98.33333333333333,2.081665999466133,96.0,100.0
rocstories,ROCStories,RandOpt,100,3,-1.08,98.33333333333333,2.081665999466133,96.0,100.0
rocstories,ROCStories,RandOpt,100,3,-1.06,98.33333333333333,2.081665999466133,96.0,100.0
rocstories,ROCStories,RandOpt,100,3,-1.04,98.33333333333333,2.081665999466133,96.0,100.0
rocstories,ROCStories,RandOpt,100,3,-1.02,98.33333333333333,2.081665999466133,96.0,100.0
rocstories,ROCStories,RandOpt,100,3,-1.0,98.0,2.0,96.0,100.0
rocstories,ROCStories,RandOpt,100,3,-0.98,98.0,2.0,96.0,100.0
rocstories,ROCStories,RandOpt,100,3,-0.96,98.0,2.0,96.0,100.0
rocstories,ROCStories,RandOpt,100,3,-0.94,98.0,2.0,96.0,100.0
rocstories,ROCStories,RandOpt,100,3,-0.9199999999999999,97.66666666666667,1.5275252316519468,96.0,99.0
rocstories,ROCStories,RandOpt,100,3,-0.8999999999999999,97.66666666666667,1.5275252316519468,96.0,99.0
rocstories,ROCStories,RandOpt,100,3,-0.8799999999999999,97.33333333333333,1.1547005383792517,96.0,98.0
rocstories,ROCStories,RandOpt,100,3,-0.8599999999999999,97.0,1.0,96.0,98.0
rocstories,ROCStories,RandOpt,100,3,-0.8399999999999999,96.66666666666667,0.5773502691896257,96.0,97.0
rocstories,ROCStories,RandOpt,100,3,-0.8199999999999998,96.66666666666667,0.5773502691896257,96.0,97.0
rocstories,ROCStories,RandOpt,100,3,-0.7999999999999998,96.33333333333333,0.5773502691896257,96.0,97.0
rocstories,ROCStories,RandOpt,100,3,-0.7799999999999998,96.0,1.0,95.0,97.0
rocstories,ROCStories,RandOpt,100,3,-0.7599999999999998,95.66666666666667,1.1547005383792517,95.0,97.0
rocstories,ROCStories,RandOpt,100,3,-0.7399999999999998,95.0,1.0,94.0,96.0
rocstories,ROCStories,RandOpt,100,3,-0.7199999999999998,95.0,1.0,94.0,96.0
rocstories,ROCStories,RandOpt,100,3,-0.6999999999999997,94.33333333333333,2.0816659994661326,92.0,96.0
rocstories,ROCStories,RandOpt,100,3,-0.6800000000000002,94.33333333333333,2.0816659994661326,92.0,96.0
rocstories,ROCStories,RandOpt,100,3,-0.6600000000000001,94.0,2.0,92.0,96.0
rocstories,ROCStories,RandOpt,100,3,-0.6400000000000001,93.33333333333333,1.5275252316519468,92.0,95.0
rocstories,ROCStories,RandOpt,100,3,-0.6200000000000001,93.0,1.0,92.0,94.0
rocstories,ROCStories,RandOpt,100,3,-0.6000000000000001,93.0,1.0,92.0,94.0
rocstories,ROCStories,RandOpt,100,3,-0.5800000000000001,92.0,2.0,90.0,94.0
rocstories,ROCStories,RandOpt,100,3,-0.56,91.66666666666667,1.5275252316519468,90.0,93.0
rocstories,ROCStories,RandOpt,100,3,-0.54,91.0,1.0,90.0,92.0
rocstories,ROCStories,RandOpt,100,3,-0.52,90.66666666666667,1.5275252316519468,89.0,92.0
rocstories,ROCStories,RandOpt,100,3,-0.5,90.0,2.6457513110645907,87.0,92.0
rocstories,ROCStories,RandOpt,100,3,-0.48,88.33333333333333,2.8867513459481287,85.0,90.0
rocstories,ROCStories,RandOpt,100,3,-0.45999999999999996,88.0,2.6457513110645907,85.0,90.0
rocstories,ROCStories,RandOpt,100,3,-0.43999999999999995,87.33333333333333,2.5166114784235836,85.0,90.0
rocstories,ROCStories,RandOpt,100,3,-0.41999999999999993,85.33333333333333,2.081665999466133,83.0,87.0
rocstories,ROCStories,RandOpt,100,3,-0.3999999999999999,83.66666666666667,3.511884584284246,80.0,87.0
rocstories,ROCStories,RandOpt,100,3,-0.3799999999999999,83.66666666666667,3.511884584284246,80.0,87.0
rocstories,ROCStories,RandOpt,100,3,-0.3599999999999999,83.66666666666667,3.511884584284246,80.0,87.0
rocstories,ROCStories,RandOpt,100,3,-0.33999999999999986,83.66666666666667,3.511884584284246,80.0,87.0
rocstories,ROCStories,RandOpt,100,3,-0.31999999999999984,83.0,3.605551275463989,79.0,86.0
rocstories,ROCStories,RandOpt,100,3,-0.2999999999999998,82.66666666666667,4.163331998932265,78.0,86.0
rocstories,ROCStories,RandOpt,100,3,-0.2799999999999998,81.66666666666667,4.163331998932265,77.0,85.0
rocstories,ROCStories,RandOpt,100,3,-0.2599999999999998,80.66666666666667,4.509249752822894,76.0,85.0
rocstories,ROCStories,RandOpt,100,3,-0.23999999999999977,80.0,4.58257569495584,76.0,85.0
rocstories,ROCStories,RandOpt,100,3,-0.21999999999999975,79.0,5.5677643628300215,74.0,85.0
rocstories,ROCStories,RandOpt,100,3,-0.19999999999999973,79.0,5.5677643628300215,74.0,85.0
rocstories,ROCStories,RandOpt,100,3,-0.18000000000000016,77.66666666666667,7.023769168568492,71.0,85.0
rocstories,ROCStories,RandOpt,100,3,-0.16000000000000014,77.33333333333333,7.505553499465135,70.0,85.0
rocstories,ROCStories,RandOpt,100,3,-0.14000000000000012,77.0,7.0,70.0,84.0
rocstories,ROCStories,RandOpt,100,3,-0.1200000000000001,75.66666666666667,7.094598884597588,68.0,82.0
rocstories,ROCStories,RandOpt,100,3,-0.10000000000000009,74.66666666666667,8.082903768654761,66.0,82.0
rocstories,ROCStories,RandOpt,100,3,-0.08000000000000007,74.66666666666667,8.082903768654761,66.0,82.0
rocstories,ROCStories,RandOpt,100,3,-0.06000000000000005,71.66666666666667,7.094598884597588,64.0,78.0
rocstories,ROCStories,RandOpt,100,3,-0.040000000000000036,70.66666666666667,8.082903768654761,62.0,78.0
rocstories,ROCStories,RandOpt,100,3,-0.020000000000000018,70.33333333333333,8.621678104251709,61.0,78.0
rocstories,ROCStories,RandOpt,100,3,0.0,69.66666666666667,9.71253485622231,59.0,78.0
rocstories,ROCStories,RandOpt,100,3,0.020000000000000018,67.0,8.717797887081352,56.99999999999999,73.0
rocstories,ROCStories,RandOpt,100,3,0.040000000000000036,66.66666666666667,8.386497083606088,56.99999999999999,72.0
rocstories,ROCStories,RandOpt,100,3,0.06000000000000005,66.66666666666667,8.386497083606088,56.99999999999999,72.0
rocstories,ROCStories,RandOpt,100,3,0.08000000000000007,65.33333333333333,8.144527815247073,56.00000000000001,71.0
rocstories,ROCStories,RandOpt,100,3,0.10000000000000009,65.0,7.81024967590665,56.00000000000001,70.0
rocstories,ROCStories,RandOpt,100,3,0.1200000000000001,63.666666666666664,7.57187779440036,55.00000000000001,69.0
rocstories,ROCStories,RandOpt,100,3,0.14000000000000012,63.333333333333336,8.144527815247077,54.0,69.0
rocstories,ROCStories,RandOpt,100,3,0.16000000000000014,62.0,8.717797887081348,52.0,68.0
rocstories,ROCStories,RandOpt,100,3,0.18000000000000016,61.0,8.660254037844387,51.0,66.0
rocstories,ROCStories,RandOpt,100,3,0.20000000000000018,59.333333333333336,7.234178138070235,51.0,64.0
rocstories,ROCStories,RandOpt,100,3,0.2200000000000002,58.333333333333336,7.371114795831994,50.0,64.0
rocstories,ROCStories,RandOpt,100,3,0.2400000000000002,56.666666666666664,7.767453465154029,48.0,63.0
rocstories,ROCStories,RandOpt,100,3,0.26000000000000023,55.333333333333336,7.371114795831993,47.0,61.0
rocstories,ROCStories,RandOpt,100,3,0.28000000000000025,54.0,8.717797887081346,44.0,60.0
rocstories,ROCStories,RandOpt,100,3,0.30000000000000027,53.666666666666664,9.291573243177568,43.0,60.0
rocstories,ROCStories,RandOpt,100,3,0.3200000000000003,51.333333333333336,8.144527815247077,42.0,56.99999999999999
rocstories,ROCStories,RandOpt,100,3,0.33999999999999986,50.333333333333336,7.234178138070238,42.0,55.00000000000001
rocstories,ROCStories,RandOpt,100,3,0.3599999999999999,47.0,6.557438524302,40.0,53.0
rocstories,ROCStories,RandOpt,100,3,0.3799999999999999,46.333333333333336,6.027713773341708,40.0,52.0
rocstories,ROCStories,RandOpt,100,3,0.3999999999999999,45.666666666666664,6.506407098647712,39.0,52.0
rocstories,ROCStories,RandOpt,100,3,0.41999999999999993,44.333333333333336,5.507570547286102,39.0,50.0
rocstories,ROCStories,RandOpt,100,3,0.43999999999999995,44.333333333333336,5.507570547286102,39.0,50.0
rocstories,ROCStories,RandOpt,100,3,0.45999999999999996,43.666666666666664,5.507570547286102,38.0,49.0
rocstories,ROCStories,RandOpt,100,3,0.48,43.333333333333336,5.033222956847167,38.0,48.0
rocstories,ROCStories,RandOpt,100,3,0.5,42.333333333333336,5.686240703077327,36.0,47.0
rocstories,ROCStories,RandOpt,100,3,0.52,38.666666666666664,6.110100926607787,32.0,44.0
rocstories,ROCStories,RandOpt,100,3,0.54,37.666666666666664,6.027713773341708,32.0,44.0
rocstories,ROCStories,RandOpt,100,3,0.56,37.0,5.5677643628300215,32.0,43.0
rocstories,ROCStories,RandOpt,100,3,0.5800000000000001,35.666666666666664,6.658328118479393,30.0,43.0
rocstories,ROCStories,RandOpt,100,3,0.6000000000000001,32.666666666666664,7.023769168568493,26.0,40.0
rocstories,ROCStories,RandOpt,100,3,0.6200000000000001,31.0,6.557438524302,24.0,37.0
rocstories,ROCStories,RandOpt,100,3,0.6400000000000001,31.0,6.557438524302,24.0,37.0
rocstories,ROCStories,RandOpt,100,3,0.6600000000000001,29.333333333333332,5.686240703077327,23.0,34.0
rocstories,ROCStories,RandOpt,100,3,0.6800000000000002,27.333333333333332,4.725815626252608,22.0,31.0
rocstories,ROCStories,RandOpt,100,3,0.7000000000000002,27.0,4.582575694955841,22.0,31.0
rocstories,ROCStories,RandOpt,100,3,0.7200000000000002,25.666666666666668,4.163331998932264,21.0,28.999999999999996
rocstories,ROCStories,RandOpt,100,3,0.7400000000000002,24.666666666666668,3.511884584284248,21.0,28.000000000000004
rocstories,ROCStories,RandOpt,100,3,0.7600000000000002,24.0,3.605551275463989,20.0,27.0
rocstories,ROCStories,RandOpt,100,3,0.7800000000000002,23.666666666666668,4.163331998932265,19.0,27.0
rocstories,ROCStories,RandOpt,100,3,0.8000000000000003,21.666666666666668,4.041451884327381,18.0,26.0
rocstories,ROCStories,RandOpt,100,3,0.8200000000000003,21.666666666666668,4.041451884327381,18.0,26.0
rocstories,ROCStories,RandOpt,100,3,0.8399999999999999,21.333333333333332,3.5118845842842465,18.0,25.0
rocstories,ROCStories,RandOpt,100,3,0.8599999999999999,20.0,3.0,17.0,23.0
rocstories,ROCStories,RandOpt,100,3,0.8799999999999999,19.333333333333332,2.5166114784235836,17.0,22.0
rocstories,ROCStories,RandOpt,100,3,0.8999999999999999,19.333333333333332,2.5166114784235836,17.0,22.0
rocstories,ROCStories,RandOpt,100,3,0.9199999999999999,18.333333333333332,3.2145502536643185,16.0,22.0
rocstories,ROCStories,RandOpt,100,3,0.94,17.0,3.4641016151377544,15.0,21.0
rocstories,ROCStories,RandOpt,100,3,0.96,16.333333333333332,4.163331998932266,13.0,21.0
rocstories,ROCStories,RandOpt,100,3,0.98,15.666666666666666,4.041451884327381,12.0,20.0
rocstories,ROCStories,RandOpt,100,3,1.0,14.666666666666666,4.618802153517006,12.0,20.0
rocstories,ROCStories,RandOpt,100,3,1.0200000000000005,14.333333333333334,4.041451884327381,12.0,19.0
rocstories,ROCStories,RandOpt,100,3,1.04,14.0,4.358898943540674,11.0,19.0
rocstories,ROCStories,RandOpt,100,3,1.0600000000000005,14.0,4.358898943540674,11.0,19.0
rocstories,ROCStories,RandOpt,100,3,1.08,13.333333333333334,4.041451884327381,11.0,18.0
rocstories,ROCStories,RandOpt,100,3,1.0999999999999996,13.333333333333334,4.041451884327381,11.0,18.0
rocstories,ROCStories,RandOpt,100,3,1.12,12.666666666666666,3.7859388972001824,10.0,17.0
rocstories,ROCStories,RandOpt,100,3,1.1399999999999997,12.666666666666666,3.7859388972001824,10.0,17.0
rocstories,ROCStories,RandOpt,100,3,1.1600000000000001,12.0,3.4641016151377544,10.0,16.0
rocstories,ROCStories,RandOpt,100,3,1.1799999999999997,10.666666666666666,3.7859388972001824,8.0,15.0
rocstories,ROCStories,RandOpt,100,3,1.2000000000000002,10.666666666666666,3.7859388972001824,8.0,15.0
rocstories,ROCStories,RandOpt,100,3,1.2199999999999998,9.666666666666666,2.8867513459481287,8.0,13.0
rocstories,ROCStories,RandOpt,100,3,1.2400000000000002,9.666666666666666,2.8867513459481287,8.0,13.0
rocstories,ROCStories,RandOpt,100,3,1.2599999999999998,8.666666666666666,2.0816659994661326,7.000000000000001,11.0
rocstories,ROCStories,RandOpt,100,3,1.2800000000000002,8.333333333333334,2.5166114784235836,6.0,11.0
rocstories,ROCStories,RandOpt,100,3,1.2999999999999998,8.0,2.0,6.0,10.0
rocstories,ROCStories,RandOpt,100,3,1.3200000000000003,7.666666666666667,1.5275252316519465,6.0,9.0
rocstories,ROCStories,RandOpt,100,3,1.3399999999999999,7.333333333333333,2.0816659994661326,5.0,9.0
rocstories,ROCStories,RandOpt,100,3,1.3600000000000003,6.333333333333333,1.1547005383792521,5.0,7.000000000000001
rocstories,ROCStories,RandOpt,100,3,1.38,6.333333333333333,1.1547005383792521,5.0,7.000000000000001
rocstories,ROCStories,RandOpt,100,3,1.4000000000000004,6.0,1.0000000000000004,5.0,7.000000000000001
rocstories,ROCStories,RandOpt,100,3,1.42,5.333333333333333,0.5773502691896258,5.0,6.0
rocstories,ROCStories,RandOpt,100,3,1.4400000000000004,5.0,1.0,4.0,6.0
rocstories,ROCStories,RandOpt,100,3,1.46,5.0,1.0,4.0,6.0
rocstories,ROCStories,RandOpt,100,3,1.4800000000000004,4.666666666666667,0.5773502691896258,4.0,5.0
rocstories,ROCStories,RandOpt,100,3,1.5,4.666666666666667,0.5773502691896258,4.0,5.0
rocstories,ROCStories,RandOpt,100,3,1.5200000000000005,4.333333333333333,0.5773502691896258,4.0,5.0
rocstories,ROCStories,RandOpt,100,3,1.54,3.6666666666666665,1.1547005383792515,3.0,5.0
rocstories,ROCStories,RandOpt,100,3,1.5600000000000005,3.3333333333333335,1.5275252316519465,2.0,5.0
rocstories,ROCStories,RandOpt,100,3,1.58,3.3333333333333335,1.5275252316519465,2.0,5.0
rocstories,ROCStories,RandOpt,100,3,1.6000000000000005,2.6666666666666665,0.5773502691896258,2.0,3.0
rocstories,ROCStories,RandOpt,100,3,1.62,2.3333333333333335,0.5773502691896258,2.0,3.0
rocstories,ROCStories,RandOpt,100,3,1.6399999999999997,2.3333333333333335,0.5773502691896258,2.0,3.0
rocstories,ROCStories,RandOpt,100,3,1.6600000000000001,1.6666666666666667,0.5773502691896257,1.0,2.0
rocstories,ROCStories,RandOpt,100,3,1.6799999999999997,1.3333333333333333,0.5773502691896257,1.0,2.0
rocstories,ROCStories,RandOpt,100,3,1.7000000000000002,1.3333333333333333,0.5773502691896257,1.0,2.0
rocstories,ROCStories,RandOpt,100,3,1.7199999999999998,1.3333333333333333,0.5773502691896257,1.0,2.0
rocstories,ROCStories,RandOpt,100,3,1.7400000000000002,1.3333333333333333,0.5773502691896257,1.0,2.0
rocstories,ROCStories,RandOpt,100,3,1.7599999999999998,1.3333333333333333,0.5773502691896257,1.0,2.0
rocstories,ROCStories,RandOpt,100,3,1.7800000000000002,1.0,1.0,0.0,2.0
rocstories,ROCStories,RandOpt,100,3,1.7999999999999998,1.0,1.0,0.0,2.0
rocstories,ROCStories,RandOpt,100,3,1.8200000000000003,1.0,1.0,0.0,2.0
rocstories,ROCStories,RandOpt,100,3,1.8399999999999999,1.0,1.0,0.0,2.0
rocstories,ROCStories,RandOpt,100,3,1.8600000000000003,1.0,1.0,0.0,2.0
rocstories,ROCStories,RandOpt,100,3,1.88,1.0,1.0,0.0,2.0
rocstories,ROCStories,RandOpt,100,3,1.9000000000000004,1.0,1.0,0.0,2.0
rocstories,ROCStories,RandOpt,100,3,1.92,0.6666666666666666,0.5773502691896258,0.0,1.0
rocstories,ROCStories,RandOpt,100,3,1.9400000000000004,0.6666666666666666,0.5773502691896258,0.0,1.0
rocstories,ROCStories,RandOpt,100,3,1.96,0.6666666666666666,0.5773502691896258,0.0,1.0
rocstories,ROCStories,RandOpt,100,3,1.9800000000000004,0.3333333333333333,0.5773502691896258,0.0,1.0
rocstories,ROCStories,RandOpt,100,3,2.0,0.3333333333333333,0.5773502691896258,0.0,1.0
rocstories,ROCStories,RandOpt,100,3,2.0200000000000005,0.3333333333333333,0.5773502691896258,0.0,1.0
rocstories,ROCStories,RandOpt,100,3,2.04,0.3333333333333333,0.5773502691896258,0.0,1.0
rocstories,ROCStories,RandOpt,100,3,2.0600000000000005,0.3333333333333333,0.5773502691896258,0.0,1.0
rocstories,ROCStories,RandOpt,100,3,2.08,0.3333333333333333,0.5773502691896258,0.0,1.0
rocstories,ROCStories,RandOpt,100,3,2.1000000000000005,0.3333333333333333,0.5773502691896258,0.0,1.0
rocstories,ROCStories,RandOpt,100,3,2.12,0.3333333333333333,0.5773502691896258,0.0,1.0
rocstories,ROCStories,RandOpt,100,3,2.1399999999999997,0.3333333333333333,0.5773502691896258,0.0,1.0
rocstories,ROCStories,RandOpt,100,3,2.16,0.3333333333333333,0.5773502691896258,0.0,1.0
rocstories,ROCStories,RandOpt,100,3,2.1799999999999997,0.3333333333333333,0.5773502691896258,0.0,1.0
rocstories,ROCStories,RandOpt,100,3,2.2,0.3333333333333333,0.5773502691896258,0.0,1.0
rocstories,ROCStories,RandOpt,100,3,2.2199999999999998,0.3333333333333333,0.5773502691896258,0.0,1.0
rocstories,ROCStories,RandOpt,100,3,2.24,0.3333333333333333,0.5773502691896258,0.0,1.0
rocstories,ROCStories,RandOpt,100,3,2.26,0.0,0.0,0.0,0.0
rocstories,ROCStories,RandOpt,100,3,2.2800000000000002,0.0,0.0,0.0,0.0
rocstories,ROCStories,RandOpt,100,3,2.3,0.0,0.0,0.0,0.0
rocstories,ROCStories,RandOpt,100,3,2.3200000000000003,0.0,0.0,0.0,0.0
rocstories,ROCStories,RandOpt,100,3,2.34,0.0,0.0,0.0,0.0
rocstories,ROCStories,RandOpt,100,3,2.3600000000000003,0.0,0.0,0.0,0.0
rocstories,ROCStories,RandOpt,100,3,2.38,0.0,0.0,0.0,0.0
rocstories,ROCStories,RandOpt,100,3,2.4000000000000004,0.0,0.0,0.0,0.0
rocstories,ROCStories,RandOpt,100,3,2.42,0.0,0.0,0.0,0.0
rocstories,ROCStories,RandOpt,100,3,2.4400000000000004,0.0,0.0,0.0,0.0
rocstories,ROCStories,RandOpt,100,3,2.46,0.0,0.0,0.0,0.0
rocstories,ROCStories,RandOpt,100,3,2.4800000000000004,0.0,0.0,0.0,0.0
rocstories,ROCStories,RandOpt,100,3,2.5,0.0,0.0,0.0,0.0
rocstories,ROCStories,RandOpt,100,3,2.5200000000000005,0.0,0.0,0.0,0.0
rocstories,ROCStories,RandOpt,100,3,2.54,0.0,0.0,0.0,0.0
rocstories,ROCStories,RandOpt,100,3,2.5600000000000005,0.0,0.0,0.0,0.0
rocstories,ROCStories,RandOpt,100,3,2.58,0.0,0.0,0.0,0.0
rocstories,ROCStories,RandOpt,100,3,2.6000000000000005,0.0,0.0,0.0,0.0
rocstories,ROCStories,RandOpt,100,3,2.62,0.0,0.0,0.0,0.0
rocstories,ROCStories,RandOpt,100,3,2.6399999999999997,0.0,0.0,0.0,0.0
rocstories,ROCStories,RandOpt,100,3,2.66,0.0,0.0,0.0,0.0
rocstories,ROCStories,RandOpt,100,3,2.6799999999999997,0.0,0.0,0.0,0.0
rocstories,ROCStories,RandOpt,100,3,2.7,0.0,0.0,0.0,0.0
rocstories,ROCStories,RandOpt,100,3,2.7199999999999998,0.0,0.0,0.0,0.0
rocstories,ROCStories,RandOpt,100,3,2.74,0.0,0.0,0.0,0.0
rocstories,ROCStories,RandOpt,100,3,2.76,0.0,0.0,0.0,0.0
rocstories,ROCStories,RandOpt,100,3,2.7800000000000002,0.0,0.0,0.0,0.0
rocstories,ROCStories,RandOpt,100,3,2.8,0.0,0.0,0.0,0.0
rocstories,ROCStories,RandOpt,100,3,2.8200000000000003,0.0,0.0,0.0,0.0
rocstories,ROCStories,RandOpt,100,3,2.84,0.0,0.0,0.0,0.0
rocstories,ROCStories,RandOpt,100,3,2.8600000000000003,0.0,0.0,0.0,0.0
rocstories,ROCStories,RandOpt,100,3,2.88,0.0,0.0,0.0,0.0
rocstories,ROCStories,RandOpt,100,3,2.9000000000000004,0.0,0.0,0.0,0.0
rocstories,ROCStories,RandOpt,100,3,2.92,0.0,0.0,0.0,0.0
rocstories,ROCStories,RandOpt,100,3,2.9400000000000004,0.0,0.0,0.0,0.0
rocstories,ROCStories,RandOpt,100,3,2.96,0.0,0.0,0.0,0.0
rocstories,ROCStories,RandOpt,100,3,2.9800000000000004,0.0,0.0,0.0,0.0
rocstories,ROCStories,RandOpt,100,3,3.0,0.0,0.0,0.0,0.0
rocstories,ROCStories,Modular Norm RandOpt,100,3,-3.0,100.0,0.0,100.0,100.0
rocstories,ROCStories,Modular Norm RandOpt,100,3,-2.98,100.0,0.0,100.0,100.0
rocstories,ROCStories,Modular Norm RandOpt,100,3,-2.96,100.0,0.0,100.0,100.0
rocstories,ROCStories,Modular Norm RandOpt,100,3,-2.94,100.0,0.0,100.0,100.0
rocstories,ROCStories,Modular Norm RandOpt,100,3,-2.92,100.0,0.0,100.0,100.0
rocstories,ROCStories,Modular Norm RandOpt,100,3,-2.9,100.0,0.0,100.0,100.0
rocstories,ROCStories,Modular Norm RandOpt,100,3,-2.88,100.0,0.0,100.0,100.0
rocstories,ROCStories,Modular Norm RandOpt,100,3,-2.86,100.0,0.0,100.0,100.0
rocstories,ROCStories,Modular Norm RandOpt,100,3,-2.84,100.0,0.0,100.0,100.0
rocstories,ROCStories,Modular Norm RandOpt,100,3,-2.82,100.0,0.0,100.0,100.0
rocstories,ROCStories,Modular Norm RandOpt,100,3,-2.8,100.0,0.0,100.0,100.0
rocstories,ROCStories,Modular Norm RandOpt,100,3,-2.78,100.0,0.0,100.0,100.0
rocstories,ROCStories,Modular Norm RandOpt,100,3,-2.76,100.0,0.0,100.0,100.0
rocstories,ROCStories,Modular Norm RandOpt,100,3,-2.74,100.0,0.0,100.0,100.0
rocstories,ROCStories,Modular Norm RandOpt,100,3,-2.7199999999999998,100.0,0.0,100.0,100.0
rocstories,ROCStories,Modular Norm RandOpt,100,3,-2.7,100.0,0.0,100.0,100.0
rocstories,ROCStories,Modular Norm RandOpt,100,3,-2.68,100.0,0.0,100.0,100.0
rocstories,ROCStories,Modular Norm RandOpt,100,3,-2.66,100.0,0.0,100.0,100.0
rocstories,ROCStories,Modular Norm RandOpt,100,3,-2.64,100.0,0.0,100.0,100.0
rocstories,ROCStories,Modular Norm RandOpt,100,3,-2.62,100.0,0.0,100.0,100.0
rocstories,ROCStories,Modular Norm RandOpt,100,3,-2.6,100.0,0.0,100.0,100.0
rocstories,ROCStories,Modular Norm RandOpt,100,3,-2.58,100.0,0.0,100.0,100.0
rocstories,ROCStories,Modular Norm RandOpt,100,3,-2.56,100.0,0.0,100.0,100.0
rocstories,ROCStories,Modular Norm RandOpt,100,3,-2.54,100.0,0.0,100.0,100.0
rocstories,ROCStories,Modular Norm RandOpt,100,3,-2.52,100.0,0.0,100.0,100.0
rocstories,ROCStories,Modular Norm RandOpt,100,3,-2.5,100.0,0.0,100.0,100.0
rocstories,ROCStories,Modular Norm RandOpt,100,3,-2.48,100.0,0.0,100.0,100.0
rocstories,ROCStories,Modular Norm RandOpt,100,3,-2.46,100.0,0.0,100.0,100.0
rocstories,ROCStories,Modular Norm RandOpt,100,3,-2.44,100.0,0.0,100.0,100.0
rocstories,ROCStories,Modular Norm RandOpt,100,3,-2.42,100.0,0.0,100.0,100.0
rocstories,ROCStories,Modular Norm RandOpt,100,3,-2.4,100.0,0.0,100.0,100.0
rocstories,ROCStories,Modular Norm RandOpt,100,3,-2.38,100.0,0.0,100.0,100.0
rocstories,ROCStories,Modular Norm RandOpt,100,3,-2.36,100.0,0.0,100.0,100.0
rocstories,ROCStories,Modular Norm RandOpt,100,3,-2.34,100.0,0.0,100.0,100.0
rocstories,ROCStories,Modular Norm RandOpt,100,3,-2.32,100.0,0.0,100.0,100.0
rocstories,ROCStories,Modular Norm RandOpt,100,3,-2.3,100.0,0.0,100.0,100.0
rocstories,ROCStories,Modular Norm RandOpt,100,3,-2.2800000000000002,100.0,0.0,100.0,100.0
rocstories,ROCStories,Modular Norm RandOpt,100,3,-2.26,100.0,0.0,100.0,100.0
rocstories,ROCStories,Modular Norm RandOpt,100,3,-2.24,100.0,0.0,100.0,100.0
rocstories,ROCStories,Modular Norm RandOpt,100,3,-2.2199999999999998,100.0,0.0,100.0,100.0
rocstories,ROCStories,Modular Norm RandOpt,100,3,-2.2,100.0,0.0,100.0,100.0
rocstories,ROCStories,Modular Norm RandOpt,100,3,-2.1799999999999997,100.0,0.0,100.0,100.0
rocstories,ROCStories,Modular Norm RandOpt,100,3,-2.16,100.0,0.0,100.0,100.0
rocstories,ROCStories,Modular Norm RandOpt,100,3,-2.14,100.0,0.0,100.0,100.0
rocstories,ROCStories,Modular Norm RandOpt,100,3,-2.12,100.0,0.0,100.0,100.0
rocstories,ROCStories,Modular Norm RandOpt,100,3,-2.1,100.0,0.0,100.0,100.0
rocstories,ROCStories,Modular Norm RandOpt,100,3,-2.08,100.0,0.0,100.0,100.0
rocstories,ROCStories,Modular Norm RandOpt,100,3,-2.06,100.0,0.0,100.0,100.0
rocstories,ROCStories,Modular Norm RandOpt,100,3,-2.04,100.0,0.0,100.0,100.0
rocstories,ROCStories,Modular Norm RandOpt,100,3,-2.02,100.0,0.0,100.0,100.0
rocstories,ROCStories,Modular Norm RandOpt,100,3,-2.0,100.0,0.0,100.0,100.0
rocstories,ROCStories,Modular Norm RandOpt,100,3,-1.98,100.0,0.0,100.0,100.0
rocstories,ROCStories,Modular Norm RandOpt,100,3,-1.96,100.0,0.0,100.0,100.0
rocstories,ROCStories,Modular Norm RandOpt,100,3,-1.94,100.0,0.0,100.0,100.0
rocstories,ROCStories,Modular Norm RandOpt,100,3,-1.92,100.0,0.0,100.0,100.0
rocstories,ROCStories,Modular Norm RandOpt,100,3,-1.9,99.66666666666667,0.5773502691896257,99.0,100.0
rocstories,ROCStories,Modular Norm RandOpt,100,3,-1.88,99.66666666666667,0.5773502691896257,99.0,100.0
rocstories,ROCStories,Modular Norm RandOpt,100,3,-1.8599999999999999,99.66666666666667,0.5773502691896257,99.0,100.0
rocstories,ROCStories,Modular Norm RandOpt,100,3,-1.84,99.66666666666667,0.5773502691896257,99.0,100.0
rocstories,ROCStories,Modular Norm RandOpt,100,3,-1.82,99.66666666666667,0.5773502691896257,99.0,100.0
rocstories,ROCStories,Modular Norm RandOpt,100,3,-1.8,99.66666666666667,0.5773502691896257,99.0,100.0
rocstories,ROCStories,Modular Norm RandOpt,100,3,-1.78,99.66666666666667,0.5773502691896257,99.0,100.0
rocstories,ROCStories,Modular Norm RandOpt,100,3,-1.76,99.66666666666667,0.5773502691896257,99.0,100.0
rocstories,ROCStories,Modular Norm RandOpt,100,3,-1.74,99.66666666666667,0.5773502691896257,99.0,100.0
rocstories,ROCStories,Modular Norm RandOpt,100,3,-1.72,99.66666666666667,0.5773502691896257,99.0,100.0
rocstories,ROCStories,Modular Norm RandOpt,100,3,-1.7,99.66666666666667,0.5773502691896257,99.0,100.0
rocstories,ROCStories,Modular Norm RandOpt,100,3,-1.68,99.66666666666667,0.5773502691896257,99.0,100.0
rocstories,ROCStories,Modular Norm RandOpt,100,3,-1.66,99.66666666666667,0.5773502691896257,99.0,100.0
rocstories,ROCStories,Modular Norm RandOpt,100,3,-1.64,99.66666666666667,0.5773502691896257,99.0,100.0
rocstories,ROCStories,Modular Norm RandOpt,100,3,-1.6199999999999999,99.66666666666667,0.5773502691896257,99.0,100.0
rocstories,ROCStories,Modular Norm RandOpt,100,3,-1.5999999999999999,99.66666666666667,0.5773502691896257,99.0,100.0
rocstories,ROCStories,Modular Norm RandOpt,100,3,-1.58,99.66666666666667,0.5773502691896257,99.0,100.0
rocstories,ROCStories,Modular Norm RandOpt,100,3,-1.56,99.66666666666667,0.5773502691896257,99.0,100.0
rocstories,ROCStories,Modular Norm RandOpt,100,3,-1.54,99.66666666666667,0.5773502691896257,99.0,100.0
rocstories,ROCStories,Modular Norm RandOpt,100,3,-1.52,99.66666666666667,0.5773502691896257,99.0,100.0
rocstories,ROCStories,Modular Norm RandOpt,100,3,-1.5,99.33333333333333,1.1547005383792517,98.0,100.0
rocstories,ROCStories,Modular Norm RandOpt,100,3,-1.48,99.33333333333333,1.1547005383792517,98.0,100.0
rocstories,ROCStories,Modular Norm RandOpt,100,3,-1.46,99.33333333333333,1.1547005383792517,98.0,100.0
rocstories,ROCStories,Modular Norm RandOpt,100,3,-1.44,99.33333333333333,1.1547005383792517,98.0,100.0
rocstories,ROCStories,Modular Norm RandOpt,100,3,-1.42,99.33333333333333,1.1547005383792517,98.0,100.0
rocstories,ROCStories,Modular Norm RandOpt,100,3,-1.4,99.33333333333333,1.1547005383792517,98.0,100.0
rocstories,ROCStories,Modular Norm RandOpt,100,3,-1.38,99.33333333333333,1.1547005383792517,98.0,100.0
rocstories,ROCStories,Modular Norm RandOpt,100,3,-1.3599999999999999,99.33333333333333,1.1547005383792517,98.0,100.0
rocstories,ROCStories,Modular Norm RandOpt,100,3,-1.3399999999999999,99.33333333333333,1.1547005383792517,98.0,100.0
rocstories,ROCStories,Modular Norm RandOpt,100,3,-1.32,99.33333333333333,1.1547005383792517,98.0,100.0
rocstories,ROCStories,Modular Norm RandOpt,100,3,-1.3,99.33333333333333,1.1547005383792517,98.0,100.0
rocstories,ROCStories,Modular Norm RandOpt,100,3,-1.28,99.33333333333333,1.1547005383792517,98.0,100.0
rocstories,ROCStories,Modular Norm RandOpt,100,3,-1.26,99.0,1.0,98.0,100.0
rocstories,ROCStories,Modular Norm RandOpt,100,3,-1.24,99.0,1.0,98.0,100.0
rocstories,ROCStories,Modular Norm RandOpt,100,3,-1.22,99.0,1.0,98.0,100.0
rocstories,ROCStories,Modular Norm RandOpt,100,3,-1.2,99.0,1.0,98.0,100.0
rocstories,ROCStories,Modular Norm RandOpt,100,3,-1.18,99.0,1.0,98.0,100.0
rocstories,ROCStories,Modular Norm RandOpt,100,3,-1.16,99.0,1.0,98.0,100.0
rocstories,ROCStories,Modular Norm RandOpt,100,3,-1.14,99.0,1.0,98.0,100.0
rocstories,ROCStories,Modular Norm RandOpt,100,3,-1.1199999999999999,99.0,1.0,98.0,100.0
rocstories,ROCStories,Modular Norm RandOpt,100,3,-1.0999999999999999,99.0,1.0,98.0,100.0
rocstories,ROCStories,Modular Norm RandOpt,100,3,-1.08,99.0,1.0,98.0,100.0
rocstories,ROCStories,Modular Norm RandOpt,100,3,-1.06,98.66666666666667,1.1547005383792517,98.0,100.0
rocstories,ROCStories,Modular Norm RandOpt,100,3,-1.04,98.66666666666667,1.1547005383792517,98.0,100.0
rocstories,ROCStories,Modular Norm RandOpt,100,3,-1.02,98.0,1.7320508075688772,97.0,100.0
rocstories,ROCStories,Modular Norm RandOpt,100,3,-1.0,98.0,1.7320508075688772,97.0,100.0
rocstories,ROCStories,Modular Norm RandOpt,100,3,-0.98,98.0,1.7320508075688772,97.0,100.0
rocstories,ROCStories,Modular Norm RandOpt,100,3,-0.96,98.0,1.7320508075688772,97.0,100.0
rocstories,ROCStories,Modular Norm RandOpt,100,3,-0.94,98.0,1.7320508075688772,97.0,100.0
rocstories,ROCStories,Modular Norm RandOpt,100,3,-0.9199999999999999,98.0,1.7320508075688772,97.0,100.0
rocstories,ROCStories,Modular Norm RandOpt,100,3,-0.8999999999999999,98.0,1.7320508075688772,97.0,100.0
rocstories,ROCStories,Modular Norm RandOpt,100,3,-0.8799999999999999,97.0,2.0,95.0,99.0
rocstories,ROCStories,Modular Norm RandOpt,100,3,-0.8599999999999999,97.0,2.0,95.0,99.0
rocstories,ROCStories,Modular Norm RandOpt,100,3,-0.8399999999999999,96.66666666666667,2.081665999466133,95.0,99.0
rocstories,ROCStories,Modular Norm RandOpt,100,3,-0.8199999999999998,96.66666666666667,2.081665999466133,95.0,99.0
rocstories,ROCStories,Modular Norm RandOpt,100,3,-0.7999999999999998,96.33333333333333,1.5275252316519468,95.0,98.0
rocstories,ROCStories,Modular Norm RandOpt,100,3,-0.7799999999999998,96.0,1.7320508075688772,95.0,98.0
rocstories,ROCStories,Modular Norm RandOpt,100,3,-0.7599999999999998,95.66666666666667,2.0816659994661326,94.0,98.0
rocstories,ROCStories,Modular Norm RandOpt,100,3,-0.7399999999999998,95.66666666666667,2.0816659994661326,94.0,98.0
rocstories,ROCStories,Modular Norm RandOpt,100,3,-0.7199999999999998,95.0,1.0,94.0,96.0
rocstories,ROCStories,Modular Norm RandOpt,100,3,-0.6999999999999997,95.0,1.0,94.0,96.0
rocstories,ROCStories,Modular Norm RandOpt,100,3,-0.6800000000000002,95.0,1.0,94.0,96.0
rocstories,ROCStories,Modular Norm RandOpt,100,3,-0.6600000000000001,94.66666666666667,1.5275252316519468,93.0,96.0
rocstories,ROCStories,Modular Norm RandOpt,100,3,-0.6400000000000001,94.0,2.0,92.0,96.0
rocstories,ROCStories,Modular Norm RandOpt,100,3,-0.6200000000000001,94.0,2.0,92.0,96.0
rocstories,ROCStories,Modular Norm RandOpt,100,3,-0.6000000000000001,94.0,2.0,92.0,96.0
rocstories,ROCStories,Modular Norm RandOpt,100,3,-0.5800000000000001,93.66666666666667,2.516611478423583,91.0,96.0
rocstories,ROCStories,Modular Norm RandOpt,100,3,-0.56,93.0,3.0,90.0,96.0
rocstories,ROCStories,Modular Norm RandOpt,100,3,-0.54,93.0,3.0,90.0,96.0
rocstories,ROCStories,Modular Norm RandOpt,100,3,-0.52,92.33333333333333,3.055050463303893,89.0,95.0
rocstories,ROCStories,Modular Norm RandOpt,100,3,-0.5,91.33333333333333,4.725815626252608,86.0,95.0
rocstories,ROCStories,Modular Norm RandOpt,100,3,-0.48,90.66666666666667,5.131601439446884,85.0,95.0
rocstories,ROCStories,Modular Norm RandOpt,100,3,-0.45999999999999996,90.33333333333333,4.725815626252608,85.0,94.0
rocstories,ROCStories,Modular Norm RandOpt,100,3,-0.43999999999999995,88.33333333333333,5.507570547286102,82.0,92.0
rocstories,ROCStories,Modular Norm RandOpt,100,3,-0.41999999999999993,87.66666666666667,5.131601439446884,82.0,92.0
rocstories,ROCStories,Modular Norm RandOpt,100,3,-0.3999999999999999,87.66666666666667,5.131601439446884,82.0,92.0
rocstories,ROCStories,Modular Norm RandOpt,100,3,-0.3799999999999999,87.0,5.5677643628300215,81.0,92.0
rocstories,ROCStories,Modular Norm RandOpt,100,3,-0.3599999999999999,86.33333333333333,4.725815626252608,81.0,90.0
rocstories,ROCStories,Modular Norm RandOpt,100,3,-0.33999999999999986,85.66666666666667,4.163331998932265,81.0,89.0
rocstories,ROCStories,Modular Norm RandOpt,100,3,-0.31999999999999984,85.33333333333333,4.725815626252608,80.0,89.0
rocstories,ROCStories,Modular Norm RandOpt,100,3,-0.2999999999999998,85.33333333333333,4.725815626252608,80.0,89.0
rocstories,ROCStories,Modular Norm RandOpt,100,3,-0.2799999999999998,85.0,4.58257569495584,80.0,89.0
rocstories,ROCStories,Modular Norm RandOpt,100,3,-0.2599999999999998,84.66666666666667,4.163331998932265,80.0,88.0
rocstories,ROCStories,Modular Norm RandOpt,100,3,-0.23999999999999977,84.0,3.605551275463989,80.0,87.0
rocstories,ROCStories,Modular Norm RandOpt,100,3,-0.21999999999999975,83.0,3.4641016151377544,79.0,85.0
rocstories,ROCStories,Modular Norm RandOpt,100,3,-0.19999999999999973,81.33333333333333,3.7859388972001824,77.0,84.0
rocstories,ROCStories,Modular Norm RandOpt,100,3,-0.18000000000000016,79.33333333333333,4.041451884327381,75.0,83.0
rocstories,ROCStories,Modular Norm RandOpt,100,3,-0.16000000000000014,78.0,4.58257569495584,73.0,82.0
rocstories,ROCStories,Modular Norm RandOpt,100,3,-0.14000000000000012,76.33333333333333,4.041451884327381,72.0,80.0
rocstories,ROCStories,Modular Norm RandOpt,100,3,-0.1200000000000001,74.66666666666667,3.055050463303893,72.0,78.0
rocstories,ROCStories,Modular Norm RandOpt,100,3,-0.10000000000000009,73.66666666666667,2.8867513459481287,72.0,77.0
rocstories,ROCStories,Modular Norm RandOpt,100,3,-0.08000000000000007,73.0,1.7320508075688772,72.0,75.0
rocstories,ROCStories,Modular Norm RandOpt,100,3,-0.06000000000000005,70.66666666666667,2.3094010767585034,68.0,72.0
rocstories,ROCStories,Modular Norm RandOpt,100,3,-0.040000000000000036,68.0,3.0,65.0,71.0
rocstories,ROCStories,Modular Norm RandOpt,100,3,-0.020000000000000018,67.33333333333333,3.511884584284246,64.0,71.0
rocstories,ROCStories,Modular Norm RandOpt,100,3,0.0,66.0,4.58257569495584,61.0,70.0
rocstories,ROCStories,Modular Norm RandOpt,100,3,0.020000000000000018,65.0,4.358898943540674,60.0,68.0
rocstories,ROCStories,Modular Norm RandOpt,100,3,0.040000000000000036,63.666666666666664,3.2145502536643185,60.0,66.0
rocstories,ROCStories,Modular Norm RandOpt,100,3,0.06000000000000005,62.0,2.6457513110645907,59.0,64.0
rocstories,ROCStories,Modular Norm RandOpt,100,3,0.08000000000000007,59.333333333333336,4.725815626252609,54.0,63.0
rocstories,ROCStories,Modular Norm RandOpt,100,3,0.10000000000000009,58.333333333333336,4.509249752822894,54.0,63.0
rocstories,ROCStories,Modular Norm RandOpt,100,3,0.1200000000000001,56.666666666666664,4.509249752822894,52.0,61.0
rocstories,ROCStories,Modular Norm RandOpt,100,3,0.14000000000000012,55.666666666666664,5.131601439446883,50.0,60.0
rocstories,ROCStories,Modular Norm RandOpt,100,3,0.16000000000000014,54.0,5.0,49.0,59.0
rocstories,ROCStories,Modular Norm RandOpt,100,3,0.18000000000000016,52.666666666666664,5.5075705472860985,47.0,57.99999999999999
rocstories,ROCStories,Modular Norm RandOpt,100,3,0.20000000000000018,52.0,5.567764362830019,46.0,56.99999999999999
rocstories,ROCStories,Modular Norm RandOpt,100,3,0.2200000000000002,49.0,5.5677643628300215,43.0,54.0
rocstories,ROCStories,Modular Norm RandOpt,100,3,0.2400000000000002,48.0,6.557438524302,41.0,54.0
rocstories,ROCStories,Modular Norm RandOpt,100,3,0.26000000000000023,48.0,6.557438524302,41.0,54.0
rocstories,ROCStories,Modular Norm RandOpt,100,3,0.28000000000000025,47.333333333333336,6.658328118479393,40.0,53.0
rocstories,ROCStories,Modular Norm RandOpt,100,3,0.30000000000000027,45.666666666666664,4.932882862316248,40.0,49.0
rocstories,ROCStories,Modular Norm RandOpt,100,3,0.3200000000000003,43.333333333333336,5.507570547286102,37.0,47.0
rocstories,ROCStories,Modular Norm RandOpt,100,3,0.33999999999999986,42.333333333333336,4.618802153517007,37.0,45.0
rocstories,ROCStories,Modular Norm RandOpt,100,3,0.3599999999999999,40.0,5.291502622129181,34.0,44.0
rocstories,ROCStories,Modular Norm RandOpt,100,3,0.3799999999999999,39.666666666666664,5.131601439446884,34.0,44.0
rocstories,ROCStories,Modular Norm RandOpt,100,3,0.3999999999999999,38.666666666666664,4.163331998932266,34.0,42.0
rocstories,ROCStories,Modular Norm RandOpt,100,3,0.41999999999999993,36.666666666666664,2.309401076758503,34.0,38.0
rocstories,ROCStories,Modular Norm RandOpt,100,3,0.43999999999999995,35.0,5.196152422706634,28.999999999999996,38.0
rocstories,ROCStories,Modular Norm RandOpt,100,3,0.45999999999999996,34.0,4.358898943540676,28.999999999999996,37.0
rocstories,ROCStories,Modular Norm RandOpt,100,3,0.48,33.333333333333336,3.7859388972001846,28.999999999999996,36.0
rocstories,ROCStories,Modular Norm RandOpt,100,3,0.5,31.666666666666668,4.163331998932265,27.0,35.0
rocstories,ROCStories,Modular Norm RandOpt,100,3,0.52,30.0,3.4641016151377544,26.0,32.0
rocstories,ROCStories,Modular Norm RandOpt,100,3,0.54,29.666666666666668,3.2145502536643185,26.0,32.0
rocstories,ROCStories,Modular Norm RandOpt,100,3,0.56,28.0,2.64575131106459,25.0,30.0
rocstories,ROCStories,Modular Norm RandOpt,100,3,0.5800000000000001,26.333333333333332,3.055050463303892,23.0,28.999999999999996
rocstories,ROCStories,Modular Norm RandOpt,100,3,0.6000000000000001,25.333333333333332,2.886751345948129,22.0,27.0
rocstories,ROCStories,Modular Norm RandOpt,100,3,0.6200000000000001,24.666666666666668,3.2145502536643185,21.0,27.0
rocstories,ROCStories,Modular Norm RandOpt,100,3,0.6400000000000001,24.333333333333332,3.7859388972001824,20.0,27.0
rocstories,ROCStories,Modular Norm RandOpt,100,3,0.6600000000000001,21.666666666666668,3.2145502536643185,18.0,24.0
rocstories,ROCStories,Modular Norm RandOpt,100,3,0.6800000000000002,20.0,2.0,18.0,22.0
rocstories,ROCStories,Modular Norm RandOpt,100,3,0.7000000000000002,19.666666666666668,2.081665999466133,18.0,22.0
rocstories,ROCStories,Modular Norm RandOpt,100,3,0.7200000000000002,18.666666666666668,3.0550504633038935,16.0,22.0
rocstories,ROCStories,Modular Norm RandOpt,100,3,0.7400000000000002,18.333333333333332,3.5118845842842465,15.0,22.0
rocstories,ROCStories,Modular Norm RandOpt,100,3,0.7600000000000002,17.0,3.4641016151377544,15.0,21.0
rocstories,ROCStories,Modular Norm RandOpt,100,3,0.7800000000000002,16.0,3.4641016151377535,14.000000000000002,20.0
rocstories,ROCStories,Modular Norm RandOpt,100,3,0.8000000000000003,15.0,2.6457513110645903,13.0,18.0
rocstories,ROCStories,Modular Norm RandOpt,100,3,0.8200000000000003,14.333333333333334,3.214550253664318,12.0,18.0
rocstories,ROCStories,Modular Norm RandOpt,100,3,0.8399999999999999,13.666666666666666,3.7859388972001824,11.0,18.0
rocstories,ROCStories,Modular Norm RandOpt,100,3,0.8599999999999999,13.333333333333334,3.214550253664318,11.0,17.0
rocstories,ROCStories,Modular Norm RandOpt,100,3,0.8799999999999999,12.666666666666666,2.081665999466133,11.0,15.0
rocstories,ROCStories,Modular Norm RandOpt,100,3,0.8999999999999999,12.666666666666666,2.081665999466133,11.0,15.0
rocstories,ROCStories,Modular Norm RandOpt,100,3,0.9199999999999999,11.666666666666666,1.1547005383792517,11.0,13.0
rocstories,ROCStories,Modular Norm RandOpt,100,3,0.94,11.0,1.0,10.0,12.0
rocstories,ROCStories,Modular Norm RandOpt,100,3,0.96,10.666666666666666,0.5773502691896257,10.0,11.0
rocstories,ROCStories,Modular Norm RandOpt,100,3,0.98,10.666666666666666,0.5773502691896257,10.0,11.0
rocstories,ROCStories,Modular Norm RandOpt,100,3,1.0,10.666666666666666,0.5773502691896257,10.0,11.0
rocstories,ROCStories,Modular Norm RandOpt,100,3,1.0200000000000005,9.0,1.0,8.0,10.0
rocstories,ROCStories,Modular Norm RandOpt,100,3,1.04,8.666666666666666,0.5773502691896257,8.0,9.0
rocstories,ROCStories,Modular Norm RandOpt,100,3,1.0600000000000005,8.0,0.9999999999999996,7.000000000000001,9.0
rocstories,ROCStories,Modular Norm RandOpt,100,3,1.08,7.333333333333333,1.5275252316519465,6.0,9.0
rocstories,ROCStories,Modular Norm RandOpt,100,3,1.0999999999999996,7.333333333333333,1.5275252316519465,6.0,9.0
rocstories,ROCStories,Modular Norm RandOpt,100,3,1.12,6.333333333333333,0.5773502691896263,6.0,7.000000000000001
rocstories,ROCStories,Modular Norm RandOpt,100,3,1.1399999999999997,6.0,0.0,6.0,6.0
rocstories,ROCStories,Modular Norm RandOpt,100,3,1.1600000000000001,5.333333333333333,1.1547005383792517,4.0,6.0
rocstories,ROCStories,Modular Norm RandOpt,100,3,1.1799999999999997,5.0,1.7320508075688772,3.0,6.0
rocstories,ROCStories,Modular Norm RandOpt,100,3,1.2000000000000002,5.0,1.7320508075688772,3.0,6.0
rocstories,ROCStories,Modular Norm RandOpt,100,3,1.2199999999999998,4.666666666666667,1.5275252316519465,3.0,6.0
rocstories,ROCStories,Modular Norm RandOpt,100,3,1.2400000000000002,4.666666666666667,1.5275252316519465,3.0,6.0
rocstories,ROCStories,Modular Norm RandOpt,100,3,1.2599999999999998,4.666666666666667,1.5275252316519465,3.0,6.0
rocstories,ROCStories,Modular Norm RandOpt,100,3,1.2800000000000002,4.0,1.0,3.0,5.0
rocstories,ROCStories,Modular Norm RandOpt,100,3,1.2999999999999998,4.0,1.0,3.0,5.0
rocstories,ROCStories,Modular Norm RandOpt,100,3,1.3200000000000003,3.6666666666666665,0.5773502691896258,3.0,4.0
rocstories,ROCStories,Modular Norm RandOpt,100,3,1.3399999999999999,2.6666666666666665,1.1547005383792515,2.0,4.0
rocstories,ROCStories,Modular Norm RandOpt,100,3,1.3600000000000003,2.3333333333333335,1.5275252316519468,1.0,4.0
rocstories,ROCStories,Modular Norm RandOpt,100,3,1.38,2.0,1.7320508075688772,1.0,4.0
rocstories,ROCStories,Modular Norm RandOpt,100,3,1.4000000000000004,2.0,1.7320508075688772,1.0,4.0
rocstories,ROCStories,Modular Norm RandOpt,100,3,1.42,2.0,1.7320508075688772,1.0,4.0
rocstories,ROCStories,Modular Norm RandOpt,100,3,1.4400000000000004,1.6666666666666667,1.1547005383792517,1.0,3.0
rocstories,ROCStories,Modular Norm RandOpt,100,3,1.46,1.3333333333333333,1.5275252316519465,0.0,3.0
rocstories,ROCStories,Modular Norm RandOpt,100,3,1.4800000000000004,1.0,1.7320508075688772,0.0,3.0
rocstories,ROCStories,Modular Norm RandOpt,100,3,1.5,1.0,1.7320508075688772,0.0,3.0
rocstories,ROCStories,Modular Norm RandOpt,100,3,1.5200000000000005,1.0,1.7320508075688772,0.0,3.0
rocstories,ROCStories,Modular Norm RandOpt,100,3,1.54,1.0,1.7320508075688772,0.0,3.0
rocstories,ROCStories,Modular Norm RandOpt,100,3,1.5600000000000005,1.0,1.7320508075688772,0.0,3.0
rocstories,ROCStories,Modular Norm RandOpt,100,3,1.58,1.0,1.7320508075688772,0.0,3.0
rocstories,ROCStories,Modular Norm RandOpt,100,3,1.6000000000000005,1.0,1.7320508075688772,0.0,3.0
rocstories,ROCStories,Modular Norm RandOpt,100,3,1.62,1.0,1.7320508075688772,0.0,3.0
rocstories,ROCStories,Modular Norm RandOpt,100,3,1.6399999999999997,0.6666666666666666,1.1547005383792517,0.0,2.0
rocstories,ROCStories,Modular Norm RandOpt,100,3,1.6600000000000001,0.6666666666666666,1.1547005383792517,0.0,2.0
rocstories,ROCStories,Modular Norm RandOpt,100,3,1.6799999999999997,0.6666666666666666,1.1547005383792517,0.0,2.0
rocstories,ROCStories,Modular Norm RandOpt,100,3,1.7000000000000002,0.6666666666666666,1.1547005383792517,0.0,2.0
rocstories,ROCStories,Modular Norm RandOpt,100,3,1.7199999999999998,0.6666666666666666,1.1547005383792517,0.0,2.0
rocstories,ROCStories,Modular Norm RandOpt,100,3,1.7400000000000002,0.6666666666666666,1.1547005383792517,0.0,2.0
rocstories,ROCStories,Modular Norm RandOpt,100,3,1.7599999999999998,0.6666666666666666,1.1547005383792517,0.0,2.0
rocstories,ROCStories,Modular Norm RandOpt,100,3,1.7800000000000002,0.6666666666666666,1.1547005383792517,0.0,2.0
rocstories,ROCStories,Modular Norm RandOpt,100,3,1.7999999999999998,0.6666666666666666,1.1547005383792517,0.0,2.0
rocstories,ROCStories,Modular Norm RandOpt,100,3,1.8200000000000003,0.3333333333333333,0.5773502691896258,0.0,1.0
rocstories,ROCStories,Modular Norm RandOpt,100,3,1.8399999999999999,0.3333333333333333,0.5773502691896258,0.0,1.0
rocstories,ROCStories,Modular Norm RandOpt,100,3,1.8600000000000003,0.3333333333333333,0.5773502691896258,0.0,1.0
rocstories,ROCStories,Modular Norm RandOpt,100,3,1.88,0.3333333333333333,0.5773502691896258,0.0,1.0
rocstories,ROCStories,Modular Norm RandOpt,100,3,1.9000000000000004,0.3333333333333333,0.5773502691896258,0.0,1.0
rocstories,ROCStories,Modular Norm RandOpt,100,3,1.92,0.3333333333333333,0.5773502691896258,0.0,1.0
rocstories,ROCStories,Modular Norm RandOpt,100,3,1.9400000000000004,0.0,0.0,0.0,0.0
rocstories,ROCStories,Modular Norm RandOpt,100,3,1.96,0.0,0.0,0.0,0.0
rocstories,ROCStories,Modular Norm RandOpt,100,3,1.9800000000000004,0.0,0.0,0.0,0.0
rocstories,ROCStories,Modular Norm RandOpt,100,3,2.0,0.0,0.0,0.0,0.0
rocstories,ROCStories,Modular Norm RandOpt,100,3,2.0200000000000005,0.0,0.0,0.0,0.0
rocstories,ROCStories,Modular Norm RandOpt,100,3,2.04,0.0,0.0,0.0,0.0
rocstories,ROCStories,Modular Norm RandOpt,100,3,2.0600000000000005,0.0,0.0,0.0,0.0
rocstories,ROCStories,Modular Norm RandOpt,100,3,2.08,0.0,0.0,0.0,0.0
rocstories,ROCStories,Modular Norm RandOpt,100,3,2.1000000000000005,0.0,0.0,0.0,0.0
rocstories,ROCStories,Modular Norm RandOpt,100,3,2.12,0.0,0.0,0.0,0.0
rocstories,ROCStories,Modular Norm RandOpt,100,3,2.1399999999999997,0.0,0.0,0.0,0.0
rocstories,ROCStories,Modular Norm RandOpt,100,3,2.16,0.0,0.0,0.0,0.0
rocstories,ROCStories,Modular Norm RandOpt,100,3,2.1799999999999997,0.0,0.0,0.0,0.0
rocstories,ROCStories,Modular Norm RandOpt,100,3,2.2,0.0,0.0,0.0,0.0
rocstories,ROCStories,Modular Norm RandOpt,100,3,2.2199999999999998,0.0,0.0,0.0,0.0
rocstories,ROCStories,Modular Norm RandOpt,100,3,2.24,0.0,0.0,0.0,0.0
rocstories,ROCStories,Modular Norm RandOpt,100,3,2.26,0.0,0.0,0.0,0.0
rocstories,ROCStories,Modular Norm RandOpt,100,3,2.2800000000000002,0.0,0.0,0.0,0.0
rocstories,ROCStories,Modular Norm RandOpt,100,3,2.3,0.0,0.0,0.0,0.0
rocstories,ROCStories,Modular Norm RandOpt,100,3,2.3200000000000003,0.0,0.0,0.0,0.0
rocstories,ROCStories,Modular Norm RandOpt,100,3,2.34,0.0,0.0,0.0,0.0
rocstories,ROCStories,Modular Norm RandOpt,100,3,2.3600000000000003,0.0,0.0,0.0,0.0
rocstories,ROCStories,Modular Norm RandOpt,100,3,2.38,0.0,0.0,0.0,0.0
rocstories,ROCStories,Modular Norm RandOpt,100,3,2.4000000000000004,0.0,0.0,0.0,0.0
rocstories,ROCStories,Modular Norm RandOpt,100,3,2.42,0.0,0.0,0.0,0.0
rocstories,ROCStories,Modular Norm RandOpt,100,3,2.4400000000000004,0.0,0.0,0.0,0.0
rocstories,ROCStories,Modular Norm RandOpt,100,3,2.46,0.0,0.0,0.0,0.0
rocstories,ROCStories,Modular Norm RandOpt,100,3,2.4800000000000004,0.0,0.0,0.0,0.0
rocstories,ROCStories,Modular Norm RandOpt,100,3,2.5,0.0,0.0,0.0,0.0
rocstories,ROCStories,Modular Norm RandOpt,100,3,2.5200000000000005,0.0,0.0,0.0,0.0
rocstories,ROCStories,Modular Norm RandOpt,100,3,2.54,0.0,0.0,0.0,0.0
rocstories,ROCStories,Modular Norm RandOpt,100,3,2.5600000000000005,0.0,0.0,0.0,0.0
rocstories,ROCStories,Modular Norm RandOpt,100,3,2.58,0.0,0.0,0.0,0.0
rocstories,ROCStories,Modular Norm RandOpt,100,3,2.6000000000000005,0.0,0.0,0.0,0.0
rocstories,ROCStories,Modular Norm RandOpt,100,3,2.62,0.0,0.0,0.0,0.0
rocstories,ROCStories,Modular Norm RandOpt,100,3,2.6399999999999997,0.0,0.0,0.0,0.0
rocstories,ROCStories,Modular Norm RandOpt,100,3,2.66,0.0,0.0,0.0,0.0
rocstories,ROCStories,Modular Norm RandOpt,100,3,2.6799999999999997,0.0,0.0,0.0,0.0
rocstories,ROCStories,Modular Norm RandOpt,100,3,2.7,0.0,0.0,0.0,0.0
rocstories,ROCStories,Modular Norm RandOpt,100,3,2.7199999999999998,0.0,0.0,0.0,0.0
rocstories,ROCStories,Modular Norm RandOpt,100,3,2.74,0.0,0.0,0.0,0.0
rocstories,ROCStories,Modular Norm RandOpt,100,3,2.76,0.0,0.0,0.0,0.0
rocstories,ROCStories,Modular Norm RandOpt,100,3,2.7800000000000002,0.0,0.0,0.0,0.0
rocstories,ROCStories,Modular Norm RandOpt,100,3,2.8,0.0,0.0,0.0,0.0
rocstories,ROCStories,Modular Norm RandOpt,100,3,2.8200000000000003,0.0,0.0,0.0,0.0
rocstories,ROCStories,Modular Norm RandOpt,100,3,2.84,0.0,0.0,0.0,0.0
rocstories,ROCStories,Modular Norm RandOpt,100,3,2.8600000000000003,0.0,0.0,0.0,0.0
rocstories,ROCStories,Modular Norm RandOpt,100,3,2.88,0.0,0.0,0.0,0.0
rocstories,ROCStories,Modular Norm RandOpt,100,3,2.9000000000000004,0.0,0.0,0.0,0.0
rocstories,ROCStories,Modular Norm RandOpt,100,3,2.92,0.0,0.0,0.0,0.0
rocstories,ROCStories,Modular Norm RandOpt,100,3,2.9400000000000004,0.0,0.0,0.0,0.0
rocstories,ROCStories,Modular Norm RandOpt,100,3,2.96,0.0,0.0,0.0,0.0
rocstories,ROCStories,Modular Norm RandOpt,100,3,2.9800000000000004,0.0,0.0,0.0,0.0
rocstories,ROCStories,Modular Norm RandOpt,100,3,3.0,0.0,0.0,0.0,0.0
uspto50k,USPTO-50K,RandOpt,100,3,-10.0,100.0,0.0,100.0,100.0
uspto50k,USPTO-50K,RandOpt,100,3,-9.9,100.0,0.0,100.0,100.0
uspto50k,USPTO-50K,RandOpt,100,3,-9.8,100.0,0.0,100.0,100.0
uspto50k,USPTO-50K,RandOpt,100,3,-9.7,100.0,0.0,100.0,100.0
uspto50k,USPTO-50K,RandOpt,100,3,-9.6,100.0,0.0,100.0,100.0
uspto50k,USPTO-50K,RandOpt,100,3,-9.5,100.0,0.0,100.0,100.0
uspto50k,USPTO-50K,RandOpt,100,3,-9.4,100.0,0.0,100.0,100.0
uspto50k,USPTO-50K,RandOpt,100,3,-9.3,100.0,0.0,100.0,100.0
uspto50k,USPTO-50K,RandOpt,100,3,-9.2,100.0,0.0,100.0,100.0
uspto50k,USPTO-50K,RandOpt,100,3,-9.1,100.0,0.0,100.0,100.0
uspto50k,USPTO-50K,RandOpt,100,3,-9.0,100.0,0.0,100.0,100.0
uspto50k,USPTO-50K,RandOpt,100,3,-8.9,100.0,0.0,100.0,100.0
uspto50k,USPTO-50K,RandOpt,100,3,-8.8,100.0,0.0,100.0,100.0
uspto50k,USPTO-50K,RandOpt,100,3,-8.7,100.0,0.0,100.0,100.0
uspto50k,USPTO-50K,RandOpt,100,3,-8.6,100.0,0.0,100.0,100.0
uspto50k,USPTO-50K,RandOpt,100,3,-8.5,100.0,0.0,100.0,100.0
uspto50k,USPTO-50K,RandOpt,100,3,-8.4,100.0,0.0,100.0,100.0
uspto50k,USPTO-50K,RandOpt,100,3,-8.3,100.0,0.0,100.0,100.0
uspto50k,USPTO-50K,RandOpt,100,3,-8.2,100.0,0.0,100.0,100.0
uspto50k,USPTO-50K,RandOpt,100,3,-8.1,100.0,0.0,100.0,100.0
uspto50k,USPTO-50K,RandOpt,100,3,-8.0,100.0,0.0,100.0,100.0
uspto50k,USPTO-50K,RandOpt,100,3,-7.9,100.0,0.0,100.0,100.0
uspto50k,USPTO-50K,RandOpt,100,3,-7.8,100.0,0.0,100.0,100.0
uspto50k,USPTO-50K,RandOpt,100,3,-7.699999999999999,100.0,0.0,100.0,100.0
uspto50k,USPTO-50K,RandOpt,100,3,-7.6,100.0,0.0,100.0,100.0
uspto50k,USPTO-50K,RandOpt,100,3,-7.5,100.0,0.0,100.0,100.0
uspto50k,USPTO-50K,RandOpt,100,3,-7.4,100.0,0.0,100.0,100.0
uspto50k,USPTO-50K,RandOpt,100,3,-7.3,100.0,0.0,100.0,100.0
uspto50k,USPTO-50K,RandOpt,100,3,-7.199999999999999,100.0,0.0,100.0,100.0
uspto50k,USPTO-50K,RandOpt,100,3,-7.1,100.0,0.0,100.0,100.0
uspto50k,USPTO-50K,RandOpt,100,3,-7.0,99.0,1.0,98.0,100.0
uspto50k,USPTO-50K,RandOpt,100,3,-6.9,99.0,1.0,98.0,100.0
uspto50k,USPTO-50K,RandOpt,100,3,-6.8,99.0,1.0,98.0,100.0
uspto50k,USPTO-50K,RandOpt,100,3,-6.699999999999999,99.0,1.0,98.0,100.0
uspto50k,USPTO-50K,RandOpt,100,3,-6.6,99.0,1.0,98.0,100.0
uspto50k,USPTO-50K,RandOpt,100,3,-6.5,99.0,1.0,98.0,100.0
uspto50k,USPTO-50K,RandOpt,100,3,-6.4,98.33333333333333,0.5773502691896257,98.0,99.0
uspto50k,USPTO-50K,RandOpt,100,3,-6.3,98.33333333333333,0.5773502691896257,98.0,99.0
uspto50k,USPTO-50K,RandOpt,100,3,-6.199999999999999,98.33333333333333,0.5773502691896257,98.0,99.0
uspto50k,USPTO-50K,RandOpt,100,3,-6.1,98.33333333333333,0.5773502691896257,98.0,99.0
uspto50k,USPTO-50K,RandOpt,100,3,-6.0,96.0,1.0,95.0,97.0
uspto50k,USPTO-50K,RandOpt,100,3,-5.8999999999999995,96.0,1.0,95.0,97.0
uspto50k,USPTO-50K,RandOpt,100,3,-5.8,96.0,1.0,95.0,97.0
uspto50k,USPTO-50K,RandOpt,100,3,-5.7,96.0,1.0,95.0,97.0
uspto50k,USPTO-50K,RandOpt,100,3,-5.6,96.0,1.0,95.0,97.0
uspto50k,USPTO-50K,RandOpt,100,3,-5.5,92.0,1.0,91.0,93.0
uspto50k,USPTO-50K,RandOpt,100,3,-5.3999999999999995,92.0,1.0,91.0,93.0
uspto50k,USPTO-50K,RandOpt,100,3,-5.3,92.0,1.0,91.0,93.0
uspto50k,USPTO-50K,RandOpt,100,3,-5.199999999999999,92.0,1.0,91.0,93.0
uspto50k,USPTO-50K,RandOpt,100,3,-5.1,92.0,1.0,91.0,93.0
uspto50k,USPTO-50K,RandOpt,100,3,-5.0,92.0,1.0,91.0,93.0
uspto50k,USPTO-50K,RandOpt,100,3,-4.8999999999999995,82.0,1.7320508075688772,81.0,84.0
uspto50k,USPTO-50K,RandOpt,100,3,-4.8,82.0,1.7320508075688772,81.0,84.0
uspto50k,USPTO-50K,RandOpt,100,3,-4.699999999999999,82.0,1.7320508075688772,81.0,84.0
uspto50k,USPTO-50K,RandOpt,100,3,-4.6,82.0,1.7320508075688772,81.0,84.0
uspto50k,USPTO-50K,RandOpt,100,3,-4.5,73.66666666666667,0.5773502691896257,73.0,74.0
uspto50k,USPTO-50K,RandOpt,100,3,-4.3999999999999995,73.66666666666667,0.5773502691896257,73.0,74.0
uspto50k,USPTO-50K,RandOpt,100,3,-4.3,73.66666666666667,0.5773502691896257,73.0,74.0
uspto50k,USPTO-50K,RandOpt,100,3,-4.199999999999999,73.66666666666667,0.5773502691896257,73.0,74.0
uspto50k,USPTO-50K,RandOpt,100,3,-4.1,73.66666666666667,0.5773502691896257,73.0,74.0
uspto50k,USPTO-50K,RandOpt,100,3,-4.0,68.66666666666667,3.511884584284246,65.0,72.0
uspto50k,USPTO-50K,RandOpt,100,3,-3.8999999999999995,68.66666666666667,3.511884584284246,65.0,72.0
uspto50k,USPTO-50K,RandOpt,100,3,-3.8,68.66666666666667,3.511884584284246,65.0,72.0
uspto50k,USPTO-50K,RandOpt,100,3,-3.6999999999999993,68.66666666666667,3.511884584284246,65.0,72.0
uspto50k,USPTO-50K,RandOpt,100,3,-3.5999999999999996,68.66666666666667,3.511884584284246,65.0,72.0
uspto50k,USPTO-50K,RandOpt,100,3,-3.5,62.0,4.582575694955843,57.99999999999999,67.0
uspto50k,USPTO-50K,RandOpt,100,3,-3.3999999999999995,62.0,4.582575694955843,57.99999999999999,67.0
uspto50k,USPTO-50K,RandOpt,100,3,-3.3,62.0,4.582575694955843,57.99999999999999,67.0
uspto50k,USPTO-50K,RandOpt,100,3,-3.1999999999999993,62.0,4.582575694955843,57.99999999999999,67.0
uspto50k,USPTO-50K,RandOpt,100,3,-3.0999999999999996,62.0,4.582575694955843,57.99999999999999,67.0
uspto50k,USPTO-50K,RandOpt,100,3,-3.0,56.0,2.6457513110645867,53.0,57.99999999999999
uspto50k,USPTO-50K,RandOpt,100,3,-2.8999999999999995,56.0,2.6457513110645867,53.0,57.99999999999999
uspto50k,USPTO-50K,RandOpt,100,3,-2.8,56.0,2.6457513110645867,53.0,57.99999999999999
uspto50k,USPTO-50K,RandOpt,100,3,-2.6999999999999993,56.0,2.6457513110645867,53.0,57.99999999999999
uspto50k,USPTO-50K,RandOpt,100,3,-2.5999999999999996,56.0,2.6457513110645867,53.0,57.99999999999999
uspto50k,USPTO-50K,RandOpt,100,3,-2.5,48.0,3.4641016151377544,44.0,50.0
uspto50k,USPTO-50K,RandOpt,100,3,-2.3999999999999995,48.0,3.4641016151377544,44.0,50.0
uspto50k,USPTO-50K,RandOpt,100,3,-2.3,48.0,3.4641016151377544,44.0,50.0
uspto50k,USPTO-50K,RandOpt,100,3,-2.1999999999999993,48.0,3.4641016151377544,44.0,50.0
uspto50k,USPTO-50K,RandOpt,100,3,-2.0999999999999996,48.0,3.4641016151377544,44.0,50.0
uspto50k,USPTO-50K,RandOpt,100,3,-2.0,41.666666666666664,4.163331998932266,37.0,45.0
uspto50k,USPTO-50K,RandOpt,100,3,-1.9000000000000004,41.666666666666664,4.163331998932266,37.0,45.0
uspto50k,USPTO-50K,RandOpt,100,3,-1.799999999999999,41.666666666666664,4.163331998932266,37.0,45.0
uspto50k,USPTO-50K,RandOpt,100,3,-1.6999999999999993,41.666666666666664,4.163331998932266,37.0,45.0
uspto50k,USPTO-50K,RandOpt,100,3,-1.5999999999999996,41.666666666666664,4.163331998932266,37.0,45.0
uspto50k,USPTO-50K,RandOpt,100,3,-1.5,37.333333333333336,2.8867513459481287,34.0,39.0
uspto50k,USPTO-50K,RandOpt,100,3,-1.4000000000000004,37.333333333333336,2.8867513459481287,34.0,39.0
uspto50k,USPTO-50K,RandOpt,100,3,-1.299999999999999,37.333333333333336,2.8867513459481287,34.0,39.0
uspto50k,USPTO-50K,RandOpt,100,3,-1.1999999999999993,37.333333333333336,2.8867513459481287,34.0,39.0
uspto50k,USPTO-50K,RandOpt,100,3,-1.0999999999999996,37.333333333333336,2.8867513459481287,34.0,39.0
uspto50k,USPTO-50K,RandOpt,100,3,-1.0,34.0,3.605551275463989,31.0,38.0
uspto50k,USPTO-50K,RandOpt,100,3,-0.9000000000000004,34.0,3.605551275463989,31.0,38.0
uspto50k,USPTO-50K,RandOpt,100,3,-0.7999999999999989,34.0,3.605551275463989,31.0,38.0
uspto50k,USPTO-50K,RandOpt,100,3,-0.6999999999999993,34.0,3.605551275463989,31.0,38.0
uspto50k,USPTO-50K,RandOpt,100,3,-0.5999999999999996,34.0,3.605551275463989,31.0,38.0
uspto50k,USPTO-50K,RandOpt,100,3,-0.5,29.0,2.6457513110645907,26.0,31.0
uspto50k,USPTO-50K,RandOpt,100,3,-0.3999999999999986,29.0,2.6457513110645907,26.0,31.0
uspto50k,USPTO-50K,RandOpt,100,3,-0.29999999999999893,29.0,2.6457513110645907,26.0,31.0
uspto50k,USPTO-50K,RandOpt,100,3,-0.1999999999999993,29.0,2.6457513110645907,26.0,31.0
uspto50k,USPTO-50K,RandOpt,100,3,-0.09999999999999964,29.0,2.6457513110645907,26.0,31.0
uspto50k,USPTO-50K,RandOpt,100,3,0.0,29.0,2.6457513110645907,26.0,31.0
uspto50k,USPTO-50K,RandOpt,100,3,0.10000000000000142,26.0,1.7320508075688772,24.0,27.0
uspto50k,USPTO-50K,RandOpt,100,3,0.20000000000000107,26.0,1.7320508075688772,24.0,27.0
uspto50k,USPTO-50K,RandOpt,100,3,0.3000000000000007,26.0,1.7320508075688772,24.0,27.0
uspto50k,USPTO-50K,RandOpt,100,3,0.40000000000000036,26.0,1.7320508075688772,24.0,27.0
uspto50k,USPTO-50K,RandOpt,100,3,0.5,22.0,3.605551275463989,18.0,25.0
uspto50k,USPTO-50K,RandOpt,100,3,0.6000000000000014,22.0,3.605551275463989,18.0,25.0
uspto50k,USPTO-50K,RandOpt,100,3,0.7000000000000011,22.0,3.605551275463989,18.0,25.0
uspto50k,USPTO-50K,RandOpt,100,3,0.8000000000000007,22.0,3.605551275463989,18.0,25.0
uspto50k,USPTO-50K,RandOpt,100,3,0.9000000000000004,22.0,3.605551275463989,18.0,25.0
uspto50k,USPTO-50K,RandOpt,100,3,1.0,16.0,3.605551275463989,12.0,19.0
uspto50k,USPTO-50K,RandOpt,100,3,1.1000000000000014,16.0,3.605551275463989,12.0,19.0
uspto50k,USPTO-50K,RandOpt,100,3,1.200000000000001,16.0,3.605551275463989,12.0,19.0
uspto50k,USPTO-50K,RandOpt,100,3,1.3000000000000007,16.0,3.605551275463989,12.0,19.0
uspto50k,USPTO-50K,RandOpt,100,3,1.4000000000000004,16.0,3.605551275463989,12.0,19.0
uspto50k,USPTO-50K,RandOpt,100,3,1.5,16.0,3.605551275463989,12.0,19.0
uspto50k,USPTO-50K,RandOpt,100,3,1.6000000000000014,12.0,3.0,9.0,15.0
uspto50k,USPTO-50K,RandOpt,100,3,1.700000000000001,12.0,3.0,9.0,15.0
uspto50k,USPTO-50K,RandOpt,100,3,1.8000000000000007,12.0,3.0,9.0,15.0
uspto50k,USPTO-50K,RandOpt,100,3,1.9000000000000004,12.0,3.0,9.0,15.0
uspto50k,USPTO-50K,RandOpt,100,3,2.0,9.666666666666666,3.055050463303893,7.000000000000001,13.0
uspto50k,USPTO-50K,RandOpt,100,3,2.1000000000000014,9.666666666666666,3.055050463303893,7.000000000000001,13.0
uspto50k,USPTO-50K,RandOpt,100,3,2.200000000000001,9.666666666666666,3.055050463303893,7.000000000000001,13.0
uspto50k,USPTO-50K,RandOpt,100,3,2.3000000000000007,9.666666666666666,3.055050463303893,7.000000000000001,13.0
uspto50k,USPTO-50K,RandOpt,100,3,2.4000000000000004,9.666666666666666,3.055050463303893,7.000000000000001,13.0
uspto50k,USPTO-50K,RandOpt,100,3,2.5,9.0,2.6457513110645903,7.000000000000001,12.0
uspto50k,USPTO-50K,RandOpt,100,3,2.6000000000000014,9.0,2.6457513110645903,7.000000000000001,12.0
uspto50k,USPTO-50K,RandOpt,100,3,2.700000000000001,9.0,2.6457513110645903,7.000000000000001,12.0
uspto50k,USPTO-50K,RandOpt,100,3,2.8000000000000007,9.0,2.6457513110645903,7.000000000000001,12.0
uspto50k,USPTO-50K,RandOpt,100,3,2.9000000000000004,9.0,2.6457513110645903,7.000000000000001,12.0
uspto50k,USPTO-50K,RandOpt,100,3,3.0,9.0,2.6457513110645903,7.000000000000001,12.0
uspto50k,USPTO-50K,RandOpt,100,3,3.1000000000000014,7.333333333333333,1.5275252316519465,6.0,9.0
uspto50k,USPTO-50K,RandOpt,100,3,3.200000000000001,7.333333333333333,1.5275252316519465,6.0,9.0
uspto50k,USPTO-50K,RandOpt,100,3,3.3000000000000007,7.333333333333333,1.5275252316519465,6.0,9.0
uspto50k,USPTO-50K,RandOpt,100,3,3.4000000000000004,7.333333333333333,1.5275252316519465,6.0,9.0
uspto50k,USPTO-50K,RandOpt,100,3,3.5,5.333333333333333,0.5773502691896258,5.0,6.0
uspto50k,USPTO-50K,RandOpt,100,3,3.6000000000000014,5.333333333333333,0.5773502691896258,5.0,6.0
uspto50k,USPTO-50K,RandOpt,100,3,3.700000000000001,5.333333333333333,0.5773502691896258,5.0,6.0
uspto50k,USPTO-50K,RandOpt,100,3,3.8000000000000007,5.333333333333333,0.5773502691896258,5.0,6.0
uspto50k,USPTO-50K,RandOpt,100,3,3.9000000000000004,5.333333333333333,0.5773502691896258,5.0,6.0
uspto50k,USPTO-50K,RandOpt,100,3,4.0,4.333333333333333,1.5275252316519465,3.0,6.0
uspto50k,USPTO-50K,RandOpt,100,3,4.100000000000001,4.333333333333333,1.5275252316519465,3.0,6.0
uspto50k,USPTO-50K,RandOpt,100,3,4.200000000000001,4.333333333333333,1.5275252316519465,3.0,6.0
uspto50k,USPTO-50K,RandOpt,100,3,4.300000000000001,4.333333333333333,1.5275252316519465,3.0,6.0
uspto50k,USPTO-50K,RandOpt,100,3,4.4,4.333333333333333,1.5275252316519465,3.0,6.0
uspto50k,USPTO-50K,RandOpt,100,3,4.5,4.333333333333333,1.5275252316519465,3.0,6.0
uspto50k,USPTO-50K,RandOpt,100,3,4.600000000000001,3.6666666666666665,2.5166114784235836,1.0,6.0
uspto50k,USPTO-50K,RandOpt,100,3,4.700000000000001,3.6666666666666665,2.5166114784235836,1.0,6.0
uspto50k,USPTO-50K,RandOpt,100,3,4.800000000000001,3.6666666666666665,2.5166114784235836,1.0,6.0
uspto50k,USPTO-50K,RandOpt,100,3,4.9,3.6666666666666665,2.5166114784235836,1.0,6.0
uspto50k,USPTO-50K,RandOpt,100,3,5.0,3.3333333333333335,2.5166114784235836,1.0,6.0
uspto50k,USPTO-50K,RandOpt,100,3,5.100000000000001,3.3333333333333335,2.5166114784235836,1.0,6.0
uspto50k,USPTO-50K,RandOpt,100,3,5.200000000000001,3.3333333333333335,2.5166114784235836,1.0,6.0
uspto50k,USPTO-50K,RandOpt,100,3,5.300000000000001,3.3333333333333335,2.5166114784235836,1.0,6.0
uspto50k,USPTO-50K,RandOpt,100,3,5.4,3.3333333333333335,2.5166114784235836,1.0,6.0
uspto50k,USPTO-50K,RandOpt,100,3,5.5,2.6666666666666665,2.081665999466133,1.0,5.0
uspto50k,USPTO-50K,RandOpt,100,3,5.600000000000001,2.6666666666666665,2.081665999466133,1.0,5.0
uspto50k,USPTO-50K,RandOpt,100,3,5.700000000000001,2.6666666666666665,2.081665999466133,1.0,5.0
uspto50k,USPTO-50K,RandOpt,100,3,5.800000000000001,2.6666666666666665,2.081665999466133,1.0,5.0
uspto50k,USPTO-50K,RandOpt,100,3,5.9,2.6666666666666665,2.081665999466133,1.0,5.0
uspto50k,USPTO-50K,RandOpt,100,3,6.0,2.6666666666666665,2.081665999466133,1.0,5.0
uspto50k,USPTO-50K,RandOpt,100,3,6.100000000000001,2.6666666666666665,2.081665999466133,1.0,5.0
uspto50k,USPTO-50K,RandOpt,100,3,6.199999999999999,2.6666666666666665,2.081665999466133,1.0,5.0
uspto50k,USPTO-50K,RandOpt,100,3,6.300000000000001,2.6666666666666665,2.081665999466133,1.0,5.0
uspto50k,USPTO-50K,RandOpt,100,3,6.400000000000002,2.6666666666666665,2.081665999466133,1.0,5.0
uspto50k,USPTO-50K,RandOpt,100,3,6.5,2.6666666666666665,2.081665999466133,1.0,5.0
uspto50k,USPTO-50K,RandOpt,100,3,6.600000000000001,2.3333333333333335,2.5166114784235836,0.0,5.0
uspto50k,USPTO-50K,RandOpt,100,3,6.699999999999999,2.3333333333333335,2.5166114784235836,0.0,5.0
uspto50k,USPTO-50K,RandOpt,100,3,6.800000000000001,2.3333333333333335,2.5166114784235836,0.0,5.0
uspto50k,USPTO-50K,RandOpt,100,3,6.900000000000002,2.3333333333333335,2.5166114784235836,0.0,5.0
uspto50k,USPTO-50K,RandOpt,100,3,7.0,2.3333333333333335,2.5166114784235836,0.0,5.0
uspto50k,USPTO-50K,RandOpt,100,3,7.100000000000001,1.6666666666666667,1.5275252316519468,0.0,3.0
uspto50k,USPTO-50K,RandOpt,100,3,7.199999999999999,1.6666666666666667,1.5275252316519468,0.0,3.0
uspto50k,USPTO-50K,RandOpt,100,3,7.300000000000001,1.6666666666666667,1.5275252316519468,0.0,3.0
uspto50k,USPTO-50K,RandOpt,100,3,7.400000000000002,1.6666666666666667,1.5275252316519468,0.0,3.0
uspto50k,USPTO-50K,RandOpt,100,3,7.5,1.0,1.0,0.0,2.0
uspto50k,USPTO-50K,RandOpt,100,3,7.600000000000001,1.0,1.0,0.0,2.0
uspto50k,USPTO-50K,RandOpt,100,3,7.699999999999999,1.0,1.0,0.0,2.0
uspto50k,USPTO-50K,RandOpt,100,3,7.800000000000001,1.0,1.0,0.0,2.0
uspto50k,USPTO-50K,RandOpt,100,3,7.900000000000002,1.0,1.0,0.0,2.0
uspto50k,USPTO-50K,RandOpt,100,3,8.0,1.0,1.0,0.0,2.0
uspto50k,USPTO-50K,RandOpt,100,3,8.100000000000001,1.0,1.0,0.0,2.0
uspto50k,USPTO-50K,RandOpt,100,3,8.2,1.0,1.0,0.0,2.0
uspto50k,USPTO-50K,RandOpt,100,3,8.3,1.0,1.0,0.0,2.0
uspto50k,USPTO-50K,RandOpt,100,3,8.400000000000002,1.0,1.0,0.0,2.0
uspto50k,USPTO-50K,RandOpt,100,3,8.5,1.0,1.0,0.0,2.0
uspto50k,USPTO-50K,RandOpt,100,3,8.600000000000001,1.0,1.0,0.0,2.0
uspto50k,USPTO-50K,RandOpt,100,3,8.7,1.0,1.0,0.0,2.0
uspto50k,USPTO-50K,RandOpt,100,3,8.8,1.0,1.0,0.0,2.0
uspto50k,USPTO-50K,RandOpt,100,3,8.900000000000002,1.0,1.0,0.0,2.0
uspto50k,USPTO-50K,RandOpt,100,3,9.0,1.0,1.0,0.0,2.0
uspto50k,USPTO-50K,RandOpt,100,3,9.100000000000001,0.6666666666666666,1.1547005383792517,0.0,2.0
uspto50k,USPTO-50K,RandOpt,100,3,9.200000000000003,0.6666666666666666,1.1547005383792517,0.0,2.0
uspto50k,USPTO-50K,RandOpt,100,3,9.3,0.6666666666666666,1.1547005383792517,0.0,2.0
uspto50k,USPTO-50K,RandOpt,100,3,9.400000000000002,0.6666666666666666,1.1547005383792517,0.0,2.0
uspto50k,USPTO-50K,RandOpt,100,3,9.5,0.6666666666666666,1.1547005383792517,0.0,2.0
uspto50k,USPTO-50K,RandOpt,100,3,9.600000000000001,0.6666666666666666,1.1547005383792517,0.0,2.0
uspto50k,USPTO-50K,RandOpt,100,3,9.700000000000003,0.6666666666666666,1.1547005383792517,0.0,2.0
uspto50k,USPTO-50K,RandOpt,100,3,9.8,0.6666666666666666,1.1547005383792517,0.0,2.0
uspto50k,USPTO-50K,RandOpt,100,3,9.900000000000002,0.6666666666666666,1.1547005383792517,0.0,2.0
uspto50k,USPTO-50K,RandOpt,100,3,10.0,0.6666666666666666,1.1547005383792517,0.0,2.0
uspto50k,USPTO-50K,RandOpt,100,3,10.100000000000001,0.6666666666666666,1.1547005383792517,0.0,2.0
uspto50k,USPTO-50K,RandOpt,100,3,10.200000000000003,0.6666666666666666,1.1547005383792517,0.0,2.0
uspto50k,USPTO-50K,RandOpt,100,3,10.3,0.6666666666666666,1.1547005383792517,0.0,2.0
uspto50k,USPTO-50K,RandOpt,100,3,10.400000000000002,0.6666666666666666,1.1547005383792517,0.0,2.0
uspto50k,USPTO-50K,RandOpt,100,3,10.5,0.3333333333333333,0.5773502691896258,0.0,1.0
uspto50k,USPTO-50K,RandOpt,100,3,10.600000000000001,0.3333333333333333,0.5773502691896258,0.0,1.0
uspto50k,USPTO-50K,RandOpt,100,3,10.700000000000003,0.3333333333333333,0.5773502691896258,0.0,1.0
uspto50k,USPTO-50K,RandOpt,100,3,10.8,0.3333333333333333,0.5773502691896258,0.0,1.0
uspto50k,USPTO-50K,RandOpt,100,3,10.900000000000002,0.3333333333333333,0.5773502691896258,0.0,1.0
uspto50k,USPTO-50K,RandOpt,100,3,11.0,0.0,0.0,0.0,0.0
uspto50k,USPTO-50K,RandOpt,100,3,11.100000000000001,0.0,0.0,0.0,0.0
uspto50k,USPTO-50K,RandOpt,100,3,11.200000000000003,0.0,0.0,0.0,0.0
uspto50k,USPTO-50K,RandOpt,100,3,11.3,0.0,0.0,0.0,0.0
uspto50k,USPTO-50K,RandOpt,100,3,11.400000000000002,0.0,0.0,0.0,0.0
uspto50k,USPTO-50K,RandOpt,100,3,11.5,0.0,0.0,0.0,0.0
uspto50k,USPTO-50K,RandOpt,100,3,11.600000000000001,0.0,0.0,0.0,0.0
uspto50k,USPTO-50K,RandOpt,100,3,11.700000000000003,0.0,0.0,0.0,0.0
uspto50k,USPTO-50K,RandOpt,100,3,11.8,0.0,0.0,0.0,0.0
uspto50k,USPTO-50K,RandOpt,100,3,11.900000000000002,0.0,0.0,0.0,0.0
uspto50k,USPTO-50K,RandOpt,100,3,12.0,0.0,0.0,0.0,0.0
uspto50k,USPTO-50K,RandOpt,100,3,12.100000000000001,0.0,0.0,0.0,0.0
uspto50k,USPTO-50K,RandOpt,100,3,12.200000000000003,0.0,0.0,0.0,0.0
uspto50k,USPTO-50K,RandOpt,100,3,12.3,0.0,0.0,0.0,0.0
uspto50k,USPTO-50K,RandOpt,100,3,12.400000000000002,0.0,0.0,0.0,0.0
uspto50k,USPTO-50K,RandOpt,100,3,12.5,0.0,0.0,0.0,0.0
uspto50k,USPTO-50K,RandOpt,100,3,12.600000000000001,0.0,0.0,0.0,0.0
uspto50k,USPTO-50K,RandOpt,100,3,12.700000000000003,0.0,0.0,0.0,0.0
uspto50k,USPTO-50K,RandOpt,100,3,12.8,0.0,0.0,0.0,0.0
uspto50k,USPTO-50K,RandOpt,100,3,12.900000000000002,0.0,0.0,0.0,0.0
uspto50k,USPTO-50K,RandOpt,100,3,13.0,0.0,0.0,0.0,0.0
uspto50k,USPTO-50K,RandOpt,100,3,13.100000000000001,0.0,0.0,0.0,0.0
uspto50k,USPTO-50K,RandOpt,100,3,13.200000000000003,0.0,0.0,0.0,0.0
uspto50k,USPTO-50K,RandOpt,100,3,13.3,0.0,0.0,0.0,0.0
uspto50k,USPTO-50K,RandOpt,100,3,13.400000000000002,0.0,0.0,0.0,0.0
uspto50k,USPTO-50K,RandOpt,100,3,13.5,0.0,0.0,0.0,0.0
uspto50k,USPTO-50K,RandOpt,100,3,13.600000000000001,0.0,0.0,0.0,0.0
uspto50k,USPTO-50K,RandOpt,100,3,13.700000000000003,0.0,0.0,0.0,0.0
uspto50k,USPTO-50K,RandOpt,100,3,13.8,0.0,0.0,0.0,0.0
uspto50k,USPTO-50K,RandOpt,100,3,13.900000000000002,0.0,0.0,0.0,0.0
uspto50k,USPTO-50K,RandOpt,100,3,14.0,0.0,0.0,0.0,0.0
uspto50k,USPTO-50K,RandOpt,100,3,14.100000000000001,0.0,0.0,0.0,0.0
uspto50k,USPTO-50K,RandOpt,100,3,14.200000000000003,0.0,0.0,0.0,0.0
uspto50k,USPTO-50K,RandOpt,100,3,14.3,0.0,0.0,0.0,0.0
uspto50k,USPTO-50K,RandOpt,100,3,14.400000000000002,0.0,0.0,0.0,0.0
uspto50k,USPTO-50K,RandOpt,100,3,14.5,0.0,0.0,0.0,0.0
uspto50k,USPTO-50K,RandOpt,100,3,14.600000000000001,0.0,0.0,0.0,0.0
uspto50k,USPTO-50K,RandOpt,100,3,14.700000000000003,0.0,0.0,0.0,0.0
uspto50k,USPTO-50K,RandOpt,100,3,14.8,0.0,0.0,0.0,0.0
uspto50k,USPTO-50K,RandOpt,100,3,14.900000000000002,0.0,0.0,0.0,0.0
uspto50k,USPTO-50K,RandOpt,100,3,15.0,0.0,0.0,0.0,0.0
uspto50k,USPTO-50K,RandOpt,100,3,15.100000000000001,0.0,0.0,0.0,0.0
uspto50k,USPTO-50K,RandOpt,100,3,15.200000000000003,0.0,0.0,0.0,0.0
uspto50k,USPTO-50K,RandOpt,100,3,15.3,0.0,0.0,0.0,0.0
uspto50k,USPTO-50K,RandOpt,100,3,15.400000000000002,0.0,0.0,0.0,0.0
uspto50k,USPTO-50K,RandOpt,100,3,15.5,0.0,0.0,0.0,0.0
uspto50k,USPTO-50K,RandOpt,100,3,15.600000000000001,0.0,0.0,0.0,0.0
uspto50k,USPTO-50K,RandOpt,100,3,15.700000000000003,0.0,0.0,0.0,0.0
uspto50k,USPTO-50K,RandOpt,100,3,15.8,0.0,0.0,0.0,0.0
uspto50k,USPTO-50K,RandOpt,100,3,15.900000000000002,0.0,0.0,0.0,0.0
uspto50k,USPTO-50K,RandOpt,100,3,16.0,0.0,0.0,0.0,0.0
uspto50k,USPTO-50K,RandOpt,100,3,16.1,0.0,0.0,0.0,0.0
uspto50k,USPTO-50K,RandOpt,100,3,16.200000000000003,0.0,0.0,0.0,0.0
uspto50k,USPTO-50K,RandOpt,100,3,16.3,0.0,0.0,0.0,0.0
uspto50k,USPTO-50K,RandOpt,100,3,16.400000000000002,0.0,0.0,0.0,0.0
uspto50k,USPTO-50K,RandOpt,100,3,16.5,0.0,0.0,0.0,0.0
uspto50k,USPTO-50K,RandOpt,100,3,16.6,0.0,0.0,0.0,0.0
uspto50k,USPTO-50K,RandOpt,100,3,16.700000000000003,0.0,0.0,0.0,0.0
uspto50k,USPTO-50K,RandOpt,100,3,16.8,0.0,0.0,0.0,0.0
uspto50k,USPTO-50K,RandOpt,100,3,16.900000000000002,0.0,0.0,0.0,0.0
uspto50k,USPTO-50K,RandOpt,100,3,17.0,0.0,0.0,0.0,0.0
uspto50k,USPTO-50K,RandOpt,100,3,17.1,0.0,0.0,0.0,0.0
uspto50k,USPTO-50K,RandOpt,100,3,17.200000000000003,0.0,0.0,0.0,0.0
uspto50k,USPTO-50K,RandOpt,100,3,17.3,0.0,0.0,0.0,0.0
uspto50k,USPTO-50K,RandOpt,100,3,17.400000000000002,0.0,0.0,0.0,0.0
uspto50k,USPTO-50K,RandOpt,100,3,17.5,0.0,0.0,0.0,0.0
uspto50k,USPTO-50K,RandOpt,100,3,17.6,0.0,0.0,0.0,0.0
uspto50k,USPTO-50K,RandOpt,100,3,17.700000000000003,0.0,0.0,0.0,0.0
uspto50k,USPTO-50K,RandOpt,100,3,17.8,0.0,0.0,0.0,0.0
uspto50k,USPTO-50K,RandOpt,100,3,17.900000000000002,0.0,0.0,0.0,0.0
uspto50k,USPTO-50K,RandOpt,100,3,18.0,0.0,0.0,0.0,0.0
uspto50k,USPTO-50K,RandOpt,100,3,18.1,0.0,0.0,0.0,0.0
uspto50k,USPTO-50K,RandOpt,100,3,18.200000000000003,0.0,0.0,0.0,0.0
uspto50k,USPTO-50K,RandOpt,100,3,18.3,0.0,0.0,0.0,0.0
uspto50k,USPTO-50K,RandOpt,100,3,18.400000000000002,0.0,0.0,0.0,0.0
uspto50k,USPTO-50K,RandOpt,100,3,18.5,0.0,0.0,0.0,0.0
uspto50k,USPTO-50K,RandOpt,100,3,18.6,0.0,0.0,0.0,0.0
uspto50k,USPTO-50K,RandOpt,100,3,18.700000000000003,0.0,0.0,0.0,0.0
uspto50k,USPTO-50K,RandOpt,100,3,18.8,0.0,0.0,0.0,0.0
uspto50k,USPTO-50K,RandOpt,100,3,18.900000000000002,0.0,0.0,0.0,0.0
uspto50k,USPTO-50K,RandOpt,100,3,19.0,0.0,0.0,0.0,0.0
uspto50k,USPTO-50K,RandOpt,100,3,19.1,0.0,0.0,0.0,0.0
uspto50k,USPTO-50K,RandOpt,100,3,19.200000000000003,0.0,0.0,0.0,0.0
uspto50k,USPTO-50K,RandOpt,100,3,19.3,0.0,0.0,0.0,0.0
uspto50k,USPTO-50K,RandOpt,100,3,19.400000000000002,0.0,0.0,0.0,0.0
uspto50k,USPTO-50K,RandOpt,100,3,19.5,0.0,0.0,0.0,0.0
uspto50k,USPTO-50K,RandOpt,100,3,19.6,0.0,0.0,0.0,0.0
uspto50k,USPTO-50K,RandOpt,100,3,19.700000000000003,0.0,0.0,0.0,0.0
uspto50k,USPTO-50K,RandOpt,100,3,19.8,0.0,0.0,0.0,0.0
uspto50k,USPTO-50K,RandOpt,100,3,19.900000000000002,0.0,0.0,0.0,0.0
uspto50k,USPTO-50K,RandOpt,100,3,20.0,0.0,0.0,0.0,0.0
uspto50k,USPTO-50K,Modular Norm RandOpt,100,3,-10.0,100.0,0.0,100.0,100.0
uspto50k,USPTO-50K,Modular Norm RandOpt,100,3,-9.9,100.0,0.0,100.0,100.0
uspto50k,USPTO-50K,Modular Norm RandOpt,100,3,-9.8,100.0,0.0,100.0,100.0
uspto50k,USPTO-50K,Modular Norm RandOpt,100,3,-9.7,100.0,0.0,100.0,100.0
uspto50k,USPTO-50K,Modular Norm RandOpt,100,3,-9.6,100.0,0.0,100.0,100.0
uspto50k,USPTO-50K,Modular Norm RandOpt,100,3,-9.5,100.0,0.0,100.0,100.0
uspto50k,USPTO-50K,Modular Norm RandOpt,100,3,-9.4,100.0,0.0,100.0,100.0
uspto50k,USPTO-50K,Modular Norm RandOpt,100,3,-9.3,100.0,0.0,100.0,100.0
uspto50k,USPTO-50K,Modular Norm RandOpt,100,3,-9.2,100.0,0.0,100.0,100.0
uspto50k,USPTO-50K,Modular Norm RandOpt,100,3,-9.1,100.0,0.0,100.0,100.0
uspto50k,USPTO-50K,Modular Norm RandOpt,100,3,-9.0,100.0,0.0,100.0,100.0
uspto50k,USPTO-50K,Modular Norm RandOpt,100,3,-8.9,100.0,0.0,100.0,100.0
uspto50k,USPTO-50K,Modular Norm RandOpt,100,3,-8.8,100.0,0.0,100.0,100.0
uspto50k,USPTO-50K,Modular Norm RandOpt,100,3,-8.7,100.0,0.0,100.0,100.0
uspto50k,USPTO-50K,Modular Norm RandOpt,100,3,-8.6,100.0,0.0,100.0,100.0
uspto50k,USPTO-50K,Modular Norm RandOpt,100,3,-8.5,100.0,0.0,100.0,100.0
uspto50k,USPTO-50K,Modular Norm RandOpt,100,3,-8.4,100.0,0.0,100.0,100.0
uspto50k,USPTO-50K,Modular Norm RandOpt,100,3,-8.3,100.0,0.0,100.0,100.0
uspto50k,USPTO-50K,Modular Norm RandOpt,100,3,-8.2,100.0,0.0,100.0,100.0
uspto50k,USPTO-50K,Modular Norm RandOpt,100,3,-8.1,100.0,0.0,100.0,100.0
uspto50k,USPTO-50K,Modular Norm RandOpt,100,3,-8.0,100.0,0.0,100.0,100.0
uspto50k,USPTO-50K,Modular Norm RandOpt,100,3,-7.9,100.0,0.0,100.0,100.0
uspto50k,USPTO-50K,Modular Norm RandOpt,100,3,-7.8,100.0,0.0,100.0,100.0
uspto50k,USPTO-50K,Modular Norm RandOpt,100,3,-7.699999999999999,100.0,0.0,100.0,100.0
uspto50k,USPTO-50K,Modular Norm RandOpt,100,3,-7.6,100.0,0.0,100.0,100.0
uspto50k,USPTO-50K,Modular Norm RandOpt,100,3,-7.5,100.0,0.0,100.0,100.0
uspto50k,USPTO-50K,Modular Norm RandOpt,100,3,-7.4,100.0,0.0,100.0,100.0
uspto50k,USPTO-50K,Modular Norm RandOpt,100,3,-7.3,100.0,0.0,100.0,100.0
uspto50k,USPTO-50K,Modular Norm RandOpt,100,3,-7.199999999999999,100.0,0.0,100.0,100.0
uspto50k,USPTO-50K,Modular Norm RandOpt,100,3,-7.1,100.0,0.0,100.0,100.0
uspto50k,USPTO-50K,Modular Norm RandOpt,100,3,-7.0,99.66666666666667,0.5773502691896257,99.0,100.0
uspto50k,USPTO-50K,Modular Norm RandOpt,100,3,-6.9,99.66666666666667,0.5773502691896257,99.0,100.0
uspto50k,USPTO-50K,Modular Norm RandOpt,100,3,-6.8,99.66666666666667,0.5773502691896257,99.0,100.0
uspto50k,USPTO-50K,Modular Norm RandOpt,100,3,-6.699999999999999,99.66666666666667,0.5773502691896257,99.0,100.0
uspto50k,USPTO-50K,Modular Norm RandOpt,100,3,-6.6,99.66666666666667,0.5773502691896257,99.0,100.0
uspto50k,USPTO-50K,Modular Norm RandOpt,100,3,-6.5,99.66666666666667,0.5773502691896257,99.0,100.0
uspto50k,USPTO-50K,Modular Norm RandOpt,100,3,-6.4,97.33333333333333,2.081665999466133,95.0,99.0
uspto50k,USPTO-50K,Modular Norm RandOpt,100,3,-6.3,97.33333333333333,2.081665999466133,95.0,99.0
uspto50k,USPTO-50K,Modular Norm RandOpt,100,3,-6.199999999999999,97.33333333333333,2.081665999466133,95.0,99.0
uspto50k,USPTO-50K,Modular Norm RandOpt,100,3,-6.1,97.33333333333333,2.081665999466133,95.0,99.0
uspto50k,USPTO-50K,Modular Norm RandOpt,100,3,-6.0,92.66666666666667,2.516611478423583,90.0,95.0
uspto50k,USPTO-50K,Modular Norm RandOpt,100,3,-5.8999999999999995,92.66666666666667,2.516611478423583,90.0,95.0
uspto50k,USPTO-50K,Modular Norm RandOpt,100,3,-5.8,92.66666666666667,2.516611478423583,90.0,95.0
uspto50k,USPTO-50K,Modular Norm RandOpt,100,3,-5.7,92.66666666666667,2.516611478423583,90.0,95.0
uspto50k,USPTO-50K,Modular Norm RandOpt,100,3,-5.6,92.66666666666667,2.516611478423583,90.0,95.0
uspto50k,USPTO-50K,Modular Norm RandOpt,100,3,-5.5,85.66666666666667,1.5275252316519468,84.0,87.0
uspto50k,USPTO-50K,Modular Norm RandOpt,100,3,-5.3999999999999995,85.66666666666667,1.5275252316519468,84.0,87.0
uspto50k,USPTO-50K,Modular Norm RandOpt,100,3,-5.3,85.66666666666667,1.5275252316519468,84.0,87.0
uspto50k,USPTO-50K,Modular Norm RandOpt,100,3,-5.199999999999999,85.66666666666667,1.5275252316519468,84.0,87.0
uspto50k,USPTO-50K,Modular Norm RandOpt,100,3,-5.1,85.66666666666667,1.5275252316519468,84.0,87.0
uspto50k,USPTO-50K,Modular Norm RandOpt,100,3,-5.0,85.66666666666667,1.5275252316519468,84.0,87.0
uspto50k,USPTO-50K,Modular Norm RandOpt,100,3,-4.8999999999999995,78.33333333333333,2.081665999466133,76.0,80.0
uspto50k,USPTO-50K,Modular Norm RandOpt,100,3,-4.8,78.33333333333333,2.081665999466133,76.0,80.0
uspto50k,USPTO-50K,Modular Norm RandOpt,100,3,-4.699999999999999,78.33333333333333,2.081665999466133,76.0,80.0
uspto50k,USPTO-50K,Modular Norm RandOpt,100,3,-4.6,78.33333333333333,2.081665999466133,76.0,80.0
uspto50k,USPTO-50K,Modular Norm RandOpt,100,3,-4.5,71.33333333333333,1.5275252316519468,70.0,73.0
uspto50k,USPTO-50K,Modular Norm RandOpt,100,3,-4.3999999999999995,71.33333333333333,1.5275252316519468,70.0,73.0
uspto50k,USPTO-50K,Modular Norm RandOpt,100,3,-4.3,71.33333333333333,1.5275252316519468,70.0,73.0
uspto50k,USPTO-50K,Modular Norm RandOpt,100,3,-4.199999999999999,71.33333333333333,1.5275252316519468,70.0,73.0
uspto50k,USPTO-50K,Modular Norm RandOpt,100,3,-4.1,71.33333333333333,1.5275252316519468,70.0,73.0
uspto50k,USPTO-50K,Modular Norm RandOpt,100,3,-4.0,63.666666666666664,2.309401076758503,61.0,65.0
uspto50k,USPTO-50K,Modular Norm RandOpt,100,3,-3.8999999999999995,63.666666666666664,2.309401076758503,61.0,65.0
uspto50k,USPTO-50K,Modular Norm RandOpt,100,3,-3.8,63.666666666666664,2.309401076758503,61.0,65.0
uspto50k,USPTO-50K,Modular Norm RandOpt,100,3,-3.6999999999999993,63.666666666666664,2.309401076758503,61.0,65.0
uspto50k,USPTO-50K,Modular Norm RandOpt,100,3,-3.5999999999999996,63.666666666666664,2.309401076758503,61.0,65.0
uspto50k,USPTO-50K,Modular Norm RandOpt,100,3,-3.5,58.333333333333336,1.1547005383792557,56.99999999999999,59.0
uspto50k,USPTO-50K,Modular Norm RandOpt,100,3,-3.3999999999999995,58.333333333333336,1.1547005383792557,56.99999999999999,59.0
uspto50k,USPTO-50K,Modular Norm RandOpt,100,3,-3.3,58.333333333333336,1.1547005383792557,56.99999999999999,59.0
uspto50k,USPTO-50K,Modular Norm RandOpt,100,3,-3.1999999999999993,58.333333333333336,1.1547005383792557,56.99999999999999,59.0
uspto50k,USPTO-50K,Modular Norm RandOpt,100,3,-3.0999999999999996,58.333333333333336,1.1547005383792557,56.99999999999999,59.0
uspto50k,USPTO-50K,Modular Norm RandOpt,100,3,-3.0,53.666666666666664,3.0550504633038895,51.0,56.99999999999999
uspto50k,USPTO-50K,Modular Norm RandOpt,100,3,-2.8999999999999995,53.666666666666664,3.0550504633038895,51.0,56.99999999999999
uspto50k,USPTO-50K,Modular Norm RandOpt,100,3,-2.8,53.666666666666664,3.0550504633038895,51.0,56.99999999999999
uspto50k,USPTO-50K,Modular Norm RandOpt,100,3,-2.6999999999999993,53.666666666666664,3.0550504633038895,51.0,56.99999999999999
uspto50k,USPTO-50K,Modular Norm RandOpt,100,3,-2.5999999999999996,53.666666666666664,3.0550504633038895,51.0,56.99999999999999
uspto50k,USPTO-50K,Modular Norm RandOpt,100,3,-2.5,46.666666666666664,2.516611478423583,44.0,49.0
uspto50k,USPTO-50K,Modular Norm RandOpt,100,3,-2.3999999999999995,46.666666666666664,2.516611478423583,44.0,49.0
uspto50k,USPTO-50K,Modular Norm RandOpt,100,3,-2.3,46.666666666666664,2.516611478423583,44.0,49.0
uspto50k,USPTO-50K,Modular Norm RandOpt,100,3,-2.1999999999999993,46.666666666666664,2.516611478423583,44.0,49.0
uspto50k,USPTO-50K,Modular Norm RandOpt,100,3,-2.0999999999999996,46.666666666666664,2.516611478423583,44.0,49.0
uspto50k,USPTO-50K,Modular Norm RandOpt,100,3,-2.0,41.333333333333336,0.5773502691896258,41.0,42.0
uspto50k,USPTO-50K,Modular Norm RandOpt,100,3,-1.9000000000000004,41.333333333333336,0.5773502691896258,41.0,42.0
uspto50k,USPTO-50K,Modular Norm RandOpt,100,3,-1.799999999999999,41.333333333333336,0.5773502691896258,41.0,42.0
uspto50k,USPTO-50K,Modular Norm RandOpt,100,3,-1.6999999999999993,41.333333333333336,0.5773502691896258,41.0,42.0
uspto50k,USPTO-50K,Modular Norm RandOpt,100,3,-1.5999999999999996,41.333333333333336,0.5773502691896258,41.0,42.0
uspto50k,USPTO-50K,Modular Norm RandOpt,100,3,-1.5,35.0,2.0,33.0,37.0
uspto50k,USPTO-50K,Modular Norm RandOpt,100,3,-1.4000000000000004,35.0,2.0,33.0,37.0
uspto50k,USPTO-50K,Modular Norm RandOpt,100,3,-1.299999999999999,35.0,2.0,33.0,37.0
uspto50k,USPTO-50K,Modular Norm RandOpt,100,3,-1.1999999999999993,35.0,2.0,33.0,37.0
uspto50k,USPTO-50K,Modular Norm RandOpt,100,3,-1.0999999999999996,35.0,2.0,33.0,37.0
uspto50k,USPTO-50K,Modular Norm RandOpt,100,3,-1.0,32.333333333333336,1.5275252316519465,31.0,34.0
uspto50k,USPTO-50K,Modular Norm RandOpt,100,3,-0.9000000000000004,32.333333333333336,1.5275252316519465,31.0,34.0
uspto50k,USPTO-50K,Modular Norm RandOpt,100,3,-0.7999999999999989,32.333333333333336,1.5275252316519465,31.0,34.0
uspto50k,USPTO-50K,Modular Norm RandOpt,100,3,-0.6999999999999993,32.333333333333336,1.5275252316519465,31.0,34.0
uspto50k,USPTO-50K,Modular Norm RandOpt,100,3,-0.5999999999999996,32.333333333333336,1.5275252316519465,31.0,34.0
uspto50k,USPTO-50K,Modular Norm RandOpt,100,3,-0.5,29.0,1.7320508075688752,28.000000000000004,31.0
uspto50k,USPTO-50K,Modular Norm RandOpt,100,3,-0.3999999999999986,29.0,1.7320508075688752,28.000000000000004,31.0
uspto50k,USPTO-50K,Modular Norm RandOpt,100,3,-0.29999999999999893,29.0,1.7320508075688752,28.000000000000004,31.0
uspto50k,USPTO-50K,Modular Norm RandOpt,100,3,-0.1999999999999993,29.0,1.7320508075688752,28.000000000000004,31.0
uspto50k,USPTO-50K,Modular Norm RandOpt,100,3,-0.09999999999999964,29.0,1.7320508075688752,28.000000000000004,31.0
uspto50k,USPTO-50K,Modular Norm RandOpt,100,3,0.0,29.0,1.7320508075688752,28.000000000000004,31.0
uspto50k,USPTO-50K,Modular Norm RandOpt,100,3,0.10000000000000142,26.333333333333332,1.5275252316519485,25.0,28.000000000000004
uspto50k,USPTO-50K,Modular Norm RandOpt,100,3,0.20000000000000107,26.333333333333332,1.5275252316519485,25.0,28.000000000000004
uspto50k,USPTO-50K,Modular Norm RandOpt,100,3,0.3000000000000007,26.333333333333332,1.5275252316519485,25.0,28.000000000000004
uspto50k,USPTO-50K,Modular Norm RandOpt,100,3,0.40000000000000036,26.333333333333332,1.5275252316519485,25.0,28.000000000000004
uspto50k,USPTO-50K,Modular Norm RandOpt,100,3,0.5,23.0,1.0,22.0,24.0
uspto50k,USPTO-50K,Modular Norm RandOpt,100,3,0.6000000000000014,23.0,1.0,22.0,24.0
uspto50k,USPTO-50K,Modular Norm RandOpt,100,3,0.7000000000000011,23.0,1.0,22.0,24.0
uspto50k,USPTO-50K,Modular Norm RandOpt,100,3,0.8000000000000007,23.0,1.0,22.0,24.0
uspto50k,USPTO-50K,Modular Norm RandOpt,100,3,0.9000000000000004,23.0,1.0,22.0,24.0
uspto50k,USPTO-50K,Modular Norm RandOpt,100,3,1.0,21.666666666666668,0.5773502691896258,21.0,22.0
uspto50k,USPTO-50K,Modular Norm RandOpt,100,3,1.1000000000000014,21.666666666666668,0.5773502691896258,21.0,22.0
uspto50k,USPTO-50K,Modular Norm RandOpt,100,3,1.200000000000001,21.666666666666668,0.5773502691896258,21.0,22.0
uspto50k,USPTO-50K,Modular Norm RandOpt,100,3,1.3000000000000007,21.666666666666668,0.5773502691896258,21.0,22.0
uspto50k,USPTO-50K,Modular Norm RandOpt,100,3,1.4000000000000004,21.666666666666668,0.5773502691896258,21.0,22.0
uspto50k,USPTO-50K,Modular Norm RandOpt,100,3,1.5,21.666666666666668,0.5773502691896258,21.0,22.0
uspto50k,USPTO-50K,Modular Norm RandOpt,100,3,1.6000000000000014,20.0,1.0,19.0,21.0
uspto50k,USPTO-50K,Modular Norm RandOpt,100,3,1.700000000000001,20.0,1.0,19.0,21.0
uspto50k,USPTO-50K,Modular Norm RandOpt,100,3,1.8000000000000007,20.0,1.0,19.0,21.0
uspto50k,USPTO-50K,Modular Norm RandOpt,100,3,1.9000000000000004,20.0,1.0,19.0,21.0
uspto50k,USPTO-50K,Modular Norm RandOpt,100,3,2.0,17.333333333333332,1.1547005383792515,16.0,18.0
uspto50k,USPTO-50K,Modular Norm RandOpt,100,3,2.1000000000000014,17.333333333333332,1.1547005383792515,16.0,18.0
uspto50k,USPTO-50K,Modular Norm RandOpt,100,3,2.200000000000001,17.333333333333332,1.1547005383792515,16.0,18.0
uspto50k,USPTO-50K,Modular Norm RandOpt,100,3,2.3000000000000007,17.333333333333332,1.1547005383792515,16.0,18.0
uspto50k,USPTO-50K,Modular Norm RandOpt,100,3,2.4000000000000004,17.333333333333332,1.1547005383792515,16.0,18.0
uspto50k,USPTO-50K,Modular Norm RandOpt,100,3,2.5,15.333333333333334,0.5773502691896257,15.0,16.0
uspto50k,USPTO-50K,Modular Norm RandOpt,100,3,2.6000000000000014,15.333333333333334,0.5773502691896257,15.0,16.0
uspto50k,USPTO-50K,Modular Norm RandOpt,100,3,2.700000000000001,15.333333333333334,0.5773502691896257,15.0,16.0
uspto50k,USPTO-50K,Modular Norm RandOpt,100,3,2.8000000000000007,15.333333333333334,0.5773502691896257,15.0,16.0
uspto50k,USPTO-50K,Modular Norm RandOpt,100,3,2.9000000000000004,15.333333333333334,0.5773502691896257,15.0,16.0
uspto50k,USPTO-50K,Modular Norm RandOpt,100,3,3.0,15.333333333333334,0.5773502691896257,15.0,16.0
uspto50k,USPTO-50K,Modular Norm RandOpt,100,3,3.1000000000000014,12.333333333333334,1.1547005383792517,11.0,13.0
uspto50k,USPTO-50K,Modular Norm RandOpt,100,3,3.200000000000001,12.333333333333334,1.1547005383792517,11.0,13.0
uspto50k,USPTO-50K,Modular Norm RandOpt,100,3,3.3000000000000007,12.333333333333334,1.1547005383792517,11.0,13.0
uspto50k,USPTO-50K,Modular Norm RandOpt,100,3,3.4000000000000004,12.333333333333334,1.1547005383792517,11.0,13.0
uspto50k,USPTO-50K,Modular Norm RandOpt,100,3,3.5,11.666666666666666,1.5275252316519468,10.0,13.0
uspto50k,USPTO-50K,Modular Norm RandOpt,100,3,3.6000000000000014,11.666666666666666,1.5275252316519468,10.0,13.0
uspto50k,USPTO-50K,Modular Norm RandOpt,100,3,3.700000000000001,11.666666666666666,1.5275252316519468,10.0,13.0
uspto50k,USPTO-50K,Modular Norm RandOpt,100,3,3.8000000000000007,11.666666666666666,1.5275252316519468,10.0,13.0
uspto50k,USPTO-50K,Modular Norm RandOpt,100,3,3.9000000000000004,11.666666666666666,1.5275252316519468,10.0,13.0
uspto50k,USPTO-50K,Modular Norm RandOpt,100,3,4.0,9.333333333333334,1.5275252316519468,8.0,11.0
uspto50k,USPTO-50K,Modular Norm RandOpt,100,3,4.100000000000001,9.333333333333334,1.5275252316519468,8.0,11.0
uspto50k,USPTO-50K,Modular Norm RandOpt,100,3,4.200000000000001,9.333333333333334,1.5275252316519468,8.0,11.0
uspto50k,USPTO-50K,Modular Norm RandOpt,100,3,4.300000000000001,9.333333333333334,1.5275252316519468,8.0,11.0
uspto50k,USPTO-50K,Modular Norm RandOpt,100,3,4.4,9.333333333333334,1.5275252316519468,8.0,11.0
uspto50k,USPTO-50K,Modular Norm RandOpt,100,3,4.5,9.333333333333334,1.5275252316519468,8.0,11.0
uspto50k,USPTO-50K,Modular Norm RandOpt,100,3,4.600000000000001,8.333333333333334,0.5773502691896257,8.0,9.0
uspto50k,USPTO-50K,Modular Norm RandOpt,100,3,4.700000000000001,8.333333333333334,0.5773502691896257,8.0,9.0
uspto50k,USPTO-50K,Modular Norm RandOpt,100,3,4.800000000000001,8.333333333333334,0.5773502691896257,8.0,9.0
uspto50k,USPTO-50K,Modular Norm RandOpt,100,3,4.9,8.333333333333334,0.5773502691896257,8.0,9.0
uspto50k,USPTO-50K,Modular Norm RandOpt,100,3,5.0,7.000000000000001,0.0,7.000000000000001,7.000000000000001
uspto50k,USPTO-50K,Modular Norm RandOpt,100,3,5.100000000000001,7.000000000000001,0.0,7.000000000000001,7.000000000000001
uspto50k,USPTO-50K,Modular Norm RandOpt,100,3,5.200000000000001,7.000000000000001,0.0,7.000000000000001,7.000000000000001
uspto50k,USPTO-50K,Modular Norm RandOpt,100,3,5.300000000000001,7.000000000000001,0.0,7.000000000000001,7.000000000000001
uspto50k,USPTO-50K,Modular Norm RandOpt,100,3,5.4,7.000000000000001,0.0,7.000000000000001,7.000000000000001
uspto50k,USPTO-50K,Modular Norm RandOpt,100,3,5.5,6.333333333333333,1.1547005383792521,5.0,7.000000000000001
uspto50k,USPTO-50K,Modular Norm RandOpt,100,3,5.600000000000001,6.333333333333333,1.1547005383792521,5.0,7.000000000000001
uspto50k,USPTO-50K,Modular Norm RandOpt,100,3,5.700000000000001,6.333333333333333,1.1547005383792521,5.0,7.000000000000001
uspto50k,USPTO-50K,Modular Norm RandOpt,100,3,5.800000000000001,6.333333333333333,1.1547005383792521,5.0,7.000000000000001
uspto50k,USPTO-50K,Modular Norm RandOpt,100,3,5.9,6.333333333333333,1.1547005383792521,5.0,7.000000000000001
uspto50k,USPTO-50K,Modular Norm RandOpt,100,3,6.0,6.333333333333333,1.1547005383792521,5.0,7.000000000000001
uspto50k,USPTO-50K,Modular Norm RandOpt,100,3,6.100000000000001,6.0,1.0000000000000004,5.0,7.000000000000001
uspto50k,USPTO-50K,Modular Norm RandOpt,100,3,6.199999999999999,6.0,1.0000000000000004,5.0,7.000000000000001
uspto50k,USPTO-50K,Modular Norm RandOpt,100,3,6.300000000000001,6.0,1.0000000000000004,5.0,7.000000000000001
uspto50k,USPTO-50K,Modular Norm RandOpt,100,3,6.400000000000002,6.0,1.0000000000000004,5.0,7.000000000000001
uspto50k,USPTO-50K,Modular Norm RandOpt,100,3,6.5,6.0,1.0000000000000004,5.0,7.000000000000001
uspto50k,USPTO-50K,Modular Norm RandOpt,100,3,6.600000000000001,5.666666666666667,1.527525231651947,4.0,7.000000000000001
uspto50k,USPTO-50K,Modular Norm RandOpt,100,3,6.699999999999999,5.666666666666667,1.527525231651947,4.0,7.000000000000001
uspto50k,USPTO-50K,Modular Norm RandOpt,100,3,6.800000000000001,5.666666666666667,1.527525231651947,4.0,7.000000000000001
uspto50k,USPTO-50K,Modular Norm RandOpt,100,3,6.900000000000002,5.666666666666667,1.527525231651947,4.0,7.000000000000001
uspto50k,USPTO-50K,Modular Norm RandOpt,100,3,7.0,5.666666666666667,1.527525231651947,4.0,7.000000000000001
uspto50k,USPTO-50K,Modular Norm RandOpt,100,3,7.100000000000001,4.0,2.0,2.0,6.0
uspto50k,USPTO-50K,Modular Norm RandOpt,100,3,7.199999999999999,4.0,2.0,2.0,6.0
uspto50k,USPTO-50K,Modular Norm RandOpt,100,3,7.300000000000001,4.0,2.0,2.0,6.0
uspto50k,USPTO-50K,Modular Norm RandOpt,100,3,7.400000000000002,4.0,2.0,2.0,6.0
uspto50k,USPTO-50K,Modular Norm RandOpt,100,3,7.5,4.0,2.0,2.0,6.0
uspto50k,USPTO-50K,Modular Norm RandOpt,100,3,7.600000000000001,4.0,2.0,2.0,6.0
uspto50k,USPTO-50K,Modular Norm RandOpt,100,3,7.699999999999999,4.0,2.0,2.0,6.0
uspto50k,USPTO-50K,Modular Norm RandOpt,100,3,7.800000000000001,4.0,2.0,2.0,6.0
uspto50k,USPTO-50K,Modular Norm RandOpt,100,3,7.900000000000002,4.0,2.0,2.0,6.0
uspto50k,USPTO-50K,Modular Norm RandOpt,100,3,8.0,3.3333333333333335,1.1547005383792515,2.0,4.0
uspto50k,USPTO-50K,Modular Norm RandOpt,100,3,8.100000000000001,3.3333333333333335,1.1547005383792515,2.0,4.0
uspto50k,USPTO-50K,Modular Norm RandOpt,100,3,8.2,3.3333333333333335,1.1547005383792515,2.0,4.0
uspto50k,USPTO-50K,Modular Norm RandOpt,100,3,8.3,3.3333333333333335,1.1547005383792515,2.0,4.0
uspto50k,USPTO-50K,Modular Norm RandOpt,100,3,8.400000000000002,3.3333333333333335,1.1547005383792515,2.0,4.0
uspto50k,USPTO-50K,Modular Norm RandOpt,100,3,8.5,3.3333333333333335,1.1547005383792515,2.0,4.0
uspto50k,USPTO-50K,Modular Norm RandOpt,100,3,8.600000000000001,2.0,2.0,0.0,4.0
uspto50k,USPTO-50K,Modular Norm RandOpt,100,3,8.7,2.0,2.0,0.0,4.0
uspto50k,USPTO-50K,Modular Norm RandOpt,100,3,8.8,2.0,2.0,0.0,4.0
uspto50k,USPTO-50K,Modular Norm RandOpt,100,3,8.900000000000002,2.0,2.0,0.0,4.0
uspto50k,USPTO-50K,Modular Norm RandOpt,100,3,9.0,2.0,2.0,0.0,4.0
uspto50k,USPTO-50K,Modular Norm RandOpt,100,3,9.100000000000001,2.0,2.0,0.0,4.0
uspto50k,USPTO-50K,Modular Norm RandOpt,100,3,9.200000000000003,2.0,2.0,0.0,4.0
uspto50k,USPTO-50K,Modular Norm RandOpt,100,3,9.3,2.0,2.0,0.0,4.0
uspto50k,USPTO-50K,Modular Norm RandOpt,100,3,9.400000000000002,2.0,2.0,0.0,4.0
uspto50k,USPTO-50K,Modular Norm RandOpt,100,3,9.5,2.0,2.0,0.0,4.0
uspto50k,USPTO-50K,Modular Norm RandOpt,100,3,9.600000000000001,1.6666666666666667,1.5275252316519465,0.0,3.0
uspto50k,USPTO-50K,Modular Norm RandOpt,100,3,9.700000000000003,1.6666666666666667,1.5275252316519465,0.0,3.0
uspto50k,USPTO-50K,Modular Norm RandOpt,100,3,9.8,1.6666666666666667,1.5275252316519465,0.0,3.0
uspto50k,USPTO-50K,Modular Norm RandOpt,100,3,9.900000000000002,1.6666666666666667,1.5275252316519465,0.0,3.0
uspto50k,USPTO-50K,Modular Norm RandOpt,100,3,10.0,1.6666666666666667,1.5275252316519465,0.0,3.0
uspto50k,USPTO-50K,Modular Norm RandOpt,100,3,10.100000000000001,1.3333333333333333,1.1547005383792517,0.0,2.0
uspto50k,USPTO-50K,Modular Norm RandOpt,100,3,10.200000000000003,1.3333333333333333,1.1547005383792517,0.0,2.0
uspto50k,USPTO-50K,Modular Norm RandOpt,100,3,10.3,1.3333333333333333,1.1547005383792517,0.0,2.0
uspto50k,USPTO-50K,Modular Norm RandOpt,100,3,10.400000000000002,1.3333333333333333,1.1547005383792517,0.0,2.0
uspto50k,USPTO-50K,Modular Norm RandOpt,100,3,10.5,1.3333333333333333,1.1547005383792517,0.0,2.0
uspto50k,USPTO-50K,Modular Norm RandOpt,100,3,10.600000000000001,1.3333333333333333,1.1547005383792517,0.0,2.0
uspto50k,USPTO-50K,Modular Norm RandOpt,100,3,10.700000000000003,1.3333333333333333,1.1547005383792517,0.0,2.0
uspto50k,USPTO-50K,Modular Norm RandOpt,100,3,10.8,1.3333333333333333,1.1547005383792517,0.0,2.0
uspto50k,USPTO-50K,Modular Norm RandOpt,100,3,10.900000000000002,1.3333333333333333,1.1547005383792517,0.0,2.0
uspto50k,USPTO-50K,Modular Norm RandOpt,100,3,11.0,1.3333333333333333,1.1547005383792517,0.0,2.0
uspto50k,USPTO-50K,Modular Norm RandOpt,100,3,11.100000000000001,1.3333333333333333,1.1547005383792517,0.0,2.0
uspto50k,USPTO-50K,Modular Norm RandOpt,100,3,11.200000000000003,1.3333333333333333,1.1547005383792517,0.0,2.0
uspto50k,USPTO-50K,Modular Norm RandOpt,100,3,11.3,1.3333333333333333,1.1547005383792517,0.0,2.0
uspto50k,USPTO-50K,Modular Norm RandOpt,100,3,11.400000000000002,1.3333333333333333,1.1547005383792517,0.0,2.0
uspto50k,USPTO-50K,Modular Norm RandOpt,100,3,11.5,1.3333333333333333,1.1547005383792517,0.0,2.0
uspto50k,USPTO-50K,Modular Norm RandOpt,100,3,11.600000000000001,1.3333333333333333,1.1547005383792517,0.0,2.0
uspto50k,USPTO-50K,Modular Norm RandOpt,100,3,11.700000000000003,1.3333333333333333,1.1547005383792517,0.0,2.0
uspto50k,USPTO-50K,Modular Norm RandOpt,100,3,11.8,1.3333333333333333,1.1547005383792517,0.0,2.0
uspto50k,USPTO-50K,Modular Norm RandOpt,100,3,11.900000000000002,1.3333333333333333,1.1547005383792517,0.0,2.0
uspto50k,USPTO-50K,Modular Norm RandOpt,100,3,12.0,1.3333333333333333,1.1547005383792517,0.0,2.0
uspto50k,USPTO-50K,Modular Norm RandOpt,100,3,12.100000000000001,0.6666666666666666,0.5773502691896258,0.0,1.0
uspto50k,USPTO-50K,Modular Norm RandOpt,100,3,12.200000000000003,0.6666666666666666,0.5773502691896258,0.0,1.0
uspto50k,USPTO-50K,Modular Norm RandOpt,100,3,12.3,0.6666666666666666,0.5773502691896258,0.0,1.0
uspto50k,USPTO-50K,Modular Norm RandOpt,100,3,12.400000000000002,0.6666666666666666,0.5773502691896258,0.0,1.0
uspto50k,USPTO-50K,Modular Norm RandOpt,100,3,12.5,0.6666666666666666,0.5773502691896258,0.0,1.0
uspto50k,USPTO-50K,Modular Norm RandOpt,100,3,12.600000000000001,0.6666666666666666,0.5773502691896258,0.0,1.0
uspto50k,USPTO-50K,Modular Norm RandOpt,100,3,12.700000000000003,0.6666666666666666,0.5773502691896258,0.0,1.0
uspto50k,USPTO-50K,Modular Norm RandOpt,100,3,12.8,0.6666666666666666,0.5773502691896258,0.0,1.0
uspto50k,USPTO-50K,Modular Norm RandOpt,100,3,12.900000000000002,0.6666666666666666,0.5773502691896258,0.0,1.0
uspto50k,USPTO-50K,Modular Norm RandOpt,100,3,13.0,0.6666666666666666,0.5773502691896258,0.0,1.0
uspto50k,USPTO-50K,Modular Norm RandOpt,100,3,13.100000000000001,0.6666666666666666,0.5773502691896258,0.0,1.0
uspto50k,USPTO-50K,Modular Norm RandOpt,100,3,13.200000000000003,0.6666666666666666,0.5773502691896258,0.0,1.0
uspto50k,USPTO-50K,Modular Norm RandOpt,100,3,13.3,0.6666666666666666,0.5773502691896258,0.0,1.0
uspto50k,USPTO-50K,Modular Norm RandOpt,100,3,13.400000000000002,0.6666666666666666,0.5773502691896258,0.0,1.0
uspto50k,USPTO-50K,Modular Norm RandOpt,100,3,13.5,0.6666666666666666,0.5773502691896258,0.0,1.0
uspto50k,USPTO-50K,Modular Norm RandOpt,100,3,13.600000000000001,0.6666666666666666,0.5773502691896258,0.0,1.0
uspto50k,USPTO-50K,Modular Norm RandOpt,100,3,13.700000000000003,0.6666666666666666,0.5773502691896258,0.0,1.0
uspto50k,USPTO-50K,Modular Norm RandOpt,100,3,13.8,0.6666666666666666,0.5773502691896258,0.0,1.0
uspto50k,USPTO-50K,Modular Norm RandOpt,100,3,13.900000000000002,0.6666666666666666,0.5773502691896258,0.0,1.0
uspto50k,USPTO-50K,Modular Norm RandOpt,100,3,14.0,0.3333333333333333,0.5773502691896258,0.0,1.0
uspto50k,USPTO-50K,Modular Norm RandOpt,100,3,14.100000000000001,0.3333333333333333,0.5773502691896258,0.0,1.0
uspto50k,USPTO-50K,Modular Norm RandOpt,100,3,14.200000000000003,0.3333333333333333,0.5773502691896258,0.0,1.0
uspto50k,USPTO-50K,Modular Norm RandOpt,100,3,14.3,0.3333333333333333,0.5773502691896258,0.0,1.0
uspto50k,USPTO-50K,Modular Norm RandOpt,100,3,14.400000000000002,0.3333333333333333,0.5773502691896258,0.0,1.0
uspto50k,USPTO-50K,Modular Norm RandOpt,100,3,14.5,0.3333333333333333,0.5773502691896258,0.0,1.0
uspto50k,USPTO-50K,Modular Norm RandOpt,100,3,14.600000000000001,0.3333333333333333,0.5773502691896258,0.0,1.0
uspto50k,USPTO-50K,Modular Norm RandOpt,100,3,14.700000000000003,0.3333333333333333,0.5773502691896258,0.0,1.0
uspto50k,USPTO-50K,Modular Norm RandOpt,100,3,14.8,0.3333333333333333,0.5773502691896258,0.0,1.0
uspto50k,USPTO-50K,Modular Norm RandOpt,100,3,14.900000000000002,0.3333333333333333,0.5773502691896258,0.0,1.0
uspto50k,USPTO-50K,Modular Norm RandOpt,100,3,15.0,0.3333333333333333,0.5773502691896258,0.0,1.0
uspto50k,USPTO-50K,Modular Norm RandOpt,100,3,15.100000000000001,0.3333333333333333,0.5773502691896258,0.0,1.0
uspto50k,USPTO-50K,Modular Norm RandOpt,100,3,15.200000000000003,0.3333333333333333,0.5773502691896258,0.0,1.0
uspto50k,USPTO-50K,Modular Norm RandOpt,100,3,15.3,0.3333333333333333,0.5773502691896258,0.0,1.0
uspto50k,USPTO-50K,Modular Norm RandOpt,100,3,15.400000000000002,0.3333333333333333,0.5773502691896258,0.0,1.0
uspto50k,USPTO-50K,Modular Norm RandOpt,100,3,15.5,0.3333333333333333,0.5773502691896258,0.0,1.0
uspto50k,USPTO-50K,Modular Norm RandOpt,100,3,15.600000000000001,0.3333333333333333,0.5773502691896258,0.0,1.0
uspto50k,USPTO-50K,Modular Norm RandOpt,100,3,15.700000000000003,0.3333333333333333,0.5773502691896258,0.0,1.0
uspto50k,USPTO-50K,Modular Norm RandOpt,100,3,15.8,0.3333333333333333,0.5773502691896258,0.0,1.0
uspto50k,USPTO-50K,Modular Norm RandOpt,100,3,15.900000000000002,0.3333333333333333,0.5773502691896258,0.0,1.0
uspto50k,USPTO-50K,Modular Norm RandOpt,100,3,16.0,0.3333333333333333,0.5773502691896258,0.0,1.0
uspto50k,USPTO-50K,Modular Norm RandOpt,100,3,16.1,0.3333333333333333,0.5773502691896258,0.0,1.0
uspto50k,USPTO-50K,Modular Norm RandOpt,100,3,16.200000000000003,0.3333333333333333,0.5773502691896258,0.0,1.0
uspto50k,USPTO-50K,Modular Norm RandOpt,100,3,16.3,0.3333333333333333,0.5773502691896258,0.0,1.0
uspto50k,USPTO-50K,Modular Norm RandOpt,100,3,16.400000000000002,0.3333333333333333,0.5773502691896258,0.0,1.0
uspto50k,USPTO-50K,Modular Norm RandOpt,100,3,16.5,0.3333333333333333,0.5773502691896258,0.0,1.0
uspto50k,USPTO-50K,Modular Norm RandOpt,100,3,16.6,0.3333333333333333,0.5773502691896258,0.0,1.0
uspto50k,USPTO-50K,Modular Norm RandOpt,100,3,16.700000000000003,0.3333333333333333,0.5773502691896258,0.0,1.0
uspto50k,USPTO-50K,Modular Norm RandOpt,100,3,16.8,0.3333333333333333,0.5773502691896258,0.0,1.0
uspto50k,USPTO-50K,Modular Norm RandOpt,100,3,16.900000000000002,0.3333333333333333,0.5773502691896258,0.0,1.0
uspto50k,USPTO-50K,Modular Norm RandOpt,100,3,17.0,0.3333333333333333,0.5773502691896258,0.0,1.0
uspto50k,USPTO-50K,Modular Norm RandOpt,100,3,17.1,0.3333333333333333,0.5773502691896258,0.0,1.0
uspto50k,USPTO-50K,Modular Norm RandOpt,100,3,17.200000000000003,0.3333333333333333,0.5773502691896258,0.0,1.0
uspto50k,USPTO-50K,Modular Norm RandOpt,100,3,17.3,0.3333333333333333,0.5773502691896258,0.0,1.0
uspto50k,USPTO-50K,Modular Norm RandOpt,100,3,17.400000000000002,0.3333333333333333,0.5773502691896258,0.0,1.0
uspto50k,USPTO-50K,Modular Norm RandOpt,100,3,17.5,0.3333333333333333,0.5773502691896258,0.0,1.0
uspto50k,USPTO-50K,Modular Norm RandOpt,100,3,17.6,0.0,0.0,0.0,0.0
uspto50k,USPTO-50K,Modular Norm RandOpt,100,3,17.700000000000003,0.0,0.0,0.0,0.0
uspto50k,USPTO-50K,Modular Norm RandOpt,100,3,17.8,0.0,0.0,0.0,0.0
uspto50k,USPTO-50K,Modular Norm RandOpt,100,3,17.900000000000002,0.0,0.0,0.0,0.0
uspto50k,USPTO-50K,Modular Norm RandOpt,100,3,18.0,0.0,0.0,0.0,0.0
uspto50k,USPTO-50K,Modular Norm RandOpt,100,3,18.1,0.0,0.0,0.0,0.0
uspto50k,USPTO-50K,Modular Norm RandOpt,100,3,18.200000000000003,0.0,0.0,0.0,0.0
uspto50k,USPTO-50K,Modular Norm RandOpt,100,3,18.3,0.0,0.0,0.0,0.0
uspto50k,USPTO-50K,Modular Norm RandOpt,100,3,18.400000000000002,0.0,0.0,0.0,0.0
uspto50k,USPTO-50K,Modular Norm RandOpt,100,3,18.5,0.0,0.0,0.0,0.0
uspto50k,USPTO-50K,Modular Norm RandOpt,100,3,18.6,0.0,0.0,0.0,0.0
uspto50k,USPTO-50K,Modular Norm RandOpt,100,3,18.700000000000003,0.0,0.0,0.0,0.0
uspto50k,USPTO-50K,Modular Norm RandOpt,100,3,18.8,0.0,0.0,0.0,0.0
uspto50k,USPTO-50K,Modular Norm RandOpt,100,3,18.900000000000002,0.0,0.0,0.0,0.0
uspto50k,USPTO-50K,Modular Norm RandOpt,100,3,19.0,0.0,0.0,0.0,0.0
uspto50k,USPTO-50K,Modular Norm RandOpt,100,3,19.1,0.0,0.0,0.0,0.0
uspto50k,USPTO-50K,Modular Norm RandOpt,100,3,19.200000000000003,0.0,0.0,0.0,0.0
uspto50k,USPTO-50K,Modular Norm RandOpt,100,3,19.3,0.0,0.0,0.0,0.0
uspto50k,USPTO-50K,Modular Norm RandOpt,100,3,19.400000000000002,0.0,0.0,0.0,0.0
uspto50k,USPTO-50K,Modular Norm RandOpt,100,3,19.5,0.0,0.0,0.0,0.0
uspto50k,USPTO-50K,Modular Norm RandOpt,100,3,19.6,0.0,0.0,0.0,0.0
uspto50k,USPTO-50K,Modular Norm RandOpt,100,3,19.700000000000003,0.0,0.0,0.0,0.0
uspto50k,USPTO-50K,Modular Norm RandOpt,100,3,19.8,0.0,0.0,0.0,0.0
uspto50k,USPTO-50K,Modular Norm RandOpt,100,3,19.900000000000002,0.0,0.0,0.0,0.0
uspto50k,USPTO-50K,Modular Norm RandOpt,100,3,20.0,0.0,0.0,0.0,0.0
math500,MATH-500,RandOpt,100,3,-7.5,100.0,0.0,100.0,100.0
math500,MATH-500,RandOpt,100,3,-7.45,100.0,0.0,100.0,100.0
math500,MATH-500,RandOpt,100,3,-7.4,100.0,0.0,100.0,100.0
math500,MATH-500,RandOpt,100,3,-7.35,100.0,0.0,100.0,100.0
math500,MATH-500,RandOpt,100,3,-7.3,100.0,0.0,100.0,100.0
math500,MATH-500,RandOpt,100,3,-7.25,100.0,0.0,100.0,100.0
math500,MATH-500,RandOpt,100,3,-7.2,100.0,0.0,100.0,100.0
math500,MATH-500,RandOpt,100,3,-7.15,100.0,0.0,100.0,100.0
math500,MATH-500,RandOpt,100,3,-7.1,100.0,0.0,100.0,100.0
math500,MATH-500,RandOpt,100,3,-7.05,100.0,0.0,100.0,100.0
math500,MATH-500,RandOpt,100,3,-7.0,100.0,0.0,100.0,100.0
math500,MATH-500,RandOpt,100,3,-6.95,100.0,0.0,100.0,100.0
math500,MATH-500,RandOpt,100,3,-6.9,100.0,0.0,100.0,100.0
math500,MATH-500,RandOpt,100,3,-6.85,100.0,0.0,100.0,100.0
math500,MATH-500,RandOpt,100,3,-6.8,100.0,0.0,100.0,100.0
math500,MATH-500,RandOpt,100,3,-6.75,100.0,0.0,100.0,100.0
math500,MATH-500,RandOpt,100,3,-6.7,100.0,0.0,100.0,100.0
math500,MATH-500,RandOpt,100,3,-6.65,100.0,0.0,100.0,100.0
math500,MATH-500,RandOpt,100,3,-6.6,100.0,0.0,100.0,100.0
math500,MATH-500,RandOpt,100,3,-6.55,100.0,0.0,100.0,100.0
math500,MATH-500,RandOpt,100,3,-6.5,100.0,0.0,100.0,100.0
math500,MATH-500,RandOpt,100,3,-6.45,100.0,0.0,100.0,100.0
math500,MATH-500,RandOpt,100,3,-6.4,100.0,0.0,100.0,100.0
math500,MATH-500,RandOpt,100,3,-6.35,100.0,0.0,100.0,100.0
math500,MATH-500,RandOpt,100,3,-6.3,100.0,0.0,100.0,100.0
math500,MATH-500,RandOpt,100,3,-6.25,100.0,0.0,100.0,100.0
math500,MATH-500,RandOpt,100,3,-6.2,100.0,0.0,100.0,100.0
math500,MATH-500,RandOpt,100,3,-6.15,100.0,0.0,100.0,100.0
math500,MATH-500,RandOpt,100,3,-6.1,100.0,0.0,100.0,100.0
math500,MATH-500,RandOpt,100,3,-6.05,100.0,0.0,100.0,100.0
math500,MATH-500,RandOpt,100,3,-6.0,100.0,0.0,100.0,100.0
math500,MATH-500,RandOpt,100,3,-5.95,100.0,0.0,100.0,100.0
math500,MATH-500,RandOpt,100,3,-5.9,100.0,0.0,100.0,100.0
math500,MATH-500,RandOpt,100,3,-5.85,100.0,0.0,100.0,100.0
math500,MATH-500,RandOpt,100,3,-5.8,100.0,0.0,100.0,100.0
math500,MATH-500,RandOpt,100,3,-5.75,100.0,0.0,100.0,100.0
math500,MATH-500,RandOpt,100,3,-5.7,100.0,0.0,100.0,100.0
math500,MATH-500,RandOpt,100,3,-5.65,100.0,0.0,100.0,100.0
math500,MATH-500,RandOpt,100,3,-5.6,100.0,0.0,100.0,100.0
math500,MATH-500,RandOpt,100,3,-5.55,100.0,0.0,100.0,100.0
math500,MATH-500,RandOpt,100,3,-5.5,99.66666666666667,0.5773502691896257,99.0,100.0
math500,MATH-500,RandOpt,100,3,-5.449999999999999,99.66666666666667,0.5773502691896257,99.0,100.0
math500,MATH-500,RandOpt,100,3,-5.4,99.66666666666667,0.5773502691896257,99.0,100.0
math500,MATH-500,RandOpt,100,3,-5.35,99.66666666666667,0.5773502691896257,99.0,100.0
math500,MATH-500,RandOpt,100,3,-5.3,99.66666666666667,0.5773502691896257,99.0,100.0
math500,MATH-500,RandOpt,100,3,-5.25,99.66666666666667,0.5773502691896257,99.0,100.0
math500,MATH-500,RandOpt,100,3,-5.199999999999999,99.66666666666667,0.5773502691896257,99.0,100.0
math500,MATH-500,RandOpt,100,3,-5.15,99.66666666666667,0.5773502691896257,99.0,100.0
math500,MATH-500,RandOpt,100,3,-5.1,99.66666666666667,0.5773502691896257,99.0,100.0
math500,MATH-500,RandOpt,100,3,-5.05,99.66666666666667,0.5773502691896257,99.0,100.0
math500,MATH-500,RandOpt,100,3,-5.0,99.66666666666667,0.5773502691896257,99.0,100.0
math500,MATH-500,RandOpt,100,3,-4.949999999999999,99.66666666666667,0.5773502691896257,99.0,100.0
math500,MATH-500,RandOpt,100,3,-4.9,99.66666666666667,0.5773502691896257,99.0,100.0
math500,MATH-500,RandOpt,100,3,-4.85,99.66666666666667,0.5773502691896257,99.0,100.0
math500,MATH-500,RandOpt,100,3,-4.8,99.66666666666667,0.5773502691896257,99.0,100.0
math500,MATH-500,RandOpt,100,3,-4.75,99.66666666666667,0.5773502691896257,99.0,100.0
math500,MATH-500,RandOpt,100,3,-4.699999999999999,99.66666666666667,0.5773502691896257,99.0,100.0
math500,MATH-500,RandOpt,100,3,-4.65,99.66666666666667,0.5773502691896257,99.0,100.0
math500,MATH-500,RandOpt,100,3,-4.6,99.66666666666667,0.5773502691896257,99.0,100.0
math500,MATH-500,RandOpt,100,3,-4.55,99.66666666666667,0.5773502691896257,99.0,100.0
math500,MATH-500,RandOpt,100,3,-4.5,99.0,1.0,98.0,100.0
math500,MATH-500,RandOpt,100,3,-4.449999999999999,99.0,1.0,98.0,100.0
math500,MATH-500,RandOpt,100,3,-4.4,99.0,1.0,98.0,100.0
math500,MATH-500,RandOpt,100,3,-4.35,99.0,1.0,98.0,100.0
math500,MATH-500,RandOpt,100,3,-4.3,99.0,1.0,98.0,100.0
math500,MATH-500,RandOpt,100,3,-4.25,99.0,1.0,98.0,100.0
math500,MATH-500,RandOpt,100,3,-4.199999999999999,99.0,1.0,98.0,100.0
math500,MATH-500,RandOpt,100,3,-4.15,99.0,1.0,98.0,100.0
math500,MATH-500,RandOpt,100,3,-4.1,99.0,1.0,98.0,100.0
math500,MATH-500,RandOpt,100,3,-4.05,99.0,1.0,98.0,100.0
math500,MATH-500,RandOpt,100,3,-4.0,97.66666666666667,1.1547005383792517,97.0,99.0
math500,MATH-500,RandOpt,100,3,-3.9499999999999997,97.66666666666667,1.1547005383792517,97.0,99.0
math500,MATH-500,RandOpt,100,3,-3.9,97.66666666666667,1.1547005383792517,97.0,99.0
math500,MATH-500,RandOpt,100,3,-3.8499999999999996,97.66666666666667,1.1547005383792517,97.0,99.0
math500,MATH-500,RandOpt,100,3,-3.8,97.66666666666667,1.1547005383792517,97.0,99.0
math500,MATH-500,RandOpt,100,3,-3.75,97.66666666666667,1.1547005383792517,97.0,99.0
math500,MATH-500,RandOpt,100,3,-3.6999999999999997,97.66666666666667,1.1547005383792517,97.0,99.0
math500,MATH-500,RandOpt,100,3,-3.65,97.66666666666667,1.1547005383792517,97.0,99.0
math500,MATH-500,RandOpt,100,3,-3.5999999999999996,97.66666666666667,1.1547005383792517,97.0,99.0
math500,MATH-500,RandOpt,100,3,-3.55,97.66666666666667,1.1547005383792517,97.0,99.0
math500,MATH-500,RandOpt,100,3,-3.5,96.0,1.7320508075688772,94.0,97.0
math500,MATH-500,RandOpt,100,3,-3.45,96.0,1.7320508075688772,94.0,97.0
math500,MATH-500,RandOpt,100,3,-3.3999999999999995,96.0,1.7320508075688772,94.0,97.0
math500,MATH-500,RandOpt,100,3,-3.3499999999999996,96.0,1.7320508075688772,94.0,97.0
math500,MATH-500,RandOpt,100,3,-3.3,96.0,1.7320508075688772,94.0,97.0
math500,MATH-500,RandOpt,100,3,-3.25,96.0,1.7320508075688772,94.0,97.0
math500,MATH-500,RandOpt,100,3,-3.2,96.0,1.7320508075688772,94.0,97.0
math500,MATH-500,RandOpt,100,3,-3.1499999999999995,96.0,1.7320508075688772,94.0,97.0
math500,MATH-500,RandOpt,100,3,-3.0999999999999996,96.0,1.7320508075688772,94.0,97.0
math500,MATH-500,RandOpt,100,3,-3.05,96.0,1.7320508075688772,94.0,97.0
math500,MATH-500,RandOpt,100,3,-3.0,92.33333333333333,1.1547005383792517,91.0,93.0
math500,MATH-500,RandOpt,100,3,-2.95,92.33333333333333,1.1547005383792517,91.0,93.0
math500,MATH-500,RandOpt,100,3,-2.8999999999999995,92.33333333333333,1.1547005383792517,91.0,93.0
math500,MATH-500,RandOpt,100,3,-2.8499999999999996,92.33333333333333,1.1547005383792517,91.0,93.0
math500,MATH-500,RandOpt,100,3,-2.8,92.33333333333333,1.1547005383792517,91.0,93.0
math500,MATH-500,RandOpt,100,3,-2.75,92.33333333333333,1.1547005383792517,91.0,93.0
math500,MATH-500,RandOpt,100,3,-2.6999999999999993,92.33333333333333,1.1547005383792517,91.0,93.0
math500,MATH-500,RandOpt,100,3,-2.6499999999999995,92.33333333333333,1.1547005383792517,91.0,93.0
math500,MATH-500,RandOpt,100,3,-2.5999999999999996,92.33333333333333,1.1547005383792517,91.0,93.0
math500,MATH-500,RandOpt,100,3,-2.55,92.33333333333333,1.1547005383792517,91.0,93.0
math500,MATH-500,RandOpt,100,3,-2.5,88.0,1.0,87.0,89.0
math500,MATH-500,RandOpt,100,3,-2.4499999999999993,88.0,1.0,87.0,89.0
math500,MATH-500,RandOpt,100,3,-2.3999999999999995,88.0,1.0,87.0,89.0
math500,MATH-500,RandOpt,100,3,-2.3499999999999996,88.0,1.0,87.0,89.0
math500,MATH-500,RandOpt,100,3,-2.3,88.0,1.0,87.0,89.0
math500,MATH-500,RandOpt,100,3,-2.25,88.0,1.0,87.0,89.0
math500,MATH-500,RandOpt,100,3,-2.1999999999999993,88.0,1.0,87.0,89.0
math500,MATH-500,RandOpt,100,3,-2.1499999999999995,88.0,1.0,87.0,89.0
math500,MATH-500,RandOpt,100,3,-2.0999999999999996,88.0,1.0,87.0,89.0
math500,MATH-500,RandOpt,100,3,-2.05,88.0,1.0,87.0,89.0
math500,MATH-500,RandOpt,100,3,-2.0,84.33333333333333,0.5773502691896257,84.0,85.0
math500,MATH-500,RandOpt,100,3,-1.9499999999999993,84.33333333333333,0.5773502691896257,84.0,85.0
math500,MATH-500,RandOpt,100,3,-1.8999999999999995,84.33333333333333,0.5773502691896257,84.0,85.0
math500,MATH-500,RandOpt,100,3,-1.8499999999999996,84.33333333333333,0.5773502691896257,84.0,85.0
math500,MATH-500,RandOpt,100,3,-1.7999999999999998,84.33333333333333,0.5773502691896257,84.0,85.0
math500,MATH-500,RandOpt,100,3,-1.75,84.33333333333333,0.5773502691896257,84.0,85.0
math500,MATH-500,RandOpt,100,3,-1.6999999999999993,84.33333333333333,0.5773502691896257,84.0,85.0
math500,MATH-500,RandOpt,100,3,-1.6499999999999995,84.33333333333333,0.5773502691896257,84.0,85.0
math500,MATH-500,RandOpt,100,3,-1.5999999999999996,84.33333333333333,0.5773502691896257,84.0,85.0
math500,MATH-500,RandOpt,100,3,-1.5499999999999998,84.33333333333333,0.5773502691896257,84.0,85.0
math500,MATH-500,RandOpt,100,3,-1.5,80.33333333333333,3.7859388972001824,76.0,83.0
math500,MATH-500,RandOpt,100,3,-1.4499999999999993,80.33333333333333,3.7859388972001824,76.0,83.0
math500,MATH-500,RandOpt,100,3,-1.3999999999999995,80.33333333333333,3.7859388972001824,76.0,83.0
math500,MATH-500,RandOpt,100,3,-1.3499999999999996,80.33333333333333,3.7859388972001824,76.0,83.0
math500,MATH-500,RandOpt,100,3,-1.2999999999999998,80.33333333333333,3.7859388972001824,76.0,83.0
math500,MATH-500,RandOpt,100,3,-1.25,80.33333333333333,3.7859388972001824,76.0,83.0
math500,MATH-500,RandOpt,100,3,-1.1999999999999993,80.33333333333333,3.7859388972001824,76.0,83.0
math500,MATH-500,RandOpt,100,3,-1.1499999999999995,80.33333333333333,3.7859388972001824,76.0,83.0
math500,MATH-500,RandOpt,100,3,-1.0999999999999996,80.33333333333333,3.7859388972001824,76.0,83.0
math500,MATH-500,RandOpt,100,3,-1.0499999999999998,80.33333333333333,3.7859388972001824,76.0,83.0
math500,MATH-500,RandOpt,100,3,-1.0,71.33333333333333,4.725815626252608,66.0,75.0
math500,MATH-500,RandOpt,100,3,-0.9499999999999993,71.33333333333333,4.725815626252608,66.0,75.0
math500,MATH-500,RandOpt,100,3,-0.8999999999999995,71.33333333333333,4.725815626252608,66.0,75.0
math500,MATH-500,RandOpt,100,3,-0.8499999999999996,71.33333333333333,4.725815626252608,66.0,75.0
math500,MATH-500,RandOpt,100,3,-0.7999999999999998,71.33333333333333,4.725815626252608,66.0,75.0
math500,MATH-500,RandOpt,100,3,-0.75,71.33333333333333,4.725815626252608,66.0,75.0
math500,MATH-500,RandOpt,100,3,-0.6999999999999993,71.33333333333333,4.725815626252608,66.0,75.0
math500,MATH-500,RandOpt,100,3,-0.6499999999999995,71.33333333333333,4.725815626252608,66.0,75.0
math500,MATH-500,RandOpt,100,3,-0.5999999999999996,71.33333333333333,4.725815626252608,66.0,75.0
math500,MATH-500,RandOpt,100,3,-0.5499999999999998,71.33333333333333,4.725815626252608,66.0,75.0
math500,MATH-500,RandOpt,100,3,-0.5,63.0,4.3588989435406775,57.99999999999999,66.0
math500,MATH-500,RandOpt,100,3,-0.4499999999999993,63.0,4.3588989435406775,57.99999999999999,66.0
math500,MATH-500,RandOpt,100,3,-0.39999999999999947,63.0,4.3588989435406775,57.99999999999999,66.0
math500,MATH-500,RandOpt,100,3,-0.34999999999999964,63.0,4.3588989435406775,57.99999999999999,66.0
math500,MATH-500,RandOpt,100,3,-0.2999999999999998,63.0,4.3588989435406775,57.99999999999999,66.0
math500,MATH-500,RandOpt,100,3,-0.25,63.0,4.3588989435406775,57.99999999999999,66.0
math500,MATH-500,RandOpt,100,3,-0.1999999999999993,63.0,4.3588989435406775,57.99999999999999,66.0
math500,MATH-500,RandOpt,100,3,-0.14999999999999947,63.0,4.3588989435406775,57.99999999999999,66.0
math500,MATH-500,RandOpt,100,3,-0.09999999999999964,63.0,4.3588989435406775,57.99999999999999,66.0
math500,MATH-500,RandOpt,100,3,-0.04999999999999982,63.0,4.3588989435406775,57.99999999999999,66.0
math500,MATH-500,RandOpt,100,3,0.0,63.0,4.3588989435406775,57.99999999999999,66.0
math500,MATH-500,RandOpt,100,3,0.05000000000000071,54.0,3.9999999999999964,50.0,57.99999999999999
math500,MATH-500,RandOpt,100,3,0.10000000000000053,54.0,3.9999999999999964,50.0,57.99999999999999
math500,MATH-500,RandOpt,100,3,0.15000000000000036,54.0,3.9999999999999964,50.0,57.99999999999999
math500,MATH-500,RandOpt,100,3,0.20000000000000018,54.0,3.9999999999999964,50.0,57.99999999999999
math500,MATH-500,RandOpt,100,3,0.25,54.0,3.9999999999999964,50.0,57.99999999999999
math500,MATH-500,RandOpt,100,3,0.3000000000000007,54.0,3.9999999999999964,50.0,57.99999999999999
math500,MATH-500,RandOpt,100,3,0.35000000000000053,54.0,3.9999999999999964,50.0,57.99999999999999
math500,MATH-500,RandOpt,100,3,0.40000000000000036,54.0,3.9999999999999964,50.0,57.99999999999999
math500,MATH-500,RandOpt,100,3,0.4500000000000002,54.0,3.9999999999999964,50.0,57.99999999999999
math500,MATH-500,RandOpt,100,3,0.5,54.0,3.9999999999999964,50.0,57.99999999999999
math500,MATH-500,RandOpt,100,3,0.5500000000000007,42.666666666666664,3.055050463303893,40.0,46.0
math500,MATH-500,RandOpt,100,3,0.5999999999999996,42.666666666666664,3.055050463303893,40.0,46.0
math500,MATH-500,RandOpt,100,3,0.6500000000000004,42.666666666666664,3.055050463303893,40.0,46.0
math500,MATH-500,RandOpt,100,3,0.7000000000000011,42.666666666666664,3.055050463303893,40.0,46.0
math500,MATH-500,RandOpt,100,3,0.75,42.666666666666664,3.055050463303893,40.0,46.0
math500,MATH-500,RandOpt,100,3,0.8000000000000007,42.666666666666664,3.055050463303893,40.0,46.0
math500,MATH-500,RandOpt,100,3,0.8499999999999996,42.666666666666664,3.055050463303893,40.0,46.0
math500,MATH-500,RandOpt,100,3,0.9000000000000004,42.666666666666664,3.055050463303893,40.0,46.0
math500,MATH-500,RandOpt,100,3,0.9500000000000011,42.666666666666664,3.055050463303893,40.0,46.0
math500,MATH-500,RandOpt,100,3,1.0,35.0,2.0,33.0,37.0
math500,MATH-500,RandOpt,100,3,1.0500000000000007,35.0,2.0,33.0,37.0
math500,MATH-500,RandOpt,100,3,1.0999999999999996,35.0,2.0,33.0,37.0
math500,MATH-500,RandOpt,100,3,1.1500000000000004,35.0,2.0,33.0,37.0
math500,MATH-500,RandOpt,100,3,1.200000000000001,35.0,2.0,33.0,37.0
math500,MATH-500,RandOpt,100,3,1.25,35.0,2.0,33.0,37.0
math500,MATH-500,RandOpt,100,3,1.3000000000000007,35.0,2.0,33.0,37.0
math500,MATH-500,RandOpt,100,3,1.3499999999999996,35.0,2.0,33.0,37.0
math500,MATH-500,RandOpt,100,3,1.4000000000000004,35.0,2.0,33.0,37.0
math500,MATH-500,RandOpt,100,3,1.450000000000001,35.0,2.0,33.0,37.0
math500,MATH-500,RandOpt,100,3,1.5,27.0,1.7320508075688794,25.0,28.000000000000004
math500,MATH-500,RandOpt,100,3,1.5500000000000007,27.0,1.7320508075688794,25.0,28.000000000000004
math500,MATH-500,RandOpt,100,3,1.5999999999999996,27.0,1.7320508075688794,25.0,28.000000000000004
math500,MATH-500,RandOpt,100,3,1.6500000000000004,27.0,1.7320508075688794,25.0,28.000000000000004
math500,MATH-500,RandOpt,100,3,1.700000000000001,27.0,1.7320508075688794,25.0,28.000000000000004
math500,MATH-500,RandOpt,100,3,1.75,27.0,1.7320508075688794,25.0,28.000000000000004
math500,MATH-500,RandOpt,100,3,1.8000000000000007,27.0,1.7320508075688794,25.0,28.000000000000004
math500,MATH-500,RandOpt,100,3,1.8499999999999996,27.0,1.7320508075688794,25.0,28.000000000000004
math500,MATH-500,RandOpt,100,3,1.9000000000000004,27.0,1.7320508075688794,25.0,28.000000000000004
math500,MATH-500,RandOpt,100,3,1.950000000000001,27.0,1.7320508075688794,25.0,28.000000000000004
math500,MATH-500,RandOpt,100,3,2.0,21.666666666666668,1.5275252316519465,20.0,23.0
math500,MATH-500,RandOpt,100,3,2.0500000000000007,21.666666666666668,1.5275252316519465,20.0,23.0
math500,MATH-500,RandOpt,100,3,2.1000000000000014,21.666666666666668,1.5275252316519465,20.0,23.0
math500,MATH-500,RandOpt,100,3,2.1500000000000004,21.666666666666668,1.5275252316519465,20.0,23.0
math500,MATH-500,RandOpt,100,3,2.200000000000001,21.666666666666668,1.5275252316519465,20.0,23.0
math500,MATH-500,RandOpt,100,3,2.25,21.666666666666668,1.5275252316519465,20.0,23.0
math500,MATH-500,RandOpt,100,3,2.3000000000000007,21.666666666666668,1.5275252316519465,20.0,23.0
math500,MATH-500,RandOpt,100,3,2.3500000000000014,21.666666666666668,1.5275252316519465,20.0,23.0
math500,MATH-500,RandOpt,100,3,2.4000000000000004,21.666666666666668,1.5275252316519465,20.0,23.0
math500,MATH-500,RandOpt,100,3,2.450000000000001,21.666666666666668,1.5275252316519465,20.0,23.0
math500,MATH-500,RandOpt,100,3,2.5,13.666666666666666,0.5773502691896268,13.0,14.000000000000002
math500,MATH-500,RandOpt,100,3,2.5500000000000007,13.666666666666666,0.5773502691896268,13.0,14.000000000000002
math500,MATH-500,RandOpt,100,3,2.6000000000000014,13.666666666666666,0.5773502691896268,13.0,14.000000000000002
math500,MATH-500,RandOpt,100,3,2.6500000000000004,13.666666666666666,0.5773502691896268,13.0,14.000000000000002
math500,MATH-500,RandOpt,100,3,2.700000000000001,13.666666666666666,0.5773502691896268,13.0,14.000000000000002
math500,MATH-500,RandOpt,100,3,2.75,13.666666666666666,0.5773502691896268,13.0,14.000000000000002
math500,MATH-500,RandOpt,100,3,2.8000000000000007,13.666666666666666,0.5773502691896268,13.0,14.000000000000002
math500,MATH-500,RandOpt,100,3,2.8500000000000014,13.666666666666666,0.5773502691896268,13.0,14.000000000000002
math500,MATH-500,RandOpt,100,3,2.9000000000000004,13.666666666666666,0.5773502691896268,13.0,14.000000000000002
math500,MATH-500,RandOpt,100,3,2.950000000000001,13.666666666666666,0.5773502691896268,13.0,14.000000000000002
math500,MATH-500,RandOpt,100,3,3.0,7.333333333333333,0.5773502691896252,7.000000000000001,8.0
math500,MATH-500,RandOpt,100,3,3.0500000000000007,7.333333333333333,0.5773502691896252,7.000000000000001,8.0
math500,MATH-500,RandOpt,100,3,3.1000000000000014,7.333333333333333,0.5773502691896252,7.000000000000001,8.0
math500,MATH-500,RandOpt,100,3,3.1500000000000004,7.333333333333333,0.5773502691896252,7.000000000000001,8.0
math500,MATH-500,RandOpt,100,3,3.200000000000001,7.333333333333333,0.5773502691896252,7.000000000000001,8.0
math500,MATH-500,RandOpt,100,3,3.25,7.333333333333333,0.5773502691896252,7.000000000000001,8.0
math500,MATH-500,RandOpt,100,3,3.3000000000000007,7.333333333333333,0.5773502691896252,7.000000000000001,8.0
math500,MATH-500,RandOpt,100,3,3.3500000000000014,7.333333333333333,0.5773502691896252,7.000000000000001,8.0
math500,MATH-500,RandOpt,100,3,3.4000000000000004,7.333333333333333,0.5773502691896252,7.000000000000001,8.0
math500,MATH-500,RandOpt,100,3,3.450000000000001,7.333333333333333,0.5773502691896252,7.000000000000001,8.0
math500,MATH-500,RandOpt,100,3,3.5,5.333333333333333,1.1547005383792517,4.0,6.0
math500,MATH-500,RandOpt,100,3,3.5500000000000007,5.333333333333333,1.1547005383792517,4.0,6.0
math500,MATH-500,RandOpt,100,3,3.6000000000000014,5.333333333333333,1.1547005383792517,4.0,6.0
math500,MATH-500,RandOpt,100,3,3.6500000000000004,5.333333333333333,1.1547005383792517,4.0,6.0
math500,MATH-500,RandOpt,100,3,3.700000000000001,5.333333333333333,1.1547005383792517,4.0,6.0
math500,MATH-500,RandOpt,100,3,3.75,5.333333333333333,1.1547005383792517,4.0,6.0
math500,MATH-500,RandOpt,100,3,3.8000000000000007,5.333333333333333,1.1547005383792517,4.0,6.0
math500,MATH-500,RandOpt,100,3,3.8500000000000014,5.333333333333333,1.1547005383792517,4.0,6.0
math500,MATH-500,RandOpt,100,3,3.9000000000000004,5.333333333333333,1.1547005383792517,4.0,6.0
math500,MATH-500,RandOpt,100,3,3.950000000000001,5.333333333333333,1.1547005383792517,4.0,6.0
math500,MATH-500,RandOpt,100,3,4.0,2.6666666666666665,0.5773502691896258,2.0,3.0
math500,MATH-500,RandOpt,100,3,4.050000000000001,2.6666666666666665,0.5773502691896258,2.0,3.0
math500,MATH-500,RandOpt,100,3,4.100000000000001,2.6666666666666665,0.5773502691896258,2.0,3.0
math500,MATH-500,RandOpt,100,3,4.15,2.6666666666666665,0.5773502691896258,2.0,3.0
math500,MATH-500,RandOpt,100,3,4.200000000000001,2.6666666666666665,0.5773502691896258,2.0,3.0
math500,MATH-500,RandOpt,100,3,4.25,2.6666666666666665,0.5773502691896258,2.0,3.0
math500,MATH-500,RandOpt,100,3,4.300000000000001,2.6666666666666665,0.5773502691896258,2.0,3.0
math500,MATH-500,RandOpt,100,3,4.350000000000001,2.6666666666666665,0.5773502691896258,2.0,3.0
math500,MATH-500,RandOpt,100,3,4.4,2.6666666666666665,0.5773502691896258,2.0,3.0
math500,MATH-500,RandOpt,100,3,4.450000000000001,2.6666666666666665,0.5773502691896258,2.0,3.0
math500,MATH-500,RandOpt,100,3,4.5,1.6666666666666667,0.5773502691896257,1.0,2.0
math500,MATH-500,RandOpt,100,3,4.550000000000001,1.6666666666666667,0.5773502691896257,1.0,2.0
math500,MATH-500,RandOpt,100,3,4.600000000000001,1.6666666666666667,0.5773502691896257,1.0,2.0
math500,MATH-500,RandOpt,100,3,4.65,1.6666666666666667,0.5773502691896257,1.0,2.0
math500,MATH-500,RandOpt,100,3,4.700000000000001,1.6666666666666667,0.5773502691896257,1.0,2.0
math500,MATH-500,RandOpt,100,3,4.75,1.6666666666666667,0.5773502691896257,1.0,2.0
math500,MATH-500,RandOpt,100,3,4.800000000000001,1.6666666666666667,0.5773502691896257,1.0,2.0
math500,MATH-500,RandOpt,100,3,4.850000000000001,1.6666666666666667,0.5773502691896257,1.0,2.0
math500,MATH-500,RandOpt,100,3,4.9,1.6666666666666667,0.5773502691896257,1.0,2.0
math500,MATH-500,RandOpt,100,3,4.950000000000001,1.6666666666666667,0.5773502691896257,1.0,2.0
math500,MATH-500,RandOpt,100,3,5.0,1.0,1.0,0.0,2.0
math500,MATH-500,RandOpt,100,3,5.050000000000001,1.0,1.0,0.0,2.0
math500,MATH-500,RandOpt,100,3,5.100000000000001,1.0,1.0,0.0,2.0
math500,MATH-500,RandOpt,100,3,5.15,1.0,1.0,0.0,2.0
math500,MATH-500,RandOpt,100,3,5.200000000000001,1.0,1.0,0.0,2.0
math500,MATH-500,RandOpt,100,3,5.25,1.0,1.0,0.0,2.0
math500,MATH-500,RandOpt,100,3,5.300000000000001,1.0,1.0,0.0,2.0
math500,MATH-500,RandOpt,100,3,5.350000000000001,1.0,1.0,0.0,2.0
math500,MATH-500,RandOpt,100,3,5.4,1.0,1.0,0.0,2.0
math500,MATH-500,RandOpt,100,3,5.450000000000001,1.0,1.0,0.0,2.0
math500,MATH-500,RandOpt,100,3,5.5,0.0,0.0,0.0,0.0
math500,MATH-500,RandOpt,100,3,5.550000000000001,0.0,0.0,0.0,0.0
math500,MATH-500,RandOpt,100,3,5.600000000000001,0.0,0.0,0.0,0.0
math500,MATH-500,RandOpt,100,3,5.65,0.0,0.0,0.0,0.0
math500,MATH-500,RandOpt,100,3,5.700000000000001,0.0,0.0,0.0,0.0
math500,MATH-500,RandOpt,100,3,5.75,0.0,0.0,0.0,0.0
math500,MATH-500,RandOpt,100,3,5.800000000000001,0.0,0.0,0.0,0.0
math500,MATH-500,RandOpt,100,3,5.850000000000001,0.0,0.0,0.0,0.0
math500,MATH-500,RandOpt,100,3,5.9,0.0,0.0,0.0,0.0
math500,MATH-500,RandOpt,100,3,5.950000000000001,0.0,0.0,0.0,0.0
math500,MATH-500,RandOpt,100,3,6.0,0.0,0.0,0.0,0.0
math500,MATH-500,RandOpt,100,3,6.050000000000001,0.0,0.0,0.0,0.0
math500,MATH-500,RandOpt,100,3,6.100000000000001,0.0,0.0,0.0,0.0
math500,MATH-500,RandOpt,100,3,6.15,0.0,0.0,0.0,0.0
math500,MATH-500,RandOpt,100,3,6.200000000000001,0.0,0.0,0.0,0.0
math500,MATH-500,RandOpt,100,3,6.25,0.0,0.0,0.0,0.0
math500,MATH-500,RandOpt,100,3,6.300000000000001,0.0,0.0,0.0,0.0
math500,MATH-500,RandOpt,100,3,6.350000000000001,0.0,0.0,0.0,0.0
math500,MATH-500,RandOpt,100,3,6.4,0.0,0.0,0.0,0.0
math500,MATH-500,RandOpt,100,3,6.450000000000001,0.0,0.0,0.0,0.0
math500,MATH-500,RandOpt,100,3,6.5,0.0,0.0,0.0,0.0
math500,MATH-500,RandOpt,100,3,6.550000000000001,0.0,0.0,0.0,0.0
math500,MATH-500,RandOpt,100,3,6.600000000000001,0.0,0.0,0.0,0.0
math500,MATH-500,RandOpt,100,3,6.65,0.0,0.0,0.0,0.0
math500,MATH-500,RandOpt,100,3,6.700000000000001,0.0,0.0,0.0,0.0
math500,MATH-500,RandOpt,100,3,6.75,0.0,0.0,0.0,0.0
math500,MATH-500,RandOpt,100,3,6.800000000000001,0.0,0.0,0.0,0.0
math500,MATH-500,RandOpt,100,3,6.850000000000001,0.0,0.0,0.0,0.0
math500,MATH-500,RandOpt,100,3,6.9,0.0,0.0,0.0,0.0
math500,MATH-500,RandOpt,100,3,6.950000000000001,0.0,0.0,0.0,0.0
math500,MATH-500,RandOpt,100,3,7.0,0.0,0.0,0.0,0.0
math500,MATH-500,RandOpt,100,3,7.050000000000001,0.0,0.0,0.0,0.0
math500,MATH-500,RandOpt,100,3,7.100000000000001,0.0,0.0,0.0,0.0
math500,MATH-500,RandOpt,100,3,7.15,0.0,0.0,0.0,0.0
math500,MATH-500,RandOpt,100,3,7.200000000000001,0.0,0.0,0.0,0.0
math500,MATH-500,RandOpt,100,3,7.25,0.0,0.0,0.0,0.0
math500,MATH-500,RandOpt,100,3,7.300000000000001,0.0,0.0,0.0,0.0
math500,MATH-500,RandOpt,100,3,7.350000000000001,0.0,0.0,0.0,0.0
math500,MATH-500,RandOpt,100,3,7.4,0.0,0.0,0.0,0.0
math500,MATH-500,RandOpt,100,3,7.450000000000001,0.0,0.0,0.0,0.0
math500,MATH-500,RandOpt,100,3,7.5,0.0,0.0,0.0,0.0
math500,MATH-500,Modular Norm RandOpt,100,3,-7.5,100.0,0.0,100.0,100.0
math500,MATH-500,Modular Norm RandOpt,100,3,-7.45,100.0,0.0,100.0,100.0
math500,MATH-500,Modular Norm RandOpt,100,3,-7.4,100.0,0.0,100.0,100.0
math500,MATH-500,Modular Norm RandOpt,100,3,-7.35,100.0,0.0,100.0,100.0
math500,MATH-500,Modular Norm RandOpt,100,3,-7.3,100.0,0.0,100.0,100.0
math500,MATH-500,Modular Norm RandOpt,100,3,-7.25,100.0,0.0,100.0,100.0
math500,MATH-500,Modular Norm RandOpt,100,3,-7.2,100.0,0.0,100.0,100.0
math500,MATH-500,Modular Norm RandOpt,100,3,-7.15,100.0,0.0,100.0,100.0
math500,MATH-500,Modular Norm RandOpt,100,3,-7.1,100.0,0.0,100.0,100.0
math500,MATH-500,Modular Norm RandOpt,100,3,-7.05,100.0,0.0,100.0,100.0
math500,MATH-500,Modular Norm RandOpt,100,3,-7.0,100.0,0.0,100.0,100.0
math500,MATH-500,Modular Norm RandOpt,100,3,-6.95,100.0,0.0,100.0,100.0
math500,MATH-500,Modular Norm RandOpt,100,3,-6.9,100.0,0.0,100.0,100.0
math500,MATH-500,Modular Norm RandOpt,100,3,-6.85,100.0,0.0,100.0,100.0
math500,MATH-500,Modular Norm RandOpt,100,3,-6.8,100.0,0.0,100.0,100.0
math500,MATH-500,Modular Norm RandOpt,100,3,-6.75,100.0,0.0,100.0,100.0
math500,MATH-500,Modular Norm RandOpt,100,3,-6.7,100.0,0.0,100.0,100.0
math500,MATH-500,Modular Norm RandOpt,100,3,-6.65,100.0,0.0,100.0,100.0
math500,MATH-500,Modular Norm RandOpt,100,3,-6.6,100.0,0.0,100.0,100.0
math500,MATH-500,Modular Norm RandOpt,100,3,-6.55,100.0,0.0,100.0,100.0
math500,MATH-500,Modular Norm RandOpt,100,3,-6.5,100.0,0.0,100.0,100.0
math500,MATH-500,Modular Norm RandOpt,100,3,-6.45,100.0,0.0,100.0,100.0
math500,MATH-500,Modular Norm RandOpt,100,3,-6.4,100.0,0.0,100.0,100.0
math500,MATH-500,Modular Norm RandOpt,100,3,-6.35,100.0,0.0,100.0,100.0
math500,MATH-500,Modular Norm RandOpt,100,3,-6.3,100.0,0.0,100.0,100.0
math500,MATH-500,Modular Norm RandOpt,100,3,-6.25,100.0,0.0,100.0,100.0
math500,MATH-500,Modular Norm RandOpt,100,3,-6.2,100.0,0.0,100.0,100.0
math500,MATH-500,Modular Norm RandOpt,100,3,-6.15,100.0,0.0,100.0,100.0
math500,MATH-500,Modular Norm RandOpt,100,3,-6.1,100.0,0.0,100.0,100.0
math500,MATH-500,Modular Norm RandOpt,100,3,-6.05,100.0,0.0,100.0,100.0
math500,MATH-500,Modular Norm RandOpt,100,3,-6.0,100.0,0.0,100.0,100.0
math500,MATH-500,Modular Norm RandOpt,100,3,-5.95,100.0,0.0,100.0,100.0
math500,MATH-500,Modular Norm RandOpt,100,3,-5.9,100.0,0.0,100.0,100.0
math500,MATH-500,Modular Norm RandOpt,100,3,-5.85,100.0,0.0,100.0,100.0
math500,MATH-500,Modular Norm RandOpt,100,3,-5.8,100.0,0.0,100.0,100.0
math500,MATH-500,Modular Norm RandOpt,100,3,-5.75,100.0,0.0,100.0,100.0
math500,MATH-500,Modular Norm RandOpt,100,3,-5.7,100.0,0.0,100.0,100.0
math500,MATH-500,Modular Norm RandOpt,100,3,-5.65,100.0,0.0,100.0,100.0
math500,MATH-500,Modular Norm RandOpt,100,3,-5.6,100.0,0.0,100.0,100.0
math500,MATH-500,Modular Norm RandOpt,100,3,-5.55,100.0,0.0,100.0,100.0
math500,MATH-500,Modular Norm RandOpt,100,3,-5.5,100.0,0.0,100.0,100.0
math500,MATH-500,Modular Norm RandOpt,100,3,-5.449999999999999,100.0,0.0,100.0,100.0
math500,MATH-500,Modular Norm RandOpt,100,3,-5.4,100.0,0.0,100.0,100.0
math500,MATH-500,Modular Norm RandOpt,100,3,-5.35,100.0,0.0,100.0,100.0
math500,MATH-500,Modular Norm RandOpt,100,3,-5.3,100.0,0.0,100.0,100.0
math500,MATH-500,Modular Norm RandOpt,100,3,-5.25,100.0,0.0,100.0,100.0
math500,MATH-500,Modular Norm RandOpt,100,3,-5.199999999999999,100.0,0.0,100.0,100.0
math500,MATH-500,Modular Norm RandOpt,100,3,-5.15,100.0,0.0,100.0,100.0
math500,MATH-500,Modular Norm RandOpt,100,3,-5.1,100.0,0.0,100.0,100.0
math500,MATH-500,Modular Norm RandOpt,100,3,-5.05,100.0,0.0,100.0,100.0
math500,MATH-500,Modular Norm RandOpt,100,3,-5.0,99.66666666666667,0.5773502691896257,99.0,100.0
math500,MATH-500,Modular Norm RandOpt,100,3,-4.949999999999999,99.66666666666667,0.5773502691896257,99.0,100.0
math500,MATH-500,Modular Norm RandOpt,100,3,-4.9,99.66666666666667,0.5773502691896257,99.0,100.0
math500,MATH-500,Modular Norm RandOpt,100,3,-4.85,99.66666666666667,0.5773502691896257,99.0,100.0
math500,MATH-500,Modular Norm RandOpt,100,3,-4.8,99.66666666666667,0.5773502691896257,99.0,100.0
math500,MATH-500,Modular Norm RandOpt,100,3,-4.75,99.66666666666667,0.5773502691896257,99.0,100.0
math500,MATH-500,Modular Norm RandOpt,100,3,-4.699999999999999,99.66666666666667,0.5773502691896257,99.0,100.0
math500,MATH-500,Modular Norm RandOpt,100,3,-4.65,99.66666666666667,0.5773502691896257,99.0,100.0
math500,MATH-500,Modular Norm RandOpt,100,3,-4.6,99.66666666666667,0.5773502691896257,99.0,100.0
math500,MATH-500,Modular Norm RandOpt,100,3,-4.55,99.66666666666667,0.5773502691896257,99.0,100.0
math500,MATH-500,Modular Norm RandOpt,100,3,-4.5,99.33333333333333,0.5773502691896257,99.0,100.0
math500,MATH-500,Modular Norm RandOpt,100,3,-4.449999999999999,99.33333333333333,0.5773502691896257,99.0,100.0
math500,MATH-500,Modular Norm RandOpt,100,3,-4.4,99.33333333333333,0.5773502691896257,99.0,100.0
math500,MATH-500,Modular Norm RandOpt,100,3,-4.35,99.33333333333333,0.5773502691896257,99.0,100.0
math500,MATH-500,Modular Norm RandOpt,100,3,-4.3,99.33333333333333,0.5773502691896257,99.0,100.0
math500,MATH-500,Modular Norm RandOpt,100,3,-4.25,99.33333333333333,0.5773502691896257,99.0,100.0
math500,MATH-500,Modular Norm RandOpt,100,3,-4.199999999999999,99.33333333333333,0.5773502691896257,99.0,100.0
math500,MATH-500,Modular Norm RandOpt,100,3,-4.15,99.33333333333333,0.5773502691896257,99.0,100.0
math500,MATH-500,Modular Norm RandOpt,100,3,-4.1,99.33333333333333,0.5773502691896257,99.0,100.0
math500,MATH-500,Modular Norm RandOpt,100,3,-4.05,99.33333333333333,0.5773502691896257,99.0,100.0
math500,MATH-500,Modular Norm RandOpt,100,3,-4.0,98.66666666666667,0.5773502691896257,98.0,99.0
math500,MATH-500,Modular Norm RandOpt,100,3,-3.9499999999999997,98.66666666666667,0.5773502691896257,98.0,99.0
math500,MATH-500,Modular Norm RandOpt,100,3,-3.9,98.66666666666667,0.5773502691896257,98.0,99.0
math500,MATH-500,Modular Norm RandOpt,100,3,-3.8499999999999996,98.66666666666667,0.5773502691896257,98.0,99.0
math500,MATH-500,Modular Norm RandOpt,100,3,-3.8,98.66666666666667,0.5773502691896257,98.0,99.0
math500,MATH-500,Modular Norm RandOpt,100,3,-3.75,98.66666666666667,0.5773502691896257,98.0,99.0
math500,MATH-500,Modular Norm RandOpt,100,3,-3.6999999999999997,98.66666666666667,0.5773502691896257,98.0,99.0
math500,MATH-500,Modular Norm RandOpt,100,3,-3.65,98.66666666666667,0.5773502691896257,98.0,99.0
math500,MATH-500,Modular Norm RandOpt,100,3,-3.5999999999999996,98.66666666666667,0.5773502691896257,98.0,99.0
math500,MATH-500,Modular Norm RandOpt,100,3,-3.55,98.66666666666667,0.5773502691896257,98.0,99.0
math500,MATH-500,Modular Norm RandOpt,100,3,-3.5,97.66666666666667,0.5773502691896257,97.0,98.0
math500,MATH-500,Modular Norm RandOpt,100,3,-3.45,97.66666666666667,0.5773502691896257,97.0,98.0
math500,MATH-500,Modular Norm RandOpt,100,3,-3.3999999999999995,97.66666666666667,0.5773502691896257,97.0,98.0
math500,MATH-500,Modular Norm RandOpt,100,3,-3.3499999999999996,97.66666666666667,0.5773502691896257,97.0,98.0
math500,MATH-500,Modular Norm RandOpt,100,3,-3.3,97.66666666666667,0.5773502691896257,97.0,98.0
math500,MATH-500,Modular Norm RandOpt,100,3,-3.25,97.66666666666667,0.5773502691896257,97.0,98.0
math500,MATH-500,Modular Norm RandOpt,100,3,-3.2,97.66666666666667,0.5773502691896257,97.0,98.0
math500,MATH-500,Modular Norm RandOpt,100,3,-3.1499999999999995,97.66666666666667,0.5773502691896257,97.0,98.0
math500,MATH-500,Modular Norm RandOpt,100,3,-3.0999999999999996,97.66666666666667,0.5773502691896257,97.0,98.0
math500,MATH-500,Modular Norm RandOpt,100,3,-3.05,97.66666666666667,0.5773502691896257,97.0,98.0
math500,MATH-500,Modular Norm RandOpt,100,3,-3.0,95.33333333333333,0.5773502691896257,95.0,96.0
math500,MATH-500,Modular Norm RandOpt,100,3,-2.95,95.33333333333333,0.5773502691896257,95.0,96.0
math500,MATH-500,Modular Norm RandOpt,100,3,-2.8999999999999995,95.33333333333333,0.5773502691896257,95.0,96.0
math500,MATH-500,Modular Norm RandOpt,100,3,-2.8499999999999996,95.33333333333333,0.5773502691896257,95.0,96.0
math500,MATH-500,Modular Norm RandOpt,100,3,-2.8,95.33333333333333,0.5773502691896257,95.0,96.0
math500,MATH-500,Modular Norm RandOpt,100,3,-2.75,95.33333333333333,0.5773502691896257,95.0,96.0
math500,MATH-500,Modular Norm RandOpt,100,3,-2.6999999999999993,95.33333333333333,0.5773502691896257,95.0,96.0
math500,MATH-500,Modular Norm RandOpt,100,3,-2.6499999999999995,95.33333333333333,0.5773502691896257,95.0,96.0
math500,MATH-500,Modular Norm RandOpt,100,3,-2.5999999999999996,95.33333333333333,0.5773502691896257,95.0,96.0
math500,MATH-500,Modular Norm RandOpt,100,3,-2.55,95.33333333333333,0.5773502691896257,95.0,96.0
math500,MATH-500,Modular Norm RandOpt,100,3,-2.5,94.33333333333333,0.5773502691896257,94.0,95.0
math500,MATH-500,Modular Norm RandOpt,100,3,-2.4499999999999993,94.33333333333333,0.5773502691896257,94.0,95.0
math500,MATH-500,Modular Norm RandOpt,100,3,-2.3999999999999995,94.33333333333333,0.5773502691896257,94.0,95.0
math500,MATH-500,Modular Norm RandOpt,100,3,-2.3499999999999996,94.33333333333333,0.5773502691896257,94.0,95.0
math500,MATH-500,Modular Norm RandOpt,100,3,-2.3,94.33333333333333,0.5773502691896257,94.0,95.0
math500,MATH-500,Modular Norm RandOpt,100,3,-2.25,94.33333333333333,0.5773502691896257,94.0,95.0
math500,MATH-500,Modular Norm RandOpt,100,3,-2.1999999999999993,94.33333333333333,0.5773502691896257,94.0,95.0
math500,MATH-500,Modular Norm RandOpt,100,3,-2.1499999999999995,94.33333333333333,0.5773502691896257,94.0,95.0
math500,MATH-500,Modular Norm RandOpt,100,3,-2.0999999999999996,94.33333333333333,0.5773502691896257,94.0,95.0
math500,MATH-500,Modular Norm RandOpt,100,3,-2.05,94.33333333333333,0.5773502691896257,94.0,95.0
math500,MATH-500,Modular Norm RandOpt,100,3,-2.0,90.33333333333333,2.3094010767585034,89.0,93.0
math500,MATH-500,Modular Norm RandOpt,100,3,-1.9499999999999993,90.33333333333333,2.3094010767585034,89.0,93.0
math500,MATH-500,Modular Norm RandOpt,100,3,-1.8999999999999995,90.33333333333333,2.3094010767585034,89.0,93.0
math500,MATH-500,Modular Norm RandOpt,100,3,-1.8499999999999996,90.33333333333333,2.3094010767585034,89.0,93.0
math500,MATH-500,Modular Norm RandOpt,100,3,-1.7999999999999998,90.33333333333333,2.3094010767585034,89.0,93.0
math500,MATH-500,Modular Norm RandOpt,100,3,-1.75,90.33333333333333,2.3094010767585034,89.0,93.0
math500,MATH-500,Modular Norm RandOpt,100,3,-1.6999999999999993,90.33333333333333,2.3094010767585034,89.0,93.0
math500,MATH-500,Modular Norm RandOpt,100,3,-1.6499999999999995,90.33333333333333,2.3094010767585034,89.0,93.0
math500,MATH-500,Modular Norm RandOpt,100,3,-1.5999999999999996,90.33333333333333,2.3094010767585034,89.0,93.0
math500,MATH-500,Modular Norm RandOpt,100,3,-1.5499999999999998,90.33333333333333,2.3094010767585034,89.0,93.0
math500,MATH-500,Modular Norm RandOpt,100,3,-1.5,87.33333333333333,3.214550253664318,85.0,91.0
math500,MATH-500,Modular Norm RandOpt,100,3,-1.4499999999999993,87.33333333333333,3.214550253664318,85.0,91.0
math500,MATH-500,Modular Norm RandOpt,100,3,-1.3999999999999995,87.33333333333333,3.214550253664318,85.0,91.0
math500,MATH-500,Modular Norm RandOpt,100,3,-1.3499999999999996,87.33333333333333,3.214550253664318,85.0,91.0
math500,MATH-500,Modular Norm RandOpt,100,3,-1.2999999999999998,87.33333333333333,3.214550253664318,85.0,91.0
math500,MATH-500,Modular Norm RandOpt,100,3,-1.25,87.33333333333333,3.214550253664318,85.0,91.0
math500,MATH-500,Modular Norm RandOpt,100,3,-1.1999999999999993,87.33333333333333,3.214550253664318,85.0,91.0
math500,MATH-500,Modular Norm RandOpt,100,3,-1.1499999999999995,87.33333333333333,3.214550253664318,85.0,91.0
math500,MATH-500,Modular Norm RandOpt,100,3,-1.0999999999999996,87.33333333333333,3.214550253664318,85.0,91.0
math500,MATH-500,Modular Norm RandOpt,100,3,-1.0499999999999998,87.33333333333333,3.214550253664318,85.0,91.0
math500,MATH-500,Modular Norm RandOpt,100,3,-1.0,81.0,2.6457513110645907,79.0,84.0
math500,MATH-500,Modular Norm RandOpt,100,3,-0.9499999999999993,81.0,2.6457513110645907,79.0,84.0
math500,MATH-500,Modular Norm RandOpt,100,3,-0.8999999999999995,81.0,2.6457513110645907,79.0,84.0
math500,MATH-500,Modular Norm RandOpt,100,3,-0.8499999999999996,81.0,2.6457513110645907,79.0,84.0
math500,MATH-500,Modular Norm RandOpt,100,3,-0.7999999999999998,81.0,2.6457513110645907,79.0,84.0
math500,MATH-500,Modular Norm RandOpt,100,3,-0.75,81.0,2.6457513110645907,79.0,84.0
math500,MATH-500,Modular Norm RandOpt,100,3,-0.6999999999999993,81.0,2.6457513110645907,79.0,84.0
math500,MATH-500,Modular Norm RandOpt,100,3,-0.6499999999999995,81.0,2.6457513110645907,79.0,84.0
math500,MATH-500,Modular Norm RandOpt,100,3,-0.5999999999999996,81.0,2.6457513110645907,79.0,84.0
math500,MATH-500,Modular Norm RandOpt,100,3,-0.5499999999999998,81.0,2.6457513110645907,79.0,84.0
math500,MATH-500,Modular Norm RandOpt,100,3,-0.5,71.33333333333333,3.214550253664318,69.0,75.0
math500,MATH-500,Modular Norm RandOpt,100,3,-0.4499999999999993,71.33333333333333,3.214550253664318,69.0,75.0
math500,MATH-500,Modular Norm RandOpt,100,3,-0.39999999999999947,71.33333333333333,3.214550253664318,69.0,75.0
math500,MATH-500,Modular Norm RandOpt,100,3,-0.34999999999999964,71.33333333333333,3.214550253664318,69.0,75.0
math500,MATH-500,Modular Norm RandOpt,100,3,-0.2999999999999998,71.33333333333333,3.214550253664318,69.0,75.0
math500,MATH-500,Modular Norm RandOpt,100,3,-0.25,71.33333333333333,3.214550253664318,69.0,75.0
math500,MATH-500,Modular Norm RandOpt,100,3,-0.1999999999999993,71.33333333333333,3.214550253664318,69.0,75.0
math500,MATH-500,Modular Norm RandOpt,100,3,-0.14999999999999947,71.33333333333333,3.214550253664318,69.0,75.0
math500,MATH-500,Modular Norm RandOpt,100,3,-0.09999999999999964,71.33333333333333,3.214550253664318,69.0,75.0
math500,MATH-500,Modular Norm RandOpt,100,3,-0.04999999999999982,71.33333333333333,3.214550253664318,69.0,75.0
math500,MATH-500,Modular Norm RandOpt,100,3,0.0,71.33333333333333,3.214550253664318,69.0,75.0
math500,MATH-500,Modular Norm RandOpt,100,3,0.05000000000000071,60.333333333333336,1.5275252316519465,59.0,62.0
math500,MATH-500,Modular Norm RandOpt,100,3,0.10000000000000053,60.333333333333336,1.5275252316519465,59.0,62.0
math500,MATH-500,Modular Norm RandOpt,100,3,0.15000000000000036,60.333333333333336,1.5275252316519465,59.0,62.0
math500,MATH-500,Modular Norm RandOpt,100,3,0.20000000000000018,60.333333333333336,1.5275252316519465,59.0,62.0
math500,MATH-500,Modular Norm RandOpt,100,3,0.25,60.333333333333336,1.5275252316519465,59.0,62.0
math500,MATH-500,Modular Norm RandOpt,100,3,0.3000000000000007,60.333333333333336,1.5275252316519465,59.0,62.0
math500,MATH-500,Modular Norm RandOpt,100,3,0.35000000000000053,60.333333333333336,1.5275252316519465,59.0,62.0
math500,MATH-500,Modular Norm RandOpt,100,3,0.40000000000000036,60.333333333333336,1.5275252316519465,59.0,62.0
math500,MATH-500,Modular Norm RandOpt,100,3,0.4500000000000002,60.333333333333336,1.5275252316519465,59.0,62.0
math500,MATH-500,Modular Norm RandOpt,100,3,0.5,60.333333333333336,1.5275252316519465,59.0,62.0
math500,MATH-500,Modular Norm RandOpt,100,3,0.5500000000000007,51.666666666666664,5.859465277082318,45.0,56.00000000000001
math500,MATH-500,Modular Norm RandOpt,100,3,0.5999999999999996,51.666666666666664,5.859465277082318,45.0,56.00000000000001
math500,MATH-500,Modular Norm RandOpt,100,3,0.6500000000000004,51.666666666666664,5.859465277082318,45.0,56.00000000000001
math500,MATH-500,Modular Norm RandOpt,100,3,0.7000000000000011,51.666666666666664,5.859465277082318,45.0,56.00000000000001
math500,MATH-500,Modular Norm RandOpt,100,3,0.75,51.666666666666664,5.859465277082318,45.0,56.00000000000001
math500,MATH-500,Modular Norm RandOpt,100,3,0.8000000000000007,51.666666666666664,5.859465277082318,45.0,56.00000000000001
math500,MATH-500,Modular Norm RandOpt,100,3,0.8499999999999996,51.666666666666664,5.859465277082318,45.0,56.00000000000001
math500,MATH-500,Modular Norm RandOpt,100,3,0.9000000000000004,51.666666666666664,5.859465277082318,45.0,56.00000000000001
math500,MATH-500,Modular Norm RandOpt,100,3,0.9500000000000011,51.666666666666664,5.859465277082318,45.0,56.00000000000001
math500,MATH-500,Modular Norm RandOpt,100,3,1.0,41.333333333333336,4.041451884327381,37.0,45.0
math500,MATH-500,Modular Norm RandOpt,100,3,1.0500000000000007,41.333333333333336,4.041451884327381,37.0,45.0
math500,MATH-500,Modular Norm RandOpt,100,3,1.0999999999999996,41.333333333333336,4.041451884327381,37.0,45.0
math500,MATH-500,Modular Norm RandOpt,100,3,1.1500000000000004,41.333333333333336,4.041451884327381,37.0,45.0
math500,MATH-500,Modular Norm RandOpt,100,3,1.200000000000001,41.333333333333336,4.041451884327381,37.0,45.0
math500,MATH-500,Modular Norm RandOpt,100,3,1.25,41.333333333333336,4.041451884327381,37.0,45.0
math500,MATH-500,Modular Norm RandOpt,100,3,1.3000000000000007,41.333333333333336,4.041451884327381,37.0,45.0
math500,MATH-500,Modular Norm RandOpt,100,3,1.3499999999999996,41.333333333333336,4.041451884327381,37.0,45.0
math500,MATH-500,Modular Norm RandOpt,100,3,1.4000000000000004,41.333333333333336,4.041451884327381,37.0,45.0
math500,MATH-500,Modular Norm RandOpt,100,3,1.450000000000001,41.333333333333336,4.041451884327381,37.0,45.0
math500,MATH-500,Modular Norm RandOpt,100,3,1.5,31.666666666666668,6.027713773341707,26.0,38.0
math500,MATH-500,Modular Norm RandOpt,100,3,1.5500000000000007,31.666666666666668,6.027713773341707,26.0,38.0
math500,MATH-500,Modular Norm RandOpt,100,3,1.5999999999999996,31.666666666666668,6.027713773341707,26.0,38.0
math500,MATH-500,Modular Norm RandOpt,100,3,1.6500000000000004,31.666666666666668,6.027713773341707,26.0,38.0
math500,MATH-500,Modular Norm RandOpt,100,3,1.700000000000001,31.666666666666668,6.027713773341707,26.0,38.0
math500,MATH-500,Modular Norm RandOpt,100,3,1.75,31.666666666666668,6.027713773341707,26.0,38.0
math500,MATH-500,Modular Norm RandOpt,100,3,1.8000000000000007,31.666666666666668,6.027713773341707,26.0,38.0
math500,MATH-500,Modular Norm RandOpt,100,3,1.8499999999999996,31.666666666666668,6.027713773341707,26.0,38.0
math500,MATH-500,Modular Norm RandOpt,100,3,1.9000000000000004,31.666666666666668,6.027713773341707,26.0,38.0
math500,MATH-500,Modular Norm RandOpt,100,3,1.950000000000001,31.666666666666668,6.027713773341707,26.0,38.0
math500,MATH-500,Modular Norm RandOpt,100,3,2.0,23.666666666666668,1.5275252316519465,22.0,25.0
math500,MATH-500,Modular Norm RandOpt,100,3,2.0500000000000007,23.666666666666668,1.5275252316519465,22.0,25.0
math500,MATH-500,Modular Norm RandOpt,100,3,2.1000000000000014,23.666666666666668,1.5275252316519465,22.0,25.0
math500,MATH-500,Modular Norm RandOpt,100,3,2.1500000000000004,23.666666666666668,1.5275252316519465,22.0,25.0
math500,MATH-500,Modular Norm RandOpt,100,3,2.200000000000001,23.666666666666668,1.5275252316519465,22.0,25.0
math500,MATH-500,Modular Norm RandOpt,100,3,2.25,23.666666666666668,1.5275252316519465,22.0,25.0
math500,MATH-500,Modular Norm RandOpt,100,3,2.3000000000000007,23.666666666666668,1.5275252316519465,22.0,25.0
math500,MATH-500,Modular Norm RandOpt,100,3,2.3500000000000014,23.666666666666668,1.5275252316519465,22.0,25.0
math500,MATH-500,Modular Norm RandOpt,100,3,2.4000000000000004,23.666666666666668,1.5275252316519465,22.0,25.0
math500,MATH-500,Modular Norm RandOpt,100,3,2.450000000000001,23.666666666666668,1.5275252316519465,22.0,25.0
math500,MATH-500,Modular Norm RandOpt,100,3,2.5,16.0,1.9999999999999991,14.000000000000002,18.0
math500,MATH-500,Modular Norm RandOpt,100,3,2.5500000000000007,16.0,1.9999999999999991,14.000000000000002,18.0
math500,MATH-500,Modular Norm RandOpt,100,3,2.6000000000000014,16.0,1.9999999999999991,14.000000000000002,18.0
math500,MATH-500,Modular Norm RandOpt,100,3,2.6500000000000004,16.0,1.9999999999999991,14.000000000000002,18.0
math500,MATH-500,Modular Norm RandOpt,100,3,2.700000000000001,16.0,1.9999999999999991,14.000000000000002,18.0
math500,MATH-500,Modular Norm RandOpt,100,3,2.75,16.0,1.9999999999999991,14.000000000000002,18.0
math500,MATH-500,Modular Norm RandOpt,100,3,2.8000000000000007,16.0,1.9999999999999991,14.000000000000002,18.0
math500,MATH-500,Modular Norm RandOpt,100,3,2.8500000000000014,16.0,1.9999999999999991,14.000000000000002,18.0
math500,MATH-500,Modular Norm RandOpt,100,3,2.9000000000000004,16.0,1.9999999999999991,14.000000000000002,18.0
math500,MATH-500,Modular Norm RandOpt,100,3,2.950000000000001,16.0,1.9999999999999991,14.000000000000002,18.0
math500,MATH-500,Modular Norm RandOpt,100,3,3.0,12.0,0.0,12.0,12.0
math500,MATH-500,Modular Norm RandOpt,100,3,3.0500000000000007,12.0,0.0,12.0,12.0
math500,MATH-500,Modular Norm RandOpt,100,3,3.1000000000000014,12.0,0.0,12.0,12.0
math500,MATH-500,Modular Norm RandOpt,100,3,3.1500000000000004,12.0,0.0,12.0,12.0
math500,MATH-500,Modular Norm RandOpt,100,3,3.200000000000001,12.0,0.0,12.0,12.0
math500,MATH-500,Modular Norm RandOpt,100,3,3.25,12.0,0.0,12.0,12.0
math500,MATH-500,Modular Norm RandOpt,100,3,3.3000000000000007,12.0,0.0,12.0,12.0
math500,MATH-500,Modular Norm RandOpt,100,3,3.3500000000000014,12.0,0.0,12.0,12.0
math500,MATH-500,Modular Norm RandOpt,100,3,3.4000000000000004,12.0,0.0,12.0,12.0
math500,MATH-500,Modular Norm RandOpt,100,3,3.450000000000001,12.0,0.0,12.0,12.0
math500,MATH-500,Modular Norm RandOpt,100,3,3.5,7.666666666666667,0.5773502691896252,7.000000000000001,8.0
math500,MATH-500,Modular Norm RandOpt,100,3,3.5500000000000007,7.666666666666667,0.5773502691896252,7.000000000000001,8.0
math500,MATH-500,Modular Norm RandOpt,100,3,3.6000000000000014,7.666666666666667,0.5773502691896252,7.000000000000001,8.0
math500,MATH-500,Modular Norm RandOpt,100,3,3.6500000000000004,7.666666666666667,0.5773502691896252,7.000000000000001,8.0
math500,MATH-500,Modular Norm RandOpt,100,3,3.700000000000001,7.666666666666667,0.5773502691896252,7.000000000000001,8.0
math500,MATH-500,Modular Norm RandOpt,100,3,3.75,7.666666666666667,0.5773502691896252,7.000000000000001,8.0
math500,MATH-500,Modular Norm RandOpt,100,3,3.8000000000000007,7.666666666666667,0.5773502691896252,7.000000000000001,8.0
math500,MATH-500,Modular Norm RandOpt,100,3,3.8500000000000014,7.666666666666667,0.5773502691896252,7.000000000000001,8.0
math500,MATH-500,Modular Norm RandOpt,100,3,3.9000000000000004,7.666666666666667,0.5773502691896252,7.000000000000001,8.0
math500,MATH-500,Modular Norm RandOpt,100,3,3.950000000000001,7.666666666666667,0.5773502691896252,7.000000000000001,8.0
math500,MATH-500,Modular Norm RandOpt,100,3,4.0,5.0,1.0,4.0,6.0
math500,MATH-500,Modular Norm RandOpt,100,3,4.050000000000001,5.0,1.0,4.0,6.0
math500,MATH-500,Modular Norm RandOpt,100,3,4.100000000000001,5.0,1.0,4.0,6.0
math500,MATH-500,Modular Norm RandOpt,100,3,4.15,5.0,1.0,4.0,6.0
math500,MATH-500,Modular Norm RandOpt,100,3,4.200000000000001,5.0,1.0,4.0,6.0
math500,MATH-500,Modular Norm RandOpt,100,3,4.25,5.0,1.0,4.0,6.0
math500,MATH-500,Modular Norm RandOpt,100,3,4.300000000000001,5.0,1.0,4.0,6.0
math500,MATH-500,Modular Norm RandOpt,100,3,4.350000000000001,5.0,1.0,4.0,6.0
math500,MATH-500,Modular Norm RandOpt,100,3,4.4,5.0,1.0,4.0,6.0
math500,MATH-500,Modular Norm RandOpt,100,3,4.450000000000001,5.0,1.0,4.0,6.0
math500,MATH-500,Modular Norm RandOpt,100,3,4.5,3.6666666666666665,2.3094010767585034,1.0,5.0
math500,MATH-500,Modular Norm RandOpt,100,3,4.550000000000001,3.6666666666666665,2.3094010767585034,1.0,5.0
math500,MATH-500,Modular Norm RandOpt,100,3,4.600000000000001,3.6666666666666665,2.3094010767585034,1.0,5.0
math500,MATH-500,Modular Norm RandOpt,100,3,4.65,3.6666666666666665,2.3094010767585034,1.0,5.0
math500,MATH-500,Modular Norm RandOpt,100,3,4.700000000000001,3.6666666666666665,2.3094010767585034,1.0,5.0
math500,MATH-500,Modular Norm RandOpt,100,3,4.75,3.6666666666666665,2.3094010767585034,1.0,5.0
math500,MATH-500,Modular Norm RandOpt,100,3,4.800000000000001,3.6666666666666665,2.3094010767585034,1.0,5.0
math500,MATH-500,Modular Norm RandOpt,100,3,4.850000000000001,3.6666666666666665,2.3094010767585034,1.0,5.0
math500,MATH-500,Modular Norm RandOpt,100,3,4.9,3.6666666666666665,2.3094010767585034,1.0,5.0
math500,MATH-500,Modular Norm RandOpt,100,3,4.950000000000001,3.6666666666666665,2.3094010767585034,1.0,5.0
math500,MATH-500,Modular Norm RandOpt,100,3,5.0,2.6666666666666665,2.3094010767585034,0.0,4.0
math500,MATH-500,Modular Norm RandOpt,100,3,5.050000000000001,2.6666666666666665,2.3094010767585034,0.0,4.0
math500,MATH-500,Modular Norm RandOpt,100,3,5.100000000000001,2.6666666666666665,2.3094010767585034,0.0,4.0
math500,MATH-500,Modular Norm RandOpt,100,3,5.15,2.6666666666666665,2.3094010767585034,0.0,4.0
math500,MATH-500,Modular Norm RandOpt,100,3,5.200000000000001,2.6666666666666665,2.3094010767585034,0.0,4.0
math500,MATH-500,Modular Norm RandOpt,100,3,5.25,2.6666666666666665,2.3094010767585034,0.0,4.0
math500,MATH-500,Modular Norm RandOpt,100,3,5.300000000000001,2.6666666666666665,2.3094010767585034,0.0,4.0
math500,MATH-500,Modular Norm RandOpt,100,3,5.350000000000001,2.6666666666666665,2.3094010767585034,0.0,4.0
math500,MATH-500,Modular Norm RandOpt,100,3,5.4,2.6666666666666665,2.3094010767585034,0.0,4.0
math500,MATH-500,Modular Norm RandOpt,100,3,5.450000000000001,2.6666666666666665,2.3094010767585034,0.0,4.0
math500,MATH-500,Modular Norm RandOpt,100,3,5.5,1.0,1.0,0.0,2.0
math500,MATH-500,Modular Norm RandOpt,100,3,5.550000000000001,1.0,1.0,0.0,2.0
math500,MATH-500,Modular Norm RandOpt,100,3,5.600000000000001,1.0,1.0,0.0,2.0
math500,MATH-500,Modular Norm RandOpt,100,3,5.65,1.0,1.0,0.0,2.0
math500,MATH-500,Modular Norm RandOpt,100,3,5.700000000000001,1.0,1.0,0.0,2.0
math500,MATH-500,Modular Norm RandOpt,100,3,5.75,1.0,1.0,0.0,2.0
math500,MATH-500,Modular Norm RandOpt,100,3,5.800000000000001,1.0,1.0,0.0,2.0
math500,MATH-500,Modular Norm RandOpt,100,3,5.850000000000001,1.0,1.0,0.0,2.0
math500,MATH-500,Modular Norm RandOpt,100,3,5.9,1.0,1.0,0.0,2.0
math500,MATH-500,Modular Norm RandOpt,100,3,5.950000000000001,1.0,1.0,0.0,2.0
math500,MATH-500,Modular Norm RandOpt,100,3,6.0,0.6666666666666666,0.5773502691896258,0.0,1.0
math500,MATH-500,Modular Norm RandOpt,100,3,6.050000000000001,0.6666666666666666,0.5773502691896258,0.0,1.0
math500,MATH-500,Modular Norm RandOpt,100,3,6.100000000000001,0.6666666666666666,0.5773502691896258,0.0,1.0
math500,MATH-500,Modular Norm RandOpt,100,3,6.15,0.6666666666666666,0.5773502691896258,0.0,1.0
math500,MATH-500,Modular Norm RandOpt,100,3,6.200000000000001,0.6666666666666666,0.5773502691896258,0.0,1.0
math500,MATH-500,Modular Norm RandOpt,100,3,6.25,0.6666666666666666,0.5773502691896258,0.0,1.0
math500,MATH-500,Modular Norm RandOpt,100,3,6.300000000000001,0.6666666666666666,0.5773502691896258,0.0,1.0
math500,MATH-500,Modular Norm RandOpt,100,3,6.350000000000001,0.6666666666666666,0.5773502691896258,0.0,1.0
math500,MATH-500,Modular Norm RandOpt,100,3,6.4,0.6666666666666666,0.5773502691896258,0.0,1.0
math500,MATH-500,Modular Norm RandOpt,100,3,6.450000000000001,0.6666666666666666,0.5773502691896258,0.0,1.0
math500,MATH-500,Modular Norm RandOpt,100,3,6.5,0.0,0.0,0.0,0.0
math500,MATH-500,Modular Norm RandOpt,100,3,6.550000000000001,0.0,0.0,0.0,0.0
math500,MATH-500,Modular Norm RandOpt,100,3,6.600000000000001,0.0,0.0,0.0,0.0
math500,MATH-500,Modular Norm RandOpt,100,3,6.65,0.0,0.0,0.0,0.0
math500,MATH-500,Modular Norm RandOpt,100,3,6.700000000000001,0.0,0.0,0.0,0.0
math500,MATH-500,Modular Norm RandOpt,100,3,6.75,0.0,0.0,0.0,0.0
math500,MATH-500,Modular Norm RandOpt,100,3,6.800000000000001,0.0,0.0,0.0,0.0
math500,MATH-500,Modular Norm RandOpt,100,3,6.850000000000001,0.0,0.0,0.0,0.0
math500,MATH-500,Modular Norm RandOpt,100,3,6.9,0.0,0.0,0.0,0.0
math500,MATH-500,Modular Norm RandOpt,100,3,6.950000000000001,0.0,0.0,0.0,0.0
math500,MATH-500,Modular Norm RandOpt,100,3,7.0,0.0,0.0,0.0,0.0
math500,MATH-500,Modular Norm RandOpt,100,3,7.050000000000001,0.0,0.0,0.0,0.0
math500,MATH-500,Modular Norm RandOpt,100,3,7.100000000000001,0.0,0.0,0.0,0.0
math500,MATH-500,Modular Norm RandOpt,100,3,7.15,0.0,0.0,0.0,0.0
math500,MATH-500,Modular Norm RandOpt,100,3,7.200000000000001,0.0,0.0,0.0,0.0
math500,MATH-500,Modular Norm RandOpt,100,3,7.25,0.0,0.0,0.0,0.0
math500,MATH-500,Modular Norm RandOpt,100,3,7.300000000000001,0.0,0.0,0.0,0.0
math500,MATH-500,Modular Norm RandOpt,100,3,7.350000000000001,0.0,0.0,0.0,0.0
math500,MATH-500,Modular Norm RandOpt,100,3,7.4,0.0,0.0,0.0,0.0
math500,MATH-500,Modular Norm RandOpt,100,3,7.450000000000001,0.0,0.0,0.0,0.0
math500,MATH-500,Modular Norm RandOpt,100,3,7.5,0.0,0.0,0.0,0.0
olympiadbench,OlympiadBench,RandOpt,100,3,-10.0,100.0,0.0,100.0,100.0
olympiadbench,OlympiadBench,RandOpt,100,3,-9.95,100.0,0.0,100.0,100.0
olympiadbench,OlympiadBench,RandOpt,100,3,-9.9,100.0,0.0,100.0,100.0
olympiadbench,OlympiadBench,RandOpt,100,3,-9.85,100.0,0.0,100.0,100.0
olympiadbench,OlympiadBench,RandOpt,100,3,-9.8,100.0,0.0,100.0,100.0
olympiadbench,OlympiadBench,RandOpt,100,3,-9.75,100.0,0.0,100.0,100.0
olympiadbench,OlympiadBench,RandOpt,100,3,-9.7,100.0,0.0,100.0,100.0
olympiadbench,OlympiadBench,RandOpt,100,3,-9.65,100.0,0.0,100.0,100.0
olympiadbench,OlympiadBench,RandOpt,100,3,-9.6,100.0,0.0,100.0,100.0
olympiadbench,OlympiadBench,RandOpt,100,3,-9.55,100.0,0.0,100.0,100.0
olympiadbench,OlympiadBench,RandOpt,100,3,-9.5,100.0,0.0,100.0,100.0
olympiadbench,OlympiadBench,RandOpt,100,3,-9.45,100.0,0.0,100.0,100.0
olympiadbench,OlympiadBench,RandOpt,100,3,-9.4,100.0,0.0,100.0,100.0
olympiadbench,OlympiadBench,RandOpt,100,3,-9.35,100.0,0.0,100.0,100.0
olympiadbench,OlympiadBench,RandOpt,100,3,-9.3,100.0,0.0,100.0,100.0
olympiadbench,OlympiadBench,RandOpt,100,3,-9.25,100.0,0.0,100.0,100.0
olympiadbench,OlympiadBench,RandOpt,100,3,-9.2,100.0,0.0,100.0,100.0
olympiadbench,OlympiadBench,RandOpt,100,3,-9.15,100.0,0.0,100.0,100.0
olympiadbench,OlympiadBench,RandOpt,100,3,-9.1,100.0,0.0,100.0,100.0
olympiadbench,OlympiadBench,RandOpt,100,3,-9.05,100.0,0.0,100.0,100.0
olympiadbench,OlympiadBench,RandOpt,100,3,-9.0,100.0,0.0,100.0,100.0
olympiadbench,OlympiadBench,RandOpt,100,3,-8.95,100.0,0.0,100.0,100.0
olympiadbench,OlympiadBench,RandOpt,100,3,-8.9,100.0,0.0,100.0,100.0
olympiadbench,OlympiadBench,RandOpt,100,3,-8.85,100.0,0.0,100.0,100.0
olympiadbench,OlympiadBench,RandOpt,100,3,-8.8,100.0,0.0,100.0,100.0
olympiadbench,OlympiadBench,RandOpt,100,3,-8.75,100.0,0.0,100.0,100.0
olympiadbench,OlympiadBench,RandOpt,100,3,-8.7,100.0,0.0,100.0,100.0
olympiadbench,OlympiadBench,RandOpt,100,3,-8.65,100.0,0.0,100.0,100.0
olympiadbench,OlympiadBench,RandOpt,100,3,-8.6,100.0,0.0,100.0,100.0
olympiadbench,OlympiadBench,RandOpt,100,3,-8.55,100.0,0.0,100.0,100.0
olympiadbench,OlympiadBench,RandOpt,100,3,-8.5,100.0,0.0,100.0,100.0
olympiadbench,OlympiadBench,RandOpt,100,3,-8.45,100.0,0.0,100.0,100.0
olympiadbench,OlympiadBench,RandOpt,100,3,-8.4,100.0,0.0,100.0,100.0
olympiadbench,OlympiadBench,RandOpt,100,3,-8.35,100.0,0.0,100.0,100.0
olympiadbench,OlympiadBench,RandOpt,100,3,-8.3,100.0,0.0,100.0,100.0
olympiadbench,OlympiadBench,RandOpt,100,3,-8.25,100.0,0.0,100.0,100.0
olympiadbench,OlympiadBench,RandOpt,100,3,-8.2,100.0,0.0,100.0,100.0
olympiadbench,OlympiadBench,RandOpt,100,3,-8.15,100.0,0.0,100.0,100.0
olympiadbench,OlympiadBench,RandOpt,100,3,-8.1,100.0,0.0,100.0,100.0
olympiadbench,OlympiadBench,RandOpt,100,3,-8.05,100.0,0.0,100.0,100.0
olympiadbench,OlympiadBench,RandOpt,100,3,-8.0,100.0,0.0,100.0,100.0
olympiadbench,OlympiadBench,RandOpt,100,3,-7.949999999999999,100.0,0.0,100.0,100.0
olympiadbench,OlympiadBench,RandOpt,100,3,-7.9,100.0,0.0,100.0,100.0
olympiadbench,OlympiadBench,RandOpt,100,3,-7.85,100.0,0.0,100.0,100.0
olympiadbench,OlympiadBench,RandOpt,100,3,-7.8,100.0,0.0,100.0,100.0
olympiadbench,OlympiadBench,RandOpt,100,3,-7.75,100.0,0.0,100.0,100.0
olympiadbench,OlympiadBench,RandOpt,100,3,-7.699999999999999,100.0,0.0,100.0,100.0
olympiadbench,OlympiadBench,RandOpt,100,3,-7.65,100.0,0.0,100.0,100.0
olympiadbench,OlympiadBench,RandOpt,100,3,-7.6,100.0,0.0,100.0,100.0
olympiadbench,OlympiadBench,RandOpt,100,3,-7.55,100.0,0.0,100.0,100.0
olympiadbench,OlympiadBench,RandOpt,100,3,-7.5,100.0,0.0,100.0,100.0
olympiadbench,OlympiadBench,RandOpt,100,3,-7.449999999999999,100.0,0.0,100.0,100.0
olympiadbench,OlympiadBench,RandOpt,100,3,-7.4,100.0,0.0,100.0,100.0
olympiadbench,OlympiadBench,RandOpt,100,3,-7.35,100.0,0.0,100.0,100.0
olympiadbench,OlympiadBench,RandOpt,100,3,-7.3,100.0,0.0,100.0,100.0
olympiadbench,OlympiadBench,RandOpt,100,3,-7.25,100.0,0.0,100.0,100.0
olympiadbench,OlympiadBench,RandOpt,100,3,-7.199999999999999,100.0,0.0,100.0,100.0
olympiadbench,OlympiadBench,RandOpt,100,3,-7.15,100.0,0.0,100.0,100.0
olympiadbench,OlympiadBench,RandOpt,100,3,-7.1,100.0,0.0,100.0,100.0
olympiadbench,OlympiadBench,RandOpt,100,3,-7.05,100.0,0.0,100.0,100.0
olympiadbench,OlympiadBench,RandOpt,100,3,-7.0,100.0,0.0,100.0,100.0
olympiadbench,OlympiadBench,RandOpt,100,3,-6.949999999999999,99.66666666666667,0.5773502691896257,99.0,100.0
olympiadbench,OlympiadBench,RandOpt,100,3,-6.9,99.66666666666667,0.5773502691896257,99.0,100.0
olympiadbench,OlympiadBench,RandOpt,100,3,-6.85,99.66666666666667,0.5773502691896257,99.0,100.0
olympiadbench,OlympiadBench,RandOpt,100,3,-6.8,99.66666666666667,0.5773502691896257,99.0,100.0
olympiadbench,OlympiadBench,RandOpt,100,3,-6.75,99.66666666666667,0.5773502691896257,99.0,100.0
olympiadbench,OlympiadBench,RandOpt,100,3,-6.699999999999999,99.66666666666667,0.5773502691896257,99.0,100.0
olympiadbench,OlympiadBench,RandOpt,100,3,-6.65,99.66666666666667,0.5773502691896257,99.0,100.0
olympiadbench,OlympiadBench,RandOpt,100,3,-6.6,99.66666666666667,0.5773502691896257,99.0,100.0
olympiadbench,OlympiadBench,RandOpt,100,3,-6.55,99.66666666666667,0.5773502691896257,99.0,100.0
olympiadbench,OlympiadBench,RandOpt,100,3,-6.5,99.66666666666667,0.5773502691896257,99.0,100.0
olympiadbench,OlympiadBench,RandOpt,100,3,-6.449999999999999,99.33333333333333,1.1547005383792517,98.0,100.0
olympiadbench,OlympiadBench,RandOpt,100,3,-6.4,99.33333333333333,1.1547005383792517,98.0,100.0
olympiadbench,OlympiadBench,RandOpt,100,3,-6.35,99.33333333333333,1.1547005383792517,98.0,100.0
olympiadbench,OlympiadBench,RandOpt,100,3,-6.3,99.33333333333333,1.1547005383792517,98.0,100.0
olympiadbench,OlympiadBench,RandOpt,100,3,-6.25,99.33333333333333,1.1547005383792517,98.0,100.0
olympiadbench,OlympiadBench,RandOpt,100,3,-6.199999999999999,99.33333333333333,1.1547005383792517,98.0,100.0
olympiadbench,OlympiadBench,RandOpt,100,3,-6.15,99.33333333333333,1.1547005383792517,98.0,100.0
olympiadbench,OlympiadBench,RandOpt,100,3,-6.1,99.33333333333333,1.1547005383792517,98.0,100.0
olympiadbench,OlympiadBench,RandOpt,100,3,-6.05,99.33333333333333,1.1547005383792517,98.0,100.0
olympiadbench,OlympiadBench,RandOpt,100,3,-6.0,99.33333333333333,1.1547005383792517,98.0,100.0
olympiadbench,OlympiadBench,RandOpt,100,3,-5.95,98.66666666666667,1.5275252316519468,97.0,100.0
olympiadbench,OlympiadBench,RandOpt,100,3,-5.8999999999999995,98.66666666666667,1.5275252316519468,97.0,100.0
olympiadbench,OlympiadBench,RandOpt,100,3,-5.85,98.66666666666667,1.5275252316519468,97.0,100.0
olympiadbench,OlympiadBench,RandOpt,100,3,-5.8,98.66666666666667,1.5275252316519468,97.0,100.0
olympiadbench,OlympiadBench,RandOpt,100,3,-5.75,98.66666666666667,1.5275252316519468,97.0,100.0
olympiadbench,OlympiadBench,RandOpt,100,3,-5.7,98.66666666666667,1.5275252316519468,97.0,100.0
olympiadbench,OlympiadBench,RandOpt,100,3,-5.6499999999999995,98.66666666666667,1.5275252316519468,97.0,100.0
olympiadbench,OlympiadBench,RandOpt,100,3,-5.6,98.66666666666667,1.5275252316519468,97.0,100.0
olympiadbench,OlympiadBench,RandOpt,100,3,-5.55,98.66666666666667,1.5275252316519468,97.0,100.0
olympiadbench,OlympiadBench,RandOpt,100,3,-5.5,98.66666666666667,1.5275252316519468,97.0,100.0
olympiadbench,OlympiadBench,RandOpt,100,3,-5.45,97.0,3.0,94.0,100.0
olympiadbench,OlympiadBench,RandOpt,100,3,-5.3999999999999995,97.0,3.0,94.0,100.0
olympiadbench,OlympiadBench,RandOpt,100,3,-5.35,97.0,3.0,94.0,100.0
olympiadbench,OlympiadBench,RandOpt,100,3,-5.3,97.0,3.0,94.0,100.0
olympiadbench,OlympiadBench,RandOpt,100,3,-5.25,97.0,3.0,94.0,100.0
olympiadbench,OlympiadBench,RandOpt,100,3,-5.199999999999999,97.0,3.0,94.0,100.0
olympiadbench,OlympiadBench,RandOpt,100,3,-5.1499999999999995,97.0,3.0,94.0,100.0
olympiadbench,OlympiadBench,RandOpt,100,3,-5.1,97.0,3.0,94.0,100.0
olympiadbench,OlympiadBench,RandOpt,100,3,-5.05,97.0,3.0,94.0,100.0
olympiadbench,OlympiadBench,RandOpt,100,3,-5.0,97.0,3.0,94.0,100.0
olympiadbench,OlympiadBench,RandOpt,100,3,-4.949999999999999,95.33333333333333,2.3094010767585034,94.0,98.0
olympiadbench,OlympiadBench,RandOpt,100,3,-4.8999999999999995,95.33333333333333,2.3094010767585034,94.0,98.0
olympiadbench,OlympiadBench,RandOpt,100,3,-4.85,95.33333333333333,2.3094010767585034,94.0,98.0
olympiadbench,OlympiadBench,RandOpt,100,3,-4.8,95.33333333333333,2.3094010767585034,94.0,98.0
olympiadbench,OlympiadBench,RandOpt,100,3,-4.75,95.33333333333333,2.3094010767585034,94.0,98.0
olympiadbench,OlympiadBench,RandOpt,100,3,-4.699999999999999,95.33333333333333,2.3094010767585034,94.0,98.0
olympiadbench,OlympiadBench,RandOpt,100,3,-4.6499999999999995,95.33333333333333,2.3094010767585034,94.0,98.0
olympiadbench,OlympiadBench,RandOpt,100,3,-4.6,95.33333333333333,2.3094010767585034,94.0,98.0
olympiadbench,OlympiadBench,RandOpt,100,3,-4.55,95.33333333333333,2.3094010767585034,94.0,98.0
olympiadbench,OlympiadBench,RandOpt,100,3,-4.5,95.33333333333333,2.3094010767585034,94.0,98.0
olympiadbench,OlympiadBench,RandOpt,100,3,-4.449999999999999,91.0,1.0,90.0,92.0
olympiadbench,OlympiadBench,RandOpt,100,3,-4.3999999999999995,91.0,1.0,90.0,92.0
olympiadbench,OlympiadBench,RandOpt,100,3,-4.35,91.0,1.0,90.0,92.0
olympiadbench,OlympiadBench,RandOpt,100,3,-4.3,91.0,1.0,90.0,92.0
olympiadbench,OlympiadBench,RandOpt,100,3,-4.25,91.0,1.0,90.0,92.0
olympiadbench,OlympiadBench,RandOpt,100,3,-4.199999999999999,91.0,1.0,90.0,92.0
olympiadbench,OlympiadBench,RandOpt,100,3,-4.1499999999999995,91.0,1.0,90.0,92.0
olympiadbench,OlympiadBench,RandOpt,100,3,-4.1,91.0,1.0,90.0,92.0
olympiadbench,OlympiadBench,RandOpt,100,3,-4.05,91.0,1.0,90.0,92.0
olympiadbench,OlympiadBench,RandOpt,100,3,-4.0,91.0,1.0,90.0,92.0
olympiadbench,OlympiadBench,RandOpt,100,3,-3.9499999999999993,87.66666666666667,1.5275252316519468,86.0,89.0
olympiadbench,OlympiadBench,RandOpt,100,3,-3.8999999999999995,87.66666666666667,1.5275252316519468,86.0,89.0
olympiadbench,OlympiadBench,RandOpt,100,3,-3.8499999999999996,87.66666666666667,1.5275252316519468,86.0,89.0
olympiadbench,OlympiadBench,RandOpt,100,3,-3.8,87.66666666666667,1.5275252316519468,86.0,89.0
olympiadbench,OlympiadBench,RandOpt,100,3,-3.75,87.66666666666667,1.5275252316519468,86.0,89.0
olympiadbench,OlympiadBench,RandOpt,100,3,-3.6999999999999993,87.66666666666667,1.5275252316519468,86.0,89.0
olympiadbench,OlympiadBench,RandOpt,100,3,-3.6499999999999995,87.66666666666667,1.5275252316519468,86.0,89.0
olympiadbench,OlympiadBench,RandOpt,100,3,-3.5999999999999996,87.66666666666667,1.5275252316519468,86.0,89.0
olympiadbench,OlympiadBench,RandOpt,100,3,-3.55,87.66666666666667,1.5275252316519468,86.0,89.0
olympiadbench,OlympiadBench,RandOpt,100,3,-3.5,82.0,3.605551275463989,78.0,85.0
olympiadbench,OlympiadBench,RandOpt,100,3,-3.4499999999999993,82.0,3.605551275463989,78.0,85.0
olympiadbench,OlympiadBench,RandOpt,100,3,-3.3999999999999995,82.0,3.605551275463989,78.0,85.0
olympiadbench,OlympiadBench,RandOpt,100,3,-3.3499999999999996,82.0,3.605551275463989,78.0,85.0
olympiadbench,OlympiadBench,RandOpt,100,3,-3.3,82.0,3.605551275463989,78.0,85.0
olympiadbench,OlympiadBench,RandOpt,100,3,-3.25,82.0,3.605551275463989,78.0,85.0
olympiadbench,OlympiadBench,RandOpt,100,3,-3.1999999999999993,82.0,3.605551275463989,78.0,85.0
olympiadbench,OlympiadBench,RandOpt,100,3,-3.1499999999999995,82.0,3.605551275463989,78.0,85.0
olympiadbench,OlympiadBench,RandOpt,100,3,-3.0999999999999996,82.0,3.605551275463989,78.0,85.0
olympiadbench,OlympiadBench,RandOpt,100,3,-3.05,82.0,3.605551275463989,78.0,85.0
olympiadbench,OlympiadBench,RandOpt,100,3,-3.0,82.0,3.605551275463989,78.0,85.0
olympiadbench,OlympiadBench,RandOpt,100,3,-2.9499999999999993,73.66666666666667,1.1547005383792517,73.0,75.0
olympiadbench,OlympiadBench,RandOpt,100,3,-2.8999999999999995,73.66666666666667,1.1547005383792517,73.0,75.0
olympiadbench,OlympiadBench,RandOpt,100,3,-2.8499999999999996,73.66666666666667,1.1547005383792517,73.0,75.0
olympiadbench,OlympiadBench,RandOpt,100,3,-2.8,73.66666666666667,1.1547005383792517,73.0,75.0
olympiadbench,OlympiadBench,RandOpt,100,3,-2.75,73.66666666666667,1.1547005383792517,73.0,75.0
olympiadbench,OlympiadBench,RandOpt,100,3,-2.6999999999999993,73.66666666666667,1.1547005383792517,73.0,75.0
olympiadbench,OlympiadBench,RandOpt,100,3,-2.6499999999999995,73.66666666666667,1.1547005383792517,73.0,75.0
olympiadbench,OlympiadBench,RandOpt,100,3,-2.5999999999999996,73.66666666666667,1.1547005383792517,73.0,75.0
olympiadbench,OlympiadBench,RandOpt,100,3,-2.55,73.66666666666667,1.1547005383792517,73.0,75.0
olympiadbench,OlympiadBench,RandOpt,100,3,-2.5,73.66666666666667,1.1547005383792517,73.0,75.0
olympiadbench,OlympiadBench,RandOpt,100,3,-2.4499999999999993,62.666666666666664,3.5118845842842465,59.0,66.0
olympiadbench,OlympiadBench,RandOpt,100,3,-2.3999999999999995,62.666666666666664,3.5118845842842465,59.0,66.0
olympiadbench,OlympiadBench,RandOpt,100,3,-2.3499999999999996,62.666666666666664,3.5118845842842465,59.0,66.0
olympiadbench,OlympiadBench,RandOpt,100,3,-2.3,62.666666666666664,3.5118845842842465,59.0,66.0
olympiadbench,OlympiadBench,RandOpt,100,3,-2.25,62.666666666666664,3.5118845842842465,59.0,66.0
olympiadbench,OlympiadBench,RandOpt,100,3,-2.1999999999999993,62.666666666666664,3.5118845842842465,59.0,66.0
olympiadbench,OlympiadBench,RandOpt,100,3,-2.1499999999999995,62.666666666666664,3.5118845842842465,59.0,66.0
olympiadbench,OlympiadBench,RandOpt,100,3,-2.0999999999999996,62.666666666666664,3.5118845842842465,59.0,66.0
olympiadbench,OlympiadBench,RandOpt,100,3,-2.05,62.666666666666664,3.5118845842842465,59.0,66.0
olympiadbench,OlympiadBench,RandOpt,100,3,-2.0,62.666666666666664,3.5118845842842465,59.0,66.0
olympiadbench,OlympiadBench,RandOpt,100,3,-1.9499999999999993,50.0,5.567764362830026,45.0,56.00000000000001
olympiadbench,OlympiadBench,RandOpt,100,3,-1.9000000000000004,50.0,5.567764362830026,45.0,56.00000000000001
olympiadbench,OlympiadBench,RandOpt,100,3,-1.8499999999999996,50.0,5.567764362830026,45.0,56.00000000000001
olympiadbench,OlympiadBench,RandOpt,100,3,-1.799999999999999,50.0,5.567764362830026,45.0,56.00000000000001
olympiadbench,OlympiadBench,RandOpt,100,3,-1.75,50.0,5.567764362830026,45.0,56.00000000000001
olympiadbench,OlympiadBench,RandOpt,100,3,-1.6999999999999993,50.0,5.567764362830026,45.0,56.00000000000001
olympiadbench,OlympiadBench,RandOpt,100,3,-1.6500000000000004,50.0,5.567764362830026,45.0,56.00000000000001
olympiadbench,OlympiadBench,RandOpt,100,3,-1.5999999999999996,50.0,5.567764362830026,45.0,56.00000000000001
olympiadbench,OlympiadBench,RandOpt,100,3,-1.549999999999999,50.0,5.567764362830026,45.0,56.00000000000001
olympiadbench,OlympiadBench,RandOpt,100,3,-1.5,50.0,5.567764362830026,45.0,56.00000000000001
olympiadbench,OlympiadBench,RandOpt,100,3,-1.4499999999999993,39.333333333333336,5.131601439446884,35.0,45.0
olympiadbench,OlympiadBench,RandOpt,100,3,-1.4000000000000004,39.333333333333336,5.131601439446884,35.0,45.0
olympiadbench,OlympiadBench,RandOpt,100,3,-1.3499999999999996,39.333333333333336,5.131601439446884,35.0,45.0
olympiadbench,OlympiadBench,RandOpt,100,3,-1.299999999999999,39.333333333333336,5.131601439446884,35.0,45.0
olympiadbench,OlympiadBench,RandOpt,100,3,-1.25,39.333333333333336,5.131601439446884,35.0,45.0
olympiadbench,OlympiadBench,RandOpt,100,3,-1.1999999999999993,39.333333333333336,5.131601439446884,35.0,45.0
olympiadbench,OlympiadBench,RandOpt,100,3,-1.1500000000000004,39.333333333333336,5.131601439446884,35.0,45.0
olympiadbench,OlympiadBench,RandOpt,100,3,-1.0999999999999996,39.333333333333336,5.131601439446884,35.0,45.0
olympiadbench,OlympiadBench,RandOpt,100,3,-1.049999999999999,39.333333333333336,5.131601439446884,35.0,45.0
olympiadbench,OlympiadBench,RandOpt,100,3,-1.0,39.333333333333336,5.131601439446884,35.0,45.0
olympiadbench,OlympiadBench,RandOpt,100,3,-0.9499999999999993,29.333333333333332,5.8594652770823155,25.0,36.0
olympiadbench,OlympiadBench,RandOpt,100,3,-0.9000000000000004,29.333333333333332,5.8594652770823155,25.0,36.0
olympiadbench,OlympiadBench,RandOpt,100,3,-0.8499999999999996,29.333333333333332,5.8594652770823155,25.0,36.0
olympiadbench,OlympiadBench,RandOpt,100,3,-0.7999999999999989,29.333333333333332,5.8594652770823155,25.0,36.0
olympiadbench,OlympiadBench,RandOpt,100,3,-0.75,29.333333333333332,5.8594652770823155,25.0,36.0
olympiadbench,OlympiadBench,RandOpt,100,3,-0.6999999999999993,29.333333333333332,5.8594652770823155,25.0,36.0
olympiadbench,OlympiadBench,RandOpt,100,3,-0.6500000000000004,29.333333333333332,5.8594652770823155,25.0,36.0
olympiadbench,OlympiadBench,RandOpt,100,3,-0.5999999999999996,29.333333333333332,5.8594652770823155,25.0,36.0
olympiadbench,OlympiadBench,RandOpt,100,3,-0.5499999999999989,29.333333333333332,5.8594652770823155,25.0,36.0
olympiadbench,OlympiadBench,RandOpt,100,3,-0.5,19.0,2.0,17.0,21.0
olympiadbench,OlympiadBench,RandOpt,100,3,-0.4499999999999993,19.0,2.0,17.0,21.0
olympiadbench,OlympiadBench,RandOpt,100,3,-0.3999999999999986,19.0,2.0,17.0,21.0
olympiadbench,OlympiadBench,RandOpt,100,3,-0.34999999999999964,19.0,2.0,17.0,21.0
olympiadbench,OlympiadBench,RandOpt,100,3,-0.29999999999999893,19.0,2.0,17.0,21.0
olympiadbench,OlympiadBench,RandOpt,100,3,-0.25,19.0,2.0,17.0,21.0
olympiadbench,OlympiadBench,RandOpt,100,3,-0.1999999999999993,19.0,2.0,17.0,21.0
olympiadbench,OlympiadBench,RandOpt,100,3,-0.14999999999999858,19.0,2.0,17.0,21.0
olympiadbench,OlympiadBench,RandOpt,100,3,-0.09999999999999964,19.0,2.0,17.0,21.0
olympiadbench,OlympiadBench,RandOpt,100,3,-0.049999999999998934,19.0,2.0,17.0,21.0
olympiadbench,OlympiadBench,RandOpt,100,3,0.0,19.0,2.0,17.0,21.0
olympiadbench,OlympiadBench,RandOpt,100,3,0.05000000000000071,12.0,1.0,11.0,13.0
olympiadbench,OlympiadBench,RandOpt,100,3,0.10000000000000142,12.0,1.0,11.0,13.0
olympiadbench,OlympiadBench,RandOpt,100,3,0.15000000000000036,12.0,1.0,11.0,13.0
olympiadbench,OlympiadBench,RandOpt,100,3,0.20000000000000107,12.0,1.0,11.0,13.0
olympiadbench,OlympiadBench,RandOpt,100,3,0.25,12.0,1.0,11.0,13.0
olympiadbench,OlympiadBench,RandOpt,100,3,0.3000000000000007,12.0,1.0,11.0,13.0
olympiadbench,OlympiadBench,RandOpt,100,3,0.3500000000000014,12.0,1.0,11.0,13.0
olympiadbench,OlympiadBench,RandOpt,100,3,0.40000000000000036,12.0,1.0,11.0,13.0
olympiadbench,OlympiadBench,RandOpt,100,3,0.45000000000000107,12.0,1.0,11.0,13.0
olympiadbench,OlympiadBench,RandOpt,100,3,0.5,12.0,1.0,11.0,13.0
olympiadbench,OlympiadBench,RandOpt,100,3,0.5500000000000007,7.666666666666667,0.5773502691896252,7.000000000000001,8.0
olympiadbench,OlympiadBench,RandOpt,100,3,0.6000000000000014,7.666666666666667,0.5773502691896252,7.000000000000001,8.0
olympiadbench,OlympiadBench,RandOpt,100,3,0.6500000000000004,7.666666666666667,0.5773502691896252,7.000000000000001,8.0
olympiadbench,OlympiadBench,RandOpt,100,3,0.7000000000000011,7.666666666666667,0.5773502691896252,7.000000000000001,8.0
olympiadbench,OlympiadBench,RandOpt,100,3,0.75,7.666666666666667,0.5773502691896252,7.000000000000001,8.0
olympiadbench,OlympiadBench,RandOpt,100,3,0.8000000000000007,7.666666666666667,0.5773502691896252,7.000000000000001,8.0
olympiadbench,OlympiadBench,RandOpt,100,3,0.8500000000000014,7.666666666666667,0.5773502691896252,7.000000000000001,8.0
olympiadbench,OlympiadBench,RandOpt,100,3,0.9000000000000004,7.666666666666667,0.5773502691896252,7.000000000000001,8.0
olympiadbench,OlympiadBench,RandOpt,100,3,0.9500000000000011,7.666666666666667,0.5773502691896252,7.000000000000001,8.0
olympiadbench,OlympiadBench,RandOpt,100,3,1.0,7.666666666666667,0.5773502691896252,7.000000000000001,8.0
olympiadbench,OlympiadBench,RandOpt,100,3,1.0500000000000007,5.333333333333333,0.5773502691896258,5.0,6.0
olympiadbench,OlympiadBench,RandOpt,100,3,1.1000000000000014,5.333333333333333,0.5773502691896258,5.0,6.0
olympiadbench,OlympiadBench,RandOpt,100,3,1.1500000000000004,5.333333333333333,0.5773502691896258,5.0,6.0
olympiadbench,OlympiadBench,RandOpt,100,3,1.200000000000001,5.333333333333333,0.5773502691896258,5.0,6.0
olympiadbench,OlympiadBench,RandOpt,100,3,1.25,5.333333333333333,0.5773502691896258,5.0,6.0
olympiadbench,OlympiadBench,RandOpt,100,3,1.3000000000000007,5.333333333333333,0.5773502691896258,5.0,6.0
olympiadbench,OlympiadBench,RandOpt,100,3,1.3500000000000014,5.333333333333333,0.5773502691896258,5.0,6.0
olympiadbench,OlympiadBench,RandOpt,100,3,1.4000000000000004,5.333333333333333,0.5773502691896258,5.0,6.0
olympiadbench,OlympiadBench,RandOpt,100,3,1.450000000000001,5.333333333333333,0.5773502691896258,5.0,6.0
olympiadbench,OlympiadBench,RandOpt,100,3,1.5,5.333333333333333,0.5773502691896258,5.0,6.0
olympiadbench,OlympiadBench,RandOpt,100,3,1.5500000000000007,3.6666666666666665,1.5275252316519468,2.0,5.0
olympiadbench,OlympiadBench,RandOpt,100,3,1.6000000000000014,3.6666666666666665,1.5275252316519468,2.0,5.0
olympiadbench,OlympiadBench,RandOpt,100,3,1.6500000000000004,3.6666666666666665,1.5275252316519468,2.0,5.0
olympiadbench,OlympiadBench,RandOpt,100,3,1.700000000000001,3.6666666666666665,1.5275252316519468,2.0,5.0
olympiadbench,OlympiadBench,RandOpt,100,3,1.75,3.6666666666666665,1.5275252316519468,2.0,5.0
olympiadbench,OlympiadBench,RandOpt,100,3,1.8000000000000007,3.6666666666666665,1.5275252316519468,2.0,5.0
olympiadbench,OlympiadBench,RandOpt,100,3,1.8500000000000014,3.6666666666666665,1.5275252316519468,2.0,5.0
olympiadbench,OlympiadBench,RandOpt,100,3,1.9000000000000004,3.6666666666666665,1.5275252316519468,2.0,5.0
olympiadbench,OlympiadBench,RandOpt,100,3,1.950000000000001,3.6666666666666665,1.5275252316519468,2.0,5.0
olympiadbench,OlympiadBench,RandOpt,100,3,2.0,3.6666666666666665,1.5275252316519468,2.0,5.0
olympiadbench,OlympiadBench,RandOpt,100,3,2.0500000000000007,0.6666666666666666,0.5773502691896258,0.0,1.0
olympiadbench,OlympiadBench,RandOpt,100,3,2.1000000000000014,0.6666666666666666,0.5773502691896258,0.0,1.0
olympiadbench,OlympiadBench,RandOpt,100,3,2.1500000000000004,0.6666666666666666,0.5773502691896258,0.0,1.0
olympiadbench,OlympiadBench,RandOpt,100,3,2.200000000000001,0.6666666666666666,0.5773502691896258,0.0,1.0
olympiadbench,OlympiadBench,RandOpt,100,3,2.25,0.6666666666666666,0.5773502691896258,0.0,1.0
olympiadbench,OlympiadBench,RandOpt,100,3,2.3000000000000007,0.6666666666666666,0.5773502691896258,0.0,1.0
olympiadbench,OlympiadBench,RandOpt,100,3,2.3500000000000014,0.6666666666666666,0.5773502691896258,0.0,1.0
olympiadbench,OlympiadBench,RandOpt,100,3,2.4000000000000004,0.6666666666666666,0.5773502691896258,0.0,1.0
olympiadbench,OlympiadBench,RandOpt,100,3,2.450000000000001,0.6666666666666666,0.5773502691896258,0.0,1.0
olympiadbench,OlympiadBench,RandOpt,100,3,2.5,0.3333333333333333,0.5773502691896258,0.0,1.0
olympiadbench,OlympiadBench,RandOpt,100,3,2.5500000000000007,0.3333333333333333,0.5773502691896258,0.0,1.0
olympiadbench,OlympiadBench,RandOpt,100,3,2.6000000000000014,0.3333333333333333,0.5773502691896258,0.0,1.0
olympiadbench,OlympiadBench,RandOpt,100,3,2.6500000000000004,0.3333333333333333,0.5773502691896258,0.0,1.0
olympiadbench,OlympiadBench,RandOpt,100,3,2.700000000000001,0.3333333333333333,0.5773502691896258,0.0,1.0
olympiadbench,OlympiadBench,RandOpt,100,3,2.75,0.3333333333333333,0.5773502691896258,0.0,1.0
olympiadbench,OlympiadBench,RandOpt,100,3,2.8000000000000007,0.3333333333333333,0.5773502691896258,0.0,1.0
olympiadbench,OlympiadBench,RandOpt,100,3,2.8500000000000014,0.3333333333333333,0.5773502691896258,0.0,1.0
olympiadbench,OlympiadBench,RandOpt,100,3,2.9000000000000004,0.3333333333333333,0.5773502691896258,0.0,1.0
olympiadbench,OlympiadBench,RandOpt,100,3,2.950000000000001,0.3333333333333333,0.5773502691896258,0.0,1.0
olympiadbench,OlympiadBench,RandOpt,100,3,3.0,0.3333333333333333,0.5773502691896258,0.0,1.0
olympiadbench,OlympiadBench,RandOpt,100,3,3.0500000000000007,0.3333333333333333,0.5773502691896258,0.0,1.0
olympiadbench,OlympiadBench,RandOpt,100,3,3.1000000000000014,0.3333333333333333,0.5773502691896258,0.0,1.0
olympiadbench,OlympiadBench,RandOpt,100,3,3.1500000000000004,0.3333333333333333,0.5773502691896258,0.0,1.0
olympiadbench,OlympiadBench,RandOpt,100,3,3.200000000000001,0.3333333333333333,0.5773502691896258,0.0,1.0
olympiadbench,OlympiadBench,RandOpt,100,3,3.25,0.3333333333333333,0.5773502691896258,0.0,1.0
olympiadbench,OlympiadBench,RandOpt,100,3,3.3000000000000007,0.3333333333333333,0.5773502691896258,0.0,1.0
olympiadbench,OlympiadBench,RandOpt,100,3,3.3500000000000014,0.3333333333333333,0.5773502691896258,0.0,1.0
olympiadbench,OlympiadBench,RandOpt,100,3,3.4000000000000004,0.3333333333333333,0.5773502691896258,0.0,1.0
olympiadbench,OlympiadBench,RandOpt,100,3,3.450000000000001,0.3333333333333333,0.5773502691896258,0.0,1.0
olympiadbench,OlympiadBench,RandOpt,100,3,3.5,0.3333333333333333,0.5773502691896258,0.0,1.0
olympiadbench,OlympiadBench,RandOpt,100,3,3.5500000000000007,0.0,0.0,0.0,0.0
olympiadbench,OlympiadBench,RandOpt,100,3,3.6000000000000014,0.0,0.0,0.0,0.0
olympiadbench,OlympiadBench,RandOpt,100,3,3.6500000000000004,0.0,0.0,0.0,0.0
olympiadbench,OlympiadBench,RandOpt,100,3,3.700000000000001,0.0,0.0,0.0,0.0
olympiadbench,OlympiadBench,RandOpt,100,3,3.75,0.0,0.0,0.0,0.0
olympiadbench,OlympiadBench,RandOpt,100,3,3.8000000000000007,0.0,0.0,0.0,0.0
olympiadbench,OlympiadBench,RandOpt,100,3,3.8500000000000014,0.0,0.0,0.0,0.0
olympiadbench,OlympiadBench,RandOpt,100,3,3.9000000000000004,0.0,0.0,0.0,0.0
olympiadbench,OlympiadBench,RandOpt,100,3,3.950000000000001,0.0,0.0,0.0,0.0
olympiadbench,OlympiadBench,RandOpt,100,3,4.0,0.0,0.0,0.0,0.0
olympiadbench,OlympiadBench,RandOpt,100,3,4.050000000000001,0.0,0.0,0.0,0.0
olympiadbench,OlympiadBench,RandOpt,100,3,4.100000000000001,0.0,0.0,0.0,0.0
olympiadbench,OlympiadBench,RandOpt,100,3,4.15,0.0,0.0,0.0,0.0
olympiadbench,OlympiadBench,RandOpt,100,3,4.200000000000001,0.0,0.0,0.0,0.0
olympiadbench,OlympiadBench,RandOpt,100,3,4.25,0.0,0.0,0.0,0.0
olympiadbench,OlympiadBench,RandOpt,100,3,4.300000000000001,0.0,0.0,0.0,0.0
olympiadbench,OlympiadBench,RandOpt,100,3,4.350000000000001,0.0,0.0,0.0,0.0
olympiadbench,OlympiadBench,RandOpt,100,3,4.4,0.0,0.0,0.0,0.0
olympiadbench,OlympiadBench,RandOpt,100,3,4.450000000000001,0.0,0.0,0.0,0.0
olympiadbench,OlympiadBench,RandOpt,100,3,4.5,0.0,0.0,0.0,0.0
olympiadbench,OlympiadBench,RandOpt,100,3,4.550000000000001,0.0,0.0,0.0,0.0
olympiadbench,OlympiadBench,RandOpt,100,3,4.600000000000001,0.0,0.0,0.0,0.0
olympiadbench,OlympiadBench,RandOpt,100,3,4.65,0.0,0.0,0.0,0.0
olympiadbench,OlympiadBench,RandOpt,100,3,4.700000000000001,0.0,0.0,0.0,0.0
olympiadbench,OlympiadBench,RandOpt,100,3,4.75,0.0,0.0,0.0,0.0
olympiadbench,OlympiadBench,RandOpt,100,3,4.800000000000001,0.0,0.0,0.0,0.0
olympiadbench,OlympiadBench,RandOpt,100,3,4.850000000000001,0.0,0.0,0.0,0.0
olympiadbench,OlympiadBench,RandOpt,100,3,4.9,0.0,0.0,0.0,0.0
olympiadbench,OlympiadBench,RandOpt,100,3,4.950000000000001,0.0,0.0,0.0,0.0
olympiadbench,OlympiadBench,RandOpt,100,3,5.0,0.0,0.0,0.0,0.0
olympiadbench,OlympiadBench,Modular Norm RandOpt,100,3,-10.0,100.0,0.0,100.0,100.0
olympiadbench,OlympiadBench,Modular Norm RandOpt,100,3,-9.95,100.0,0.0,100.0,100.0
olympiadbench,OlympiadBench,Modular Norm RandOpt,100,3,-9.9,100.0,0.0,100.0,100.0
olympiadbench,OlympiadBench,Modular Norm RandOpt,100,3,-9.85,100.0,0.0,100.0,100.0
olympiadbench,OlympiadBench,Modular Norm RandOpt,100,3,-9.8,100.0,0.0,100.0,100.0
olympiadbench,OlympiadBench,Modular Norm RandOpt,100,3,-9.75,100.0,0.0,100.0,100.0
olympiadbench,OlympiadBench,Modular Norm RandOpt,100,3,-9.7,100.0,0.0,100.0,100.0
olympiadbench,OlympiadBench,Modular Norm RandOpt,100,3,-9.65,100.0,0.0,100.0,100.0
olympiadbench,OlympiadBench,Modular Norm RandOpt,100,3,-9.6,100.0,0.0,100.0,100.0
olympiadbench,OlympiadBench,Modular Norm RandOpt,100,3,-9.55,100.0,0.0,100.0,100.0
olympiadbench,OlympiadBench,Modular Norm RandOpt,100,3,-9.5,100.0,0.0,100.0,100.0
olympiadbench,OlympiadBench,Modular Norm RandOpt,100,3,-9.45,100.0,0.0,100.0,100.0
olympiadbench,OlympiadBench,Modular Norm RandOpt,100,3,-9.4,100.0,0.0,100.0,100.0
olympiadbench,OlympiadBench,Modular Norm RandOpt,100,3,-9.35,100.0,0.0,100.0,100.0
olympiadbench,OlympiadBench,Modular Norm RandOpt,100,3,-9.3,100.0,0.0,100.0,100.0
olympiadbench,OlympiadBench,Modular Norm RandOpt,100,3,-9.25,100.0,0.0,100.0,100.0
olympiadbench,OlympiadBench,Modular Norm RandOpt,100,3,-9.2,100.0,0.0,100.0,100.0
olympiadbench,OlympiadBench,Modular Norm RandOpt,100,3,-9.15,100.0,0.0,100.0,100.0
olympiadbench,OlympiadBench,Modular Norm RandOpt,100,3,-9.1,100.0,0.0,100.0,100.0
olympiadbench,OlympiadBench,Modular Norm RandOpt,100,3,-9.05,100.0,0.0,100.0,100.0
olympiadbench,OlympiadBench,Modular Norm RandOpt,100,3,-9.0,100.0,0.0,100.0,100.0
olympiadbench,OlympiadBench,Modular Norm RandOpt,100,3,-8.95,100.0,0.0,100.0,100.0
olympiadbench,OlympiadBench,Modular Norm RandOpt,100,3,-8.9,100.0,0.0,100.0,100.0
olympiadbench,OlympiadBench,Modular Norm RandOpt,100,3,-8.85,100.0,0.0,100.0,100.0
olympiadbench,OlympiadBench,Modular Norm RandOpt,100,3,-8.8,100.0,0.0,100.0,100.0
olympiadbench,OlympiadBench,Modular Norm RandOpt,100,3,-8.75,100.0,0.0,100.0,100.0
olympiadbench,OlympiadBench,Modular Norm RandOpt,100,3,-8.7,100.0,0.0,100.0,100.0
olympiadbench,OlympiadBench,Modular Norm RandOpt,100,3,-8.65,100.0,0.0,100.0,100.0
olympiadbench,OlympiadBench,Modular Norm RandOpt,100,3,-8.6,100.0,0.0,100.0,100.0
olympiadbench,OlympiadBench,Modular Norm RandOpt,100,3,-8.55,100.0,0.0,100.0,100.0
olympiadbench,OlympiadBench,Modular Norm RandOpt,100,3,-8.5,100.0,0.0,100.0,100.0
olympiadbench,OlympiadBench,Modular Norm RandOpt,100,3,-8.45,100.0,0.0,100.0,100.0
olympiadbench,OlympiadBench,Modular Norm RandOpt,100,3,-8.4,100.0,0.0,100.0,100.0
olympiadbench,OlympiadBench,Modular Norm RandOpt,100,3,-8.35,100.0,0.0,100.0,100.0
olympiadbench,OlympiadBench,Modular Norm RandOpt,100,3,-8.3,100.0,0.0,100.0,100.0
olympiadbench,OlympiadBench,Modular Norm RandOpt,100,3,-8.25,100.0,0.0,100.0,100.0
olympiadbench,OlympiadBench,Modular Norm RandOpt,100,3,-8.2,100.0,0.0,100.0,100.0
olympiadbench,OlympiadBench,Modular Norm RandOpt,100,3,-8.15,100.0,0.0,100.0,100.0
olympiadbench,OlympiadBench,Modular Norm RandOpt,100,3,-8.1,100.0,0.0,100.0,100.0
olympiadbench,OlympiadBench,Modular Norm RandOpt,100,3,-8.05,100.0,0.0,100.0,100.0
olympiadbench,OlympiadBench,Modular Norm RandOpt,100,3,-8.0,100.0,0.0,100.0,100.0
olympiadbench,OlympiadBench,Modular Norm RandOpt,100,3,-7.949999999999999,100.0,0.0,100.0,100.0
olympiadbench,OlympiadBench,Modular Norm RandOpt,100,3,-7.9,100.0,0.0,100.0,100.0
olympiadbench,OlympiadBench,Modular Norm RandOpt,100,3,-7.85,100.0,0.0,100.0,100.0
olympiadbench,OlympiadBench,Modular Norm RandOpt,100,3,-7.8,100.0,0.0,100.0,100.0
olympiadbench,OlympiadBench,Modular Norm RandOpt,100,3,-7.75,100.0,0.0,100.0,100.0
olympiadbench,OlympiadBench,Modular Norm RandOpt,100,3,-7.699999999999999,100.0,0.0,100.0,100.0
olympiadbench,OlympiadBench,Modular Norm RandOpt,100,3,-7.65,100.0,0.0,100.0,100.0
olympiadbench,OlympiadBench,Modular Norm RandOpt,100,3,-7.6,100.0,0.0,100.0,100.0
olympiadbench,OlympiadBench,Modular Norm RandOpt,100,3,-7.55,100.0,0.0,100.0,100.0
olympiadbench,OlympiadBench,Modular Norm RandOpt,100,3,-7.5,100.0,0.0,100.0,100.0
olympiadbench,OlympiadBench,Modular Norm RandOpt,100,3,-7.449999999999999,99.66666666666667,0.5773502691896257,99.0,100.0
olympiadbench,OlympiadBench,Modular Norm RandOpt,100,3,-7.4,99.66666666666667,0.5773502691896257,99.0,100.0
olympiadbench,OlympiadBench,Modular Norm RandOpt,100,3,-7.35,99.66666666666667,0.5773502691896257,99.0,100.0
olympiadbench,OlympiadBench,Modular Norm RandOpt,100,3,-7.3,99.66666666666667,0.5773502691896257,99.0,100.0
olympiadbench,OlympiadBench,Modular Norm RandOpt,100,3,-7.25,99.66666666666667,0.5773502691896257,99.0,100.0
olympiadbench,OlympiadBench,Modular Norm RandOpt,100,3,-7.199999999999999,99.66666666666667,0.5773502691896257,99.0,100.0
olympiadbench,OlympiadBench,Modular Norm RandOpt,100,3,-7.15,99.66666666666667,0.5773502691896257,99.0,100.0
olympiadbench,OlympiadBench,Modular Norm RandOpt,100,3,-7.1,99.66666666666667,0.5773502691896257,99.0,100.0
olympiadbench,OlympiadBench,Modular Norm RandOpt,100,3,-7.05,99.66666666666667,0.5773502691896257,99.0,100.0
olympiadbench,OlympiadBench,Modular Norm RandOpt,100,3,-7.0,99.66666666666667,0.5773502691896257,99.0,100.0
olympiadbench,OlympiadBench,Modular Norm RandOpt,100,3,-6.949999999999999,99.66666666666667,0.5773502691896257,99.0,100.0
olympiadbench,OlympiadBench,Modular Norm RandOpt,100,3,-6.9,99.66666666666667,0.5773502691896257,99.0,100.0
olympiadbench,OlympiadBench,Modular Norm RandOpt,100,3,-6.85,99.66666666666667,0.5773502691896257,99.0,100.0
olympiadbench,OlympiadBench,Modular Norm RandOpt,100,3,-6.8,99.66666666666667,0.5773502691896257,99.0,100.0
olympiadbench,OlympiadBench,Modular Norm RandOpt,100,3,-6.75,99.66666666666667,0.5773502691896257,99.0,100.0
olympiadbench,OlympiadBench,Modular Norm RandOpt,100,3,-6.699999999999999,99.66666666666667,0.5773502691896257,99.0,100.0
olympiadbench,OlympiadBench,Modular Norm RandOpt,100,3,-6.65,99.66666666666667,0.5773502691896257,99.0,100.0
olympiadbench,OlympiadBench,Modular Norm RandOpt,100,3,-6.6,99.66666666666667,0.5773502691896257,99.0,100.0
olympiadbench,OlympiadBench,Modular Norm RandOpt,100,3,-6.55,99.66666666666667,0.5773502691896257,99.0,100.0
olympiadbench,OlympiadBench,Modular Norm RandOpt,100,3,-6.5,99.66666666666667,0.5773502691896257,99.0,100.0
olympiadbench,OlympiadBench,Modular Norm RandOpt,100,3,-6.449999999999999,99.0,1.0,98.0,100.0
olympiadbench,OlympiadBench,Modular Norm RandOpt,100,3,-6.4,99.0,1.0,98.0,100.0
olympiadbench,OlympiadBench,Modular Norm RandOpt,100,3,-6.35,99.0,1.0,98.0,100.0
olympiadbench,OlympiadBench,Modular Norm RandOpt,100,3,-6.3,99.0,1.0,98.0,100.0
olympiadbench,OlympiadBench,Modular Norm RandOpt,100,3,-6.25,99.0,1.0,98.0,100.0
olympiadbench,OlympiadBench,Modular Norm RandOpt,100,3,-6.199999999999999,99.0,1.0,98.0,100.0
olympiadbench,OlympiadBench,Modular Norm RandOpt,100,3,-6.15,99.0,1.0,98.0,100.0
olympiadbench,OlympiadBench,Modular Norm RandOpt,100,3,-6.1,99.0,1.0,98.0,100.0
olympiadbench,OlympiadBench,Modular Norm RandOpt,100,3,-6.05,99.0,1.0,98.0,100.0
olympiadbench,OlympiadBench,Modular Norm RandOpt,100,3,-6.0,99.0,1.0,98.0,100.0
olympiadbench,OlympiadBench,Modular Norm RandOpt,100,3,-5.95,98.0,0.0,98.0,98.0
olympiadbench,OlympiadBench,Modular Norm RandOpt,100,3,-5.8999999999999995,98.0,0.0,98.0,98.0
olympiadbench,OlympiadBench,Modular Norm RandOpt,100,3,-5.85,98.0,0.0,98.0,98.0
olympiadbench,OlympiadBench,Modular Norm RandOpt,100,3,-5.8,98.0,0.0,98.0,98.0
olympiadbench,OlympiadBench,Modular Norm RandOpt,100,3,-5.75,98.0,0.0,98.0,98.0
olympiadbench,OlympiadBench,Modular Norm RandOpt,100,3,-5.7,98.0,0.0,98.0,98.0
olympiadbench,OlympiadBench,Modular Norm RandOpt,100,3,-5.6499999999999995,98.0,0.0,98.0,98.0
olympiadbench,OlympiadBench,Modular Norm RandOpt,100,3,-5.6,98.0,0.0,98.0,98.0
olympiadbench,OlympiadBench,Modular Norm RandOpt,100,3,-5.55,98.0,0.0,98.0,98.0
olympiadbench,OlympiadBench,Modular Norm RandOpt,100,3,-5.5,98.0,0.0,98.0,98.0
olympiadbench,OlympiadBench,Modular Norm RandOpt,100,3,-5.45,95.66666666666667,0.5773502691896257,95.0,96.0
olympiadbench,OlympiadBench,Modular Norm RandOpt,100,3,-5.3999999999999995,95.66666666666667,0.5773502691896257,95.0,96.0
olympiadbench,OlympiadBench,Modular Norm RandOpt,100,3,-5.35,95.66666666666667,0.5773502691896257,95.0,96.0
olympiadbench,OlympiadBench,Modular Norm RandOpt,100,3,-5.3,95.66666666666667,0.5773502691896257,95.0,96.0
olympiadbench,OlympiadBench,Modular Norm RandOpt,100,3,-5.25,95.66666666666667,0.5773502691896257,95.0,96.0
olympiadbench,OlympiadBench,Modular Norm RandOpt,100,3,-5.199999999999999,95.66666666666667,0.5773502691896257,95.0,96.0
olympiadbench,OlympiadBench,Modular Norm RandOpt,100,3,-5.1499999999999995,95.66666666666667,0.5773502691896257,95.0,96.0
olympiadbench,OlympiadBench,Modular Norm RandOpt,100,3,-5.1,95.66666666666667,0.5773502691896257,95.0,96.0
olympiadbench,OlympiadBench,Modular Norm RandOpt,100,3,-5.05,95.66666666666667,0.5773502691896257,95.0,96.0
olympiadbench,OlympiadBench,Modular Norm RandOpt,100,3,-5.0,95.66666666666667,0.5773502691896257,95.0,96.0
olympiadbench,OlympiadBench,Modular Norm RandOpt,100,3,-4.949999999999999,93.0,2.6457513110645907,90.0,95.0
olympiadbench,OlympiadBench,Modular Norm RandOpt,100,3,-4.8999999999999995,93.0,2.6457513110645907,90.0,95.0
olympiadbench,OlympiadBench,Modular Norm RandOpt,100,3,-4.85,93.0,2.6457513110645907,90.0,95.0
olympiadbench,OlympiadBench,Modular Norm RandOpt,100,3,-4.8,93.0,2.6457513110645907,90.0,95.0
olympiadbench,OlympiadBench,Modular Norm RandOpt,100,3,-4.75,93.0,2.6457513110645907,90.0,95.0
olympiadbench,OlympiadBench,Modular Norm RandOpt,100,3,-4.699999999999999,93.0,2.6457513110645907,90.0,95.0
olympiadbench,OlympiadBench,Modular Norm RandOpt,100,3,-4.6499999999999995,93.0,2.6457513110645907,90.0,95.0
olympiadbench,OlympiadBench,Modular Norm RandOpt,100,3,-4.6,93.0,2.6457513110645907,90.0,95.0
olympiadbench,OlympiadBench,Modular Norm RandOpt,100,3,-4.55,93.0,2.6457513110645907,90.0,95.0
olympiadbench,OlympiadBench,Modular Norm RandOpt,100,3,-4.5,93.0,2.6457513110645907,90.0,95.0
olympiadbench,OlympiadBench,Modular Norm RandOpt,100,3,-4.449999999999999,88.66666666666667,4.163331998932265,84.0,92.0
olympiadbench,OlympiadBench,Modular Norm RandOpt,100,3,-4.3999999999999995,88.66666666666667,4.163331998932265,84.0,92.0
olympiadbench,OlympiadBench,Modular Norm RandOpt,100,3,-4.35,88.66666666666667,4.163331998932265,84.0,92.0
olympiadbench,OlympiadBench,Modular Norm RandOpt,100,3,-4.3,88.66666666666667,4.163331998932265,84.0,92.0
olympiadbench,OlympiadBench,Modular Norm RandOpt,100,3,-4.25,88.66666666666667,4.163331998932265,84.0,92.0
olympiadbench,OlympiadBench,Modular Norm RandOpt,100,3,-4.199999999999999,88.66666666666667,4.163331998932265,84.0,92.0
olympiadbench,OlympiadBench,Modular Norm RandOpt,100,3,-4.1499999999999995,88.66666666666667,4.163331998932265,84.0,92.0
olympiadbench,OlympiadBench,Modular Norm RandOpt,100,3,-4.1,88.66666666666667,4.163331998932265,84.0,92.0
olympiadbench,OlympiadBench,Modular Norm RandOpt,100,3,-4.05,88.66666666666667,4.163331998932265,84.0,92.0
olympiadbench,OlympiadBench,Modular Norm RandOpt,100,3,-4.0,88.66666666666667,4.163331998932265,84.0,92.0
olympiadbench,OlympiadBench,Modular Norm RandOpt,100,3,-3.9499999999999993,82.66666666666667,5.131601439446884,77.0,87.0
olympiadbench,OlympiadBench,Modular Norm RandOpt,100,3,-3.8999999999999995,82.66666666666667,5.131601439446884,77.0,87.0
olympiadbench,OlympiadBench,Modular Norm RandOpt,100,3,-3.8499999999999996,82.66666666666667,5.131601439446884,77.0,87.0
olympiadbench,OlympiadBench,Modular Norm RandOpt,100,3,-3.8,82.66666666666667,5.131601439446884,77.0,87.0
olympiadbench,OlympiadBench,Modular Norm RandOpt,100,3,-3.75,82.66666666666667,5.131601439446884,77.0,87.0
olympiadbench,OlympiadBench,Modular Norm RandOpt,100,3,-3.6999999999999993,82.66666666666667,5.131601439446884,77.0,87.0
olympiadbench,OlympiadBench,Modular Norm RandOpt,100,3,-3.6499999999999995,82.66666666666667,5.131601439446884,77.0,87.0
olympiadbench,OlympiadBench,Modular Norm RandOpt,100,3,-3.5999999999999996,82.66666666666667,5.131601439446884,77.0,87.0
olympiadbench,OlympiadBench,Modular Norm RandOpt,100,3,-3.55,82.66666666666667,5.131601439446884,77.0,87.0
olympiadbench,OlympiadBench,Modular Norm RandOpt,100,3,-3.5,77.66666666666667,4.509249752822894,73.0,82.0
olympiadbench,OlympiadBench,Modular Norm RandOpt,100,3,-3.4499999999999993,77.66666666666667,4.509249752822894,73.0,82.0
olympiadbench,OlympiadBench,Modular Norm RandOpt,100,3,-3.3999999999999995,77.66666666666667,4.509249752822894,73.0,82.0
olympiadbench,OlympiadBench,Modular Norm RandOpt,100,3,-3.3499999999999996,77.66666666666667,4.509249752822894,73.0,82.0
olympiadbench,OlympiadBench,Modular Norm RandOpt,100,3,-3.3,77.66666666666667,4.509249752822894,73.0,82.0
olympiadbench,OlympiadBench,Modular Norm RandOpt,100,3,-3.25,77.66666666666667,4.509249752822894,73.0,82.0
olympiadbench,OlympiadBench,Modular Norm RandOpt,100,3,-3.1999999999999993,77.66666666666667,4.509249752822894,73.0,82.0
olympiadbench,OlympiadBench,Modular Norm RandOpt,100,3,-3.1499999999999995,77.66666666666667,4.509249752822894,73.0,82.0
olympiadbench,OlympiadBench,Modular Norm RandOpt,100,3,-3.0999999999999996,77.66666666666667,4.509249752822894,73.0,82.0
olympiadbench,OlympiadBench,Modular Norm RandOpt,100,3,-3.05,77.66666666666667,4.509249752822894,73.0,82.0
olympiadbench,OlympiadBench,Modular Norm RandOpt,100,3,-3.0,77.66666666666667,4.509249752822894,73.0,82.0
olympiadbench,OlympiadBench,Modular Norm RandOpt,100,3,-2.9499999999999993,68.33333333333333,5.507570547286102,62.0,72.0
olympiadbench,OlympiadBench,Modular Norm RandOpt,100,3,-2.8999999999999995,68.33333333333333,5.507570547286102,62.0,72.0
olympiadbench,OlympiadBench,Modular Norm RandOpt,100,3,-2.8499999999999996,68.33333333333333,5.507570547286102,62.0,72.0
olympiadbench,OlympiadBench,Modular Norm RandOpt,100,3,-2.8,68.33333333333333,5.507570547286102,62.0,72.0
olympiadbench,OlympiadBench,Modular Norm RandOpt,100,3,-2.75,68.33333333333333,5.507570547286102,62.0,72.0
olympiadbench,OlympiadBench,Modular Norm RandOpt,100,3,-2.6999999999999993,68.33333333333333,5.507570547286102,62.0,72.0
olympiadbench,OlympiadBench,Modular Norm RandOpt,100,3,-2.6499999999999995,68.33333333333333,5.507570547286102,62.0,72.0
olympiadbench,OlympiadBench,Modular Norm RandOpt,100,3,-2.5999999999999996,68.33333333333333,5.507570547286102,62.0,72.0
olympiadbench,OlympiadBench,Modular Norm RandOpt,100,3,-2.55,68.33333333333333,5.507570547286102,62.0,72.0
olympiadbench,OlympiadBench,Modular Norm RandOpt,100,3,-2.5,68.33333333333333,5.507570547286102,62.0,72.0
olympiadbench,OlympiadBench,Modular Norm RandOpt,100,3,-2.4499999999999993,54.333333333333336,3.7859388972001815,50.0,56.99999999999999
olympiadbench,OlympiadBench,Modular Norm RandOpt,100,3,-2.3999999999999995,54.333333333333336,3.7859388972001815,50.0,56.99999999999999
olympiadbench,OlympiadBench,Modular Norm RandOpt,100,3,-2.3499999999999996,54.333333333333336,3.7859388972001815,50.0,56.99999999999999
olympiadbench,OlympiadBench,Modular Norm RandOpt,100,3,-2.3,54.333333333333336,3.7859388972001815,50.0,56.99999999999999
olympiadbench,OlympiadBench,Modular Norm RandOpt,100,3,-2.25,54.333333333333336,3.7859388972001815,50.0,56.99999999999999
olympiadbench,OlympiadBench,Modular Norm RandOpt,100,3,-2.1999999999999993,54.333333333333336,3.7859388972001815,50.0,56.99999999999999
olympiadbench,OlympiadBench,Modular Norm RandOpt,100,3,-2.1499999999999995,54.333333333333336,3.7859388972001815,50.0,56.99999999999999
olympiadbench,OlympiadBench,Modular Norm RandOpt,100,3,-2.0999999999999996,54.333333333333336,3.7859388972001815,50.0,56.99999999999999
olympiadbench,OlympiadBench,Modular Norm RandOpt,100,3,-2.05,54.333333333333336,3.7859388972001815,50.0,56.99999999999999
olympiadbench,OlympiadBench,Modular Norm RandOpt,100,3,-2.0,54.333333333333336,3.7859388972001815,50.0,56.99999999999999
olympiadbench,OlympiadBench,Modular Norm RandOpt,100,3,-1.9499999999999993,46.333333333333336,3.0550504633038935,43.0,49.0
olympiadbench,OlympiadBench,Modular Norm RandOpt,100,3,-1.9000000000000004,46.333333333333336,3.0550504633038935,43.0,49.0
olympiadbench,OlympiadBench,Modular Norm RandOpt,100,3,-1.8499999999999996,46.333333333333336,3.0550504633038935,43.0,49.0
olympiadbench,OlympiadBench,Modular Norm RandOpt,100,3,-1.799999999999999,46.333333333333336,3.0550504633038935,43.0,49.0
olympiadbench,OlympiadBench,Modular Norm RandOpt,100,3,-1.75,46.333333333333336,3.0550504633038935,43.0,49.0
olympiadbench,OlympiadBench,Modular Norm RandOpt,100,3,-1.6999999999999993,46.333333333333336,3.0550504633038935,43.0,49.0
olympiadbench,OlympiadBench,Modular Norm RandOpt,100,3,-1.6500000000000004,46.333333333333336,3.0550504633038935,43.0,49.0
olympiadbench,OlympiadBench,Modular Norm RandOpt,100,3,-1.5999999999999996,46.333333333333336,3.0550504633038935,43.0,49.0
olympiadbench,OlympiadBench,Modular Norm RandOpt,100,3,-1.549999999999999,46.333333333333336,3.0550504633038935,43.0,49.0
olympiadbench,OlympiadBench,Modular Norm RandOpt,100,3,-1.5,46.333333333333336,3.0550504633038935,43.0,49.0
olympiadbench,OlympiadBench,Modular Norm RandOpt,100,3,-1.4499999999999993,38.666666666666664,5.033222956847167,34.0,44.0
olympiadbench,OlympiadBench,Modular Norm RandOpt,100,3,-1.4000000000000004,38.666666666666664,5.033222956847167,34.0,44.0
olympiadbench,OlympiadBench,Modular Norm RandOpt,100,3,-1.3499999999999996,38.666666666666664,5.033222956847167,34.0,44.0
olympiadbench,OlympiadBench,Modular Norm RandOpt,100,3,-1.299999999999999,38.666666666666664,5.033222956847167,34.0,44.0
olympiadbench,OlympiadBench,Modular Norm RandOpt,100,3,-1.25,38.666666666666664,5.033222956847167,34.0,44.0
olympiadbench,OlympiadBench,Modular Norm RandOpt,100,3,-1.1999999999999993,38.666666666666664,5.033222956847167,34.0,44.0
olympiadbench,OlympiadBench,Modular Norm RandOpt,100,3,-1.1500000000000004,38.666666666666664,5.033222956847167,34.0,44.0
olympiadbench,OlympiadBench,Modular Norm RandOpt,100,3,-1.0999999999999996,38.666666666666664,5.033222956847167,34.0,44.0
olympiadbench,OlympiadBench,Modular Norm RandOpt,100,3,-1.049999999999999,38.666666666666664,5.033222956847167,34.0,44.0
olympiadbench,OlympiadBench,Modular Norm RandOpt,100,3,-1.0,38.666666666666664,5.033222956847167,34.0,44.0
olympiadbench,OlympiadBench,Modular Norm RandOpt,100,3,-0.9499999999999993,29.0,3.605551275463989,25.0,32.0
olympiadbench,OlympiadBench,Modular Norm RandOpt,100,3,-0.9000000000000004,29.0,3.605551275463989,25.0,32.0
olympiadbench,OlympiadBench,Modular Norm RandOpt,100,3,-0.8499999999999996,29.0,3.605551275463989,25.0,32.0
olympiadbench,OlympiadBench,Modular Norm RandOpt,100,3,-0.7999999999999989,29.0,3.605551275463989,25.0,32.0
olympiadbench,OlympiadBench,Modular Norm RandOpt,100,3,-0.75,29.0,3.605551275463989,25.0,32.0
olympiadbench,OlympiadBench,Modular Norm RandOpt,100,3,-0.6999999999999993,29.0,3.605551275463989,25.0,32.0
olympiadbench,OlympiadBench,Modular Norm RandOpt,100,3,-0.6500000000000004,29.0,3.605551275463989,25.0,32.0
olympiadbench,OlympiadBench,Modular Norm RandOpt,100,3,-0.5999999999999996,29.0,3.605551275463989,25.0,32.0
olympiadbench,OlympiadBench,Modular Norm RandOpt,100,3,-0.5499999999999989,29.0,3.605551275463989,25.0,32.0
olympiadbench,OlympiadBench,Modular Norm RandOpt,100,3,-0.5,19.333333333333332,5.8594652770823155,15.0,26.0
olympiadbench,OlympiadBench,Modular Norm RandOpt,100,3,-0.4499999999999993,19.333333333333332,5.8594652770823155,15.0,26.0
olympiadbench,OlympiadBench,Modular Norm RandOpt,100,3,-0.3999999999999986,19.333333333333332,5.8594652770823155,15.0,26.0
olympiadbench,OlympiadBench,Modular Norm RandOpt,100,3,-0.34999999999999964,19.333333333333332,5.8594652770823155,15.0,26.0
olympiadbench,OlympiadBench,Modular Norm RandOpt,100,3,-0.29999999999999893,19.333333333333332,5.8594652770823155,15.0,26.0
olympiadbench,OlympiadBench,Modular Norm RandOpt,100,3,-0.25,19.333333333333332,5.8594652770823155,15.0,26.0
olympiadbench,OlympiadBench,Modular Norm RandOpt,100,3,-0.1999999999999993,19.333333333333332,5.8594652770823155,15.0,26.0
olympiadbench,OlympiadBench,Modular Norm RandOpt,100,3,-0.14999999999999858,19.333333333333332,5.8594652770823155,15.0,26.0
olympiadbench,OlympiadBench,Modular Norm RandOpt,100,3,-0.09999999999999964,19.333333333333332,5.8594652770823155,15.0,26.0
olympiadbench,OlympiadBench,Modular Norm RandOpt,100,3,-0.049999999999998934,19.333333333333332,5.8594652770823155,15.0,26.0
olympiadbench,OlympiadBench,Modular Norm RandOpt,100,3,0.0,19.333333333333332,5.8594652770823155,15.0,26.0
olympiadbench,OlympiadBench,Modular Norm RandOpt,100,3,0.05000000000000071,10.666666666666666,6.350852961085883,7.000000000000001,18.0
olympiadbench,OlympiadBench,Modular Norm RandOpt,100,3,0.10000000000000142,10.666666666666666,6.350852961085883,7.000000000000001,18.0
olympiadbench,OlympiadBench,Modular Norm RandOpt,100,3,0.15000000000000036,10.666666666666666,6.350852961085883,7.000000000000001,18.0
olympiadbench,OlympiadBench,Modular Norm RandOpt,100,3,0.20000000000000107,10.666666666666666,6.350852961085883,7.000000000000001,18.0
olympiadbench,OlympiadBench,Modular Norm RandOpt,100,3,0.25,10.666666666666666,6.350852961085883,7.000000000000001,18.0
olympiadbench,OlympiadBench,Modular Norm RandOpt,100,3,0.3000000000000007,10.666666666666666,6.350852961085883,7.000000000000001,18.0
olympiadbench,OlympiadBench,Modular Norm RandOpt,100,3,0.3500000000000014,10.666666666666666,6.350852961085883,7.000000000000001,18.0
olympiadbench,OlympiadBench,Modular Norm RandOpt,100,3,0.40000000000000036,10.666666666666666,6.350852961085883,7.000000000000001,18.0
olympiadbench,OlympiadBench,Modular Norm RandOpt,100,3,0.45000000000000107,10.666666666666666,6.350852961085883,7.000000000000001,18.0
olympiadbench,OlympiadBench,Modular Norm RandOpt,100,3,0.5,10.666666666666666,6.350852961085883,7.000000000000001,18.0
olympiadbench,OlympiadBench,Modular Norm RandOpt,100,3,0.5500000000000007,8.666666666666666,5.507570547286102,5.0,15.0
olympiadbench,OlympiadBench,Modular Norm RandOpt,100,3,0.6000000000000014,8.666666666666666,5.507570547286102,5.0,15.0
olympiadbench,OlympiadBench,Modular Norm RandOpt,100,3,0.6500000000000004,8.666666666666666,5.507570547286102,5.0,15.0
olympiadbench,OlympiadBench,Modular Norm RandOpt,100,3,0.7000000000000011,8.666666666666666,5.507570547286102,5.0,15.0
olympiadbench,OlympiadBench,Modular Norm RandOpt,100,3,0.75,8.666666666666666,5.507570547286102,5.0,15.0
olympiadbench,OlympiadBench,Modular Norm RandOpt,100,3,0.8000000000000007,8.666666666666666,5.507570547286102,5.0,15.0
olympiadbench,OlympiadBench,Modular Norm RandOpt,100,3,0.8500000000000014,8.666666666666666,5.507570547286102,5.0,15.0
olympiadbench,OlympiadBench,Modular Norm RandOpt,100,3,0.9000000000000004,8.666666666666666,5.507570547286102,5.0,15.0
olympiadbench,OlympiadBench,Modular Norm RandOpt,100,3,0.9500000000000011,8.666666666666666,5.507570547286102,5.0,15.0
olympiadbench,OlympiadBench,Modular Norm RandOpt,100,3,1.0,8.666666666666666,5.507570547286102,5.0,15.0
olympiadbench,OlympiadBench,Modular Norm RandOpt,100,3,1.0500000000000007,5.666666666666667,2.0816659994661326,4.0,8.0
olympiadbench,OlympiadBench,Modular Norm RandOpt,100,3,1.1000000000000014,5.666666666666667,2.0816659994661326,4.0,8.0
olympiadbench,OlympiadBench,Modular Norm RandOpt,100,3,1.1500000000000004,5.666666666666667,2.0816659994661326,4.0,8.0
olympiadbench,OlympiadBench,Modular Norm RandOpt,100,3,1.200000000000001,5.666666666666667,2.0816659994661326,4.0,8.0
olympiadbench,OlympiadBench,Modular Norm RandOpt,100,3,1.25,5.666666666666667,2.0816659994661326,4.0,8.0
olympiadbench,OlympiadBench,Modular Norm RandOpt,100,3,1.3000000000000007,5.666666666666667,2.0816659994661326,4.0,8.0
olympiadbench,OlympiadBench,Modular Norm RandOpt,100,3,1.3500000000000014,5.666666666666667,2.0816659994661326,4.0,8.0
olympiadbench,OlympiadBench,Modular Norm RandOpt,100,3,1.4000000000000004,5.666666666666667,2.0816659994661326,4.0,8.0
olympiadbench,OlympiadBench,Modular Norm RandOpt,100,3,1.450000000000001,5.666666666666667,2.0816659994661326,4.0,8.0
olympiadbench,OlympiadBench,Modular Norm RandOpt,100,3,1.5,5.666666666666667,2.0816659994661326,4.0,8.0
olympiadbench,OlympiadBench,Modular Norm RandOpt,100,3,1.5500000000000007,3.3333333333333335,1.5275252316519465,2.0,5.0
olympiadbench,OlympiadBench,Modular Norm RandOpt,100,3,1.6000000000000014,3.3333333333333335,1.5275252316519465,2.0,5.0
olympiadbench,OlympiadBench,Modular Norm RandOpt,100,3,1.6500000000000004,3.3333333333333335,1.5275252316519465,2.0,5.0
olympiadbench,OlympiadBench,Modular Norm RandOpt,100,3,1.700000000000001,3.3333333333333335,1.5275252316519465,2.0,5.0
olympiadbench,OlympiadBench,Modular Norm RandOpt,100,3,1.75,3.3333333333333335,1.5275252316519465,2.0,5.0
olympiadbench,OlympiadBench,Modular Norm RandOpt,100,3,1.8000000000000007,3.3333333333333335,1.5275252316519465,2.0,5.0
olympiadbench,OlympiadBench,Modular Norm RandOpt,100,3,1.8500000000000014,3.3333333333333335,1.5275252316519465,2.0,5.0
olympiadbench,OlympiadBench,Modular Norm RandOpt,100,3,1.9000000000000004,3.3333333333333335,1.5275252316519465,2.0,5.0
olympiadbench,OlympiadBench,Modular Norm RandOpt,100,3,1.950000000000001,3.3333333333333335,1.5275252316519465,2.0,5.0
olympiadbench,OlympiadBench,Modular Norm RandOpt,100,3,2.0,3.3333333333333335,1.5275252316519465,2.0,5.0
olympiadbench,OlympiadBench,Modular Norm RandOpt,100,3,2.0500000000000007,2.6666666666666665,2.081665999466133,1.0,5.0
olympiadbench,OlympiadBench,Modular Norm RandOpt,100,3,2.1000000000000014,2.6666666666666665,2.081665999466133,1.0,5.0
olympiadbench,OlympiadBench,Modular Norm RandOpt,100,3,2.1500000000000004,2.6666666666666665,2.081665999466133,1.0,5.0
olympiadbench,OlympiadBench,Modular Norm RandOpt,100,3,2.200000000000001,2.6666666666666665,2.081665999466133,1.0,5.0
olympiadbench,OlympiadBench,Modular Norm RandOpt,100,3,2.25,2.6666666666666665,2.081665999466133,1.0,5.0
olympiadbench,OlympiadBench,Modular Norm RandOpt,100,3,2.3000000000000007,2.6666666666666665,2.081665999466133,1.0,5.0
olympiadbench,OlympiadBench,Modular Norm RandOpt,100,3,2.3500000000000014,2.6666666666666665,2.081665999466133,1.0,5.0
olympiadbench,OlympiadBench,Modular Norm RandOpt,100,3,2.4000000000000004,2.6666666666666665,2.081665999466133,1.0,5.0
olympiadbench,OlympiadBench,Modular Norm RandOpt,100,3,2.450000000000001,2.6666666666666665,2.081665999466133,1.0,5.0
olympiadbench,OlympiadBench,Modular Norm RandOpt,100,3,2.5,0.6666666666666666,1.1547005383792517,0.0,2.0
olympiadbench,OlympiadBench,Modular Norm RandOpt,100,3,2.5500000000000007,0.6666666666666666,1.1547005383792517,0.0,2.0
olympiadbench,OlympiadBench,Modular Norm RandOpt,100,3,2.6000000000000014,0.6666666666666666,1.1547005383792517,0.0,2.0
olympiadbench,OlympiadBench,Modular Norm RandOpt,100,3,2.6500000000000004,0.6666666666666666,1.1547005383792517,0.0,2.0
olympiadbench,OlympiadBench,Modular Norm RandOpt,100,3,2.700000000000001,0.6666666666666666,1.1547005383792517,0.0,2.0
olympiadbench,OlympiadBench,Modular Norm RandOpt,100,3,2.75,0.6666666666666666,1.1547005383792517,0.0,2.0
olympiadbench,OlympiadBench,Modular Norm RandOpt,100,3,2.8000000000000007,0.6666666666666666,1.1547005383792517,0.0,2.0
olympiadbench,OlympiadBench,Modular Norm RandOpt,100,3,2.8500000000000014,0.6666666666666666,1.1547005383792517,0.0,2.0
olympiadbench,OlympiadBench,Modular Norm RandOpt,100,3,2.9000000000000004,0.6666666666666666,1.1547005383792517,0.0,2.0
olympiadbench,OlympiadBench,Modular Norm RandOpt,100,3,2.950000000000001,0.6666666666666666,1.1547005383792517,0.0,2.0
olympiadbench,OlympiadBench,Modular Norm RandOpt,100,3,3.0,0.6666666666666666,1.1547005383792517,0.0,2.0
olympiadbench,OlympiadBench,Modular Norm RandOpt,100,3,3.0500000000000007,0.3333333333333333,0.5773502691896258,0.0,1.0
olympiadbench,OlympiadBench,Modular Norm RandOpt,100,3,3.1000000000000014,0.3333333333333333,0.5773502691896258,0.0,1.0
olympiadbench,OlympiadBench,Modular Norm RandOpt,100,3,3.1500000000000004,0.3333333333333333,0.5773502691896258,0.0,1.0
olympiadbench,OlympiadBench,Modular Norm RandOpt,100,3,3.200000000000001,0.3333333333333333,0.5773502691896258,0.0,1.0
olympiadbench,OlympiadBench,Modular Norm RandOpt,100,3,3.25,0.3333333333333333,0.5773502691896258,0.0,1.0
olympiadbench,OlympiadBench,Modular Norm RandOpt,100,3,3.3000000000000007,0.3333333333333333,0.5773502691896258,0.0,1.0
olympiadbench,OlympiadBench,Modular Norm RandOpt,100,3,3.3500000000000014,0.3333333333333333,0.5773502691896258,0.0,1.0
olympiadbench,OlympiadBench,Modular Norm RandOpt,100,3,3.4000000000000004,0.3333333333333333,0.5773502691896258,0.0,1.0
olympiadbench,OlympiadBench,Modular Norm RandOpt,100,3,3.450000000000001,0.3333333333333333,0.5773502691896258,0.0,1.0
olympiadbench,OlympiadBench,Modular Norm RandOpt,100,3,3.5,0.3333333333333333,0.5773502691896258,0.0,1.0
olympiadbench,OlympiadBench,Modular Norm RandOpt,100,3,3.5500000000000007,0.3333333333333333,0.5773502691896258,0.0,1.0
olympiadbench,OlympiadBench,Modular Norm RandOpt,100,3,3.6000000000000014,0.3333333333333333,0.5773502691896258,0.0,1.0
olympiadbench,OlympiadBench,Modular Norm RandOpt,100,3,3.6500000000000004,0.3333333333333333,0.5773502691896258,0.0,1.0
olympiadbench,OlympiadBench,Modular Norm RandOpt,100,3,3.700000000000001,0.3333333333333333,0.5773502691896258,0.0,1.0
olympiadbench,OlympiadBench,Modular Norm RandOpt,100,3,3.75,0.3333333333333333,0.5773502691896258,0.0,1.0
olympiadbench,OlympiadBench,Modular Norm RandOpt,100,3,3.8000000000000007,0.3333333333333333,0.5773502691896258,0.0,1.0
olympiadbench,OlympiadBench,Modular Norm RandOpt,100,3,3.8500000000000014,0.3333333333333333,0.5773502691896258,0.0,1.0
olympiadbench,OlympiadBench,Modular Norm RandOpt,100,3,3.9000000000000004,0.3333333333333333,0.5773502691896258,0.0,1.0
olympiadbench,OlympiadBench,Modular Norm RandOpt,100,3,3.950000000000001,0.3333333333333333,0.5773502691896258,0.0,1.0
olympiadbench,OlympiadBench,Modular Norm RandOpt,100,3,4.0,0.3333333333333333,0.5773502691896258,0.0,1.0
olympiadbench,OlympiadBench,Modular Norm RandOpt,100,3,4.050000000000001,0.0,0.0,0.0,0.0
olympiadbench,OlympiadBench,Modular Norm RandOpt,100,3,4.100000000000001,0.0,0.0,0.0,0.0
olympiadbench,OlympiadBench,Modular Norm RandOpt,100,3,4.15,0.0,0.0,0.0,0.0
olympiadbench,OlympiadBench,Modular Norm RandOpt,100,3,4.200000000000001,0.0,0.0,0.0,0.0
olympiadbench,OlympiadBench,Modular Norm RandOpt,100,3,4.25,0.0,0.0,0.0,0.0
olympiadbench,OlympiadBench,Modular Norm RandOpt,100,3,4.300000000000001,0.0,0.0,0.0,0.0
olympiadbench,OlympiadBench,Modular Norm RandOpt,100,3,4.350000000000001,0.0,0.0,0.0,0.0
olympiadbench,OlympiadBench,Modular Norm RandOpt,100,3,4.4,0.0,0.0,0.0,0.0
olympiadbench,OlympiadBench,Modular Norm RandOpt,100,3,4.450000000000001,0.0,0.0,0.0,0.0
olympiadbench,OlympiadBench,Modular Norm RandOpt,100,3,4.5,0.0,0.0,0.0,0.0
olympiadbench,OlympiadBench,Modular Norm RandOpt,100,3,4.550000000000001,0.0,0.0,0.0,0.0
olympiadbench,OlympiadBench,Modular Norm RandOpt,100,3,4.600000000000001,0.0,0.0,0.0,0.0
olympiadbench,OlympiadBench,Modular Norm RandOpt,100,3,4.65,0.0,0.0,0.0,0.0
olympiadbench,OlympiadBench,Modular Norm RandOpt,100,3,4.700000000000001,0.0,0.0,0.0,0.0
olympiadbench,OlympiadBench,Modular Norm RandOpt,100,3,4.75,0.0,0.0,0.0,0.0
olympiadbench,OlympiadBench,Modular Norm RandOpt,100,3,4.800000000000001,0.0,0.0,0.0,0.0
olympiadbench,OlympiadBench,Modular Norm RandOpt,100,3,4.850000000000001,0.0,0.0,0.0,0.0
olympiadbench,OlympiadBench,Modular Norm RandOpt,100,3,4.9,0.0,0.0,0.0,0.0
olympiadbench,OlympiadBench,Modular Norm RandOpt,100,3,4.950000000000001,0.0,0.0,0.0,0.0
olympiadbench,OlympiadBench,Modular Norm RandOpt,100,3,5.0,0.0,0.0,0.0,0.0
