task,method,seed,population_size,k,sample_index,correct_support,support_bin,num_valid_votes,num_wrong_valid_votes,num_distinct_correct_answers,num_distinct_wrong_answers,largest_correct_answer_votes,largest_wrong_answer_votes,semantic_vote_margin,raw_plurality_margin,wrong_vote_concentration,ensemble_correct
gsm8k,RandOpt,42,300,10,0,10,5-10,10,0,1,0,10,0,10,10,0.0,True
gsm8k,RandOpt,42,300,10,1,10,5-10,10,0,1,0,10,0,10,10,0.0,True
gsm8k,RandOpt,42,300,10,2,4,2-4,10,6,2,3,3,3,1,0,0.5,True
gsm8k,RandOpt,42,300,10,3,7,5-10,10,3,1,1,7,3,4,4,1.0,True
gsm8k,RandOpt,42,300,10,4,7,5-10,10,3,1,2,7,2,5,5,0.6666666666666666,True
gsm8k,RandOpt,42,300,10,5,0,0,10,10,0,8,0,2,-2,-2,0.2,False
gsm8k,RandOpt,42,300,10,6,10,5-10,10,0,1,0,10,0,10,10,0.0,True
gsm8k,RandOpt,42,300,10,7,1,1,10,9,1,3,1,6,-5,-5,0.6666666666666666,False
gsm8k,RandOpt,42,300,10,8,0,0,10,10,0,3,0,7,-7,-7,0.7,False
gsm8k,RandOpt,42,300,10,9,10,5-10,10,0,1,0,10,0,10,10,0.0,True
gsm8k,RandOpt,42,300,10,10,3,2-4,10,7,1,1,3,7,-4,-4,1.0,False
gsm8k,RandOpt,42,300,10,11,4,2-4,10,6,1,1,4,6,-2,-2,1.0,False
gsm8k,RandOpt,42,300,10,12,0,0,10,10,0,2,0,9,-9,-9,0.9,False
gsm8k,RandOpt,42,300,10,13,0,0,10,10,0,5,0,4,-4,-4,0.4,False
gsm8k,RandOpt,42,300,10,14,10,5-10,10,0,1,0,10,0,10,10,0.0,True
gsm8k,RandOpt,42,300,10,15,3,2-4,10,7,1,5,3,2,1,1,0.2857142857142857,True
gsm8k,RandOpt,42,300,10,16,0,0,10,10,0,3,0,8,-8,-8,0.8,False
gsm8k,RandOpt,42,300,10,17,10,5-10,10,0,2,0,6,0,10,6,0.0,True
gsm8k,RandOpt,42,300,10,18,4,2-4,10,6,1,1,4,6,-2,-2,1.0,False
gsm8k,RandOpt,42,300,10,19,2,2-4,10,8,1,1,2,8,-6,-6,1.0,False
gsm8k,RandOpt,42,300,10,20,4,2-4,10,6,1,4,4,2,2,2,0.3333333333333333,True
gsm8k,RandOpt,42,300,10,21,0,0,10,10,0,8,0,2,-2,-2,0.2,False
gsm8k,RandOpt,42,300,10,22,10,5-10,10,0,1,0,10,0,10,10,0.0,True
gsm8k,RandOpt,42,300,10,23,6,5-10,10,4,1,2,6,3,3,3,0.75,True
gsm8k,RandOpt,42,300,10,24,4,2-4,10,6,1,2,4,5,-1,-1,0.8333333333333334,False
gsm8k,RandOpt,42,300,10,25,10,5-10,10,0,1,0,10,0,10,10,0.0,True
gsm8k,RandOpt,42,300,10,26,9,5-10,10,1,1,1,9,1,8,8,1.0,True
gsm8k,RandOpt,42,300,10,27,8,5-10,10,2,1,1,8,2,6,6,1.0,True
gsm8k,RandOpt,42,300,10,28,2,2-4,10,8,1,3,2,4,-2,-2,0.5,False
gsm8k,RandOpt,42,300,10,29,8,5-10,10,2,1,1,8,2,6,6,1.0,True
gsm8k,RandOpt,42,300,10,30,10,5-10,10,0,1,0,10,0,10,10,0.0,True
gsm8k,RandOpt,42,300,10,31,9,5-10,10,1,1,1,9,1,8,8,1.0,True
gsm8k,RandOpt,42,300,10,32,8,5-10,10,2,1,1,8,2,6,6,1.0,True
gsm8k,RandOpt,42,300,10,33,10,5-10,10,0,1,0,10,0,10,10,0.0,True
gsm8k,RandOpt,42,300,10,34,10,5-10,10,0,1,0,10,0,10,10,0.0,True
gsm8k,RandOpt,42,300,10,35,10,5-10,10,0,1,0,10,0,10,10,0.0,True
gsm8k,RandOpt,42,300,10,36,2,2-4,10,8,1,1,2,8,-6,-6,1.0,False
gsm8k,RandOpt,42,300,10,37,4,2-4,10,6,1,6,4,1,3,3,0.16666666666666666,True
gsm8k,RandOpt,42,300,10,38,9,5-10,10,1,1,1,9,1,8,8,1.0,True
gsm8k,RandOpt,42,300,10,39,10,5-10,10,0,1,0,10,0,10,10,0.0,True
gsm8k,RandOpt,42,300,10,40,9,5-10,10,1,1,1,9,1,8,8,1.0,True
gsm8k,RandOpt,42,300,10,41,4,2-4,10,6,1,2,4,3,1,1,0.5,True
gsm8k,RandOpt,42,300,10,42,10,5-10,10,0,1,0,10,0,10,10,0.0,True
gsm8k,RandOpt,42,300,10,43,2,2-4,10,8,1,5,2,4,-2,-2,0.5,False
gsm8k,RandOpt,42,300,10,44,1,1,10,9,1,6,1,2,-1,-1,0.2222222222222222,False
gsm8k,RandOpt,42,300,10,45,9,5-10,10,1,1,1,9,1,8,8,1.0,True
gsm8k,RandOpt,42,300,10,46,5,5-10,10,5,1,3,5,3,2,2,0.6,True
gsm8k,RandOpt,42,300,10,47,7,5-10,10,3,1,1,7,3,4,4,1.0,True
gsm8k,RandOpt,42,300,10,48,9,5-10,10,1,1,1,9,1,8,8,1.0,True
gsm8k,RandOpt,42,300,10,49,10,5-10,10,0,1,0,10,0,10,10,0.0,True
gsm8k,RandOpt,42,300,10,50,10,5-10,10,0,1,0,10,0,10,10,0.0,True
gsm8k,RandOpt,42,300,10,51,4,2-4,10,6,1,4,4,3,1,1,0.5,True
gsm8k,RandOpt,42,300,10,52,10,5-10,10,0,1,0,10,0,10,10,0.0,True
gsm8k,RandOpt,42,300,10,53,10,5-10,10,0,1,0,10,0,10,10,0.0,True
gsm8k,RandOpt,42,300,10,54,2,2-4,10,8,1,5,2,3,-1,-1,0.375,False
gsm8k,RandOpt,42,300,10,55,5,5-10,10,5,1,1,5,5,0,0,1.0,False
gsm8k,RandOpt,42,300,10,56,8,5-10,10,2,1,1,8,2,6,6,1.0,True
gsm8k,RandOpt,42,300,10,57,9,5-10,10,1,1,1,9,1,8,8,1.0,True
gsm8k,RandOpt,42,300,10,58,0,0,10,10,0,8,0,2,-2,-2,0.2,False
gsm8k,RandOpt,42,300,10,59,9,5-10,10,1,1,1,9,1,8,8,1.0,True
gsm8k,RandOpt,42,300,10,60,1,1,10,9,1,1,1,9,-8,-8,1.0,False
gsm8k,RandOpt,42,300,10,61,10,5-10,10,0,1,0,10,0,10,10,0.0,True
gsm8k,RandOpt,42,300,10,62,0,0,10,10,0,5,0,5,-5,-5,0.5,False
gsm8k,RandOpt,42,300,10,63,9,5-10,10,1,2,1,8,1,8,7,1.0,True
gsm8k,RandOpt,42,300,10,64,8,5-10,10,2,1,2,8,1,7,7,0.5,True
gsm8k,RandOpt,42,300,10,65,10,5-10,10,0,1,0,10,0,10,10,0.0,True
gsm8k,RandOpt,42,300,10,66,8,5-10,10,2,1,2,8,1,7,7,0.5,True
gsm8k,RandOpt,42,300,10,67,10,5-10,10,0,1,0,10,0,10,10,0.0,True
gsm8k,RandOpt,42,300,10,68,10,5-10,10,0,1,0,10,0,10,10,0.0,True
gsm8k,RandOpt,42,300,10,69,2,2-4,10,8,1,1,2,8,-6,-6,1.0,False
gsm8k,RandOpt,42,300,10,70,7,5-10,10,3,1,2,7,2,5,5,0.6666666666666666,True
gsm8k,RandOpt,42,300,10,71,10,5-10,10,0,1,0,10,0,10,10,0.0,True
gsm8k,RandOpt,42,300,10,72,0,0,10,10,0,1,0,10,-10,-10,1.0,False
gsm8k,RandOpt,42,300,10,73,6,5-10,10,4,1,2,6,3,3,3,0.75,True
gsm8k,RandOpt,42,300,10,74,5,5-10,10,5,1,1,5,5,0,0,1.0,False
gsm8k,RandOpt,42,300,10,75,0,0,10,10,0,1,0,10,-10,-10,1.0,False
gsm8k,RandOpt,42,300,10,76,10,5-10,10,0,1,0,10,0,10,10,0.0,True
gsm8k,RandOpt,42,300,10,77,10,5-10,10,0,1,0,10,0,10,10,0.0,True
gsm8k,RandOpt,42,300,10,78,1,1,10,9,1,1,1,9,-8,-8,1.0,False
gsm8k,RandOpt,42,300,10,79,4,2-4,10,6,1,1,4,6,-2,-2,1.0,False
gsm8k,RandOpt,42,300,10,80,10,5-10,10,0,1,0,10,0,10,10,0.0,True
gsm8k,RandOpt,42,300,10,81,10,5-10,10,0,1,0,10,0,10,10,0.0,True
gsm8k,RandOpt,42,300,10,82,10,5-10,10,0,1,0,10,0,10,10,0.0,True
gsm8k,RandOpt,42,300,10,83,9,5-10,10,1,1,1,9,1,8,8,1.0,True
gsm8k,RandOpt,42,300,10,84,9,5-10,10,1,1,1,9,1,8,8,1.0,True
gsm8k,RandOpt,42,300,10,85,10,5-10,10,0,1,0,10,0,10,10,0.0,True
gsm8k,RandOpt,42,300,10,86,10,5-10,10,0,1,0,10,0,10,10,0.0,True
gsm8k,RandOpt,42,300,10,87,0,0,10,10,0,10,0,1,-1,-1,0.1,False
gsm8k,RandOpt,42,300,10,88,9,5-10,10,1,1,1,9,1,8,8,1.0,True
gsm8k,RandOpt,42,300,10,89,0,0,10,10,0,2,0,9,-9,-9,0.9,False
gsm8k,RandOpt,42,300,10,90,10,5-10,10,0,1,0,10,0,10,10,0.0,True
gsm8k,RandOpt,42,300,10,91,9,5-10,10,1,1,1,9,1,8,8,1.0,True
gsm8k,RandOpt,42,300,10,92,9,5-10,10,1,1,1,9,1,8,8,1.0,True
gsm8k,RandOpt,42,300,10,93,1,1,10,9,1,7,1,3,-2,-2,0.3333333333333333,False
gsm8k,RandOpt,42,300,10,94,10,5-10,10,0,1,0,10,0,10,10,0.0,True
gsm8k,RandOpt,42,300,10,95,10,5-10,10,0,1,0,10,0,10,10,0.0,True
gsm8k,RandOpt,42,300,10,96,9,5-10,10,1,1,1,9,1,8,8,1.0,True
gsm8k,RandOpt,42,300,10,97,3,2-4,10,7,1,6,3,2,1,1,0.2857142857142857,True
gsm8k,RandOpt,42,300,10,98,1,1,10,9,1,7,1,2,-1,-1,0.2222222222222222,False
gsm8k,RandOpt,42,300,10,99,10,5-10,10,0,1,0,10,0,10,10,0.0,True
gsm8k,RandOpt,42,300,10,100,6,5-10,10,4,1,2,6,3,3,3,0.75,True
gsm8k,RandOpt,42,300,10,101,0,0,10,10,0,2,0,5,-5,-5,0.5,False
gsm8k,RandOpt,42,300,10,102,0,0,10,10,0,3,0,5,-5,-5,0.5,False
gsm8k,RandOpt,42,300,10,103,10,5-10,10,0,1,0,10,0,10,10,0.0,True
gsm8k,RandOpt,42,300,10,104,10,5-10,10,0,1,0,10,0,10,10,0.0,True
gsm8k,RandOpt,42,300,10,105,8,5-10,10,2,1,1,8,2,6,6,1.0,True
gsm8k,RandOpt,42,300,10,106,10,5-10,10,0,1,0,10,0,10,10,0.0,True
gsm8k,RandOpt,42,300,10,107,2,2-4,10,8,1,2,2,7,-5,-5,0.875,False
gsm8k,RandOpt,42,300,10,108,10,5-10,10,0,1,0,10,0,10,10,0.0,True
gsm8k,RandOpt,42,300,10,109,0,0,10,10,0,2,0,9,-9,-9,0.9,False
gsm8k,RandOpt,42,300,10,110,7,5-10,10,3,1,1,7,3,4,4,1.0,True
gsm8k,RandOpt,42,300,10,111,0,0,10,10,0,6,0,4,-4,-4,0.4,False
gsm8k,RandOpt,42,300,10,112,10,5-10,10,0,1,0,10,0,10,10,0.0,True
gsm8k,RandOpt,42,300,10,113,10,5-10,10,0,1,0,10,0,10,10,0.0,True
gsm8k,RandOpt,42,300,10,114,6,5-10,10,4,1,4,6,1,5,5,0.25,True
gsm8k,RandOpt,42,300,10,115,0,0,10,10,0,2,0,9,-9,-9,0.9,False
gsm8k,RandOpt,42,300,10,116,5,5-10,10,5,1,5,5,1,4,4,0.2,True
gsm8k,RandOpt,42,300,10,117,9,5-10,10,1,1,1,9,1,8,8,1.0,True
gsm8k,RandOpt,42,300,10,118,10,5-10,10,0,1,0,10,0,10,10,0.0,True
gsm8k,RandOpt,42,300,10,119,2,2-4,10,8,1,7,2,2,0,0,0.25,True
gsm8k,RandOpt,42,300,10,120,10,5-10,10,0,1,0,10,0,10,10,0.0,True
gsm8k,RandOpt,42,300,10,121,10,5-10,10,0,1,0,10,0,10,10,0.0,True
gsm8k,RandOpt,42,300,10,122,4,2-4,10,6,1,5,4,2,2,2,0.3333333333333333,True
gsm8k,RandOpt,42,300,10,123,10,5-10,10,0,1,0,10,0,10,10,0.0,True
gsm8k,RandOpt,42,300,10,124,4,2-4,10,6,1,4,4,3,1,1,0.5,True
gsm8k,RandOpt,42,300,10,125,5,5-10,10,5,1,4,5,2,3,3,0.4,True
gsm8k,RandOpt,42,300,10,126,7,5-10,10,3,1,1,7,3,4,4,1.0,True
gsm8k,RandOpt,42,300,10,127,10,5-10,10,0,1,0,10,0,10,10,0.0,True
gsm8k,RandOpt,42,300,10,128,10,5-10,10,0,1,0,10,0,10,10,0.0,True
gsm8k,RandOpt,42,300,10,129,2,2-4,10,8,1,3,2,6,-4,-4,0.75,False
gsm8k,RandOpt,42,300,10,130,10,5-10,10,0,1,0,10,0,10,10,0.0,True
gsm8k,RandOpt,42,300,10,131,3,2-4,10,7,1,1,3,7,-4,-4,1.0,False
gsm8k,RandOpt,42,300,10,132,7,5-10,10,3,1,1,7,3,4,4,1.0,True
gsm8k,RandOpt,42,300,10,133,7,5-10,10,3,1,1,7,3,4,4,1.0,True
gsm8k,RandOpt,42,300,10,134,8,5-10,10,2,1,1,8,2,6,6,1.0,True
gsm8k,RandOpt,42,300,10,135,9,5-10,10,1,1,1,9,1,8,8,1.0,True
gsm8k,RandOpt,42,300,10,136,10,5-10,10,0,1,0,10,0,10,10,0.0,True
gsm8k,RandOpt,42,300,10,137,0,0,10,10,0,2,0,9,-9,-9,0.9,False
gsm8k,RandOpt,42,300,10,138,5,5-10,10,5,1,1,5,5,0,0,1.0,False
gsm8k,RandOpt,42,300,10,139,10,5-10,10,0,1,0,10,0,10,10,0.0,True
gsm8k,RandOpt,42,300,10,140,9,5-10,10,1,1,1,9,1,8,8,1.0,True
gsm8k,RandOpt,42,300,10,141,7,5-10,10,3,1,1,7,3,4,4,1.0,True
gsm8k,RandOpt,42,300,10,142,10,5-10,10,0,1,0,10,0,10,10,0.0,True
gsm8k,RandOpt,42,300,10,143,0,0,10,10,0,5,0,3,-3,-3,0.3,False
gsm8k,RandOpt,42,300,10,144,10,5-10,10,0,1,0,10,0,10,10,0.0,True
gsm8k,RandOpt,42,300,10,145,9,5-10,10,1,1,1,9,1,8,8,1.0,True
gsm8k,RandOpt,42,300,10,146,4,2-4,10,6,1,2,4,4,0,0,0.6666666666666666,False
gsm8k,RandOpt,42,300,10,147,2,2-4,10,8,1,5,2,3,-1,-1,0.375,False
gsm8k,RandOpt,42,300,10,148,3,2-4,10,7,1,3,3,4,-1,-1,0.5714285714285714,False
gsm8k,RandOpt,42,300,10,149,10,5-10,10,0,1,0,10,0,10,10,0.0,True
gsm8k,RandOpt,42,300,10,150,5,5-10,10,5,1,2,5,3,2,2,0.6,True
gsm8k,RandOpt,42,300,10,151,3,2-4,10,7,1,6,3,2,1,1,0.2857142857142857,True
gsm8k,RandOpt,42,300,10,152,7,5-10,10,3,1,1,7,3,4,4,1.0,True
gsm8k,RandOpt,42,300,10,153,0,0,10,10,0,5,0,5,-5,-5,0.5,False
gsm8k,RandOpt,42,300,10,154,4,2-4,10,6,1,4,4,2,2,2,0.3333333333333333,True
gsm8k,RandOpt,42,300,10,155,10,5-10,10,0,1,0,10,0,10,10,0.0,True
gsm8k,RandOpt,42,300,10,156,0,0,10,10,0,1,0,10,-10,-10,1.0,False
gsm8k,RandOpt,42,300,10,157,1,1,10,9,1,6,1,2,-1,-1,0.2222222222222222,False
gsm8k,RandOpt,42,300,10,158,9,5-10,10,1,1,1,9,1,8,8,1.0,True
gsm8k,RandOpt,42,300,10,159,2,2-4,10,8,1,3,2,4,-2,-2,0.5,False
gsm8k,RandOpt,42,300,10,160,10,5-10,10,0,1,0,10,0,10,10,0.0,True
gsm8k,RandOpt,42,300,10,161,4,2-4,10,6,1,1,4,6,-2,-2,1.0,False
gsm8k,RandOpt,42,300,10,162,0,0,10,10,0,10,0,1,-1,-1,0.1,False
gsm8k,RandOpt,42,300,10,163,0,0,10,10,0,3,0,8,-8,-8,0.8,False
gsm8k,RandOpt,42,300,10,164,9,5-10,10,1,1,1,9,1,8,8,1.0,True
gsm8k,RandOpt,42,300,10,165,0,0,10,10,0,1,0,10,-10,-10,1.0,False
gsm8k,RandOpt,42,300,10,166,6,5-10,10,4,1,1,6,4,2,2,1.0,True
gsm8k,RandOpt,42,300,10,167,10,5-10,10,0,1,0,10,0,10,10,0.0,True
gsm8k,RandOpt,42,300,10,168,10,5-10,10,0,1,0,10,0,10,10,0.0,True
gsm8k,RandOpt,42,300,10,169,10,5-10,10,0,1,0,10,0,10,10,0.0,True
gsm8k,RandOpt,42,300,10,170,9,5-10,10,1,1,1,9,1,8,8,1.0,True
gsm8k,RandOpt,42,300,10,171,1,1,10,9,1,1,1,9,-8,-8,1.0,False
gsm8k,RandOpt,42,300,10,172,10,5-10,10,0,1,0,10,0,10,10,0.0,True
gsm8k,RandOpt,42,300,10,173,9,5-10,10,1,2,1,7,1,8,6,1.0,True
gsm8k,RandOpt,42,300,10,174,10,5-10,10,0,1,0,10,0,10,10,0.0,True
gsm8k,RandOpt,42,300,10,175,9,5-10,10,1,1,1,9,1,8,8,1.0,True
gsm8k,RandOpt,42,300,10,176,10,5-10,10,0,1,0,10,0,10,10,0.0,True
gsm8k,RandOpt,42,300,10,177,8,5-10,10,2,1,1,8,2,6,6,1.0,True
gsm8k,RandOpt,42,300,10,178,10,5-10,10,0,1,0,10,0,10,10,0.0,True
gsm8k,RandOpt,42,300,10,179,2,2-4,10,8,1,1,2,8,-6,-6,1.0,False
gsm8k,RandOpt,42,300,10,180,9,5-10,10,1,1,1,9,1,8,8,1.0,True
gsm8k,RandOpt,42,300,10,181,5,5-10,10,5,1,1,5,5,0,0,1.0,True
gsm8k,RandOpt,42,300,10,182,3,2-4,10,7,1,4,3,3,0,0,0.42857142857142855,True
gsm8k,RandOpt,42,300,10,183,10,5-10,10,0,1,0,10,0,10,10,0.0,True
gsm8k,RandOpt,42,300,10,184,4,2-4,10,6,1,3,4,4,0,0,0.6666666666666666,False
gsm8k,RandOpt,42,300,10,185,10,5-10,10,0,1,0,10,0,10,10,0.0,True
gsm8k,RandOpt,42,300,10,186,6,5-10,10,4,1,4,6,1,5,5,0.25,True
gsm8k,RandOpt,42,300,10,187,4,2-4,10,6,1,1,4,6,-2,-2,1.0,False
gsm8k,RandOpt,42,300,10,188,9,5-10,10,1,1,1,9,1,8,8,1.0,True
gsm8k,RandOpt,42,300,10,189,7,5-10,10,3,1,1,7,3,4,4,1.0,True
gsm8k,RandOpt,42,300,10,190,9,5-10,10,1,1,1,9,1,8,8,1.0,True
gsm8k,RandOpt,42,300,10,191,10,5-10,10,0,1,0,10,0,10,10,0.0,True
gsm8k,RandOpt,42,300,10,192,10,5-10,10,0,1,0,10,0,10,10,0.0,True
gsm8k,RandOpt,42,300,10,193,2,2-4,10,8,1,1,2,8,-6,-6,1.0,False
gsm8k,RandOpt,42,300,10,194,6,5-10,10,4,1,1,6,4,2,2,1.0,True
gsm8k,RandOpt,42,300,10,195,0,0,10,10,0,1,0,10,-10,-10,1.0,False
gsm8k,RandOpt,42,300,10,196,10,5-10,10,0,1,0,10,0,10,10,0.0,True
gsm8k,RandOpt,42,300,10,197,3,2-4,10,7,1,1,3,7,-4,-4,1.0,False
gsm8k,RandOpt,42,300,10,198,9,5-10,10,1,1,1,9,1,8,8,1.0,True
gsm8k,RandOpt,42,300,10,199,9,5-10,10,1,1,1,9,1,8,8,1.0,True
gsm8k,RandOpt,42,300,10,200,10,5-10,10,0,1,0,10,0,10,10,0.0,True
gsm8k,RandOpt,42,300,10,201,6,5-10,10,4,2,4,5,1,5,4,0.25,True
gsm8k,RandOpt,42,300,10,202,10,5-10,10,0,1,0,10,0,10,10,0.0,True
gsm8k,RandOpt,42,300,10,203,10,5-10,10,0,1,0,10,0,10,10,0.0,True
gsm8k,RandOpt,42,300,10,204,10,5-10,10,0,1,0,10,0,10,10,0.0,True
gsm8k,RandOpt,42,300,10,205,0,0,10,10,0,1,0,10,-10,-10,1.0,False
gsm8k,RandOpt,42,300,10,206,10,5-10,10,0,1,0,10,0,10,10,0.0,True
gsm8k,RandOpt,42,300,10,207,10,5-10,10,0,1,0,10,0,10,10,0.0,True
gsm8k,RandOpt,42,300,10,208,10,5-10,10,0,1,0,10,0,10,10,0.0,True
gsm8k,RandOpt,42,300,10,209,6,5-10,10,4,1,2,6,2,4,4,0.5,True
gsm8k,RandOpt,42,300,10,210,2,2-4,10,8,1,3,2,6,-4,-4,0.75,False
gsm8k,RandOpt,42,300,10,211,10,5-10,10,0,1,0,10,0,10,10,0.0,True
gsm8k,RandOpt,42,300,10,212,10,5-10,10,0,1,0,10,0,10,10,0.0,True
gsm8k,RandOpt,42,300,10,213,9,5-10,10,1,1,1,9,1,8,8,1.0,True
gsm8k,RandOpt,42,300,10,214,2,2-4,10,8,1,5,2,3,-1,-1,0.375,False
gsm8k,RandOpt,42,300,10,215,10,5-10,10,0,1,0,10,0,10,10,0.0,True
gsm8k,RandOpt,42,300,10,216,8,5-10,10,2,1,1,8,2,6,6,1.0,True
gsm8k,RandOpt,42,300,10,217,1,1,10,9,1,1,1,9,-8,-8,1.0,False
gsm8k,RandOpt,42,300,10,218,10,5-10,10,0,1,0,10,0,10,10,0.0,True
gsm8k,RandOpt,42,300,10,219,10,5-10,10,0,1,0,10,0,10,10,0.0,True
gsm8k,RandOpt,42,300,10,220,10,5-10,10,0,1,0,10,0,10,10,0.0,True
gsm8k,RandOpt,42,300,10,221,10,5-10,10,0,1,0,10,0,10,10,0.0,True
gsm8k,RandOpt,42,300,10,222,7,5-10,10,3,1,1,7,3,4,4,1.0,True
gsm8k,RandOpt,42,300,10,223,9,5-10,10,1,1,1,9,1,8,8,1.0,True
gsm8k,RandOpt,42,300,10,224,10,5-10,10,0,1,0,10,0,10,10,0.0,True
gsm8k,RandOpt,42,300,10,225,3,2-4,10,7,1,3,3,3,0,0,0.42857142857142855,True
gsm8k,RandOpt,42,300,10,226,10,5-10,10,0,1,0,10,0,10,10,0.0,True
gsm8k,RandOpt,42,300,10,227,0,0,10,10,0,5,0,4,-4,-4,0.4,False
gsm8k,RandOpt,42,300,10,228,10,5-10,10,0,1,0,10,0,10,10,0.0,True
gsm8k,RandOpt,42,300,10,229,9,5-10,10,1,1,1,9,1,8,8,1.0,True
gsm8k,RandOpt,42,300,10,230,10,5-10,10,0,1,0,10,0,10,10,0.0,True
gsm8k,RandOpt,42,300,10,231,10,5-10,10,0,1,0,10,0,10,10,0.0,True
gsm8k,RandOpt,42,300,10,232,10,5-10,10,0,1,0,10,0,10,10,0.0,True
gsm8k,RandOpt,42,300,10,233,8,5-10,10,2,1,1,8,2,6,6,1.0,True
gsm8k,RandOpt,42,300,10,234,4,2-4,10,6,1,4,4,2,2,2,0.3333333333333333,True
gsm8k,RandOpt,42,300,10,235,4,2-4,10,6,1,1,4,6,-2,-2,1.0,False
gsm8k,RandOpt,42,300,10,236,0,0,10,10,0,3,0,7,-7,-7,0.7,False
gsm8k,RandOpt,42,300,10,237,10,5-10,10,0,1,0,10,0,10,10,0.0,True
gsm8k,RandOpt,42,300,10,238,10,5-10,10,0,1,0,10,0,10,10,0.0,True
gsm8k,RandOpt,42,300,10,239,10,5-10,10,0,1,0,10,0,10,10,0.0,True
gsm8k,RandOpt,42,300,10,240,10,5-10,10,0,1,0,10,0,10,10,0.0,True
gsm8k,RandOpt,42,300,10,241,6,5-10,10,4,1,2,6,3,3,3,0.75,True
gsm8k,RandOpt,42,300,10,242,8,5-10,10,2,1,2,8,1,7,7,0.5,True
gsm8k,RandOpt,42,300,10,243,10,5-10,10,0,1,0,10,0,10,10,0.0,True
gsm8k,RandOpt,42,300,10,244,10,5-10,10,0,1,0,10,0,10,10,0.0,True
gsm8k,RandOpt,42,300,10,245,1,1,10,9,1,2,1,8,-7,-7,0.8888888888888888,False
gsm8k,RandOpt,42,300,10,246,5,5-10,10,5,2,2,4,4,1,0,0.8,False
gsm8k,RandOpt,42,300,10,247,4,2-4,10,6,1,1,4,6,-2,-2,1.0,False
gsm8k,RandOpt,42,300,10,248,8,5-10,10,2,1,1,8,2,6,6,1.0,True
gsm8k,RandOpt,42,300,10,249,4,2-4,10,6,1,2,4,5,-1,-1,0.8333333333333334,False
gsm8k,RandOpt,42,300,10,250,4,2-4,10,6,1,2,4,4,0,0,0.6666666666666666,True
gsm8k,RandOpt,42,300,10,251,3,2-4,10,7,1,1,3,7,-4,-4,1.0,False
gsm8k,RandOpt,42,300,10,252,1,1,10,9,1,3,1,7,-6,-6,0.7777777777777778,False
gsm8k,RandOpt,42,300,10,253,10,5-10,10,0,1,0,10,0,10,10,0.0,True
gsm8k,RandOpt,42,300,10,254,10,5-10,10,0,1,0,10,0,10,10,0.0,True
gsm8k,RandOpt,42,300,10,255,0,0,10,10,0,2,0,9,-9,-9,0.9,False
gsm8k,RandOpt,42,300,10,256,10,5-10,10,0,1,0,10,0,10,10,0.0,True
gsm8k,RandOpt,42,300,10,257,9,5-10,10,1,1,1,9,1,8,8,1.0,True
gsm8k,RandOpt,42,300,10,258,2,2-4,10,8,1,4,2,4,-2,-2,0.5,False
gsm8k,RandOpt,42,300,10,259,3,2-4,10,7,1,5,3,2,1,1,0.2857142857142857,True
gsm8k,RandOpt,42,300,10,260,10,5-10,10,0,1,0,10,0,10,10,0.0,True
gsm8k,RandOpt,42,300,10,261,10,5-10,10,0,1,0,10,0,10,10,0.0,True
gsm8k,RandOpt,42,300,10,262,10,5-10,10,0,1,0,10,0,10,10,0.0,True
gsm8k,RandOpt,42,300,10,263,9,5-10,10,1,1,1,9,1,8,8,1.0,True
gsm8k,RandOpt,42,300,10,264,7,5-10,10,3,1,1,7,3,4,4,1.0,True
gsm8k,RandOpt,42,300,10,265,8,5-10,10,2,1,2,8,1,7,7,0.5,True
gsm8k,RandOpt,42,300,10,266,0,0,10,10,0,4,0,7,-7,-7,0.7,False
gsm8k,RandOpt,42,300,10,267,2,2-4,10,8,1,2,2,5,-3,-3,0.625,False
gsm8k,RandOpt,42,300,10,268,10,5-10,10,0,2,0,5,0,10,5,0.0,True
gsm8k,RandOpt,42,300,10,269,10,5-10,10,0,1,0,10,0,10,10,0.0,True
gsm8k,RandOpt,42,300,10,270,6,5-10,10,4,1,1,6,4,2,2,1.0,True
gsm8k,RandOpt,42,300,10,271,6,5-10,10,4,1,2,6,3,3,3,0.75,True
gsm8k,RandOpt,42,300,10,272,0,0,10,10,0,2,0,8,-8,-8,0.8,False
gsm8k,RandOpt,42,300,10,273,10,5-10,10,0,1,0,10,0,10,10,0.0,True
gsm8k,RandOpt,42,300,10,274,8,5-10,10,2,1,1,8,2,6,6,1.0,True
gsm8k,RandOpt,42,300,10,275,8,5-10,10,2,1,2,8,1,7,7,0.5,True
gsm8k,RandOpt,42,300,10,276,9,5-10,10,1,1,1,9,1,8,8,1.0,True
gsm8k,RandOpt,42,300,10,277,10,5-10,10,0,1,0,10,0,10,10,0.0,True
gsm8k,RandOpt,42,300,10,278,9,5-10,10,1,1,1,9,1,8,8,1.0,True
gsm8k,RandOpt,42,300,10,279,10,5-10,10,0,1,0,10,0,10,10,0.0,True
gsm8k,RandOpt,42,300,10,280,1,1,10,9,1,2,1,8,-7,-7,0.8888888888888888,False
gsm8k,RandOpt,42,300,10,281,2,2-4,10,8,1,1,2,8,-6,-6,1.0,False
gsm8k,RandOpt,42,300,10,282,8,5-10,10,2,1,1,8,2,6,6,1.0,True
gsm8k,RandOpt,42,300,10,283,10,5-10,10,0,1,0,10,0,10,10,0.0,True
gsm8k,RandOpt,42,300,10,284,9,5-10,10,1,1,1,9,1,8,8,1.0,True
gsm8k,RandOpt,42,300,10,285,4,2-4,10,6,1,1,4,6,-2,-2,1.0,False
gsm8k,RandOpt,42,300,10,286,10,5-10,10,0,1,0,10,0,10,10,0.0,True
gsm8k,RandOpt,42,300,10,287,10,5-10,10,0,1,0,10,0,10,10,0.0,True
gsm8k,RandOpt,42,300,10,288,10,5-10,10,0,1,0,10,0,10,10,0.0,True
gsm8k,RandOpt,42,300,10,289,10,5-10,10,0,1,0,10,0,10,10,0.0,True
gsm8k,RandOpt,42,300,10,290,10,5-10,10,0,1,0,10,0,10,10,0.0,True
gsm8k,RandOpt,42,300,10,291,10,5-10,10,0,1,0,10,0,10,10,0.0,True
gsm8k,RandOpt,42,300,10,292,5,5-10,10,5,1,1,5,5,0,0,1.0,False
gsm8k,RandOpt,42,300,10,293,1,1,10,9,1,3,1,5,-4,-4,0.5555555555555556,False
gsm8k,RandOpt,42,300,10,294,10,5-10,10,0,1,0,10,0,10,10,0.0,True
gsm8k,RandOpt,42,300,10,295,6,5-10,10,4,1,1,6,4,2,2,1.0,True
gsm8k,RandOpt,42,300,10,296,2,2-4,10,8,1,3,2,5,-3,-3,0.625,False
gsm8k,RandOpt,42,300,10,297,0,0,10,10,0,4,0,4,-4,-4,0.4,False
gsm8k,RandOpt,42,300,10,298,0,0,10,10,0,9,0,2,-2,-2,0.2,False
gsm8k,RandOpt,42,300,10,299,0,0,10,10,0,7,0,3,-3,-3,0.3,False
gsm8k,RandOpt,42,300,10,300,0,0,10,10,0,1,0,10,-10,-10,1.0,False
gsm8k,RandOpt,42,300,10,301,0,0,10,10,0,5,0,5,-5,-5,0.5,False
gsm8k,RandOpt,42,300,10,302,7,5-10,10,3,1,2,7,2,5,5,0.6666666666666666,True
gsm8k,RandOpt,42,300,10,303,0,0,10,10,0,7,0,4,-4,-4,0.4,False
gsm8k,RandOpt,42,300,10,304,6,5-10,10,4,1,1,6,4,2,2,1.0,True
gsm8k,RandOpt,42,300,10,305,10,5-10,10,0,1,0,10,0,10,10,0.0,True
gsm8k,RandOpt,42,300,10,306,10,5-10,10,0,1,0,10,0,10,10,0.0,True
gsm8k,RandOpt,42,300,10,307,0,0,10,10,0,1,0,10,-10,-10,1.0,False
gsm8k,RandOpt,42,300,10,308,2,2-4,10,8,1,3,2,5,-3,-3,0.625,False
gsm8k,RandOpt,42,300,10,309,10,5-10,10,0,1,0,10,0,10,10,0.0,True
gsm8k,RandOpt,42,300,10,310,2,2-4,10,8,1,2,2,7,-5,-5,0.875,False
gsm8k,RandOpt,42,300,10,311,10,5-10,10,0,1,0,10,0,10,10,0.0,True
gsm8k,RandOpt,42,300,10,312,8,5-10,10,2,1,1,8,2,6,6,1.0,True
gsm8k,RandOpt,42,300,10,313,3,2-4,10,7,1,6,3,2,1,1,0.2857142857142857,True
gsm8k,RandOpt,42,300,10,314,9,5-10,10,1,1,1,9,1,8,8,1.0,True
gsm8k,RandOpt,42,300,10,315,9,5-10,10,1,1,1,9,1,8,8,1.0,True
gsm8k,RandOpt,42,300,10,316,3,2-4,10,7,1,2,3,6,-3,-3,0.8571428571428571,False
gsm8k,RandOpt,42,300,10,317,10,5-10,10,0,1,0,10,0,10,10,0.0,True
gsm8k,RandOpt,42,300,10,318,7,5-10,10,3,1,1,7,3,4,4,1.0,True
gsm8k,RandOpt,42,300,10,319,3,2-4,10,7,1,2,3,5,-2,-2,0.7142857142857143,False
gsm8k,RandOpt,42,300,10,320,6,5-10,10,4,1,3,6,2,4,4,0.5,True
gsm8k,RandOpt,42,300,10,321,6,5-10,10,4,1,1,6,4,2,2,1.0,True
gsm8k,RandOpt,42,300,10,322,6,5-10,10,4,1,2,6,3,3,3,0.75,True
gsm8k,RandOpt,42,300,10,323,8,5-10,10,2,1,2,8,1,7,7,0.5,True
gsm8k,RandOpt,42,300,10,324,2,2-4,10,8,1,5,2,3,-1,-1,0.375,False
gsm8k,RandOpt,42,300,10,325,9,5-10,10,1,2,1,5,1,8,4,1.0,True
gsm8k,RandOpt,42,300,10,326,10,5-10,10,0,1,0,10,0,10,10,0.0,True
gsm8k,RandOpt,42,300,10,327,10,5-10,10,0,1,0,10,0,10,10,0.0,True
gsm8k,RandOpt,42,300,10,328,10,5-10,10,0,1,0,10,0,10,10,0.0,True
gsm8k,RandOpt,42,300,10,329,9,5-10,10,1,1,1,9,1,8,8,1.0,True
gsm8k,RandOpt,42,300,10,330,5,5-10,10,5,1,4,5,2,3,3,0.4,True
gsm8k,RandOpt,42,300,10,331,10,5-10,10,0,2,0,6,0,10,6,0.0,True
gsm8k,RandOpt,42,300,10,332,10,5-10,10,0,1,0,10,0,10,10,0.0,True
gsm8k,RandOpt,42,300,10,333,9,5-10,10,1,1,1,9,1,8,8,1.0,True
gsm8k,RandOpt,42,300,10,334,10,5-10,10,0,1,0,10,0,10,10,0.0,True
gsm8k,RandOpt,42,300,10,335,9,5-10,10,1,1,1,9,1,8,8,1.0,True
gsm8k,RandOpt,42,300,10,336,10,5-10,10,0,1,0,10,0,10,10,0.0,True
gsm8k,RandOpt,42,300,10,337,9,5-10,10,1,1,1,9,1,8,8,1.0,True
gsm8k,RandOpt,42,300,10,338,8,5-10,10,2,1,2,8,1,7,7,0.5,True
gsm8k,RandOpt,42,300,10,339,8,5-10,10,2,1,1,8,2,6,6,1.0,True
gsm8k,RandOpt,42,300,10,340,1,1,10,9,1,5,1,3,-2,-2,0.3333333333333333,False
gsm8k,RandOpt,42,300,10,341,7,5-10,10,3,1,3,7,1,6,6,0.3333333333333333,True
gsm8k,RandOpt,42,300,10,342,8,5-10,10,2,1,1,8,2,6,6,1.0,True
gsm8k,RandOpt,42,300,10,343,8,5-10,10,2,1,1,8,2,6,6,1.0,True
gsm8k,RandOpt,42,300,10,344,10,5-10,10,0,1,0,10,0,10,10,0.0,True
gsm8k,RandOpt,42,300,10,345,10,5-10,10,0,1,0,10,0,10,10,0.0,True
gsm8k,RandOpt,42,300,10,346,10,5-10,10,0,1,0,10,0,10,10,0.0,True
gsm8k,RandOpt,42,300,10,347,5,5-10,10,5,1,1,5,5,0,0,1.0,True
gsm8k,RandOpt,42,300,10,348,9,5-10,10,1,1,1,9,1,8,8,1.0,True
gsm8k,RandOpt,42,300,10,349,10,5-10,10,0,1,0,10,0,10,10,0.0,True
gsm8k,RandOpt,42,300,10,350,10,5-10,10,0,1,0,10,0,10,10,0.0,True
gsm8k,RandOpt,42,300,10,351,10,5-10,10,0,1,0,10,0,10,10,0.0,True
gsm8k,RandOpt,42,300,10,352,10,5-10,10,0,1,0,10,0,10,10,0.0,True
gsm8k,RandOpt,42,300,10,353,6,5-10,10,4,1,1,6,4,2,2,1.0,True
gsm8k,RandOpt,42,300,10,354,1,1,10,9,1,3,1,7,-6,-6,0.7777777777777778,False
gsm8k,RandOpt,42,300,10,355,10,5-10,10,0,1,0,10,0,10,10,0.0,True
gsm8k,RandOpt,42,300,10,356,0,0,10,10,0,3,0,5,-5,-5,0.5,False
gsm8k,RandOpt,42,300,10,357,0,0,10,10,0,4,0,5,-5,-5,0.5,False
gsm8k,RandOpt,42,300,10,358,9,5-10,10,1,1,1,9,1,8,8,1.0,True
gsm8k,RandOpt,42,300,10,359,8,5-10,10,2,1,1,8,2,6,6,1.0,True
gsm8k,RandOpt,42,300,10,360,10,5-10,10,0,1,0,10,0,10,10,0.0,True
gsm8k,RandOpt,42,300,10,361,2,2-4,10,8,1,4,2,4,-2,-2,0.5,False
gsm8k,RandOpt,42,300,10,362,6,5-10,10,4,1,1,6,4,2,2,1.0,True
gsm8k,RandOpt,42,300,10,363,5,5-10,10,5,1,2,5,4,1,1,0.8,True
gsm8k,RandOpt,42,300,10,364,9,5-10,10,1,1,1,9,1,8,8,1.0,True
gsm8k,RandOpt,42,300,10,365,10,5-10,10,0,1,0,10,0,10,10,0.0,True
gsm8k,RandOpt,42,300,10,366,10,5-10,10,0,1,0,10,0,10,10,0.0,True
gsm8k,RandOpt,42,300,10,367,2,2-4,10,8,1,5,2,3,-1,-1,0.375,False
gsm8k,RandOpt,42,300,10,368,0,0,10,10,0,1,0,10,-10,-10,1.0,False
gsm8k,RandOpt,42,300,10,369,2,2-4,10,8,1,6,2,3,-1,-1,0.375,False
gsm8k,RandOpt,42,300,10,370,9,5-10,10,1,1,1,9,1,8,8,1.0,True
gsm8k,RandOpt,42,300,10,371,6,5-10,10,4,1,2,6,3,3,3,0.75,True
gsm8k,RandOpt,42,300,10,372,10,5-10,10,0,1,0,10,0,10,10,0.0,True
gsm8k,RandOpt,42,300,10,373,5,5-10,10,5,2,3,3,3,2,0,0.6,True
gsm8k,RandOpt,42,300,10,374,5,5-10,10,5,1,1,5,5,0,0,1.0,True
gsm8k,RandOpt,42,300,10,375,4,2-4,10,6,1,1,4,6,-2,-2,1.0,False
gsm8k,RandOpt,42,300,10,376,10,5-10,10,0,1,0,10,0,10,10,0.0,True
gsm8k,RandOpt,42,300,10,377,7,5-10,10,3,1,2,7,2,5,5,0.6666666666666666,True
gsm8k,RandOpt,42,300,10,378,10,5-10,10,0,1,0,10,0,10,10,0.0,True
gsm8k,RandOpt,42,300,10,379,8,5-10,10,2,1,1,8,2,6,6,1.0,True
gsm8k,RandOpt,42,300,10,380,0,0,10,10,0,3,0,5,-5,-5,0.5,False
gsm8k,RandOpt,42,300,10,381,10,5-10,10,0,1,0,10,0,10,10,0.0,True
gsm8k,RandOpt,42,300,10,382,9,5-10,10,1,1,1,9,1,8,8,1.0,True
gsm8k,RandOpt,42,300,10,383,4,2-4,10,6,1,1,4,6,-2,-2,1.0,False
gsm8k,RandOpt,42,300,10,384,10,5-10,10,0,1,0,10,0,10,10,0.0,True
gsm8k,RandOpt,42,300,10,385,7,5-10,10,3,1,2,7,2,5,5,0.6666666666666666,True
gsm8k,RandOpt,42,300,10,386,6,5-10,10,4,1,2,6,3,3,3,0.75,True
gsm8k,RandOpt,42,300,10,387,10,5-10,10,0,1,0,10,0,10,10,0.0,True
gsm8k,RandOpt,42,300,10,388,10,5-10,10,0,1,0,10,0,10,10,0.0,True
gsm8k,RandOpt,42,300,10,389,0,0,10,10,0,5,0,5,-5,-5,0.5,False
gsm8k,RandOpt,42,300,10,390,10,5-10,10,0,1,0,10,0,10,10,0.0,True
gsm8k,RandOpt,42,300,10,391,10,5-10,10,0,1,0,10,0,10,10,0.0,True
gsm8k,RandOpt,42,300,10,392,5,5-10,10,5,1,4,5,2,3,3,0.4,True
gsm8k,RandOpt,42,300,10,393,10,5-10,10,0,1,0,10,0,10,10,0.0,True
gsm8k,RandOpt,42,300,10,394,2,2-4,10,8,1,6,2,2,0,0,0.25,False
gsm8k,RandOpt,42,300,10,395,0,0,10,10,0,2,0,6,-6,-6,0.6,False
gsm8k,RandOpt,42,300,10,396,10,5-10,10,0,1,0,10,0,10,10,0.0,True
gsm8k,RandOpt,42,300,10,397,6,5-10,10,4,1,2,6,3,3,3,0.75,True
gsm8k,RandOpt,42,300,10,398,10,5-10,10,0,1,0,10,0,10,10,0.0,True
gsm8k,RandOpt,42,300,10,399,10,5-10,10,0,1,0,10,0,10,10,0.0,True
gsm8k,RandOpt,42,300,10,400,10,5-10,10,0,1,0,10,0,10,10,0.0,True
gsm8k,RandOpt,42,300,10,401,10,5-10,10,0,2,0,8,0,10,8,0.0,True
gsm8k,RandOpt,42,300,10,402,10,5-10,10,0,1,0,10,0,10,10,0.0,True
gsm8k,RandOpt,42,300,10,403,1,1,10,9,1,1,1,9,-8,-8,1.0,False
gsm8k,RandOpt,42,300,10,404,3,2-4,10,7,1,2,3,5,-2,-2,0.7142857142857143,False
gsm8k,RandOpt,42,300,10,405,0,0,10,10,0,1,0,10,-10,-10,1.0,False
gsm8k,RandOpt,42,300,10,406,0,0,10,10,0,3,0,6,-6,-6,0.6,False
gsm8k,RandOpt,42,300,10,407,3,2-4,10,7,2,4,2,3,0,-1,0.42857142857142855,False
gsm8k,RandOpt,42,300,10,408,9,5-10,10,1,1,1,9,1,8,8,1.0,True
gsm8k,RandOpt,42,300,10,409,2,2-4,10,8,1,7,2,2,0,0,0.25,False
gsm8k,RandOpt,42,300,10,410,4,2-4,10,6,1,3,4,3,1,1,0.5,True
gsm8k,RandOpt,42,300,10,411,3,2-4,10,7,1,1,3,7,-4,-4,1.0,False
gsm8k,RandOpt,42,300,10,412,5,5-10,10,5,1,4,5,2,3,3,0.4,True
gsm8k,RandOpt,42,300,10,413,0,0,10,10,0,6,0,2,-2,-2,0.2,False
gsm8k,RandOpt,42,300,10,414,8,5-10,10,2,1,1,8,2,6,6,1.0,True
gsm8k,RandOpt,42,300,10,415,8,5-10,10,2,1,2,8,1,7,7,0.5,True
gsm8k,RandOpt,42,300,10,416,6,5-10,10,4,1,4,6,1,5,5,0.25,True
gsm8k,RandOpt,42,300,10,417,5,5-10,10,5,1,2,5,3,2,2,0.6,True
gsm8k,RandOpt,42,300,10,418,10,5-10,10,0,1,0,10,0,10,10,0.0,True
gsm8k,RandOpt,42,300,10,419,0,0,10,10,0,3,0,6,-6,-6,0.6,False
gsm8k,RandOpt,42,300,10,420,9,5-10,10,1,1,1,9,1,8,8,1.0,True
gsm8k,RandOpt,42,300,10,421,7,5-10,10,3,1,1,7,3,4,4,1.0,True
gsm8k,RandOpt,42,300,10,422,0,0,10,10,0,4,0,6,-6,-6,0.6,False
gsm8k,RandOpt,42,300,10,423,0,0,10,10,0,3,0,6,-6,-6,0.6,False
gsm8k,RandOpt,42,300,10,424,10,5-10,10,0,1,0,10,0,10,10,0.0,True
gsm8k,RandOpt,42,300,10,425,9,5-10,10,1,1,1,9,1,8,8,1.0,True
gsm8k,RandOpt,42,300,10,426,10,5-10,10,0,1,0,10,0,10,10,0.0,True
gsm8k,RandOpt,42,300,10,427,1,1,10,9,1,5,1,5,-4,-4,0.5555555555555556,False
gsm8k,RandOpt,42,300,10,428,0,0,10,10,0,4,0,6,-6,-6,0.6,False
gsm8k,RandOpt,42,300,10,429,8,5-10,10,2,1,2,8,1,7,7,0.5,True
gsm8k,RandOpt,42,300,10,430,0,0,10,10,0,4,0,7,-7,-7,0.7,False
gsm8k,RandOpt,42,300,10,431,3,2-4,10,7,1,2,3,5,-2,-2,0.7142857142857143,False
gsm8k,RandOpt,42,300,10,432,10,5-10,10,0,1,0,10,0,10,10,0.0,True
gsm8k,RandOpt,42,300,10,433,9,5-10,10,1,1,1,9,1,8,8,1.0,True
gsm8k,RandOpt,42,300,10,434,7,5-10,10,3,1,3,7,1,6,6,0.3333333333333333,True
gsm8k,RandOpt,42,300,10,435,5,5-10,10,5,1,1,5,5,0,0,1.0,False
gsm8k,RandOpt,42,300,10,436,6,5-10,10,4,1,2,6,3,3,3,0.75,True
gsm8k,RandOpt,42,300,10,437,5,5-10,10,5,1,2,5,4,1,1,0.8,True
gsm8k,RandOpt,42,300,10,438,9,5-10,10,1,1,1,9,1,8,8,1.0,True
gsm8k,RandOpt,42,300,10,439,3,2-4,10,7,1,3,3,4,-1,-1,0.5714285714285714,False
gsm8k,RandOpt,42,300,10,440,10,5-10,10,0,1,0,10,0,10,10,0.0,True
gsm8k,RandOpt,42,300,10,441,10,5-10,10,0,1,0,10,0,10,10,0.0,True
gsm8k,RandOpt,42,300,10,442,0,0,10,10,0,1,0,10,-10,-10,1.0,False
gsm8k,RandOpt,42,300,10,443,0,0,10,10,0,8,0,2,-2,-2,0.2,False
gsm8k,RandOpt,42,300,10,444,10,5-10,10,0,1,0,10,0,10,10,0.0,True
gsm8k,RandOpt,42,300,10,445,9,5-10,10,1,1,1,9,1,8,8,1.0,True
gsm8k,RandOpt,42,300,10,446,9,5-10,10,1,1,1,9,1,8,8,1.0,True
gsm8k,RandOpt,42,300,10,447,9,5-10,10,1,1,1,9,1,8,8,1.0,True
gsm8k,RandOpt,42,300,10,448,7,5-10,10,3,1,1,7,3,4,4,1.0,True
gsm8k,RandOpt,42,300,10,449,7,5-10,10,3,1,1,7,3,4,4,1.0,True
gsm8k,RandOpt,42,300,10,450,0,0,10,10,0,6,0,5,-5,-5,0.5,False
gsm8k,RandOpt,42,300,10,451,4,2-4,10,6,1,3,4,4,0,0,0.6666666666666666,False
gsm8k,RandOpt,42,300,10,452,9,5-10,10,1,1,1,9,1,8,8,1.0,True
gsm8k,RandOpt,42,300,10,453,0,0,10,10,0,3,0,8,-8,-8,0.8,False
gsm8k,RandOpt,42,300,10,454,0,0,10,10,0,1,0,10,-10,-10,1.0,False
gsm8k,RandOpt,42,300,10,455,10,5-10,10,0,1,0,10,0,10,10,0.0,True
gsm8k,RandOpt,42,300,10,456,10,5-10,10,0,1,0,10,0,10,10,0.0,True
gsm8k,RandOpt,42,300,10,457,10,5-10,10,0,1,0,10,0,10,10,0.0,True
gsm8k,RandOpt,42,300,10,458,10,5-10,10,0,1,0,10,0,10,10,0.0,True
gsm8k,RandOpt,42,300,10,459,10,5-10,10,0,1,0,10,0,10,10,0.0,True
gsm8k,RandOpt,42,300,10,460,10,5-10,10,0,1,0,10,0,10,10,0.0,True
gsm8k,RandOpt,42,300,10,461,10,5-10,10,0,1,0,10,0,10,10,0.0,True
gsm8k,RandOpt,42,300,10,462,9,5-10,10,1,1,1,9,1,8,8,1.0,True
gsm8k,RandOpt,42,300,10,463,8,5-10,10,2,1,1,8,2,6,6,1.0,True
gsm8k,RandOpt,42,300,10,464,4,2-4,10,6,1,2,4,5,-1,-1,0.8333333333333334,False
gsm8k,RandOpt,42,300,10,465,10,5-10,10,0,1,0,10,0,10,10,0.0,True
gsm8k,RandOpt,42,300,10,466,1,1,10,9,1,5,1,5,-4,-4,0.5555555555555556,False
gsm8k,RandOpt,42,300,10,467,8,5-10,10,2,1,2,8,1,7,7,0.5,True
gsm8k,RandOpt,42,300,10,468,8,5-10,10,2,1,2,8,1,7,7,0.5,True
gsm8k,RandOpt,42,300,10,469,10,5-10,10,0,1,0,10,0,10,10,0.0,True
gsm8k,RandOpt,42,300,10,470,10,5-10,10,0,1,0,10,0,10,10,0.0,True
gsm8k,RandOpt,42,300,10,471,3,2-4,10,7,1,1,3,7,-4,-4,1.0,False
gsm8k,RandOpt,42,300,10,472,9,5-10,10,1,1,1,9,1,8,8,1.0,True
gsm8k,RandOpt,42,300,10,473,7,5-10,10,3,1,1,7,3,4,4,1.0,True
gsm8k,RandOpt,42,300,10,474,9,5-10,10,1,1,1,9,1,8,8,1.0,True
gsm8k,RandOpt,42,300,10,475,4,2-4,10,6,1,5,4,2,2,2,0.3333333333333333,True
gsm8k,RandOpt,42,300,10,476,10,5-10,10,0,1,0,10,0,10,10,0.0,True
gsm8k,RandOpt,42,300,10,477,9,5-10,10,1,1,1,9,1,8,8,1.0,True
gsm8k,RandOpt,42,300,10,478,6,5-10,10,4,1,2,6,3,3,3,0.75,True
gsm8k,RandOpt,42,300,10,479,6,5-10,10,4,1,4,6,1,5,5,0.25,True
gsm8k,RandOpt,42,300,10,480,10,5-10,10,0,1,0,10,0,10,10,0.0,True
gsm8k,RandOpt,42,300,10,481,10,5-10,10,0,1,0,10,0,10,10,0.0,True
gsm8k,RandOpt,42,300,10,482,9,5-10,10,1,1,1,9,1,8,8,1.0,True
gsm8k,RandOpt,42,300,10,483,6,5-10,10,4,1,1,6,4,2,2,1.0,True
gsm8k,RandOpt,42,300,10,484,10,5-10,10,0,1,0,10,0,10,10,0.0,True
gsm8k,RandOpt,42,300,10,485,2,2-4,10,8,1,1,2,8,-6,-6,1.0,False
gsm8k,RandOpt,42,300,10,486,10,5-10,10,0,1,0,10,0,10,10,0.0,True
gsm8k,RandOpt,42,300,10,487,10,5-10,10,0,1,0,10,0,10,10,0.0,True
gsm8k,RandOpt,42,300,10,488,10,5-10,10,0,1,0,10,0,10,10,0.0,True
gsm8k,RandOpt,42,300,10,489,10,5-10,10,0,1,0,10,0,10,10,0.0,True
gsm8k,RandOpt,42,300,10,490,10,5-10,10,0,1,0,10,0,10,10,0.0,True
gsm8k,RandOpt,42,300,10,491,10,5-10,10,0,1,0,10,0,10,10,0.0,True
gsm8k,RandOpt,42,300,10,492,10,5-10,10,0,1,0,10,0,10,10,0.0,True
gsm8k,RandOpt,42,300,10,493,4,2-4,10,6,1,4,4,3,1,1,0.5,True
gsm8k,RandOpt,42,300,10,494,0,0,10,10,0,5,0,5,-5,-5,0.5,False
gsm8k,RandOpt,42,300,10,495,8,5-10,10,2,1,1,8,2,6,6,1.0,True
gsm8k,RandOpt,42,300,10,496,9,5-10,10,1,1,1,9,1,8,8,1.0,True
gsm8k,RandOpt,42,300,10,497,0,0,10,10,0,1,0,10,-10,-10,1.0,False
gsm8k,RandOpt,42,300,10,498,10,5-10,10,0,1,0,10,0,10,10,0.0,True
gsm8k,RandOpt,42,300,10,499,0,0,10,10,0,5,0,4,-4,-4,0.4,False
gsm8k,RandOpt,42,300,10,500,8,5-10,10,2,1,2,8,1,7,7,0.5,True
gsm8k,RandOpt,42,300,10,501,10,5-10,10,0,1,0,10,0,10,10,0.0,True
gsm8k,RandOpt,42,300,10,502,10,5-10,10,0,1,0,10,0,10,10,0.0,True
gsm8k,RandOpt,42,300,10,503,10,5-10,10,0,1,0,10,0,10,10,0.0,True
gsm8k,RandOpt,42,300,10,504,2,2-4,10,8,1,2,2,7,-5,-5,0.875,False
gsm8k,RandOpt,42,300,10,505,1,1,10,9,1,3,1,5,-4,-4,0.5555555555555556,False
gsm8k,RandOpt,42,300,10,506,4,2-4,10,6,1,2,4,5,-1,-1,0.8333333333333334,False
gsm8k,RandOpt,42,300,10,507,4,2-4,10,6,1,2,4,5,-1,-1,0.8333333333333334,False
gsm8k,RandOpt,42,300,10,508,4,2-4,10,6,1,1,4,6,-2,-2,1.0,False
gsm8k,RandOpt,42,300,10,509,9,5-10,10,1,1,1,9,1,8,8,1.0,True
gsm8k,RandOpt,42,300,10,510,0,0,10,10,0,2,0,9,-9,-9,0.9,False
gsm8k,RandOpt,42,300,10,511,4,2-4,10,6,1,1,4,6,-2,-2,1.0,False
gsm8k,RandOpt,42,300,10,512,10,5-10,10,0,1,0,10,0,10,10,0.0,True
gsm8k,RandOpt,42,300,10,513,6,5-10,10,4,1,1,6,4,2,2,1.0,True
gsm8k,RandOpt,42,300,10,514,3,2-4,10,7,2,1,2,7,-4,-5,1.0,False
gsm8k,RandOpt,42,300,10,515,0,0,10,10,0,2,0,9,-9,-9,0.9,False
gsm8k,RandOpt,42,300,10,516,10,5-10,10,0,1,0,10,0,10,10,0.0,True
gsm8k,RandOpt,42,300,10,517,10,5-10,10,0,1,0,10,0,10,10,0.0,True
gsm8k,RandOpt,42,300,10,518,10,5-10,10,0,1,0,10,0,10,10,0.0,True
gsm8k,RandOpt,42,300,10,519,10,5-10,10,0,1,0,10,0,10,10,0.0,True
gsm8k,RandOpt,42,300,10,520,8,5-10,10,2,1,1,8,2,6,6,1.0,True
gsm8k,RandOpt,42,300,10,521,9,5-10,10,1,1,1,9,1,8,8,1.0,True
gsm8k,RandOpt,42,300,10,522,10,5-10,10,0,1,0,10,0,10,10,0.0,True
gsm8k,RandOpt,42,300,10,523,0,0,10,10,0,2,0,9,-9,-9,0.9,False
gsm8k,RandOpt,42,300,10,524,10,5-10,10,0,1,0,10,0,10,10,0.0,True
gsm8k,RandOpt,42,300,10,525,0,0,10,10,0,4,0,5,-5,-5,0.5,False
gsm8k,RandOpt,42,300,10,526,1,1,10,9,1,2,1,8,-7,-7,0.8888888888888888,False
gsm8k,RandOpt,42,300,10,527,8,5-10,10,2,1,2,8,1,7,7,0.5,True
gsm8k,RandOpt,42,300,10,528,1,1,10,9,1,5,1,3,-2,-2,0.3333333333333333,False
gsm8k,RandOpt,42,300,10,529,3,2-4,10,7,1,2,3,4,-1,-1,0.5714285714285714,False
gsm8k,RandOpt,42,300,10,530,0,0,10,10,0,3,0,7,-7,-7,0.7,False
gsm8k,RandOpt,42,300,10,531,5,5-10,10,5,1,2,5,4,1,1,0.8,True
gsm8k,RandOpt,42,300,10,532,9,5-10,10,1,1,1,9,1,8,8,1.0,True
gsm8k,RandOpt,42,300,10,533,4,2-4,10,6,1,1,4,6,-2,-2,1.0,False
gsm8k,RandOpt,42,300,10,534,6,5-10,10,4,1,4,6,1,5,5,0.25,True
gsm8k,RandOpt,42,300,10,535,6,5-10,10,4,1,3,6,2,4,4,0.5,True
gsm8k,RandOpt,42,300,10,536,2,2-4,10,8,1,1,2,8,-6,-6,1.0,False
gsm8k,RandOpt,42,300,10,537,10,5-10,10,0,1,0,10,0,10,10,0.0,True
gsm8k,RandOpt,42,300,10,538,6,5-10,10,4,1,1,6,4,2,2,1.0,True
gsm8k,RandOpt,42,300,10,539,0,0,10,10,0,5,0,4,-4,-4,0.4,False
gsm8k,RandOpt,42,300,10,540,8,5-10,10,2,1,1,8,2,6,6,1.0,True
gsm8k,RandOpt,42,300,10,541,4,2-4,10,6,1,4,4,3,1,1,0.5,True
gsm8k,RandOpt,42,300,10,542,0,0,10,10,0,2,0,8,-8,-8,0.8,False
gsm8k,RandOpt,42,300,10,543,10,5-10,10,0,1,0,10,0,10,10,0.0,True
gsm8k,RandOpt,42,300,10,544,8,5-10,10,2,1,1,8,2,6,6,1.0,True
gsm8k,RandOpt,42,300,10,545,10,5-10,10,0,1,0,10,0,10,10,0.0,True
gsm8k,RandOpt,42,300,10,546,0,0,10,10,0,2,0,9,-9,-9,0.9,False
gsm8k,RandOpt,42,300,10,547,4,2-4,10,6,1,1,4,6,-2,-2,1.0,False
gsm8k,RandOpt,42,300,10,548,0,0,10,10,0,1,0,10,-10,-10,1.0,False
gsm8k,RandOpt,42,300,10,549,8,5-10,10,2,1,2,8,1,7,7,0.5,True
gsm8k,RandOpt,42,300,10,550,1,1,10,9,1,5,1,5,-4,-4,0.5555555555555556,False
gsm8k,RandOpt,42,300,10,551,0,0,10,10,0,1,0,10,-10,-10,1.0,False
gsm8k,RandOpt,42,300,10,552,7,5-10,10,3,1,1,7,3,4,4,1.0,True
gsm8k,RandOpt,42,300,10,553,10,5-10,10,0,1,0,10,0,10,10,0.0,True
gsm8k,RandOpt,42,300,10,554,2,2-4,10,8,1,1,2,8,-6,-6,1.0,False
gsm8k,RandOpt,42,300,10,555,4,2-4,10,6,1,1,4,6,-2,-2,1.0,False
gsm8k,RandOpt,42,300,10,556,3,2-4,10,7,1,1,3,7,-4,-4,1.0,False
gsm8k,RandOpt,42,300,10,557,10,5-10,10,0,1,0,10,0,10,10,0.0,True
gsm8k,RandOpt,42,300,10,558,10,5-10,10,0,1,0,10,0,10,10,0.0,True
gsm8k,RandOpt,42,300,10,559,0,0,10,10,0,3,0,8,-8,-8,0.8,False
gsm8k,RandOpt,42,300,10,560,5,5-10,10,5,1,1,5,5,0,0,1.0,False
gsm8k,RandOpt,42,300,10,561,10,5-10,10,0,1,0,10,0,10,10,0.0,True
gsm8k,RandOpt,42,300,10,562,10,5-10,10,0,1,0,10,0,10,10,0.0,True
gsm8k,RandOpt,42,300,10,563,7,5-10,10,3,1,2,7,2,5,5,0.6666666666666666,True
gsm8k,RandOpt,42,300,10,564,8,5-10,10,2,1,2,8,1,7,7,0.5,True
gsm8k,RandOpt,42,300,10,565,10,5-10,10,0,1,0,10,0,10,10,0.0,True
gsm8k,RandOpt,42,300,10,566,5,5-10,10,5,1,2,5,3,2,2,0.6,True
gsm8k,RandOpt,42,300,10,567,0,0,10,10,0,3,0,5,-5,-5,0.5,False
gsm8k,RandOpt,42,300,10,568,8,5-10,10,2,1,2,8,1,7,7,0.5,True
gsm8k,RandOpt,42,300,10,569,9,5-10,10,1,1,1,9,1,8,8,1.0,True
gsm8k,RandOpt,42,300,10,570,1,1,10,9,1,6,1,3,-2,-2,0.3333333333333333,False
gsm8k,RandOpt,42,300,10,571,5,5-10,10,5,1,2,5,4,1,1,0.8,True
gsm8k,RandOpt,42,300,10,572,2,2-4,10,8,1,3,2,4,-2,-2,0.5,False
gsm8k,RandOpt,42,300,10,573,10,5-10,10,0,1,0,10,0,10,10,0.0,True
gsm8k,RandOpt,42,300,10,574,1,1,10,9,1,3,1,6,-5,-5,0.6666666666666666,False
gsm8k,RandOpt,42,300,10,575,5,5-10,10,5,1,1,5,5,0,0,1.0,True
gsm8k,RandOpt,42,300,10,576,4,2-4,10,6,1,4,4,2,2,2,0.3333333333333333,True
gsm8k,RandOpt,42,300,10,577,0,0,10,10,0,5,0,5,-5,-5,0.5,False
gsm8k,RandOpt,42,300,10,578,10,5-10,10,0,1,0,10,0,10,10,0.0,True
gsm8k,RandOpt,42,300,10,579,7,5-10,10,3,1,1,7,3,4,4,1.0,True
gsm8k,RandOpt,42,300,10,580,0,0,10,10,0,3,0,7,-7,-7,0.7,False
gsm8k,RandOpt,42,300,10,581,2,2-4,10,8,1,1,2,8,-6,-6,1.0,False
gsm8k,RandOpt,42,300,10,582,5,5-10,10,5,1,1,5,5,0,0,1.0,True
gsm8k,RandOpt,42,300,10,583,8,5-10,10,2,1,2,8,1,7,7,0.5,True
gsm8k,RandOpt,42,300,10,584,0,0,10,10,0,5,0,5,-5,-5,0.5,False
gsm8k,RandOpt,42,300,10,585,10,5-10,10,0,1,0,10,0,10,10,0.0,True
gsm8k,RandOpt,42,300,10,586,10,5-10,10,0,1,0,10,0,10,10,0.0,True
gsm8k,RandOpt,42,300,10,587,8,5-10,10,2,1,2,8,1,7,7,0.5,True
gsm8k,RandOpt,42,300,10,588,10,5-10,10,0,1,0,10,0,10,10,0.0,True
gsm8k,RandOpt,42,300,10,589,0,0,10,10,0,1,0,10,-10,-10,1.0,False
gsm8k,RandOpt,42,300,10,590,0,0,10,10,0,4,0,4,-4,-4,0.4,False
gsm8k,RandOpt,42,300,10,591,10,5-10,10,0,1,0,10,0,10,10,0.0,True
gsm8k,RandOpt,42,300,10,592,10,5-10,10,0,1,0,10,0,10,10,0.0,True
gsm8k,RandOpt,42,300,10,593,10,5-10,10,0,1,0,10,0,10,10,0.0,True
gsm8k,RandOpt,42,300,10,594,10,5-10,10,0,1,0,10,0,10,10,0.0,True
gsm8k,RandOpt,42,300,10,595,0,0,10,10,0,1,0,10,-10,-10,1.0,False
gsm8k,RandOpt,42,300,10,596,10,5-10,10,0,1,0,10,0,10,10,0.0,True
gsm8k,RandOpt,42,300,10,597,10,5-10,10,0,1,0,10,0,10,10,0.0,True
gsm8k,RandOpt,42,300,10,598,10,5-10,10,0,1,0,10,0,10,10,0.0,True
gsm8k,RandOpt,42,300,10,599,10,5-10,10,0,1,0,10,0,10,10,0.0,True
gsm8k,RandOpt,42,300,10,600,10,5-10,10,0,1,0,10,0,10,10,0.0,True
gsm8k,RandOpt,42,300,10,601,1,1,10,9,1,8,1,2,-1,-1,0.2222222222222222,False
gsm8k,RandOpt,42,300,10,602,10,5-10,10,0,1,0,10,0,10,10,0.0,True
gsm8k,RandOpt,42,300,10,603,0,0,10,10,0,1,0,10,-10,-10,1.0,False
gsm8k,RandOpt,42,300,10,604,10,5-10,10,0,1,0,10,0,10,10,0.0,True
gsm8k,RandOpt,42,300,10,605,6,5-10,10,4,1,2,6,3,3,3,0.75,True
gsm8k,RandOpt,42,300,10,606,7,5-10,10,3,1,3,7,1,6,6,0.3333333333333333,True
gsm8k,RandOpt,42,300,10,607,0,0,10,10,0,6,0,4,-4,-4,0.4,False
gsm8k,RandOpt,42,300,10,608,9,5-10,10,1,1,1,9,1,8,8,1.0,True
gsm8k,RandOpt,42,300,10,609,8,5-10,10,2,1,2,8,1,7,7,0.5,True
gsm8k,RandOpt,42,300,10,610,3,2-4,10,7,1,3,3,4,-1,-1,0.5714285714285714,False
gsm8k,RandOpt,42,300,10,611,0,0,10,10,0,7,0,2,-2,-2,0.2,False
gsm8k,RandOpt,42,300,10,612,10,5-10,10,0,1,0,10,0,10,10,0.0,True
gsm8k,RandOpt,42,300,10,613,10,5-10,10,0,2,0,9,0,10,9,0.0,True
gsm8k,RandOpt,42,300,10,614,10,5-10,10,0,1,0,10,0,10,10,0.0,True
gsm8k,RandOpt,42,300,10,615,0,0,10,10,0,2,0,9,-9,-9,0.9,False
gsm8k,RandOpt,42,300,10,616,10,5-10,10,0,1,0,10,0,10,10,0.0,True
gsm8k,RandOpt,42,300,10,617,10,5-10,10,0,1,0,10,0,10,10,0.0,True
gsm8k,RandOpt,42,300,10,618,9,5-10,10,1,1,1,9,1,8,8,1.0,True
gsm8k,RandOpt,42,300,10,619,9,5-10,10,1,1,1,9,1,8,8,1.0,True
gsm8k,RandOpt,42,300,10,620,6,5-10,10,4,1,3,6,2,4,4,0.5,True
gsm8k,RandOpt,42,300,10,621,3,2-4,10,7,1,1,3,7,-4,-4,1.0,False
gsm8k,RandOpt,42,300,10,622,10,5-10,10,0,1,0,10,0,10,10,0.0,True
gsm8k,RandOpt,42,300,10,623,8,5-10,10,2,1,1,8,2,6,6,1.0,True
gsm8k,RandOpt,42,300,10,624,10,5-10,10,0,1,0,10,0,10,10,0.0,True
gsm8k,RandOpt,42,300,10,625,10,5-10,10,0,1,0,10,0,10,10,0.0,True
gsm8k,RandOpt,42,300,10,626,10,5-10,10,0,1,0,10,0,10,10,0.0,True
gsm8k,RandOpt,42,300,10,627,10,5-10,10,0,1,0,10,0,10,10,0.0,True
gsm8k,RandOpt,42,300,10,628,10,5-10,10,0,1,0,10,0,10,10,0.0,True
gsm8k,RandOpt,42,300,10,629,2,2-4,10,8,1,3,2,5,-3,-3,0.625,False
gsm8k,RandOpt,42,300,10,630,6,5-10,10,4,1,1,6,4,2,2,1.0,True
gsm8k,RandOpt,42,300,10,631,9,5-10,10,1,1,1,9,1,8,8,1.0,True
gsm8k,RandOpt,42,300,10,632,10,5-10,10,0,1,0,10,0,10,10,0.0,True
gsm8k,RandOpt,42,300,10,633,10,5-10,10,0,1,0,10,0,10,10,0.0,True
gsm8k,RandOpt,42,300,10,634,10,5-10,10,0,1,0,10,0,10,10,0.0,True
gsm8k,RandOpt,42,300,10,635,2,2-4,10,8,1,3,2,6,-4,-4,0.75,False
gsm8k,RandOpt,42,300,10,636,9,5-10,10,1,1,1,9,1,8,8,1.0,True
gsm8k,RandOpt,42,300,10,637,9,5-10,10,1,1,1,9,1,8,8,1.0,True
gsm8k,RandOpt,42,300,10,638,0,0,10,10,0,1,0,10,-10,-10,1.0,False
gsm8k,RandOpt,42,300,10,639,0,0,10,10,0,2,0,5,-5,-5,0.5,False
gsm8k,RandOpt,42,300,10,640,7,5-10,10,3,2,3,5,1,6,4,0.3333333333333333,True
gsm8k,RandOpt,42,300,10,641,0,0,10,10,0,3,0,6,-6,-6,0.6,False
gsm8k,RandOpt,42,300,10,642,6,5-10,10,4,2,1,5,4,2,1,1.0,True
gsm8k,RandOpt,42,300,10,643,6,5-10,10,4,1,1,6,4,2,2,1.0,True
gsm8k,RandOpt,42,300,10,644,4,2-4,10,6,1,3,4,3,1,1,0.5,True
gsm8k,RandOpt,42,300,10,645,10,5-10,10,0,1,0,10,0,10,10,0.0,True
gsm8k,RandOpt,42,300,10,646,10,5-10,10,0,1,0,10,0,10,10,0.0,True
gsm8k,RandOpt,42,300,10,647,10,5-10,10,0,1,0,10,0,10,10,0.0,True
gsm8k,RandOpt,42,300,10,648,7,5-10,10,3,1,3,7,1,6,6,0.3333333333333333,True
gsm8k,RandOpt,42,300,10,649,0,0,10,10,0,2,0,9,-9,-9,0.9,False
gsm8k,RandOpt,42,300,10,650,4,2-4,10,6,1,3,4,2,2,2,0.3333333333333333,True
gsm8k,RandOpt,42,300,10,651,4,2-4,10,6,1,1,4,6,-2,-2,1.0,False
gsm8k,RandOpt,42,300,10,652,3,2-4,10,7,1,3,3,3,0,0,0.42857142857142855,False
gsm8k,RandOpt,42,300,10,653,10,5-10,10,0,1,0,10,0,10,10,0.0,True
gsm8k,RandOpt,42,300,10,654,10,5-10,10,0,1,0,10,0,10,10,0.0,True
gsm8k,RandOpt,42,300,10,655,9,5-10,10,1,1,1,9,1,8,8,1.0,True
gsm8k,RandOpt,42,300,10,656,3,2-4,10,7,1,3,3,5,-2,-2,0.7142857142857143,False
gsm8k,RandOpt,42,300,10,657,9,5-10,10,1,2,1,8,1,8,7,1.0,True
gsm8k,RandOpt,42,300,10,658,10,5-10,10,0,1,0,10,0,10,10,0.0,True
gsm8k,RandOpt,42,300,10,659,10,5-10,10,0,1,0,10,0,10,10,0.0,True
gsm8k,RandOpt,42,300,10,660,9,5-10,10,1,1,1,9,1,8,8,1.0,True
gsm8k,RandOpt,42,300,10,661,10,5-10,10,0,1,0,10,0,10,10,0.0,True
gsm8k,RandOpt,42,300,10,662,0,0,10,10,0,3,0,8,-8,-8,0.8,False
gsm8k,RandOpt,42,300,10,663,9,5-10,10,1,1,1,9,1,8,8,1.0,True
gsm8k,RandOpt,42,300,10,664,9,5-10,10,1,1,1,9,1,8,8,1.0,True
gsm8k,RandOpt,42,300,10,665,10,5-10,10,0,1,0,10,0,10,10,0.0,True
gsm8k,RandOpt,42,300,10,666,4,2-4,10,6,1,1,4,6,-2,-2,1.0,False
gsm8k,RandOpt,42,300,10,667,5,5-10,10,5,1,3,5,2,3,3,0.4,True
gsm8k,RandOpt,42,300,10,668,5,5-10,10,5,1,1,5,5,0,0,1.0,True
gsm8k,RandOpt,42,300,10,669,7,5-10,10,3,1,1,7,3,4,4,1.0,True
gsm8k,RandOpt,42,300,10,670,10,5-10,10,0,1,0,10,0,10,10,0.0,True
gsm8k,RandOpt,42,300,10,671,5,5-10,10,5,1,3,5,3,2,2,0.6,True
gsm8k,RandOpt,42,300,10,672,0,0,10,10,0,5,0,4,-4,-4,0.4,False
gsm8k,RandOpt,42,300,10,673,10,5-10,10,0,1,0,10,0,10,10,0.0,True
gsm8k,RandOpt,42,300,10,674,2,2-4,10,8,1,1,2,8,-6,-6,1.0,False
gsm8k,RandOpt,42,300,10,675,2,2-4,10,8,1,6,2,2,0,0,0.25,False
gsm8k,RandOpt,42,300,10,676,4,2-4,10,6,1,1,4,6,-2,-2,1.0,False
gsm8k,RandOpt,42,300,10,677,0,0,10,10,0,1,0,10,-10,-10,1.0,False
gsm8k,RandOpt,42,300,10,678,5,5-10,10,5,1,1,5,5,0,0,1.0,False
gsm8k,RandOpt,42,300,10,679,10,5-10,10,0,1,0,10,0,10,10,0.0,True
gsm8k,RandOpt,42,300,10,680,10,5-10,10,0,1,0,10,0,10,10,0.0,True
gsm8k,RandOpt,42,300,10,681,4,2-4,10,6,1,2,4,5,-1,-1,0.8333333333333334,False
gsm8k,RandOpt,42,300,10,682,9,5-10,10,1,1,1,9,1,8,8,1.0,True
gsm8k,RandOpt,42,300,10,683,5,5-10,10,5,1,2,5,3,2,2,0.6,True
gsm8k,RandOpt,42,300,10,684,9,5-10,10,1,1,1,9,1,8,8,1.0,True
gsm8k,RandOpt,42,300,10,685,10,5-10,10,0,1,0,10,0,10,10,0.0,True
gsm8k,RandOpt,42,300,10,686,9,5-10,10,1,1,1,9,1,8,8,1.0,True
gsm8k,RandOpt,42,300,10,687,0,0,10,10,0,5,0,6,-6,-6,0.6,False
gsm8k,RandOpt,42,300,10,688,8,5-10,10,2,1,1,8,2,6,6,1.0,True
gsm8k,RandOpt,42,300,10,689,0,0,10,10,0,3,0,7,-7,-7,0.7,False
gsm8k,RandOpt,42,300,10,690,10,5-10,10,0,1,0,10,0,10,10,0.0,True
gsm8k,RandOpt,42,300,10,691,1,1,10,9,1,5,1,3,-2,-2,0.3333333333333333,False
gsm8k,RandOpt,42,300,10,692,4,2-4,10,6,1,3,4,4,0,0,0.6666666666666666,False
gsm8k,RandOpt,42,300,10,693,10,5-10,10,0,1,0,10,0,10,10,0.0,True
gsm8k,RandOpt,42,300,10,694,10,5-10,10,0,1,0,10,0,10,10,0.0,True
gsm8k,RandOpt,42,300,10,695,6,5-10,10,4,1,2,6,3,3,3,0.75,True
gsm8k,RandOpt,42,300,10,696,9,5-10,10,1,1,1,9,1,8,8,1.0,True
gsm8k,RandOpt,42,300,10,697,10,5-10,10,0,1,0,10,0,10,10,0.0,True
gsm8k,RandOpt,42,300,10,698,5,5-10,10,5,1,3,5,2,3,3,0.4,True
gsm8k,RandOpt,42,300,10,699,10,5-10,10,0,1,0,10,0,10,10,0.0,True
gsm8k,RandOpt,42,300,10,700,10,5-10,10,0,1,0,10,0,10,10,0.0,True
gsm8k,RandOpt,42,300,10,701,8,5-10,10,2,1,1,8,2,6,6,1.0,True
gsm8k,RandOpt,42,300,10,702,1,1,10,9,1,7,1,2,-1,-1,0.2222222222222222,False
gsm8k,RandOpt,42,300,10,703,10,5-10,10,0,1,0,10,0,10,10,0.0,True
gsm8k,RandOpt,42,300,10,704,7,5-10,10,3,1,1,7,3,4,4,1.0,True
gsm8k,RandOpt,42,300,10,705,3,2-4,10,7,1,1,3,7,-4,-4,1.0,False
gsm8k,RandOpt,42,300,10,706,6,5-10,10,4,1,1,6,4,2,2,1.0,True
gsm8k,RandOpt,42,300,10,707,7,5-10,10,3,1,1,7,3,4,4,1.0,True
gsm8k,RandOpt,42,300,10,708,4,2-4,10,6,1,2,4,4,0,0,0.6666666666666666,True
gsm8k,RandOpt,42,300,10,709,8,5-10,10,2,1,1,8,2,6,6,1.0,True
gsm8k,RandOpt,42,300,10,710,0,0,10,10,0,2,0,6,-6,-6,0.6,False
gsm8k,RandOpt,42,300,10,711,0,0,10,10,0,2,0,9,-9,-9,0.9,False
gsm8k,RandOpt,42,300,10,712,6,5-10,10,4,1,1,6,4,2,2,1.0,True
gsm8k,RandOpt,42,300,10,713,0,0,10,10,0,1,0,10,-10,-10,1.0,False
gsm8k,RandOpt,42,300,10,714,10,5-10,10,0,1,0,10,0,10,10,0.0,True
gsm8k,RandOpt,42,300,10,715,8,5-10,10,2,2,2,6,1,7,5,0.5,True
gsm8k,RandOpt,42,300,10,716,10,5-10,10,0,1,0,10,0,10,10,0.0,True
gsm8k,RandOpt,42,300,10,717,2,2-4,10,8,1,2,2,7,-5,-5,0.875,False
gsm8k,RandOpt,42,300,10,718,10,5-10,10,0,1,0,10,0,10,10,0.0,True
gsm8k,RandOpt,42,300,10,719,10,5-10,10,0,1,0,10,0,10,10,0.0,True
gsm8k,RandOpt,42,300,10,720,10,5-10,10,0,1,0,10,0,10,10,0.0,True
gsm8k,RandOpt,42,300,10,721,0,0,10,10,0,3,0,5,-5,-5,0.5,False
gsm8k,RandOpt,42,300,10,722,2,2-4,10,8,1,5,2,3,-1,-1,0.375,False
gsm8k,RandOpt,42,300,10,723,9,5-10,10,1,1,1,9,1,8,8,1.0,True
gsm8k,RandOpt,42,300,10,724,3,2-4,10,7,1,6,3,2,1,1,0.2857142857142857,True
gsm8k,RandOpt,42,300,10,725,9,5-10,10,1,1,1,9,1,8,8,1.0,True
gsm8k,RandOpt,42,300,10,726,10,5-10,10,0,1,0,10,0,10,10,0.0,True
gsm8k,RandOpt,42,300,10,727,9,5-10,10,1,1,1,9,1,8,8,1.0,True
gsm8k,RandOpt,42,300,10,728,9,5-10,10,1,1,1,9,1,8,8,1.0,True
gsm8k,RandOpt,42,300,10,729,4,2-4,10,6,1,1,4,6,-2,-2,1.0,False
gsm8k,RandOpt,42,300,10,730,3,2-4,10,7,1,1,3,7,-4,-4,1.0,False
gsm8k,RandOpt,42,300,10,731,0,0,10,10,0,1,0,10,-10,-10,1.0,False
gsm8k,RandOpt,42,300,10,732,10,5-10,10,0,1,0,10,0,10,10,0.0,True
gsm8k,RandOpt,42,300,10,733,1,1,10,9,1,3,1,5,-4,-4,0.5555555555555556,False
gsm8k,RandOpt,42,300,10,734,10,5-10,10,0,1,0,10,0,10,10,0.0,True
gsm8k,RandOpt,42,300,10,735,10,5-10,10,0,1,0,10,0,10,10,0.0,True
gsm8k,RandOpt,42,300,10,736,9,5-10,10,1,1,1,9,1,8,8,1.0,True
gsm8k,RandOpt,42,300,10,737,10,5-10,10,0,1,0,10,0,10,10,0.0,True
gsm8k,RandOpt,42,300,10,738,10,5-10,10,0,1,0,10,0,10,10,0.0,True
gsm8k,RandOpt,42,300,10,739,6,5-10,10,4,1,1,6,4,2,2,1.0,True
gsm8k,RandOpt,42,300,10,740,4,2-4,10,6,1,4,4,2,2,2,0.3333333333333333,True
gsm8k,RandOpt,42,300,10,741,10,5-10,10,0,1,0,10,0,10,10,0.0,True
gsm8k,RandOpt,42,300,10,742,7,5-10,10,3,1,3,7,1,6,6,0.3333333333333333,True
gsm8k,RandOpt,42,300,10,743,7,5-10,10,3,1,1,7,3,4,4,1.0,True
gsm8k,RandOpt,42,300,10,744,10,5-10,10,0,1,0,10,0,10,10,0.0,True
gsm8k,RandOpt,42,300,10,745,10,5-10,10,0,1,0,10,0,10,10,0.0,True
gsm8k,RandOpt,42,300,10,746,10,5-10,10,0,1,0,10,0,10,10,0.0,True
gsm8k,RandOpt,42,300,10,747,6,5-10,10,4,1,1,6,4,2,2,1.0,True
gsm8k,RandOpt,42,300,10,748,9,5-10,10,1,1,1,9,1,8,8,1.0,True
gsm8k,RandOpt,42,300,10,749,3,2-4,10,7,1,4,3,3,0,0,0.42857142857142855,True
gsm8k,RandOpt,42,300,10,750,6,5-10,10,4,1,2,6,3,3,3,0.75,True
gsm8k,RandOpt,42,300,10,751,5,5-10,10,5,1,2,5,4,1,1,0.8,True
gsm8k,RandOpt,42,300,10,752,0,0,10,10,0,1,0,10,-10,-10,1.0,False
gsm8k,RandOpt,42,300,10,753,9,5-10,10,1,1,1,9,1,8,8,1.0,True
gsm8k,RandOpt,42,300,10,754,0,0,10,10,0,5,0,4,-4,-4,0.4,False
gsm8k,RandOpt,42,300,10,755,10,5-10,10,0,1,0,10,0,10,10,0.0,True
gsm8k,RandOpt,42,300,10,756,9,5-10,10,1,1,1,9,1,8,8,1.0,True
gsm8k,RandOpt,42,300,10,757,9,5-10,10,1,1,1,9,1,8,8,1.0,True
gsm8k,RandOpt,42,300,10,758,8,5-10,10,2,1,1,8,2,6,6,1.0,True
gsm8k,RandOpt,42,300,10,759,10,5-10,10,0,2,0,6,0,10,6,0.0,True
gsm8k,RandOpt,42,300,10,760,7,5-10,10,3,1,2,7,2,5,5,0.6666666666666666,True
gsm8k,RandOpt,42,300,10,761,9,5-10,10,1,1,1,9,1,8,8,1.0,True
gsm8k,RandOpt,42,300,10,762,10,5-10,10,0,1,0,10,0,10,10,0.0,True
gsm8k,RandOpt,42,300,10,763,6,5-10,10,4,1,3,6,2,4,4,0.5,True
gsm8k,RandOpt,42,300,10,764,10,5-10,10,0,1,0,10,0,10,10,0.0,True
gsm8k,RandOpt,42,300,10,765,10,5-10,10,0,1,0,10,0,10,10,0.0,True
gsm8k,RandOpt,42,300,10,766,6,5-10,10,4,1,1,6,4,2,2,1.0,True
gsm8k,RandOpt,42,300,10,767,2,2-4,10,8,1,1,2,8,-6,-6,1.0,False
gsm8k,RandOpt,42,300,10,768,0,0,10,10,0,2,0,9,-9,-9,0.9,False
gsm8k,RandOpt,42,300,10,769,2,2-4,10,8,1,2,2,7,-5,-5,0.875,False
gsm8k,RandOpt,42,300,10,770,1,1,10,9,1,5,1,4,-3,-3,0.4444444444444444,False
gsm8k,RandOpt,42,300,10,771,1,1,10,9,1,2,1,8,-7,-7,0.8888888888888888,False
gsm8k,RandOpt,42,300,10,772,9,5-10,10,1,1,1,9,1,8,8,1.0,True
gsm8k,RandOpt,42,300,10,773,10,5-10,10,0,1,0,10,0,10,10,0.0,True
gsm8k,RandOpt,42,300,10,774,7,5-10,10,3,1,2,7,2,5,5,0.6666666666666666,True
gsm8k,RandOpt,42,300,10,775,10,5-10,10,0,1,0,10,0,10,10,0.0,True
gsm8k,RandOpt,42,300,10,776,6,5-10,10,4,1,1,6,4,2,2,1.0,True
gsm8k,RandOpt,42,300,10,777,1,1,10,9,1,7,1,3,-2,-2,0.3333333333333333,False
gsm8k,RandOpt,42,300,10,778,7,5-10,10,3,1,1,7,3,4,4,1.0,True
gsm8k,RandOpt,42,300,10,779,0,0,10,10,0,1,0,10,-10,-10,1.0,False
gsm8k,RandOpt,42,300,10,780,1,1,10,9,1,7,1,2,-1,-1,0.2222222222222222,False
gsm8k,RandOpt,42,300,10,781,0,0,10,10,0,2,0,7,-7,-7,0.7,False
gsm8k,RandOpt,42,300,10,782,0,0,10,10,0,1,0,10,-10,-10,1.0,False
gsm8k,RandOpt,42,300,10,783,0,0,10,10,0,6,0,5,-5,-5,0.5,False
gsm8k,RandOpt,42,300,10,784,10,5-10,10,0,1,0,10,0,10,10,0.0,True
gsm8k,RandOpt,42,300,10,785,5,5-10,10,5,1,2,5,4,1,1,0.8,True
gsm8k,RandOpt,42,300,10,786,10,5-10,10,0,1,0,10,0,10,10,0.0,True
gsm8k,RandOpt,42,300,10,787,10,5-10,10,0,1,0,10,0,10,10,0.0,True
gsm8k,RandOpt,42,300,10,788,3,2-4,10,7,1,4,3,3,0,0,0.42857142857142855,False
gsm8k,RandOpt,42,300,10,789,9,5-10,10,1,1,1,9,1,8,8,1.0,True
gsm8k,RandOpt,42,300,10,790,0,0,10,10,0,2,0,9,-9,-9,0.9,False
gsm8k,RandOpt,42,300,10,791,4,2-4,10,6,1,2,4,4,0,0,0.6666666666666666,True
gsm8k,RandOpt,42,300,10,792,8,5-10,10,2,1,2,8,1,7,7,0.5,True
gsm8k,RandOpt,42,300,10,793,10,5-10,10,0,1,0,10,0,10,10,0.0,True
gsm8k,RandOpt,42,300,10,794,9,5-10,10,1,1,1,9,1,8,8,1.0,True
gsm8k,RandOpt,42,300,10,795,4,2-4,10,6,1,2,4,4,0,0,0.6666666666666666,False
gsm8k,RandOpt,42,300,10,796,0,0,10,10,0,3,0,7,-7,-7,0.7,False
gsm8k,RandOpt,42,300,10,797,2,2-4,10,8,1,1,2,8,-6,-6,1.0,False
gsm8k,RandOpt,42,300,10,798,2,2-4,10,8,1,1,2,8,-6,-6,1.0,False
gsm8k,RandOpt,42,300,10,799,0,0,10,10,0,1,0,10,-10,-10,1.0,False
gsm8k,RandOpt,42,300,10,800,9,5-10,10,1,1,1,9,1,8,8,1.0,True
gsm8k,RandOpt,42,300,10,801,10,5-10,10,0,1,0,10,0,10,10,0.0,True
gsm8k,RandOpt,42,300,10,802,8,5-10,10,2,1,1,8,2,6,6,1.0,True
gsm8k,RandOpt,42,300,10,803,10,5-10,10,0,1,0,10,0,10,10,0.0,True
gsm8k,RandOpt,42,300,10,804,9,5-10,10,1,1,1,9,1,8,8,1.0,True
gsm8k,RandOpt,42,300,10,805,7,5-10,10,3,1,1,7,3,4,4,1.0,True
gsm8k,RandOpt,42,300,10,806,0,0,10,10,0,5,0,5,-5,-5,0.5,False
gsm8k,RandOpt,42,300,10,807,4,2-4,10,6,1,2,4,3,1,1,0.5,True
gsm8k,RandOpt,42,300,10,808,9,5-10,10,1,1,1,9,1,8,8,1.0,True
gsm8k,RandOpt,42,300,10,809,2,2-4,10,8,1,3,2,6,-4,-4,0.75,False
gsm8k,RandOpt,42,300,10,810,2,2-4,10,8,1,3,2,4,-2,-2,0.5,False
gsm8k,RandOpt,42,300,10,811,10,5-10,10,0,1,0,10,0,10,10,0.0,True
gsm8k,RandOpt,42,300,10,812,0,0,10,10,0,5,0,4,-4,-4,0.4,False
gsm8k,RandOpt,42,300,10,813,4,2-4,10,6,1,1,4,6,-2,-2,1.0,False
gsm8k,RandOpt,42,300,10,814,0,0,10,10,0,9,0,2,-2,-2,0.2,False
gsm8k,RandOpt,42,300,10,815,1,1,10,9,1,5,1,3,-2,-2,0.3333333333333333,False
gsm8k,RandOpt,42,300,10,816,0,0,10,10,0,1,0,10,-10,-10,1.0,False
gsm8k,RandOpt,42,300,10,817,10,5-10,10,0,1,0,10,0,10,10,0.0,True
gsm8k,RandOpt,42,300,10,818,10,5-10,10,0,1,0,10,0,10,10,0.0,True
gsm8k,RandOpt,42,300,10,819,1,1,10,9,1,1,1,9,-8,-8,1.0,False
gsm8k,RandOpt,42,300,10,820,10,5-10,10,0,1,0,10,0,10,10,0.0,True
gsm8k,RandOpt,42,300,10,821,10,5-10,10,0,1,0,10,0,10,10,0.0,True
gsm8k,RandOpt,42,300,10,822,7,5-10,10,3,1,2,7,2,5,5,0.6666666666666666,True
gsm8k,RandOpt,42,300,10,823,0,0,10,10,0,2,0,9,-9,-9,0.9,False
gsm8k,RandOpt,42,300,10,824,7,5-10,10,3,1,1,7,3,4,4,1.0,True
gsm8k,RandOpt,42,300,10,825,10,5-10,10,0,1,0,10,0,10,10,0.0,True
gsm8k,RandOpt,42,300,10,826,10,5-10,10,0,1,0,10,0,10,10,0.0,True
gsm8k,RandOpt,42,300,10,827,0,0,10,10,0,6,0,3,-3,-3,0.3,False
gsm8k,RandOpt,42,300,10,828,5,5-10,10,5,1,1,5,5,0,0,1.0,True
gsm8k,RandOpt,42,300,10,829,10,5-10,10,0,1,0,10,0,10,10,0.0,True
gsm8k,RandOpt,42,300,10,830,7,5-10,10,3,1,1,7,3,4,4,1.0,True
gsm8k,RandOpt,42,300,10,831,0,0,10,10,0,8,0,3,-3,-3,0.3,False
gsm8k,RandOpt,42,300,10,832,5,5-10,10,5,1,3,5,3,2,2,0.6,True
gsm8k,RandOpt,42,300,10,833,10,5-10,10,0,1,0,10,0,10,10,0.0,True
gsm8k,RandOpt,42,300,10,834,10,5-10,10,0,1,0,10,0,10,10,0.0,True
gsm8k,RandOpt,42,300,10,835,0,0,10,10,0,4,0,5,-5,-5,0.5,False
gsm8k,RandOpt,42,300,10,836,8,5-10,10,2,1,1,8,2,6,6,1.0,True
gsm8k,RandOpt,42,300,10,837,1,1,10,9,1,3,1,4,-3,-3,0.4444444444444444,False
gsm8k,RandOpt,42,300,10,838,8,5-10,10,2,1,1,8,2,6,6,1.0,True
gsm8k,RandOpt,42,300,10,839,0,0,10,10,0,1,0,10,-10,-10,1.0,False
gsm8k,RandOpt,42,300,10,840,3,2-4,10,7,1,1,3,7,-4,-4,1.0,False
gsm8k,RandOpt,42,300,10,841,0,0,10,10,0,1,0,10,-10,-10,1.0,False
gsm8k,RandOpt,42,300,10,842,9,5-10,10,1,1,1,9,1,8,8,1.0,True
gsm8k,RandOpt,42,300,10,843,9,5-10,10,1,1,1,9,1,8,8,1.0,True
gsm8k,RandOpt,42,300,10,844,2,2-4,10,8,1,3,2,5,-3,-3,0.625,False
gsm8k,RandOpt,42,300,10,845,3,2-4,10,7,1,2,3,6,-3,-3,0.8571428571428571,False
gsm8k,RandOpt,42,300,10,846,0,0,10,10,0,2,0,9,-9,-9,0.9,False
gsm8k,RandOpt,42,300,10,847,2,2-4,10,8,1,3,2,5,-3,-3,0.625,False
gsm8k,RandOpt,42,300,10,848,10,5-10,10,0,1,0,10,0,10,10,0.0,True
gsm8k,RandOpt,42,300,10,849,6,5-10,10,4,1,1,6,4,2,2,1.0,True
gsm8k,RandOpt,42,300,10,850,7,5-10,10,3,1,2,7,2,5,5,0.6666666666666666,True
gsm8k,RandOpt,42,300,10,851,7,5-10,10,3,1,1,7,3,4,4,1.0,True
gsm8k,RandOpt,42,300,10,852,9,5-10,10,1,1,1,9,1,8,8,1.0,True
gsm8k,RandOpt,42,300,10,853,10,5-10,10,0,1,0,10,0,10,10,0.0,True
gsm8k,RandOpt,42,300,10,854,10,5-10,10,0,1,0,10,0,10,10,0.0,True
gsm8k,RandOpt,42,300,10,855,5,5-10,10,5,1,5,5,1,4,4,0.2,True
gsm8k,RandOpt,42,300,10,856,8,5-10,10,2,1,2,8,1,7,7,0.5,True
gsm8k,RandOpt,42,300,10,857,9,5-10,10,1,1,1,9,1,8,8,1.0,True
gsm8k,RandOpt,42,300,10,858,5,5-10,10,5,1,2,5,4,1,1,0.8,True
gsm8k,RandOpt,42,300,10,859,2,2-4,10,8,1,1,2,8,-6,-6,1.0,False
gsm8k,RandOpt,42,300,10,860,7,5-10,10,3,1,1,7,3,4,4,1.0,True
gsm8k,RandOpt,42,300,10,861,1,1,10,9,1,2,1,8,-7,-7,0.8888888888888888,False
gsm8k,RandOpt,42,300,10,862,10,5-10,10,0,1,0,10,0,10,10,0.0,True
gsm8k,RandOpt,42,300,10,863,10,5-10,10,0,1,0,10,0,10,10,0.0,True
gsm8k,RandOpt,42,300,10,864,0,0,10,10,0,5,0,3,-3,-3,0.3,False
gsm8k,RandOpt,42,300,10,865,9,5-10,10,1,1,1,9,1,8,8,1.0,True
gsm8k,RandOpt,42,300,10,866,9,5-10,10,1,1,1,9,1,8,8,1.0,True
gsm8k,RandOpt,42,300,10,867,10,5-10,10,0,1,0,10,0,10,10,0.0,True
gsm8k,RandOpt,42,300,10,868,3,2-4,10,7,1,1,3,7,-4,-4,1.0,False
gsm8k,RandOpt,42,300,10,869,4,2-4,10,6,1,2,4,5,-1,-1,0.8333333333333334,False
gsm8k,RandOpt,42,300,10,870,5,5-10,10,5,1,3,5,3,2,2,0.6,True
gsm8k,RandOpt,42,300,10,871,10,5-10,10,0,1,0,10,0,10,10,0.0,True
gsm8k,RandOpt,42,300,10,872,0,0,10,10,0,2,0,6,-6,-6,0.6,False
gsm8k,RandOpt,42,300,10,873,0,0,10,10,0,2,0,6,-6,-6,0.6,False
gsm8k,RandOpt,42,300,10,874,1,1,10,9,1,1,1,9,-8,-8,1.0,False
gsm8k,RandOpt,42,300,10,875,9,5-10,10,1,1,1,9,1,8,8,1.0,True
gsm8k,RandOpt,42,300,10,876,9,5-10,10,1,1,1,9,1,8,8,1.0,True
gsm8k,RandOpt,42,300,10,877,4,2-4,10,6,1,2,4,4,0,0,0.6666666666666666,True
gsm8k,RandOpt,42,300,10,878,9,5-10,10,1,1,1,9,1,8,8,1.0,True
gsm8k,RandOpt,42,300,10,879,9,5-10,10,1,1,1,9,1,8,8,1.0,True
gsm8k,RandOpt,42,300,10,880,2,2-4,10,8,1,6,2,3,-1,-1,0.375,False
gsm8k,RandOpt,42,300,10,881,9,5-10,10,1,1,1,9,1,8,8,1.0,True
gsm8k,RandOpt,42,300,10,882,0,0,10,10,0,2,0,8,-8,-8,0.8,False
gsm8k,RandOpt,42,300,10,883,4,2-4,10,6,1,3,4,3,1,1,0.5,True
gsm8k,RandOpt,42,300,10,884,10,5-10,10,0,1,0,10,0,10,10,0.0,True
gsm8k,RandOpt,42,300,10,885,8,5-10,10,2,1,1,8,2,6,6,1.0,True
gsm8k,RandOpt,42,300,10,886,10,5-10,10,0,1,0,10,0,10,10,0.0,True
gsm8k,RandOpt,42,300,10,887,10,5-10,10,0,1,0,10,0,10,10,0.0,True
gsm8k,RandOpt,42,300,10,888,10,5-10,10,0,1,0,10,0,10,10,0.0,True
gsm8k,RandOpt,42,300,10,889,10,5-10,10,0,1,0,10,0,10,10,0.0,True
gsm8k,RandOpt,42,300,10,890,9,5-10,10,1,1,1,9,1,8,8,1.0,True
gsm8k,RandOpt,42,300,10,891,10,5-10,10,0,1,0,10,0,10,10,0.0,True
gsm8k,RandOpt,42,300,10,892,6,5-10,10,4,1,1,6,4,2,2,1.0,True
gsm8k,RandOpt,42,300,10,893,10,5-10,10,0,1,0,10,0,10,10,0.0,True
gsm8k,RandOpt,42,300,10,894,0,0,10,10,0,7,0,3,-3,-3,0.3,False
gsm8k,RandOpt,42,300,10,895,10,5-10,10,0,1,0,10,0,10,10,0.0,True
gsm8k,RandOpt,42,300,10,896,7,5-10,10,3,1,2,7,2,5,5,0.6666666666666666,True
gsm8k,RandOpt,42,300,10,897,3,2-4,10,7,1,2,3,5,-2,-2,0.7142857142857143,False
gsm8k,RandOpt,42,300,10,898,10,5-10,10,0,1,0,10,0,10,10,0.0,True
gsm8k,RandOpt,42,300,10,899,10,5-10,10,0,1,0,10,0,10,10,0.0,True
gsm8k,RandOpt,42,300,10,900,8,5-10,10,2,1,2,8,1,7,7,0.5,True
gsm8k,RandOpt,42,300,10,901,4,2-4,10,6,1,5,4,2,2,2,0.3333333333333333,True
gsm8k,RandOpt,42,300,10,902,0,0,10,10,0,1,0,10,-10,-10,1.0,False
gsm8k,RandOpt,42,300,10,903,9,5-10,10,1,1,1,9,1,8,8,1.0,True
gsm8k,RandOpt,42,300,10,904,10,5-10,10,0,1,0,10,0,10,10,0.0,True
gsm8k,RandOpt,42,300,10,905,7,5-10,10,3,1,3,7,1,6,6,0.3333333333333333,True
gsm8k,RandOpt,42,300,10,906,9,5-10,10,1,1,1,9,1,8,8,1.0,True
gsm8k,RandOpt,42,300,10,907,4,2-4,10,6,1,1,4,6,-2,-2,1.0,False
gsm8k,RandOpt,42,300,10,908,10,5-10,10,0,1,0,10,0,10,10,0.0,True
gsm8k,RandOpt,42,300,10,909,0,0,10,10,0,1,0,10,-10,-10,1.0,False
gsm8k,RandOpt,42,300,10,910,10,5-10,10,0,1,0,10,0,10,10,0.0,True
gsm8k,RandOpt,42,300,10,911,10,5-10,10,0,1,0,10,0,10,10,0.0,True
gsm8k,RandOpt,42,300,10,912,10,5-10,10,0,1,0,10,0,10,10,0.0,True
gsm8k,RandOpt,42,300,10,913,6,5-10,10,4,1,3,6,2,4,4,0.5,True
gsm8k,RandOpt,42,300,10,914,9,5-10,10,1,1,1,9,1,8,8,1.0,True
gsm8k,RandOpt,42,300,10,915,10,5-10,10,0,1,0,10,0,10,10,0.0,True
gsm8k,RandOpt,42,300,10,916,6,5-10,10,4,1,3,6,2,4,4,0.5,True
gsm8k,RandOpt,42,300,10,917,8,5-10,10,2,1,1,8,2,6,6,1.0,True
gsm8k,RandOpt,42,300,10,918,9,5-10,10,1,1,1,9,1,8,8,1.0,True
gsm8k,RandOpt,42,300,10,919,9,5-10,10,1,1,1,9,1,8,8,1.0,True
gsm8k,RandOpt,42,300,10,920,2,2-4,10,8,1,3,2,4,-2,-2,0.5,False
gsm8k,RandOpt,42,300,10,921,10,5-10,10,0,1,0,10,0,10,10,0.0,True
gsm8k,RandOpt,42,300,10,922,5,5-10,10,5,1,2,5,3,2,2,0.6,True
gsm8k,RandOpt,42,300,10,923,2,2-4,10,8,1,5,2,3,-1,-1,0.375,False
gsm8k,RandOpt,42,300,10,924,3,2-4,10,7,1,6,3,2,1,1,0.2857142857142857,True
gsm8k,RandOpt,42,300,10,925,10,5-10,10,0,2,0,9,0,10,9,0.0,True
gsm8k,RandOpt,42,300,10,926,1,1,10,9,1,6,1,4,-3,-3,0.4444444444444444,False
gsm8k,RandOpt,42,300,10,927,0,0,10,10,0,2,0,6,-6,-6,0.6,False
gsm8k,RandOpt,42,300,10,928,8,5-10,10,2,1,2,8,1,7,7,0.5,True
gsm8k,RandOpt,42,300,10,929,10,5-10,10,0,1,0,10,0,10,10,0.0,True
gsm8k,RandOpt,42,300,10,930,10,5-10,10,0,1,0,10,0,10,10,0.0,True
gsm8k,RandOpt,42,300,10,931,6,5-10,10,4,1,3,6,2,4,4,0.5,True
gsm8k,RandOpt,42,300,10,932,8,5-10,10,2,1,2,8,1,7,7,0.5,True
gsm8k,RandOpt,42,300,10,933,7,5-10,10,3,1,3,7,1,6,6,0.3333333333333333,True
gsm8k,RandOpt,42,300,10,934,1,1,10,9,1,5,1,2,-1,-1,0.2222222222222222,False
gsm8k,RandOpt,42,300,10,935,0,0,10,10,0,2,0,9,-9,-9,0.9,False
gsm8k,RandOpt,42,300,10,936,0,0,10,10,0,5,0,3,-3,-3,0.3,False
gsm8k,RandOpt,42,300,10,937,10,5-10,10,0,1,0,10,0,10,10,0.0,True
gsm8k,RandOpt,42,300,10,938,5,5-10,10,5,1,3,5,3,2,2,0.6,True
gsm8k,RandOpt,42,300,10,939,10,5-10,10,0,1,0,10,0,10,10,0.0,True
gsm8k,RandOpt,42,300,10,940,8,5-10,10,2,1,2,8,1,7,7,0.5,True
gsm8k,RandOpt,42,300,10,941,10,5-10,10,0,1,0,10,0,10,10,0.0,True
gsm8k,RandOpt,42,300,10,942,0,0,10,10,0,2,0,8,-8,-8,0.8,False
gsm8k,RandOpt,42,300,10,943,0,0,10,10,0,5,0,4,-4,-4,0.4,False
gsm8k,RandOpt,42,300,10,944,9,5-10,10,1,1,1,9,1,8,8,1.0,True
gsm8k,RandOpt,42,300,10,945,10,5-10,10,0,1,0,10,0,10,10,0.0,True
gsm8k,RandOpt,42,300,10,946,10,5-10,10,0,1,0,10,0,10,10,0.0,True
gsm8k,RandOpt,42,300,10,947,4,2-4,10,6,1,1,4,6,-2,-2,1.0,False
gsm8k,RandOpt,42,300,10,948,2,2-4,10,8,1,3,2,5,-3,-3,0.625,False
gsm8k,RandOpt,42,300,10,949,7,5-10,10,3,1,1,7,3,4,4,1.0,True
gsm8k,RandOpt,42,300,10,950,5,5-10,10,5,1,4,5,2,3,3,0.4,True
gsm8k,RandOpt,42,300,10,951,2,2-4,10,8,1,1,2,8,-6,-6,1.0,False
gsm8k,RandOpt,42,300,10,952,0,0,10,10,0,1,0,10,-10,-10,1.0,False
gsm8k,RandOpt,42,300,10,953,2,2-4,10,8,1,5,2,3,-1,-1,0.375,False
gsm8k,RandOpt,42,300,10,954,10,5-10,10,0,1,0,10,0,10,10,0.0,True
gsm8k,RandOpt,42,300,10,955,8,5-10,10,2,1,2,8,1,7,7,0.5,True
gsm8k,RandOpt,42,300,10,956,0,0,10,10,0,2,0,9,-9,-9,0.9,False
gsm8k,RandOpt,42,300,10,957,10,5-10,10,0,1,0,10,0,10,10,0.0,True
gsm8k,RandOpt,42,300,10,958,8,5-10,10,2,1,2,8,1,7,7,0.5,True
gsm8k,RandOpt,42,300,10,959,7,5-10,10,3,1,1,7,3,4,4,1.0,True
gsm8k,RandOpt,42,300,10,960,5,5-10,10,5,1,5,5,1,4,4,0.2,True
gsm8k,RandOpt,42,300,10,961,4,2-4,10,6,1,6,4,1,3,3,0.16666666666666666,True
gsm8k,RandOpt,42,300,10,962,2,2-4,10,8,1,1,2,8,-6,-6,1.0,False
gsm8k,RandOpt,42,300,10,963,8,5-10,10,2,1,2,8,1,7,7,0.5,True
gsm8k,RandOpt,42,300,10,964,5,5-10,10,5,1,1,5,5,0,0,1.0,False
gsm8k,RandOpt,42,300,10,965,0,0,10,10,0,1,0,10,-10,-10,1.0,False
gsm8k,RandOpt,42,300,10,966,3,2-4,10,7,1,6,3,2,1,1,0.2857142857142857,True
gsm8k,RandOpt,42,300,10,967,7,5-10,10,3,1,1,7,3,4,4,1.0,True
gsm8k,RandOpt,42,300,10,968,10,5-10,10,0,1,0,10,0,10,10,0.0,True
gsm8k,RandOpt,42,300,10,969,2,2-4,10,8,1,4,2,3,-1,-1,0.375,False
gsm8k,RandOpt,42,300,10,970,4,2-4,10,6,1,1,4,6,-2,-2,1.0,False
gsm8k,RandOpt,42,300,10,971,4,2-4,10,6,1,1,4,6,-2,-2,1.0,False
gsm8k,RandOpt,42,300,10,972,0,0,10,10,0,5,0,5,-5,-5,0.5,False
gsm8k,RandOpt,42,300,10,973,7,5-10,10,3,1,3,7,1,6,6,0.3333333333333333,True
gsm8k,RandOpt,42,300,10,974,6,5-10,10,4,1,1,6,4,2,2,1.0,True
gsm8k,RandOpt,42,300,10,975,9,5-10,10,1,1,1,9,1,8,8,1.0,True
gsm8k,RandOpt,42,300,10,976,7,5-10,10,3,1,3,7,1,6,6,0.3333333333333333,True
gsm8k,RandOpt,42,300,10,977,10,5-10,10,0,1,0,10,0,10,10,0.0,True
gsm8k,RandOpt,42,300,10,978,6,5-10,10,4,1,1,6,4,2,2,1.0,True
gsm8k,RandOpt,42,300,10,979,5,5-10,10,5,1,5,5,1,4,4,0.2,True
gsm8k,RandOpt,42,300,10,980,5,5-10,10,5,1,1,5,5,0,0,1.0,True
gsm8k,RandOpt,42,300,10,981,9,5-10,10,1,1,1,9,1,8,8,1.0,True
gsm8k,RandOpt,42,300,10,982,6,5-10,10,4,1,2,6,3,3,3,0.75,True
gsm8k,RandOpt,42,300,10,983,3,2-4,10,7,1,1,3,7,-4,-4,1.0,False
gsm8k,RandOpt,42,300,10,984,0,0,10,10,0,6,0,4,-4,-4,0.4,False
gsm8k,RandOpt,42,300,10,985,10,5-10,10,0,1,0,10,0,10,10,0.0,True
gsm8k,RandOpt,42,300,10,986,1,1,10,9,1,2,1,7,-6,-6,0.7777777777777778,False
gsm8k,RandOpt,42,300,10,987,10,5-10,10,0,1,0,10,0,10,10,0.0,True
gsm8k,RandOpt,42,300,10,988,6,5-10,10,4,1,1,6,4,2,2,1.0,True
gsm8k,RandOpt,42,300,10,989,2,2-4,10,8,1,2,2,7,-5,-5,0.875,False
gsm8k,RandOpt,42,300,10,990,5,5-10,10,5,1,2,5,4,1,1,0.8,True
gsm8k,RandOpt,42,300,10,991,6,5-10,10,4,1,3,6,2,4,4,0.5,True
gsm8k,RandOpt,42,300,10,992,2,2-4,10,8,1,5,2,3,-1,-1,0.375,False
gsm8k,RandOpt,42,300,10,993,2,2-4,10,8,1,4,2,4,-2,-2,0.5,False
gsm8k,RandOpt,42,300,10,994,10,5-10,10,0,1,0,10,0,10,10,0.0,True
gsm8k,RandOpt,42,300,10,995,5,5-10,10,5,1,4,5,2,3,3,0.4,True
gsm8k,RandOpt,42,300,10,996,4,2-4,10,6,1,1,4,6,-2,-2,1.0,False
gsm8k,RandOpt,42,300,10,997,0,0,10,10,0,4,0,4,-4,-4,0.4,False
gsm8k,RandOpt,42,300,10,998,8,5-10,10,2,1,1,8,2,6,6,1.0,True
gsm8k,RandOpt,42,300,10,999,7,5-10,10,3,1,2,7,2,5,5,0.6666666666666666,True
gsm8k,RandOpt,42,300,10,1000,10,5-10,10,0,1,0,10,0,10,10,0.0,True
gsm8k,RandOpt,42,300,10,1001,2,2-4,10,8,1,5,2,3,-1,-1,0.375,False
gsm8k,RandOpt,42,300,10,1002,7,5-10,10,3,1,1,7,3,4,4,1.0,True
gsm8k,RandOpt,42,300,10,1003,2,2-4,10,8,1,7,2,2,0,0,0.25,False
gsm8k,RandOpt,42,300,10,1004,10,5-10,10,0,1,0,10,0,10,10,0.0,True
gsm8k,RandOpt,42,300,10,1005,10,5-10,10,0,1,0,10,0,10,10,0.0,True
gsm8k,RandOpt,42,300,10,1006,0,0,10,10,0,3,0,8,-8,-8,0.8,False
gsm8k,RandOpt,42,300,10,1007,10,5-10,10,0,1,0,10,0,10,10,0.0,True
gsm8k,RandOpt,42,300,10,1008,10,5-10,10,0,1,0,10,0,10,10,0.0,True
gsm8k,RandOpt,42,300,10,1009,5,5-10,10,5,1,1,5,5,0,0,1.0,False
gsm8k,RandOpt,42,300,10,1010,9,5-10,10,1,1,1,9,1,8,8,1.0,True
gsm8k,RandOpt,42,300,10,1011,7,5-10,10,3,1,1,7,3,4,4,1.0,True
gsm8k,RandOpt,42,300,10,1012,0,0,10,10,0,10,0,1,-1,-1,0.1,False
gsm8k,RandOpt,42,300,10,1013,6,5-10,10,4,1,1,6,4,2,2,1.0,True
gsm8k,RandOpt,42,300,10,1014,8,5-10,10,2,1,2,8,1,7,7,0.5,True
gsm8k,RandOpt,42,300,10,1015,9,5-10,10,1,1,1,9,1,8,8,1.0,True
gsm8k,RandOpt,42,300,10,1016,0,0,10,10,0,2,0,9,-9,-9,0.9,False
gsm8k,RandOpt,42,300,10,1017,5,5-10,10,5,1,4,5,2,3,3,0.4,True
gsm8k,RandOpt,42,300,10,1018,10,5-10,10,0,1,0,10,0,10,10,0.0,True
gsm8k,RandOpt,42,300,10,1019,9,5-10,10,1,1,1,9,1,8,8,1.0,True
gsm8k,RandOpt,42,300,10,1020,9,5-10,10,1,1,1,9,1,8,8,1.0,True
gsm8k,RandOpt,42,300,10,1021,5,5-10,10,5,1,3,5,2,3,3,0.4,True
gsm8k,RandOpt,42,300,10,1022,4,2-4,10,6,1,3,4,4,0,0,0.6666666666666666,False
gsm8k,RandOpt,42,300,10,1023,10,5-10,10,0,1,0,10,0,10,10,0.0,True
gsm8k,RandOpt,42,300,10,1024,4,2-4,10,6,1,1,4,6,-2,-2,1.0,False
gsm8k,RandOpt,42,300,10,1025,9,5-10,10,1,1,1,9,1,8,8,1.0,True
gsm8k,RandOpt,42,300,10,1026,10,5-10,10,0,1,0,10,0,10,10,0.0,True
gsm8k,RandOpt,42,300,10,1027,10,5-10,10,0,1,0,10,0,10,10,0.0,True
gsm8k,RandOpt,42,300,10,1028,10,5-10,10,0,1,0,10,0,10,10,0.0,True
gsm8k,RandOpt,42,300,10,1029,0,0,10,10,0,2,0,9,-9,-9,0.9,False
gsm8k,RandOpt,42,300,10,1030,0,0,10,10,0,7,0,2,-2,-2,0.2,False
gsm8k,RandOpt,42,300,10,1031,8,5-10,10,2,1,2,8,1,7,7,0.5,True
gsm8k,RandOpt,42,300,10,1032,2,2-4,10,8,1,1,2,8,-6,-6,1.0,False
gsm8k,RandOpt,42,300,10,1033,7,5-10,10,3,1,3,7,1,6,6,0.3333333333333333,True
gsm8k,RandOpt,42,300,10,1034,9,5-10,10,1,1,1,9,1,8,8,1.0,True
gsm8k,RandOpt,42,300,10,1035,2,2-4,10,8,1,1,2,8,-6,-6,1.0,False
gsm8k,RandOpt,42,300,10,1036,10,5-10,10,0,1,0,10,0,10,10,0.0,True
gsm8k,RandOpt,42,300,10,1037,9,5-10,10,1,1,1,9,1,8,8,1.0,True
gsm8k,RandOpt,42,300,10,1038,5,5-10,10,5,1,4,5,2,3,3,0.4,True
gsm8k,RandOpt,42,300,10,1039,10,5-10,10,0,1,0,10,0,10,10,0.0,True
gsm8k,RandOpt,42,300,10,1040,10,5-10,10,0,1,0,10,0,10,10,0.0,True
gsm8k,RandOpt,42,300,10,1041,5,5-10,10,5,1,2,5,4,1,1,0.8,True
gsm8k,RandOpt,42,300,10,1042,0,0,10,10,0,2,0,7,-7,-7,0.7,False
gsm8k,RandOpt,42,300,10,1043,10,5-10,10,0,2,0,6,0,10,6,0.0,True
gsm8k,RandOpt,42,300,10,1044,10,5-10,10,0,1,0,10,0,10,10,0.0,True
gsm8k,RandOpt,42,300,10,1045,9,5-10,10,1,1,1,9,1,8,8,1.0,True
gsm8k,RandOpt,42,300,10,1046,0,0,10,10,0,8,0,2,-2,-2,0.2,False
gsm8k,RandOpt,42,300,10,1047,10,5-10,10,0,1,0,10,0,10,10,0.0,True
gsm8k,RandOpt,42,300,10,1048,0,0,10,10,0,9,0,2,-2,-2,0.2,False
gsm8k,RandOpt,42,300,10,1049,9,5-10,10,1,1,1,9,1,8,8,1.0,True
gsm8k,RandOpt,42,300,10,1050,0,0,10,10,0,1,0,10,-10,-10,1.0,False
gsm8k,RandOpt,42,300,10,1051,4,2-4,10,6,1,1,4,6,-2,-2,1.0,False
gsm8k,RandOpt,42,300,10,1052,8,5-10,10,2,1,2,8,1,7,7,0.5,True
gsm8k,RandOpt,42,300,10,1053,9,5-10,10,1,1,1,9,1,8,8,1.0,True
gsm8k,RandOpt,42,300,10,1054,7,5-10,10,3,1,1,7,3,4,4,1.0,True
gsm8k,RandOpt,42,300,10,1055,10,5-10,10,0,1,0,10,0,10,10,0.0,True
gsm8k,RandOpt,42,300,10,1056,4,2-4,10,6,1,2,4,4,0,0,0.6666666666666666,False
gsm8k,RandOpt,42,300,10,1057,9,5-10,10,1,1,1,9,1,8,8,1.0,True
gsm8k,RandOpt,42,300,10,1058,10,5-10,10,0,1,0,10,0,10,10,0.0,True
gsm8k,RandOpt,42,300,10,1059,10,5-10,10,0,1,0,10,0,10,10,0.0,True
gsm8k,RandOpt,42,300,10,1060,10,5-10,10,0,1,0,10,0,10,10,0.0,True
gsm8k,RandOpt,42,300,10,1061,10,5-10,10,0,1,0,10,0,10,10,0.0,True
gsm8k,RandOpt,42,300,10,1062,0,0,10,10,0,3,0,5,-5,-5,0.5,False
gsm8k,RandOpt,42,300,10,1063,10,5-10,10,0,1,0,10,0,10,10,0.0,True
gsm8k,RandOpt,42,300,10,1064,7,5-10,10,3,1,1,7,3,4,4,1.0,True
gsm8k,RandOpt,42,300,10,1065,10,5-10,10,0,1,0,10,0,10,10,0.0,True
gsm8k,RandOpt,42,300,10,1066,9,5-10,10,1,1,1,9,1,8,8,1.0,True
gsm8k,RandOpt,42,300,10,1067,10,5-10,10,0,1,0,10,0,10,10,0.0,True
gsm8k,RandOpt,42,300,10,1068,3,2-4,10,7,1,2,3,4,-1,-1,0.5714285714285714,False
gsm8k,RandOpt,42,300,10,1069,0,0,10,10,0,2,0,9,-9,-9,0.9,False
gsm8k,RandOpt,42,300,10,1070,1,1,10,9,1,4,1,5,-4,-4,0.5555555555555556,False
gsm8k,RandOpt,42,300,10,1071,0,0,10,10,0,3,0,4,-4,-4,0.4,False
gsm8k,RandOpt,42,300,10,1072,10,5-10,10,0,1,0,10,0,10,10,0.0,True
gsm8k,RandOpt,42,300,10,1073,1,1,10,9,1,5,1,5,-4,-4,0.5555555555555556,False
gsm8k,RandOpt,42,300,10,1074,4,2-4,10,6,1,2,4,4,0,0,0.6666666666666666,True
gsm8k,RandOpt,42,300,10,1075,0,0,10,10,0,7,0,2,-2,-2,0.2,False
gsm8k,RandOpt,42,300,10,1076,2,2-4,10,8,1,1,2,8,-6,-6,1.0,False
gsm8k,RandOpt,42,300,10,1077,2,2-4,10,8,1,8,2,1,1,1,0.125,True
gsm8k,RandOpt,42,300,10,1078,0,0,10,10,0,1,0,10,-10,-10,1.0,False
gsm8k,RandOpt,42,300,10,1079,10,5-10,10,0,1,0,10,0,10,10,0.0,True
gsm8k,RandOpt,42,300,10,1080,9,5-10,10,1,1,1,9,1,8,8,1.0,True
gsm8k,RandOpt,42,300,10,1081,4,2-4,10,6,1,1,4,6,-2,-2,1.0,False
gsm8k,RandOpt,42,300,10,1082,2,2-4,10,8,1,2,2,6,-4,-4,0.75,False
gsm8k,RandOpt,42,300,10,1083,3,2-4,10,7,1,2,3,5,-2,-2,0.7142857142857143,False
gsm8k,RandOpt,42,300,10,1084,3,2-4,10,7,1,2,3,5,-2,-2,0.7142857142857143,False
gsm8k,RandOpt,42,300,10,1085,6,5-10,10,4,1,2,6,3,3,3,0.75,True
gsm8k,RandOpt,42,300,10,1086,10,5-10,10,0,2,0,6,0,10,6,0.0,True
gsm8k,RandOpt,42,300,10,1087,10,5-10,10,0,1,0,10,0,10,10,0.0,True
gsm8k,RandOpt,42,300,10,1088,1,1,10,9,1,5,1,3,-2,-2,0.3333333333333333,False
gsm8k,RandOpt,42,300,10,1089,8,5-10,10,2,1,1,8,2,6,6,1.0,True
gsm8k,RandOpt,42,300,10,1090,10,5-10,10,0,1,0,10,0,10,10,0.0,True
gsm8k,RandOpt,42,300,10,1091,7,5-10,10,3,1,1,7,3,4,4,1.0,True
gsm8k,RandOpt,42,300,10,1092,6,5-10,10,4,1,2,6,3,3,3,0.75,True
gsm8k,RandOpt,42,300,10,1093,9,5-10,10,1,1,1,9,1,8,8,1.0,True
gsm8k,RandOpt,42,300,10,1094,0,0,10,10,0,7,0,3,-3,-3,0.3,False
gsm8k,RandOpt,42,300,10,1095,10,5-10,10,0,1,0,10,0,10,10,0.0,True
gsm8k,RandOpt,42,300,10,1096,10,5-10,10,0,1,0,10,0,10,10,0.0,True
gsm8k,RandOpt,42,300,10,1097,10,5-10,10,0,1,0,10,0,10,10,0.0,True
gsm8k,RandOpt,42,300,10,1098,10,5-10,10,0,1,0,10,0,10,10,0.0,True
gsm8k,RandOpt,42,300,10,1099,10,5-10,10,0,1,0,10,0,10,10,0.0,True
gsm8k,RandOpt,42,300,10,1100,4,2-4,10,6,1,4,4,3,1,1,0.5,True
gsm8k,RandOpt,42,300,10,1101,10,5-10,10,0,1,0,10,0,10,10,0.0,True
gsm8k,RandOpt,42,300,10,1102,0,0,10,10,0,2,0,6,-6,-6,0.6,False
gsm8k,RandOpt,42,300,10,1103,9,5-10,10,1,1,1,9,1,8,8,1.0,True
gsm8k,RandOpt,42,300,10,1104,8,5-10,10,2,1,1,8,2,6,6,1.0,True
gsm8k,RandOpt,42,300,10,1105,1,1,10,9,1,4,1,4,-3,-3,0.4444444444444444,False
gsm8k,RandOpt,42,300,10,1106,10,5-10,10,0,1,0,10,0,10,10,0.0,True
gsm8k,RandOpt,42,300,10,1107,10,5-10,10,0,1,0,10,0,10,10,0.0,True
gsm8k,RandOpt,42,300,10,1108,8,5-10,10,2,1,1,8,2,6,6,1.0,True
gsm8k,RandOpt,42,300,10,1109,10,5-10,10,0,1,0,10,0,10,10,0.0,True
gsm8k,RandOpt,42,300,10,1110,2,2-4,10,8,1,7,2,2,0,0,0.25,False
gsm8k,RandOpt,42,300,10,1111,10,5-10,10,0,1,0,10,0,10,10,0.0,True
gsm8k,RandOpt,42,300,10,1112,10,5-10,10,0,1,0,10,0,10,10,0.0,True
gsm8k,RandOpt,42,300,10,1113,10,5-10,10,0,1,0,10,0,10,10,0.0,True
gsm8k,RandOpt,42,300,10,1114,7,5-10,10,3,1,1,7,3,4,4,1.0,True
gsm8k,RandOpt,42,300,10,1115,0,0,10,10,0,4,0,4,-4,-4,0.4,False
gsm8k,RandOpt,42,300,10,1116,10,5-10,10,0,1,0,10,0,10,10,0.0,True
gsm8k,RandOpt,42,300,10,1117,5,5-10,10,5,1,3,5,3,2,2,0.6,True
gsm8k,RandOpt,42,300,10,1118,4,2-4,10,6,1,1,4,6,-2,-2,1.0,False
gsm8k,RandOpt,42,300,10,1119,6,5-10,10,4,1,1,6,4,2,2,1.0,True
gsm8k,RandOpt,42,300,10,1120,7,5-10,10,3,1,1,7,3,4,4,1.0,True
gsm8k,RandOpt,42,300,10,1121,10,5-10,10,0,1,0,10,0,10,10,0.0,True
gsm8k,RandOpt,42,300,10,1122,1,1,10,9,1,6,1,3,-2,-2,0.3333333333333333,False
gsm8k,RandOpt,42,300,10,1123,7,5-10,10,3,1,2,7,2,5,5,0.6666666666666666,True
gsm8k,RandOpt,42,300,10,1124,5,5-10,10,5,1,4,5,2,3,3,0.4,True
gsm8k,RandOpt,42,300,10,1125,9,5-10,10,1,1,1,9,1,8,8,1.0,True
gsm8k,RandOpt,42,300,10,1126,10,5-10,10,0,1,0,10,0,10,10,0.0,True
gsm8k,RandOpt,42,300,10,1127,10,5-10,10,0,1,0,10,0,10,10,0.0,True
gsm8k,RandOpt,42,300,10,1128,10,5-10,10,0,1,0,10,0,10,10,0.0,True
gsm8k,RandOpt,42,300,10,1129,3,2-4,10,7,1,6,3,2,1,1,0.2857142857142857,True
gsm8k,RandOpt,42,300,10,1130,10,5-10,10,0,1,0,10,0,10,10,0.0,True
gsm8k,RandOpt,42,300,10,1131,3,2-4,10,7,1,3,3,5,-2,-2,0.7142857142857143,False
gsm8k,RandOpt,42,300,10,1132,9,5-10,10,1,1,1,9,1,8,8,1.0,True
gsm8k,RandOpt,42,300,10,1133,0,0,10,10,0,6,0,3,-3,-3,0.3,False
gsm8k,RandOpt,42,300,10,1134,0,0,10,10,0,1,0,10,-10,-10,1.0,False
gsm8k,RandOpt,42,300,10,1135,7,5-10,10,3,1,1,7,3,4,4,1.0,True
gsm8k,RandOpt,42,300,10,1136,9,5-10,10,1,1,1,9,1,8,8,1.0,True
gsm8k,RandOpt,42,300,10,1137,0,0,10,10,0,6,0,4,-4,-4,0.4,False
gsm8k,RandOpt,42,300,10,1138,9,5-10,10,1,1,1,9,1,8,8,1.0,True
gsm8k,RandOpt,42,300,10,1139,0,0,10,10,0,1,0,10,-10,-10,1.0,False
gsm8k,RandOpt,42,300,10,1140,8,5-10,10,2,1,1,8,2,6,6,1.0,True
gsm8k,RandOpt,42,300,10,1141,6,5-10,10,4,1,1,6,4,2,2,1.0,True
gsm8k,RandOpt,42,300,10,1142,10,5-10,10,0,1,0,10,0,10,10,0.0,True
gsm8k,RandOpt,42,300,10,1143,10,5-10,10,0,1,0,10,0,10,10,0.0,True
gsm8k,RandOpt,42,300,10,1144,10,5-10,10,0,1,0,10,0,10,10,0.0,True
gsm8k,RandOpt,42,300,10,1145,1,1,10,9,1,6,1,3,-2,-2,0.3333333333333333,False
gsm8k,RandOpt,42,300,10,1146,4,2-4,10,6,1,6,4,1,3,3,0.16666666666666666,True
gsm8k,RandOpt,42,300,10,1147,4,2-4,10,6,1,1,4,6,-2,-2,1.0,False
gsm8k,RandOpt,42,300,10,1148,10,5-10,10,0,1,0,10,0,10,10,0.0,True
gsm8k,RandOpt,42,300,10,1149,10,5-10,10,0,1,0,10,0,10,10,0.0,True
gsm8k,RandOpt,42,300,10,1150,1,1,10,9,1,1,1,9,-8,-8,1.0,False
gsm8k,RandOpt,42,300,10,1151,4,2-4,10,6,1,1,4,6,-2,-2,1.0,False
gsm8k,RandOpt,42,300,10,1152,10,5-10,10,0,1,0,10,0,10,10,0.0,True
gsm8k,RandOpt,42,300,10,1153,10,5-10,10,0,1,0,10,0,10,10,0.0,True
gsm8k,RandOpt,42,300,10,1154,10,5-10,10,0,1,0,10,0,10,10,0.0,True
gsm8k,RandOpt,42,300,10,1155,6,5-10,10,4,1,1,6,4,2,2,1.0,True
gsm8k,RandOpt,42,300,10,1156,8,5-10,10,2,1,1,8,2,6,6,1.0,True
gsm8k,RandOpt,42,300,10,1157,10,5-10,10,0,1,0,10,0,10,10,0.0,True
gsm8k,RandOpt,42,300,10,1158,0,0,10,10,0,2,0,9,-9,-9,0.9,False
gsm8k,RandOpt,42,300,10,1159,8,5-10,10,2,1,1,8,2,6,6,1.0,True
gsm8k,RandOpt,42,300,10,1160,9,5-10,10,1,1,1,9,1,8,8,1.0,True
gsm8k,RandOpt,42,300,10,1161,0,0,10,10,0,2,0,9,-9,-9,0.9,False
gsm8k,RandOpt,42,300,10,1162,10,5-10,10,0,1,0,10,0,10,10,0.0,True
gsm8k,RandOpt,42,300,10,1163,2,2-4,10,8,1,1,2,8,-6,-6,1.0,False
gsm8k,RandOpt,42,300,10,1164,0,0,10,10,0,1,0,10,-10,-10,1.0,False
gsm8k,RandOpt,42,300,10,1165,2,2-4,10,8,1,1,2,8,-6,-6,1.0,False
gsm8k,RandOpt,42,300,10,1166,1,1,10,9,1,7,1,3,-2,-2,0.3333333333333333,False
gsm8k,RandOpt,42,300,10,1167,7,5-10,10,3,1,1,7,3,4,4,1.0,True
gsm8k,RandOpt,42,300,10,1168,10,5-10,10,0,1,0,10,0,10,10,0.0,True
gsm8k,RandOpt,42,300,10,1169,10,5-10,10,0,1,0,10,0,10,10,0.0,True
gsm8k,RandOpt,42,300,10,1170,1,1,10,9,1,3,1,6,-5,-5,0.6666666666666666,False
gsm8k,RandOpt,42,300,10,1171,10,5-10,10,0,1,0,10,0,10,10,0.0,True
gsm8k,RandOpt,42,300,10,1172,9,5-10,10,1,1,1,9,1,8,8,1.0,True
gsm8k,RandOpt,42,300,10,1173,2,2-4,10,8,1,3,2,5,-3,-3,0.625,False
gsm8k,RandOpt,42,300,10,1174,0,0,10,10,0,3,0,7,-7,-7,0.7,False
gsm8k,RandOpt,42,300,10,1175,0,0,10,10,0,1,0,10,-10,-10,1.0,False
gsm8k,RandOpt,42,300,10,1176,2,2-4,10,8,1,8,2,1,1,1,0.125,True
gsm8k,RandOpt,42,300,10,1177,10,5-10,10,0,1,0,10,0,10,10,0.0,True
gsm8k,RandOpt,42,300,10,1178,10,5-10,10,0,1,0,10,0,10,10,0.0,True
gsm8k,RandOpt,42,300,10,1179,10,5-10,10,0,1,0,10,0,10,10,0.0,True
gsm8k,RandOpt,42,300,10,1180,5,5-10,10,5,2,3,3,3,2,0,0.6,False
gsm8k,RandOpt,42,300,10,1181,10,5-10,10,0,1,0,10,0,10,10,0.0,True
gsm8k,RandOpt,42,300,10,1182,10,5-10,10,0,1,0,10,0,10,10,0.0,True
gsm8k,RandOpt,42,300,10,1183,0,0,10,10,0,7,0,2,-2,-2,0.2,False
gsm8k,RandOpt,42,300,10,1184,6,5-10,10,4,1,1,6,4,2,2,1.0,True
gsm8k,RandOpt,42,300,10,1185,0,0,10,10,0,4,0,4,-4,-4,0.4,False
gsm8k,RandOpt,42,300,10,1186,10,5-10,10,0,1,0,10,0,10,10,0.0,True
gsm8k,RandOpt,42,300,10,1187,1,1,10,9,1,2,1,6,-5,-5,0.6666666666666666,False
gsm8k,RandOpt,42,300,10,1188,2,2-4,10,8,1,4,2,3,-1,-1,0.375,False
gsm8k,RandOpt,42,300,10,1189,10,5-10,10,0,1,0,10,0,10,10,0.0,True
gsm8k,RandOpt,42,300,10,1190,1,1,10,9,1,5,1,3,-2,-2,0.3333333333333333,False
gsm8k,RandOpt,42,300,10,1191,10,5-10,10,0,1,0,10,0,10,10,0.0,True
gsm8k,RandOpt,42,300,10,1192,2,2-4,10,8,1,1,2,8,-6,-6,1.0,False
gsm8k,RandOpt,42,300,10,1193,0,0,10,10,0,2,0,7,-7,-7,0.7,False
gsm8k,RandOpt,42,300,10,1194,10,5-10,10,0,1,0,10,0,10,10,0.0,True
gsm8k,RandOpt,42,300,10,1195,3,2-4,10,7,1,5,3,3,0,0,0.42857142857142855,True
gsm8k,RandOpt,42,300,10,1196,10,5-10,10,0,1,0,10,0,10,10,0.0,True
gsm8k,RandOpt,42,300,10,1197,10,5-10,10,0,1,0,10,0,10,10,0.0,True
gsm8k,RandOpt,42,300,10,1198,4,2-4,10,6,1,1,4,6,-2,-2,1.0,False
gsm8k,RandOpt,42,300,10,1199,0,0,10,10,0,2,0,9,-9,-9,0.9,False
gsm8k,RandOpt,42,300,10,1200,9,5-10,10,1,1,1,9,1,8,8,1.0,True
gsm8k,RandOpt,42,300,10,1201,9,5-10,10,1,1,1,9,1,8,8,1.0,True
gsm8k,RandOpt,42,300,10,1202,2,2-4,10,8,1,1,2,8,-6,-6,1.0,False
gsm8k,RandOpt,42,300,10,1203,7,5-10,10,3,1,2,7,2,5,5,0.6666666666666666,True
gsm8k,RandOpt,42,300,10,1204,10,5-10,10,0,1,0,10,0,10,10,0.0,True
gsm8k,RandOpt,42,300,10,1205,5,5-10,10,5,1,3,5,3,2,2,0.6,True
gsm8k,RandOpt,42,300,10,1206,8,5-10,10,2,1,1,8,2,6,6,1.0,True
gsm8k,RandOpt,42,300,10,1207,5,5-10,10,5,1,1,5,5,0,0,1.0,True
gsm8k,RandOpt,42,300,10,1208,9,5-10,10,1,1,1,9,1,8,8,1.0,True
gsm8k,RandOpt,42,300,10,1209,10,5-10,10,0,1,0,10,0,10,10,0.0,True
gsm8k,RandOpt,42,300,10,1210,6,5-10,10,4,1,1,6,4,2,2,1.0,True
gsm8k,RandOpt,42,300,10,1211,10,5-10,10,0,1,0,10,0,10,10,0.0,True
gsm8k,RandOpt,42,300,10,1212,6,5-10,10,4,1,1,6,4,2,2,1.0,True
gsm8k,RandOpt,42,300,10,1213,9,5-10,10,1,1,1,9,1,8,8,1.0,True
gsm8k,RandOpt,42,300,10,1214,10,5-10,10,0,1,0,10,0,10,10,0.0,True
gsm8k,RandOpt,42,300,10,1215,5,5-10,10,5,1,5,5,1,4,4,0.2,True
gsm8k,RandOpt,42,300,10,1216,0,0,10,10,0,4,0,4,-4,-4,0.4,False
gsm8k,RandOpt,42,300,10,1217,0,0,10,10,0,1,0,10,-10,-10,1.0,False
gsm8k,RandOpt,42,300,10,1218,3,2-4,10,7,1,3,3,4,-1,-1,0.5714285714285714,False
gsm8k,RandOpt,42,300,10,1219,0,0,10,10,0,1,0,10,-10,-10,1.0,False
gsm8k,RandOpt,42,300,10,1220,9,5-10,10,1,1,1,9,1,8,8,1.0,True
gsm8k,RandOpt,42,300,10,1221,3,2-4,10,7,1,2,3,6,-3,-3,0.8571428571428571,False
gsm8k,RandOpt,42,300,10,1222,8,5-10,10,2,1,2,8,1,7,7,0.5,True
gsm8k,RandOpt,42,300,10,1223,1,1,10,9,1,2,1,8,-7,-7,0.8888888888888888,False
gsm8k,RandOpt,42,300,10,1224,7,5-10,10,3,1,1,7,3,4,4,1.0,True
gsm8k,RandOpt,42,300,10,1225,10,5-10,10,0,1,0,10,0,10,10,0.0,True
gsm8k,RandOpt,42,300,10,1226,4,2-4,10,6,1,2,4,5,-1,-1,0.8333333333333334,False
gsm8k,RandOpt,42,300,10,1227,6,5-10,10,4,1,2,6,3,3,3,0.75,True
gsm8k,RandOpt,42,300,10,1228,10,5-10,10,0,1,0,10,0,10,10,0.0,True
gsm8k,RandOpt,42,300,10,1229,10,5-10,10,0,1,0,10,0,10,10,0.0,True
gsm8k,RandOpt,42,300,10,1230,8,5-10,10,2,1,1,8,2,6,6,1.0,True
gsm8k,RandOpt,42,300,10,1231,10,5-10,10,0,1,0,10,0,10,10,0.0,True
gsm8k,RandOpt,42,300,10,1232,10,5-10,10,0,1,0,10,0,10,10,0.0,True
gsm8k,RandOpt,42,300,10,1233,10,5-10,10,0,1,0,10,0,10,10,0.0,True
gsm8k,RandOpt,42,300,10,1234,10,5-10,10,0,1,0,10,0,10,10,0.0,True
gsm8k,RandOpt,42,300,10,1235,0,0,10,10,0,1,0,10,-10,-10,1.0,False
gsm8k,RandOpt,42,300,10,1236,5,5-10,10,5,1,3,5,3,2,2,0.6,True
gsm8k,RandOpt,42,300,10,1237,0,0,10,10,0,3,0,6,-6,-6,0.6,False
gsm8k,RandOpt,42,300,10,1238,2,2-4,10,8,1,2,2,7,-5,-5,0.875,False
gsm8k,RandOpt,42,300,10,1239,8,5-10,10,2,1,1,8,2,6,6,1.0,True
gsm8k,RandOpt,42,300,10,1240,4,2-4,10,6,1,3,4,3,1,1,0.5,True
gsm8k,RandOpt,42,300,10,1241,3,2-4,10,7,1,3,3,5,-2,-2,0.7142857142857143,False
gsm8k,RandOpt,42,300,10,1242,10,5-10,10,0,1,0,10,0,10,10,0.0,True
gsm8k,RandOpt,42,300,10,1243,10,5-10,10,0,1,0,10,0,10,10,0.0,True
gsm8k,RandOpt,42,300,10,1244,2,2-4,10,8,1,1,2,8,-6,-6,1.0,False
gsm8k,RandOpt,42,300,10,1245,8,5-10,10,2,1,1,8,2,6,6,1.0,True
gsm8k,RandOpt,42,300,10,1246,10,5-10,10,0,1,0,10,0,10,10,0.0,True
gsm8k,RandOpt,42,300,10,1247,10,5-10,10,0,1,0,10,0,10,10,0.0,True
gsm8k,RandOpt,42,300,10,1248,0,0,10,10,0,1,0,10,-10,-10,1.0,False
gsm8k,RandOpt,42,300,10,1249,1,1,10,9,1,7,1,3,-2,-2,0.3333333333333333,False
gsm8k,RandOpt,42,300,10,1250,10,5-10,10,0,1,0,10,0,10,10,0.0,True
gsm8k,RandOpt,42,300,10,1251,5,5-10,10,5,1,4,5,2,3,3,0.4,True
gsm8k,RandOpt,42,300,10,1252,9,5-10,10,1,1,1,9,1,8,8,1.0,True
gsm8k,RandOpt,42,300,10,1253,10,5-10,10,0,1,0,10,0,10,10,0.0,True
gsm8k,RandOpt,42,300,10,1254,2,2-4,10,8,1,1,2,8,-6,-6,1.0,False
gsm8k,RandOpt,42,300,10,1255,10,5-10,10,0,1,0,10,0,10,10,0.0,True
gsm8k,RandOpt,42,300,10,1256,7,5-10,10,3,1,1,7,3,4,4,1.0,True
gsm8k,RandOpt,42,300,10,1257,6,5-10,10,4,1,1,6,4,2,2,1.0,True
gsm8k,RandOpt,42,300,10,1258,6,5-10,10,4,1,3,6,2,4,4,0.5,True
gsm8k,RandOpt,42,300,10,1259,9,5-10,10,1,1,1,9,1,8,8,1.0,True
gsm8k,RandOpt,42,300,10,1260,10,5-10,10,0,1,0,10,0,10,10,0.0,True
gsm8k,RandOpt,42,300,10,1261,0,0,10,10,0,2,0,9,-9,-9,0.9,False
gsm8k,RandOpt,42,300,10,1262,2,2-4,10,8,1,1,2,8,-6,-6,1.0,False
gsm8k,RandOpt,42,300,10,1263,3,2-4,10,7,1,6,3,2,1,1,0.2857142857142857,True
gsm8k,RandOpt,42,300,10,1264,0,0,10,10,0,3,0,7,-7,-7,0.7,False
gsm8k,RandOpt,42,300,10,1265,2,2-4,10,8,1,5,2,3,-1,-1,0.375,False
gsm8k,RandOpt,42,300,10,1266,10,5-10,10,0,1,0,10,0,10,10,0.0,True
gsm8k,RandOpt,42,300,10,1267,10,5-10,10,0,1,0,10,0,10,10,0.0,True
gsm8k,RandOpt,42,300,10,1268,10,5-10,10,0,1,0,10,0,10,10,0.0,True
gsm8k,RandOpt,42,300,10,1269,0,0,10,10,0,1,0,10,-10,-10,1.0,False
gsm8k,RandOpt,42,300,10,1270,9,5-10,10,1,1,1,9,1,8,8,1.0,True
gsm8k,RandOpt,42,300,10,1271,10,5-10,10,0,1,0,10,0,10,10,0.0,True
gsm8k,RandOpt,42,300,10,1272,8,5-10,10,2,1,1,8,2,6,6,1.0,True
gsm8k,RandOpt,42,300,10,1273,0,0,10,10,0,4,0,5,-5,-5,0.5,False
gsm8k,RandOpt,42,300,10,1274,2,2-4,10,8,1,1,2,8,-6,-6,1.0,False
gsm8k,RandOpt,42,300,10,1275,10,5-10,10,0,1,0,10,0,10,10,0.0,True
gsm8k,RandOpt,42,300,10,1276,10,5-10,10,0,1,0,10,0,10,10,0.0,True
gsm8k,RandOpt,42,300,10,1277,6,5-10,10,4,1,2,6,2,4,4,0.5,True
gsm8k,RandOpt,42,300,10,1278,8,5-10,10,2,1,1,8,2,6,6,1.0,True
gsm8k,RandOpt,42,300,10,1279,0,0,10,10,0,6,0,3,-3,-3,0.3,False
gsm8k,RandOpt,42,300,10,1280,10,5-10,10,0,1,0,10,0,10,10,0.0,True
gsm8k,RandOpt,42,300,10,1281,10,5-10,10,0,1,0,10,0,10,10,0.0,True
gsm8k,RandOpt,42,300,10,1282,10,5-10,10,0,1,0,10,0,10,10,0.0,True
gsm8k,RandOpt,42,300,10,1283,3,2-4,10,7,1,1,3,7,-4,-4,1.0,False
gsm8k,RandOpt,42,300,10,1284,0,0,10,10,0,3,0,7,-7,-7,0.7,False
gsm8k,RandOpt,42,300,10,1285,10,5-10,10,0,2,0,8,0,10,8,0.0,True
gsm8k,RandOpt,42,300,10,1286,10,5-10,10,0,1,0,10,0,10,10,0.0,True
gsm8k,RandOpt,42,300,10,1287,9,5-10,10,1,1,1,9,1,8,8,1.0,True
gsm8k,RandOpt,42,300,10,1288,0,0,10,10,0,1,0,10,-10,-10,1.0,False
gsm8k,RandOpt,42,300,10,1289,10,5-10,10,0,1,0,10,0,10,10,0.0,True
gsm8k,RandOpt,42,300,10,1290,9,5-10,10,1,1,1,9,1,8,8,1.0,True
gsm8k,RandOpt,42,300,10,1291,10,5-10,10,0,1,0,10,0,10,10,0.0,True
gsm8k,RandOpt,42,300,10,1292,3,2-4,10,7,1,4,3,2,1,1,0.2857142857142857,True
gsm8k,RandOpt,42,300,10,1293,10,5-10,10,0,2,0,8,0,10,8,0.0,True
gsm8k,RandOpt,42,300,10,1294,5,5-10,10,5,1,1,5,5,0,0,1.0,True
gsm8k,RandOpt,42,300,10,1295,10,5-10,10,0,1,0,10,0,10,10,0.0,True
gsm8k,RandOpt,42,300,10,1296,9,5-10,10,1,1,1,9,1,8,8,1.0,True
gsm8k,RandOpt,42,300,10,1297,10,5-10,10,0,1,0,10,0,10,10,0.0,True
gsm8k,RandOpt,42,300,10,1298,0,0,10,10,0,2,0,9,-9,-9,0.9,False
gsm8k,RandOpt,42,300,10,1299,2,2-4,10,8,1,2,2,5,-3,-3,0.625,False
gsm8k,RandOpt,42,300,10,1300,6,5-10,10,4,1,1,6,4,2,2,1.0,True
gsm8k,RandOpt,42,300,10,1301,4,2-4,10,6,1,2,4,5,-1,-1,0.8333333333333334,False
gsm8k,RandOpt,42,300,10,1302,10,5-10,10,0,1,0,10,0,10,10,0.0,True
gsm8k,RandOpt,42,300,10,1303,2,2-4,10,8,1,6,2,2,0,0,0.25,True
gsm8k,RandOpt,42,300,10,1304,10,5-10,10,0,1,0,10,0,10,10,0.0,True
gsm8k,RandOpt,42,300,10,1305,10,5-10,10,0,1,0,10,0,10,10,0.0,True
gsm8k,RandOpt,42,300,10,1306,4,2-4,10,6,1,6,4,1,3,3,0.16666666666666666,True
gsm8k,RandOpt,42,300,10,1307,8,5-10,10,2,1,1,8,2,6,6,1.0,True
gsm8k,RandOpt,42,300,10,1308,10,5-10,10,0,1,0,10,0,10,10,0.0,True
gsm8k,RandOpt,42,300,10,1309,0,0,10,10,0,1,0,10,-10,-10,1.0,False
gsm8k,RandOpt,42,300,10,1310,0,0,10,10,0,3,0,7,-7,-7,0.7,False
gsm8k,RandOpt,42,300,10,1311,0,0,10,10,0,2,0,8,-8,-8,0.8,False
gsm8k,RandOpt,42,300,10,1312,0,0,10,10,0,8,0,2,-2,-2,0.2,False
gsm8k,RandOpt,42,300,10,1313,4,2-4,10,6,1,1,4,6,-2,-2,1.0,False
gsm8k,RandOpt,42,300,10,1314,6,5-10,10,4,1,2,6,3,3,3,0.75,True
gsm8k,RandOpt,42,300,10,1315,5,5-10,10,5,1,1,5,5,0,0,1.0,False
gsm8k,RandOpt,42,300,10,1316,6,5-10,10,4,1,2,6,3,3,3,0.75,True
gsm8k,RandOpt,42,300,10,1317,10,5-10,10,0,1,0,10,0,10,10,0.0,True
gsm8k,RandOpt,42,300,10,1318,10,5-10,10,0,1,0,10,0,10,10,0.0,True
gsm8k,RandOpt,43,300,10,0,10,5-10,10,0,1,0,10,0,10,10,0.0,True
gsm8k,RandOpt,43,300,10,1,10,5-10,10,0,1,0,10,0,10,10,0.0,True
gsm8k,RandOpt,43,300,10,2,3,2-4,10,7,2,3,2,5,-2,-3,0.7142857142857143,False
gsm8k,RandOpt,43,300,10,3,5,5-10,10,5,1,2,5,3,2,2,0.6,True
gsm8k,RandOpt,43,300,10,4,4,2-4,10,6,1,4,4,2,2,2,0.3333333333333333,True
gsm8k,RandOpt,43,300,10,5,0,0,10,10,0,6,0,4,-4,-4,0.4,False
gsm8k,RandOpt,43,300,10,6,10,5-10,10,0,1,0,10,0,10,10,0.0,True
gsm8k,RandOpt,43,300,10,7,1,1,10,9,1,2,1,8,-7,-7,0.8888888888888888,False
gsm8k,RandOpt,43,300,10,8,0,0,10,10,0,3,0,8,-8,-8,0.8,False
gsm8k,RandOpt,43,300,10,9,10,5-10,10,0,1,0,10,0,10,10,0.0,True
gsm8k,RandOpt,43,300,10,10,6,5-10,10,4,1,2,6,3,3,3,0.75,True
gsm8k,RandOpt,43,300,10,11,1,1,10,9,1,1,1,9,-8,-8,1.0,False
gsm8k,RandOpt,43,300,10,12,0,0,10,10,0,3,0,8,-8,-8,0.8,False
gsm8k,RandOpt,43,300,10,13,0,0,10,10,0,3,0,6,-6,-6,0.6,False
gsm8k,RandOpt,43,300,10,14,10,5-10,10,0,1,0,10,0,10,10,0.0,True
gsm8k,RandOpt,43,300,10,15,0,0,10,10,0,6,0,4,-4,-4,0.4,False
gsm8k,RandOpt,43,300,10,16,1,1,10,9,1,1,1,9,-8,-8,1.0,False
gsm8k,RandOpt,43,300,10,17,10,5-10,10,0,2,0,7,0,10,7,0.0,True
gsm8k,RandOpt,43,300,10,18,7,5-10,10,3,1,1,7,3,4,4,1.0,True
gsm8k,RandOpt,43,300,10,19,3,2-4,10,7,1,1,3,7,-4,-4,1.0,False
gsm8k,RandOpt,43,300,10,20,3,2-4,10,7,1,4,3,4,-1,-1,0.5714285714285714,False
gsm8k,RandOpt,43,300,10,21,1,1,10,9,1,7,1,2,-1,-1,0.2222222222222222,False
gsm8k,RandOpt,43,300,10,22,10,5-10,10,0,1,0,10,0,10,10,0.0,True
gsm8k,RandOpt,43,300,10,23,5,5-10,10,5,1,3,5,2,3,3,0.4,True
gsm8k,RandOpt,43,300,10,24,2,2-4,10,8,1,2,2,6,-4,-4,0.75,False
gsm8k,RandOpt,43,300,10,25,10,5-10,10,0,1,0,10,0,10,10,0.0,True
gsm8k,RandOpt,43,300,10,26,6,5-10,10,4,1,1,6,4,2,2,1.0,True
gsm8k,RandOpt,43,300,10,27,7,5-10,10,3,1,2,7,2,5,5,0.6666666666666666,True
gsm8k,RandOpt,43,300,10,28,7,5-10,10,3,1,2,7,2,5,5,0.6666666666666666,True
gsm8k,RandOpt,43,300,10,29,8,5-10,10,2,1,2,8,1,7,7,0.5,True
gsm8k,RandOpt,43,300,10,30,10,5-10,10,0,1,0,10,0,10,10,0.0,True
gsm8k,RandOpt,43,300,10,31,7,5-10,10,3,1,1,7,3,4,4,1.0,True
gsm8k,RandOpt,43,300,10,32,7,5-10,10,3,1,1,7,3,4,4,1.0,True
gsm8k,RandOpt,43,300,10,33,10,5-10,10,0,1,0,10,0,10,10,0.0,True
gsm8k,RandOpt,43,300,10,34,10,5-10,10,0,1,0,10,0,10,10,0.0,True
gsm8k,RandOpt,43,300,10,35,10,5-10,10,0,1,0,10,0,10,10,0.0,True
gsm8k,RandOpt,43,300,10,36,0,0,10,10,0,1,0,10,-10,-10,1.0,False
gsm8k,RandOpt,43,300,10,37,4,2-4,10,6,1,4,4,2,2,2,0.3333333333333333,True
gsm8k,RandOpt,43,300,10,38,7,5-10,10,3,1,2,7,2,5,5,0.6666666666666666,True
gsm8k,RandOpt,43,300,10,39,10,5-10,10,0,1,0,10,0,10,10,0.0,True
gsm8k,RandOpt,43,300,10,40,10,5-10,10,0,1,0,10,0,10,10,0.0,True
gsm8k,RandOpt,43,300,10,41,8,5-10,10,2,1,1,8,2,6,6,1.0,True
gsm8k,RandOpt,43,300,10,42,10,5-10,10,0,1,0,10,0,10,10,0.0,True
gsm8k,RandOpt,43,300,10,43,4,2-4,10,6,1,2,4,5,-1,-1,0.8333333333333334,False
gsm8k,RandOpt,43,300,10,44,0,0,10,10,0,6,0,2,-2,-2,0.2,False
gsm8k,RandOpt,43,300,10,45,9,5-10,10,1,1,1,9,1,8,8,1.0,True
gsm8k,RandOpt,43,300,10,46,1,1,10,9,1,7,1,3,-2,-2,0.3333333333333333,False
gsm8k,RandOpt,43,300,10,47,7,5-10,10,3,1,1,7,3,4,4,1.0,True
gsm8k,RandOpt,43,300,10,48,8,5-10,10,2,1,1,8,2,6,6,1.0,True
gsm8k,RandOpt,43,300,10,49,10,5-10,10,0,1,0,10,0,10,10,0.0,True
gsm8k,RandOpt,43,300,10,50,10,5-10,10,0,1,0,10,0,10,10,0.0,True
gsm8k,RandOpt,43,300,10,51,1,1,10,9,1,5,1,4,-3,-3,0.4444444444444444,False
gsm8k,RandOpt,43,300,10,52,10,5-10,10,0,1,0,10,0,10,10,0.0,True
gsm8k,RandOpt,43,300,10,53,10,5-10,10,0,1,0,10,0,10,10,0.0,True
gsm8k,RandOpt,43,300,10,54,4,2-4,10,6,1,5,4,2,2,2,0.3333333333333333,True
gsm8k,RandOpt,43,300,10,55,3,2-4,10,7,1,1,3,7,-4,-4,1.0,False
gsm8k,RandOpt,43,300,10,56,10,5-10,10,0,1,0,10,0,10,10,0.0,True
gsm8k,RandOpt,43,300,10,57,8,5-10,10,2,1,1,8,2,6,6,1.0,True
gsm8k,RandOpt,43,300,10,58,0,0,10,10,0,6,0,4,-4,-4,0.4,False
gsm8k,RandOpt,43,300,10,59,8,5-10,10,2,1,2,8,1,7,7,0.5,True
gsm8k,RandOpt,43,300,10,60,0,0,10,10,0,1,0,10,-10,-10,1.0,False
gsm8k,RandOpt,43,300,10,61,6,5-10,10,4,1,1,6,4,2,2,1.0,True
gsm8k,RandOpt,43,300,10,62,0,0,10,10,0,8,0,2,-2,-2,0.2,False
gsm8k,RandOpt,43,300,10,63,10,5-10,10,0,2,0,9,0,10,9,0.0,True
gsm8k,RandOpt,43,300,10,64,10,5-10,10,0,1,0,10,0,10,10,0.0,True
gsm8k,RandOpt,43,300,10,65,10,5-10,10,0,1,0,10,0,10,10,0.0,True
gsm8k,RandOpt,43,300,10,66,9,5-10,10,1,1,1,9,1,8,8,1.0,True
gsm8k,RandOpt,43,300,10,67,10,5-10,10,0,1,0,10,0,10,10,0.0,True
gsm8k,RandOpt,43,300,10,68,10,5-10,10,0,1,0,10,0,10,10,0.0,True
gsm8k,RandOpt,43,300,10,69,4,2-4,10,6,1,1,4,6,-2,-2,1.0,False
gsm8k,RandOpt,43,300,10,70,7,5-10,10,3,2,1,6,3,4,3,1.0,True
gsm8k,RandOpt,43,300,10,71,10,5-10,10,0,1,0,10,0,10,10,0.0,True
gsm8k,RandOpt,43,300,10,72,1,1,10,9,1,1,1,9,-8,-8,1.0,False
gsm8k,RandOpt,43,300,10,73,6,5-10,10,4,1,2,6,3,3,3,0.75,True
gsm8k,RandOpt,43,300,10,74,3,2-4,10,7,1,2,3,5,-2,-2,0.7142857142857143,False
gsm8k,RandOpt,43,300,10,75,0,0,10,10,0,1,0,10,-10,-10,1.0,False
gsm8k,RandOpt,43,300,10,76,10,5-10,10,0,1,0,10,0,10,10,0.0,True
gsm8k,RandOpt,43,300,10,77,10,5-10,10,0,1,0,10,0,10,10,0.0,True
gsm8k,RandOpt,43,300,10,78,0,0,10,10,0,2,0,9,-9,-9,0.9,False
gsm8k,RandOpt,43,300,10,79,6,5-10,10,4,1,1,6,4,2,2,1.0,True
gsm8k,RandOpt,43,300,10,80,10,5-10,10,0,1,0,10,0,10,10,0.0,True
gsm8k,RandOpt,43,300,10,81,9,5-10,10,1,1,1,9,1,8,8,1.0,True
gsm8k,RandOpt,43,300,10,82,10,5-10,10,0,1,0,10,0,10,10,0.0,True
gsm8k,RandOpt,43,300,10,83,7,5-10,10,3,1,1,7,3,4,4,1.0,True
gsm8k,RandOpt,43,300,10,84,6,5-10,10,4,1,1,6,4,2,2,1.0,True
gsm8k,RandOpt,43,300,10,85,10,5-10,10,0,1,0,10,0,10,10,0.0,True
gsm8k,RandOpt,43,300,10,86,10,5-10,10,0,1,0,10,0,10,10,0.0,True
gsm8k,RandOpt,43,300,10,87,0,0,10,10,0,8,0,3,-3,-3,0.3,False
gsm8k,RandOpt,43,300,10,88,10,5-10,10,0,1,0,10,0,10,10,0.0,True
gsm8k,RandOpt,43,300,10,89,0,0,10,10,0,2,0,9,-9,-9,0.9,False
gsm8k,RandOpt,43,300,10,90,10,5-10,10,0,1,0,10,0,10,10,0.0,True
gsm8k,RandOpt,43,300,10,91,9,5-10,10,1,1,1,9,1,8,8,1.0,True
gsm8k,RandOpt,43,300,10,92,10,5-10,10,0,1,0,10,0,10,10,0.0,True
gsm8k,RandOpt,43,300,10,93,1,1,10,9,1,6,1,3,-2,-2,0.3333333333333333,False
gsm8k,RandOpt,43,300,10,94,9,5-10,10,1,1,1,9,1,8,8,1.0,True
gsm8k,RandOpt,43,300,10,95,10,5-10,10,0,1,0,10,0,10,10,0.0,True
gsm8k,RandOpt,43,300,10,96,10,5-10,10,0,1,0,10,0,10,10,0.0,True
gsm8k,RandOpt,43,300,10,97,5,5-10,10,5,1,3,5,2,3,3,0.4,True
gsm8k,RandOpt,43,300,10,98,0,0,10,10,0,6,0,3,-3,-3,0.3,False
gsm8k,RandOpt,43,300,10,99,10,5-10,10,0,1,0,10,0,10,10,0.0,True
gsm8k,RandOpt,43,300,10,100,3,2-4,10,7,1,1,3,7,-4,-4,1.0,False
gsm8k,RandOpt,43,300,10,101,0,0,10,10,0,2,0,6,-6,-6,0.6,False
gsm8k,RandOpt,43,300,10,102,0,0,10,10,0,5,0,4,-4,-4,0.4,False
gsm8k,RandOpt,43,300,10,103,10,5-10,10,0,1,0,10,0,10,10,0.0,True
gsm8k,RandOpt,43,300,10,104,10,5-10,10,0,1,0,10,0,10,10,0.0,True
gsm8k,RandOpt,43,300,10,105,8,5-10,10,2,1,1,8,2,6,6,1.0,True
gsm8k,RandOpt,43,300,10,106,10,5-10,10,0,1,0,10,0,10,10,0.0,True
gsm8k,RandOpt,43,300,10,107,3,2-4,10,7,1,1,3,7,-4,-4,1.0,False
gsm8k,RandOpt,43,300,10,108,10,5-10,10,0,1,0,10,0,10,10,0.0,True
gsm8k,RandOpt,43,300,10,109,1,1,10,9,1,2,1,7,-6,-6,0.7777777777777778,False
gsm8k,RandOpt,43,300,10,110,4,2-4,10,6,1,1,4,6,-2,-2,1.0,False
gsm8k,RandOpt,43,300,10,111,0,0,10,10,0,4,0,6,-6,-6,0.6,False
gsm8k,RandOpt,43,300,10,112,9,5-10,10,1,1,1,9,1,8,8,1.0,True
gsm8k,RandOpt,43,300,10,113,10,5-10,10,0,1,0,10,0,10,10,0.0,True
gsm8k,RandOpt,43,300,10,114,7,5-10,10,3,1,3,7,1,6,6,0.3333333333333333,True
gsm8k,RandOpt,43,300,10,115,0,0,10,10,0,5,0,4,-4,-4,0.4,False
gsm8k,RandOpt,43,300,10,116,7,5-10,10,3,1,3,7,1,6,6,0.3333333333333333,True
gsm8k,RandOpt,43,300,10,117,9,5-10,10,1,1,1,9,1,8,8,1.0,True
gsm8k,RandOpt,43,300,10,118,9,5-10,10,1,1,1,9,1,8,8,1.0,True
gsm8k,RandOpt,43,300,10,119,1,1,10,9,1,8,1,2,-1,-1,0.2222222222222222,False
gsm8k,RandOpt,43,300,10,120,10,5-10,10,0,1,0,10,0,10,10,0.0,True
gsm8k,RandOpt,43,300,10,121,10,5-10,10,0,1,0,10,0,10,10,0.0,True
gsm8k,RandOpt,43,300,10,122,5,5-10,10,5,1,3,5,3,2,2,0.6,True
gsm8k,RandOpt,43,300,10,123,10,5-10,10,0,1,0,10,0,10,10,0.0,True
gsm8k,RandOpt,43,300,10,124,4,2-4,10,6,1,4,4,2,2,2,0.3333333333333333,True
gsm8k,RandOpt,43,300,10,125,9,5-10,10,1,1,1,9,1,8,8,1.0,True
gsm8k,RandOpt,43,300,10,126,7,5-10,10,3,1,1,7,3,4,4,1.0,True
gsm8k,RandOpt,43,300,10,127,9,5-10,10,1,1,1,9,1,8,8,1.0,True
gsm8k,RandOpt,43,300,10,128,9,5-10,10,1,1,1,9,1,8,8,1.0,True
gsm8k,RandOpt,43,300,10,129,2,2-4,10,8,1,3,2,6,-4,-4,0.75,False
gsm8k,RandOpt,43,300,10,130,10,5-10,10,0,1,0,10,0,10,10,0.0,True
gsm8k,RandOpt,43,300,10,131,1,1,10,9,1,1,1,9,-8,-8,1.0,False
gsm8k,RandOpt,43,300,10,132,9,5-10,10,1,1,1,9,1,8,8,1.0,True
gsm8k,RandOpt,43,300,10,133,8,5-10,10,2,1,1,8,2,6,6,1.0,True
gsm8k,RandOpt,43,300,10,134,10,5-10,10,0,1,0,10,0,10,10,0.0,True
gsm8k,RandOpt,43,300,10,135,10,5-10,10,0,1,0,10,0,10,10,0.0,True
gsm8k,RandOpt,43,300,10,136,10,5-10,10,0,1,0,10,0,10,10,0.0,True
gsm8k,RandOpt,43,300,10,137,0,0,10,10,0,2,0,9,-9,-9,0.9,False
gsm8k,RandOpt,43,300,10,138,10,5-10,10,0,1,0,10,0,10,10,0.0,True
gsm8k,RandOpt,43,300,10,139,10,5-10,10,0,1,0,10,0,10,10,0.0,True
gsm8k,RandOpt,43,300,10,140,10,5-10,10,0,1,0,10,0,10,10,0.0,True
gsm8k,RandOpt,43,300,10,141,7,5-10,10,3,1,1,7,3,4,4,1.0,True
gsm8k,RandOpt,43,300,10,142,9,5-10,10,1,1,1,9,1,8,8,1.0,True
gsm8k,RandOpt,43,300,10,143,0,0,10,10,0,5,0,3,-3,-3,0.3,False
gsm8k,RandOpt,43,300,10,144,10,5-10,10,0,1,0,10,0,10,10,0.0,True
gsm8k,RandOpt,43,300,10,145,8,5-10,10,2,1,2,8,1,7,7,0.5,True
gsm8k,RandOpt,43,300,10,146,6,5-10,10,4,1,1,6,4,2,2,1.0,True
gsm8k,RandOpt,43,300,10,147,3,2-4,10,7,1,4,3,4,-1,-1,0.5714285714285714,False
gsm8k,RandOpt,43,300,10,148,2,2-4,10,8,1,2,2,5,-3,-3,0.625,False
gsm8k,RandOpt,43,300,10,149,10,5-10,10,0,1,0,10,0,10,10,0.0,True
gsm8k,RandOpt,43,300,10,150,4,2-4,10,6,1,2,4,5,-1,-1,0.8333333333333334,False
gsm8k,RandOpt,43,300,10,151,3,2-4,10,7,1,5,3,3,0,0,0.42857142857142855,False
gsm8k,RandOpt,43,300,10,152,8,5-10,10,2,1,2,8,1,7,7,0.5,True
gsm8k,RandOpt,43,300,10,153,0,0,10,10,0,5,0,6,-6,-6,0.6,False
gsm8k,RandOpt,43,300,10,154,4,2-4,10,6,1,3,4,2,2,2,0.3333333333333333,True
gsm8k,RandOpt,43,300,10,155,10,5-10,10,0,1,0,10,0,10,10,0.0,True
gsm8k,RandOpt,43,300,10,156,0,0,10,10,0,1,0,10,-10,-10,1.0,False
gsm8k,RandOpt,43,300,10,157,1,1,10,9,1,6,1,3,-2,-2,0.3333333333333333,False
gsm8k,RandOpt,43,300,10,158,7,5-10,10,3,1,1,7,3,4,4,1.0,True
gsm8k,RandOpt,43,300,10,159,1,1,10,9,1,3,1,5,-4,-4,0.5555555555555556,False
gsm8k,RandOpt,43,300,10,160,10,5-10,10,0,1,0,10,0,10,10,0.0,True
gsm8k,RandOpt,43,300,10,161,9,5-10,10,1,1,1,9,1,8,8,1.0,True
gsm8k,RandOpt,43,300,10,162,0,0,10,10,0,8,0,3,-3,-3,0.3,False
gsm8k,RandOpt,43,300,10,163,0,0,10,10,0,2,0,8,-8,-8,0.8,False
gsm8k,RandOpt,43,300,10,164,9,5-10,10,1,1,1,9,1,8,8,1.0,True
gsm8k,RandOpt,43,300,10,165,1,1,10,9,1,2,1,6,-5,-5,0.6666666666666666,False
gsm8k,RandOpt,43,300,10,166,2,2-4,10,8,1,1,2,8,-6,-6,1.0,False
gsm8k,RandOpt,43,300,10,167,10,5-10,10,0,1,0,10,0,10,10,0.0,True
gsm8k,RandOpt,43,300,10,168,8,5-10,10,2,1,1,8,2,6,6,1.0,True
gsm8k,RandOpt,43,300,10,169,10,5-10,10,0,1,0,10,0,10,10,0.0,True
gsm8k,RandOpt,43,300,10,170,8,5-10,10,2,1,1,8,2,6,6,1.0,True
gsm8k,RandOpt,43,300,10,171,0,0,10,10,0,1,0,10,-10,-10,1.0,False
gsm8k,RandOpt,43,300,10,172,10,5-10,10,0,1,0,10,0,10,10,0.0,True
gsm8k,RandOpt,43,300,10,173,10,5-10,10,0,2,0,7,0,10,7,0.0,True
gsm8k,RandOpt,43,300,10,174,9,5-10,10,1,1,1,9,1,8,8,1.0,True
gsm8k,RandOpt,43,300,10,175,3,2-4,10,7,1,4,3,3,0,0,0.42857142857142855,True
gsm8k,RandOpt,43,300,10,176,10,5-10,10,0,1,0,10,0,10,10,0.0,True
gsm8k,RandOpt,43,300,10,177,8,5-10,10,2,1,1,8,2,6,6,1.0,True
gsm8k,RandOpt,43,300,10,178,9,5-10,10,1,1,1,9,1,8,8,1.0,True
gsm8k,RandOpt,43,300,10,179,3,2-4,10,7,1,1,3,7,-4,-4,1.0,False
gsm8k,RandOpt,43,300,10,180,5,5-10,10,5,1,1,5,5,0,0,1.0,True
gsm8k,RandOpt,43,300,10,181,7,5-10,10,3,1,1,7,3,4,4,1.0,True
gsm8k,RandOpt,43,300,10,182,2,2-4,10,8,1,4,2,3,-1,-1,0.375,False
gsm8k,RandOpt,43,300,10,183,9,5-10,10,1,1,1,9,1,8,8,1.0,True
gsm8k,RandOpt,43,300,10,184,5,5-10,10,5,1,2,5,4,1,1,0.8,True
gsm8k,RandOpt,43,300,10,185,10,5-10,10,0,1,0,10,0,10,10,0.0,True
gsm8k,RandOpt,43,300,10,186,3,2-4,10,7,1,6,3,2,1,1,0.2857142857142857,True
gsm8k,RandOpt,43,300,10,187,4,2-4,10,6,1,3,4,3,1,1,0.5,True
gsm8k,RandOpt,43,300,10,188,9,5-10,10,1,1,1,9,1,8,8,1.0,True
gsm8k,RandOpt,43,300,10,189,4,2-4,10,6,1,2,4,5,-1,-1,0.8333333333333334,False
gsm8k,RandOpt,43,300,10,190,10,5-10,10,0,1,0,10,0,10,10,0.0,True
gsm8k,RandOpt,43,300,10,191,10,5-10,10,0,1,0,10,0,10,10,0.0,True
gsm8k,RandOpt,43,300,10,192,10,5-10,10,0,1,0,10,0,10,10,0.0,True
gsm8k,RandOpt,43,300,10,193,3,2-4,10,7,1,2,3,6,-3,-3,0.8571428571428571,False
gsm8k,RandOpt,43,300,10,194,8,5-10,10,2,1,1,8,2,6,6,1.0,True
gsm8k,RandOpt,43,300,10,195,0,0,10,10,0,1,0,10,-10,-10,1.0,False
gsm8k,RandOpt,43,300,10,196,10,5-10,10,0,1,0,10,0,10,10,0.0,True
gsm8k,RandOpt,43,300,10,197,5,5-10,10,5,1,1,5,5,0,0,1.0,True
gsm8k,RandOpt,43,300,10,198,8,5-10,10,2,1,1,8,2,6,6,1.0,True
gsm8k,RandOpt,43,300,10,199,9,5-10,10,1,1,1,9,1,8,8,1.0,True
gsm8k,RandOpt,43,300,10,200,10,5-10,10,0,1,0,10,0,10,10,0.0,True
gsm8k,RandOpt,43,300,10,201,4,2-4,10,6,2,6,3,1,3,2,0.16666666666666666,True
gsm8k,RandOpt,43,300,10,202,10,5-10,10,0,1,0,10,0,10,10,0.0,True
gsm8k,RandOpt,43,300,10,203,8,5-10,10,2,1,2,8,1,7,7,0.5,True
gsm8k,RandOpt,43,300,10,204,10,5-10,10,0,1,0,10,0,10,10,0.0,True
gsm8k,RandOpt,43,300,10,205,0,0,10,10,0,1,0,10,-10,-10,1.0,False
gsm8k,RandOpt,43,300,10,206,10,5-10,10,0,1,0,10,0,10,10,0.0,True
gsm8k,RandOpt,43,300,10,207,10,5-10,10,0,1,0,10,0,10,10,0.0,True
gsm8k,RandOpt,43,300,10,208,10,5-10,10,0,1,0,10,0,10,10,0.0,True
gsm8k,RandOpt,43,300,10,209,5,5-10,10,5,1,3,5,3,2,2,0.6,True
gsm8k,RandOpt,43,300,10,210,1,1,10,9,1,2,1,8,-7,-7,0.8888888888888888,False
gsm8k,RandOpt,43,300,10,211,10,5-10,10,0,1,0,10,0,10,10,0.0,True
gsm8k,RandOpt,43,300,10,212,10,5-10,10,0,1,0,10,0,10,10,0.0,True
gsm8k,RandOpt,43,300,10,213,10,5-10,10,0,1,0,10,0,10,10,0.0,True
gsm8k,RandOpt,43,300,10,214,2,2-4,10,8,1,5,2,3,-1,-1,0.375,False
gsm8k,RandOpt,43,300,10,215,9,5-10,10,1,1,1,9,1,8,8,1.0,True
gsm8k,RandOpt,43,300,10,216,3,2-4,10,7,1,4,3,2,1,1,0.2857142857142857,True
gsm8k,RandOpt,43,300,10,217,1,1,10,9,1,1,1,9,-8,-8,1.0,False
gsm8k,RandOpt,43,300,10,218,10,5-10,10,0,1,0,10,0,10,10,0.0,True
gsm8k,RandOpt,43,300,10,219,10,5-10,10,0,1,0,10,0,10,10,0.0,True
gsm8k,RandOpt,43,300,10,220,10,5-10,10,0,1,0,10,0,10,10,0.0,True
gsm8k,RandOpt,43,300,10,221,10,5-10,10,0,1,0,10,0,10,10,0.0,True
gsm8k,RandOpt,43,300,10,222,6,5-10,10,4,1,1,6,4,2,2,1.0,True
gsm8k,RandOpt,43,300,10,223,8,5-10,10,2,1,1,8,2,6,6,1.0,True
gsm8k,RandOpt,43,300,10,224,9,5-10,10,1,1,1,9,1,8,8,1.0,True
gsm8k,RandOpt,43,300,10,225,0,0,10,10,0,4,0,4,-4,-4,0.4,False
gsm8k,RandOpt,43,300,10,226,10,5-10,10,0,1,0,10,0,10,10,0.0,True
gsm8k,RandOpt,43,300,10,227,0,0,10,10,0,5,0,3,-3,-3,0.3,False
gsm8k,RandOpt,43,300,10,228,9,5-10,10,1,1,1,9,1,8,8,1.0,True
gsm8k,RandOpt,43,300,10,229,7,5-10,10,3,1,1,7,3,4,4,1.0,True
gsm8k,RandOpt,43,300,10,230,8,5-10,10,2,1,1,8,2,6,6,1.0,True
gsm8k,RandOpt,43,300,10,231,10,5-10,10,0,1,0,10,0,10,10,0.0,True
gsm8k,RandOpt,43,300,10,232,10,5-10,10,0,1,0,10,0,10,10,0.0,True
gsm8k,RandOpt,43,300,10,233,9,5-10,10,1,1,1,9,1,8,8,1.0,True
gsm8k,RandOpt,43,300,10,234,4,2-4,10,6,1,3,4,3,1,1,0.5,True
gsm8k,RandOpt,43,300,10,235,6,5-10,10,4,1,1,6,4,2,2,1.0,True
gsm8k,RandOpt,43,300,10,236,0,0,10,10,0,4,0,6,-6,-6,0.6,False
gsm8k,RandOpt,43,300,10,237,6,5-10,10,4,1,1,6,4,2,2,1.0,True
gsm8k,RandOpt,43,300,10,238,10,5-10,10,0,1,0,10,0,10,10,0.0,True
gsm8k,RandOpt,43,300,10,239,10,5-10,10,0,1,0,10,0,10,10,0.0,True
gsm8k,RandOpt,43,300,10,240,10,5-10,10,0,1,0,10,0,10,10,0.0,True
gsm8k,RandOpt,43,300,10,241,3,2-4,10,7,1,4,3,3,0,0,0.42857142857142855,False
gsm8k,RandOpt,43,300,10,242,10,5-10,10,0,1,0,10,0,10,10,0.0,True
gsm8k,RandOpt,43,300,10,243,9,5-10,10,1,1,1,9,1,8,8,1.0,True
gsm8k,RandOpt,43,300,10,244,9,5-10,10,1,1,1,9,1,8,8,1.0,True
gsm8k,RandOpt,43,300,10,245,0,0,10,10,0,1,0,10,-10,-10,1.0,False
gsm8k,RandOpt,43,300,10,246,6,5-10,10,4,2,4,4,1,5,3,0.25,True
gsm8k,RandOpt,43,300,10,247,5,5-10,10,5,1,1,5,5,0,0,1.0,True
gsm8k,RandOpt,43,300,10,248,7,5-10,10,3,1,1,7,3,4,4,1.0,True
gsm8k,RandOpt,43,300,10,249,6,5-10,10,4,1,2,6,3,3,3,0.75,True
gsm8k,RandOpt,43,300,10,250,4,2-4,10,6,1,4,4,2,2,2,0.3333333333333333,True
gsm8k,RandOpt,43,300,10,251,1,1,10,9,1,1,1,9,-8,-8,1.0,False
gsm8k,RandOpt,43,300,10,252,0,0,10,10,0,1,0,10,-10,-10,1.0,False
gsm8k,RandOpt,43,300,10,253,10,5-10,10,0,1,0,10,0,10,10,0.0,True
gsm8k,RandOpt,43,300,10,254,10,5-10,10,0,1,0,10,0,10,10,0.0,True
gsm8k,RandOpt,43,300,10,255,0,0,10,10,0,2,0,8,-8,-8,0.8,False
gsm8k,RandOpt,43,300,10,256,9,5-10,10,1,1,1,9,1,8,8,1.0,True
gsm8k,RandOpt,43,300,10,257,10,5-10,10,0,1,0,10,0,10,10,0.0,True
gsm8k,RandOpt,43,300,10,258,0,0,10,10,0,4,0,5,-5,-5,0.5,False
gsm8k,RandOpt,43,300,10,259,2,2-4,10,8,1,6,2,2,0,0,0.25,True
gsm8k,RandOpt,43,300,10,260,10,5-10,10,0,1,0,10,0,10,10,0.0,True
gsm8k,RandOpt,43,300,10,261,10,5-10,10,0,1,0,10,0,10,10,0.0,True
gsm8k,RandOpt,43,300,10,262,10,5-10,10,0,1,0,10,0,10,10,0.0,True
gsm8k,RandOpt,43,300,10,263,10,5-10,10,0,1,0,10,0,10,10,0.0,True
gsm8k,RandOpt,43,300,10,264,5,5-10,10,5,1,1,5,5,0,0,1.0,True
gsm8k,RandOpt,43,300,10,265,9,5-10,10,1,2,1,5,1,8,4,1.0,True
gsm8k,RandOpt,43,300,10,266,0,0,10,10,0,2,0,9,-9,-9,0.9,False
gsm8k,RandOpt,43,300,10,267,2,2-4,10,8,1,4,2,3,-1,-1,0.375,False
gsm8k,RandOpt,43,300,10,268,10,5-10,10,0,2,0,6,0,10,6,0.0,True
gsm8k,RandOpt,43,300,10,269,10,5-10,10,0,1,0,10,0,10,10,0.0,True
gsm8k,RandOpt,43,300,10,270,8,5-10,10,2,1,1,8,2,6,6,1.0,True
gsm8k,RandOpt,43,300,10,271,5,5-10,10,5,1,3,5,3,2,2,0.6,True
gsm8k,RandOpt,43,300,10,272,1,1,10,9,1,3,1,5,-4,-4,0.5555555555555556,False
gsm8k,RandOpt,43,300,10,273,10,5-10,10,0,1,0,10,0,10,10,0.0,True
gsm8k,RandOpt,43,300,10,274,10,5-10,10,0,1,0,10,0,10,10,0.0,True
gsm8k,RandOpt,43,300,10,275,9,5-10,10,1,1,1,9,1,8,8,1.0,True
gsm8k,RandOpt,43,300,10,276,10,5-10,10,0,1,0,10,0,10,10,0.0,True
gsm8k,RandOpt,43,300,10,277,10,5-10,10,0,1,0,10,0,10,10,0.0,True
gsm8k,RandOpt,43,300,10,278,8,5-10,10,2,1,2,8,1,7,7,0.5,True
gsm8k,RandOpt,43,300,10,279,10,5-10,10,0,1,0,10,0,10,10,0.0,True
gsm8k,RandOpt,43,300,10,280,2,2-4,10,8,1,2,2,6,-4,-4,0.75,False
gsm8k,RandOpt,43,300,10,281,3,2-4,10,7,1,1,3,7,-4,-4,1.0,False
gsm8k,RandOpt,43,300,10,282,6,5-10,10,4,1,2,6,3,3,3,0.75,True
gsm8k,RandOpt,43,300,10,283,10,5-10,10,0,1,0,10,0,10,10,0.0,True
gsm8k,RandOpt,43,300,10,284,10,5-10,10,0,1,0,10,0,10,10,0.0,True
gsm8k,RandOpt,43,300,10,285,6,5-10,10,4,1,1,6,4,2,2,1.0,True
gsm8k,RandOpt,43,300,10,286,10,5-10,10,0,1,0,10,0,10,10,0.0,True
gsm8k,RandOpt,43,300,10,287,9,5-10,10,1,1,1,9,1,8,8,1.0,True
gsm8k,RandOpt,43,300,10,288,10,5-10,10,0,1,0,10,0,10,10,0.0,True
gsm8k,RandOpt,43,300,10,289,10,5-10,10,0,1,0,10,0,10,10,0.0,True
gsm8k,RandOpt,43,300,10,290,10,5-10,10,0,1,0,10,0,10,10,0.0,True
gsm8k,RandOpt,43,300,10,291,10,5-10,10,0,1,0,10,0,10,10,0.0,True
gsm8k,RandOpt,43,300,10,292,4,2-4,10,6,1,1,4,6,-2,-2,1.0,False
gsm8k,RandOpt,43,300,10,293,4,2-4,10,6,1,2,4,5,-1,-1,0.8333333333333334,False
gsm8k,RandOpt,43,300,10,294,10,5-10,10,0,1,0,10,0,10,10,0.0,True
gsm8k,RandOpt,43,300,10,295,6,5-10,10,4,1,1,6,4,2,2,1.0,True
gsm8k,RandOpt,43,300,10,296,3,2-4,10,7,1,2,3,5,-2,-2,0.7142857142857143,False
gsm8k,RandOpt,43,300,10,297,1,1,10,9,1,3,1,5,-4,-4,0.5555555555555556,False
gsm8k,RandOpt,43,300,10,298,0,0,10,10,0,8,0,2,-2,-2,0.2,False
gsm8k,RandOpt,43,300,10,299,0,0,10,10,0,7,0,3,-3,-3,0.3,False
gsm8k,RandOpt,43,300,10,300,0,0,10,10,0,1,0,10,-10,-10,1.0,False
gsm8k,RandOpt,43,300,10,301,0,0,10,10,0,3,0,7,-7,-7,0.7,False
gsm8k,RandOpt,43,300,10,302,10,5-10,10,0,1,0,10,0,10,10,0.0,True
gsm8k,RandOpt,43,300,10,303,0,0,10,10,0,6,0,3,-3,-3,0.3,False
gsm8k,RandOpt,43,300,10,304,5,5-10,10,5,1,2,5,4,1,1,0.8,True
gsm8k,RandOpt,43,300,10,305,10,5-10,10,0,1,0,10,0,10,10,0.0,True
gsm8k,RandOpt,43,300,10,306,10,5-10,10,0,1,0,10,0,10,10,0.0,True
gsm8k,RandOpt,43,300,10,307,0,0,10,10,0,1,0,10,-10,-10,1.0,False
gsm8k,RandOpt,43,300,10,308,1,1,10,9,1,2,1,6,-5,-5,0.6666666666666666,False
gsm8k,RandOpt,43,300,10,309,10,5-10,10,0,1,0,10,0,10,10,0.0,True
gsm8k,RandOpt,43,300,10,310,0,0,10,10,0,5,0,5,-5,-5,0.5,False
gsm8k,RandOpt,43,300,10,311,10,5-10,10,0,1,0,10,0,10,10,0.0,True
gsm8k,RandOpt,43,300,10,312,9,5-10,10,1,1,1,9,1,8,8,1.0,True
gsm8k,RandOpt,43,300,10,313,3,2-4,10,7,1,6,3,2,1,1,0.2857142857142857,True
gsm8k,RandOpt,43,300,10,314,8,5-10,10,2,1,1,8,2,6,6,1.0,True
gsm8k,RandOpt,43,300,10,315,9,5-10,10,1,1,1,9,1,8,8,1.0,True
gsm8k,RandOpt,43,300,10,316,3,2-4,10,7,1,2,3,6,-3,-3,0.8571428571428571,False
gsm8k,RandOpt,43,300,10,317,10,5-10,10,0,1,0,10,0,10,10,0.0,True
gsm8k,RandOpt,43,300,10,318,6,5-10,10,4,1,1,6,4,2,2,1.0,True
gsm8k,RandOpt,43,300,10,319,2,2-4,10,8,1,2,2,6,-4,-4,0.75,False
gsm8k,RandOpt,43,300,10,320,6,5-10,10,4,1,3,6,2,4,4,0.5,True
gsm8k,RandOpt,43,300,10,321,7,5-10,10,3,1,1,7,3,4,4,1.0,True
gsm8k,RandOpt,43,300,10,322,6,5-10,10,4,1,3,6,2,4,4,0.5,True
gsm8k,RandOpt,43,300,10,323,8,5-10,10,2,1,2,8,1,7,7,0.5,True
gsm8k,RandOpt,43,300,10,324,4,2-4,10,6,1,4,4,3,1,1,0.5,True
gsm8k,RandOpt,43,300,10,325,9,5-10,10,1,2,1,5,1,8,4,1.0,True
gsm8k,RandOpt,43,300,10,326,10,5-10,10,0,1,0,10,0,10,10,0.0,True
gsm8k,RandOpt,43,300,10,327,8,5-10,10,2,1,2,8,1,7,7,0.5,True
gsm8k,RandOpt,43,300,10,328,10,5-10,10,0,1,0,10,0,10,10,0.0,True
gsm8k,RandOpt,43,300,10,329,8,5-10,10,2,1,1,8,2,6,6,1.0,True
gsm8k,RandOpt,43,300,10,330,4,2-4,10,6,1,5,4,2,2,2,0.3333333333333333,True
gsm8k,RandOpt,43,300,10,331,10,5-10,10,0,2,0,7,0,10,7,0.0,True
gsm8k,RandOpt,43,300,10,332,10,5-10,10,0,1,0,10,0,10,10,0.0,True
gsm8k,RandOpt,43,300,10,333,9,5-10,10,1,1,1,9,1,8,8,1.0,True
gsm8k,RandOpt,43,300,10,334,10,5-10,10,0,1,0,10,0,10,10,0.0,True
gsm8k,RandOpt,43,300,10,335,10,5-10,10,0,1,0,10,0,10,10,0.0,True
gsm8k,RandOpt,43,300,10,336,10,5-10,10,0,1,0,10,0,10,10,0.0,True
gsm8k,RandOpt,43,300,10,337,10,5-10,10,0,1,0,10,0,10,10,0.0,True
gsm8k,RandOpt,43,300,10,338,4,2-4,10,6,1,3,4,4,0,0,0.6666666666666666,True
gsm8k,RandOpt,43,300,10,339,10,5-10,10,0,1,0,10,0,10,10,0.0,True
gsm8k,RandOpt,43,300,10,340,1,1,10,9,1,5,1,4,-3,-3,0.4444444444444444,False
gsm8k,RandOpt,43,300,10,341,9,5-10,10,1,1,1,9,1,8,8,1.0,True
gsm8k,RandOpt,43,300,10,342,8,5-10,10,2,1,1,8,2,6,6,1.0,True
gsm8k,RandOpt,43,300,10,343,5,5-10,10,5,1,2,5,4,1,1,0.8,True
gsm8k,RandOpt,43,300,10,344,10,5-10,10,0,1,0,10,0,10,10,0.0,True
gsm8k,RandOpt,43,300,10,345,6,5-10,10,4,1,1,6,4,2,2,1.0,True
gsm8k,RandOpt,43,300,10,346,6,5-10,10,4,1,2,6,2,4,4,0.5,True
gsm8k,RandOpt,43,300,10,347,2,2-4,10,8,1,1,2,8,-6,-6,1.0,False
gsm8k,RandOpt,43,300,10,348,9,5-10,10,1,1,1,9,1,8,8,1.0,True
gsm8k,RandOpt,43,300,10,349,10,5-10,10,0,1,0,10,0,10,10,0.0,True
gsm8k,RandOpt,43,300,10,350,8,5-10,10,2,1,1,8,2,6,6,1.0,True
gsm8k,RandOpt,43,300,10,351,10,5-10,10,0,1,0,10,0,10,10,0.0,True
gsm8k,RandOpt,43,300,10,352,10,5-10,10,0,1,0,10,0,10,10,0.0,True
gsm8k,RandOpt,43,300,10,353,8,5-10,10,2,1,1,8,2,6,6,1.0,True
gsm8k,RandOpt,43,300,10,354,3,2-4,10,7,1,3,3,4,-1,-1,0.5714285714285714,False
gsm8k,RandOpt,43,300,10,355,10,5-10,10,0,1,0,10,0,10,10,0.0,True
gsm8k,RandOpt,43,300,10,356,1,1,10,9,1,4,1,5,-4,-4,0.5555555555555556,False
gsm8k,RandOpt,43,300,10,357,0,0,10,10,0,4,0,7,-7,-7,0.7,False
gsm8k,RandOpt,43,300,10,358,8,5-10,10,2,1,2,8,1,7,7,0.5,True
gsm8k,RandOpt,43,300,10,359,10,5-10,10,0,1,0,10,0,10,10,0.0,True
gsm8k,RandOpt,43,300,10,360,10,5-10,10,0,1,0,10,0,10,10,0.0,True
gsm8k,RandOpt,43,300,10,361,4,2-4,10,6,1,3,4,4,0,0,0.6666666666666666,False
gsm8k,RandOpt,43,300,10,362,8,5-10,10,2,1,1,8,2,6,6,1.0,True
gsm8k,RandOpt,43,300,10,363,2,2-4,10,8,1,1,2,8,-6,-6,1.0,False
gsm8k,RandOpt,43,300,10,364,8,5-10,10,2,1,1,8,2,6,6,1.0,True
gsm8k,RandOpt,43,300,10,365,10,5-10,10,0,1,0,10,0,10,10,0.0,True
gsm8k,RandOpt,43,300,10,366,10,5-10,10,0,1,0,10,0,10,10,0.0,True
gsm8k,RandOpt,43,300,10,367,6,5-10,10,4,1,4,6,1,5,5,0.25,True
gsm8k,RandOpt,43,300,10,368,0,0,10,10,0,1,0,10,-10,-10,1.0,False
gsm8k,RandOpt,43,300,10,369,1,1,10,9,1,6,1,3,-2,-2,0.3333333333333333,False
gsm8k,RandOpt,43,300,10,370,7,5-10,10,3,1,1,7,3,4,4,1.0,True
gsm8k,RandOpt,43,300,10,371,8,5-10,10,2,1,1,8,2,6,6,1.0,True
gsm8k,RandOpt,43,300,10,372,10,5-10,10,0,1,0,10,0,10,10,0.0,True
gsm8k,RandOpt,43,300,10,373,3,2-4,10,7,2,6,2,2,1,0,0.2857142857142857,True
gsm8k,RandOpt,43,300,10,374,5,5-10,10,5,1,1,5,5,0,0,1.0,True
gsm8k,RandOpt,43,300,10,375,4,2-4,10,6,1,1,4,6,-2,-2,1.0,False
gsm8k,RandOpt,43,300,10,376,10,5-10,10,0,1,0,10,0,10,10,0.0,True
gsm8k,RandOpt,43,300,10,377,7,5-10,10,3,1,1,7,3,4,4,1.0,True
gsm8k,RandOpt,43,300,10,378,10,5-10,10,0,1,0,10,0,10,10,0.0,True
gsm8k,RandOpt,43,300,10,379,7,5-10,10,3,1,1,7,3,4,4,1.0,True
gsm8k,RandOpt,43,300,10,380,0,0,10,10,0,2,0,7,-7,-7,0.7,False
gsm8k,RandOpt,43,300,10,381,10,5-10,10,0,1,0,10,0,10,10,0.0,True
gsm8k,RandOpt,43,300,10,382,8,5-10,10,2,1,1,8,2,6,6,1.0,True
gsm8k,RandOpt,43,300,10,383,7,5-10,10,3,1,2,7,2,5,5,0.6666666666666666,True
gsm8k,RandOpt,43,300,10,384,8,5-10,10,2,1,1,8,2,6,6,1.0,True
gsm8k,RandOpt,43,300,10,385,3,2-4,10,7,1,2,3,5,-2,-2,0.7142857142857143,False
gsm8k,RandOpt,43,300,10,386,5,5-10,10,5,1,2,5,4,1,1,0.8,True
gsm8k,RandOpt,43,300,10,387,9,5-10,10,1,1,1,9,1,8,8,1.0,True
gsm8k,RandOpt,43,300,10,388,10,5-10,10,0,1,0,10,0,10,10,0.0,True
gsm8k,RandOpt,43,300,10,389,1,1,10,9,1,8,1,2,-1,-1,0.2222222222222222,False
gsm8k,RandOpt,43,300,10,390,10,5-10,10,0,1,0,10,0,10,10,0.0,True
gsm8k,RandOpt,43,300,10,391,10,5-10,10,0,1,0,10,0,10,10,0.0,True
gsm8k,RandOpt,43,300,10,392,4,2-4,10,6,1,6,4,1,3,3,0.16666666666666666,True
gsm8k,RandOpt,43,300,10,393,10,5-10,10,0,1,0,10,0,10,10,0.0,True
gsm8k,RandOpt,43,300,10,394,2,2-4,10,8,1,6,2,2,0,0,0.25,False
gsm8k,RandOpt,43,300,10,395,0,0,10,10,0,3,0,8,-8,-8,0.8,False
gsm8k,RandOpt,43,300,10,396,9,5-10,10,1,1,1,9,1,8,8,1.0,True
gsm8k,RandOpt,43,300,10,397,4,2-4,10,6,1,2,4,4,0,0,0.6666666666666666,True
gsm8k,RandOpt,43,300,10,398,10,5-10,10,0,1,0,10,0,10,10,0.0,True
gsm8k,RandOpt,43,300,10,399,10,5-10,10,0,1,0,10,0,10,10,0.0,True
gsm8k,RandOpt,43,300,10,400,10,5-10,10,0,1,0,10,0,10,10,0.0,True
gsm8k,RandOpt,43,300,10,401,10,5-10,10,0,2,0,9,0,10,9,0.0,True
gsm8k,RandOpt,43,300,10,402,10,5-10,10,0,1,0,10,0,10,10,0.0,True
gsm8k,RandOpt,43,300,10,403,0,0,10,10,0,2,0,9,-9,-9,0.9,False
gsm8k,RandOpt,43,300,10,404,3,2-4,10,7,1,5,3,3,0,0,0.42857142857142855,False
gsm8k,RandOpt,43,300,10,405,1,1,10,9,1,2,1,8,-7,-7,0.8888888888888888,False
gsm8k,RandOpt,43,300,10,406,1,1,10,9,1,4,1,4,-3,-3,0.4444444444444444,False
gsm8k,RandOpt,43,300,10,407,2,2-4,10,8,2,6,1,2,0,-1,0.25,False
gsm8k,RandOpt,43,300,10,408,10,5-10,10,0,1,0,10,0,10,10,0.0,True
gsm8k,RandOpt,43,300,10,409,2,2-4,10,8,1,7,2,2,0,0,0.25,True
gsm8k,RandOpt,43,300,10,410,1,1,10,9,1,3,1,4,-3,-3,0.4444444444444444,False
gsm8k,RandOpt,43,300,10,411,4,2-4,10,6,1,2,4,5,-1,-1,0.8333333333333334,False
gsm8k,RandOpt,43,300,10,412,9,5-10,10,1,1,1,9,1,8,8,1.0,True
gsm8k,RandOpt,43,300,10,413,0,0,10,10,0,7,0,3,-3,-3,0.3,False
gsm8k,RandOpt,43,300,10,414,9,5-10,10,1,1,1,9,1,8,8,1.0,True
gsm8k,RandOpt,43,300,10,415,8,5-10,10,2,1,1,8,2,6,6,1.0,True
gsm8k,RandOpt,43,300,10,416,7,5-10,10,3,1,2,7,2,5,5,0.6666666666666666,True
gsm8k,RandOpt,43,300,10,417,5,5-10,10,5,1,1,5,5,0,0,1.0,True
gsm8k,RandOpt,43,300,10,418,10,5-10,10,0,1,0,10,0,10,10,0.0,True
gsm8k,RandOpt,43,300,10,419,0,0,10,10,0,2,0,6,-6,-6,0.6,False
gsm8k,RandOpt,43,300,10,420,8,5-10,10,2,1,1,8,2,6,6,1.0,True
gsm8k,RandOpt,43,300,10,421,8,5-10,10,2,1,1,8,2,6,6,1.0,True
gsm8k,RandOpt,43,300,10,422,0,0,10,10,0,4,0,7,-7,-7,0.7,False
gsm8k,RandOpt,43,300,10,423,0,0,10,10,0,2,0,7,-7,-7,0.7,False
gsm8k,RandOpt,43,300,10,424,10,5-10,10,0,1,0,10,0,10,10,0.0,True
gsm8k,RandOpt,43,300,10,425,9,5-10,10,1,1,1,9,1,8,8,1.0,True
gsm8k,RandOpt,43,300,10,426,10,5-10,10,0,1,0,10,0,10,10,0.0,True
gsm8k,RandOpt,43,300,10,427,0,0,10,10,0,7,0,4,-4,-4,0.4,False
gsm8k,RandOpt,43,300,10,428,0,0,10,10,0,5,0,6,-6,-6,0.6,False
gsm8k,RandOpt,43,300,10,429,8,5-10,10,2,1,1,8,2,6,6,1.0,True
gsm8k,RandOpt,43,300,10,430,0,0,10,10,0,4,0,5,-5,-5,0.5,False
gsm8k,RandOpt,43,300,10,431,4,2-4,10,6,1,2,4,3,1,1,0.5,True
gsm8k,RandOpt,43,300,10,432,10,5-10,10,0,1,0,10,0,10,10,0.0,True
gsm8k,RandOpt,43,300,10,433,10,5-10,10,0,1,0,10,0,10,10,0.0,True
gsm8k,RandOpt,43,300,10,434,8,5-10,10,2,1,1,8,2,6,6,1.0,True
gsm8k,RandOpt,43,300,10,435,8,5-10,10,2,1,1,8,2,6,6,1.0,True
gsm8k,RandOpt,43,300,10,436,6,5-10,10,4,1,2,6,3,3,3,0.75,True
gsm8k,RandOpt,43,300,10,437,4,2-4,10,6,1,6,4,1,3,3,0.16666666666666666,True
gsm8k,RandOpt,43,300,10,438,10,5-10,10,0,1,0,10,0,10,10,0.0,True
gsm8k,RandOpt,43,300,10,439,5,5-10,10,5,1,2,5,4,1,1,0.8,True
gsm8k,RandOpt,43,300,10,440,10,5-10,10,0,1,0,10,0,10,10,0.0,True
gsm8k,RandOpt,43,300,10,441,10,5-10,10,0,1,0,10,0,10,10,0.0,True
gsm8k,RandOpt,43,300,10,442,1,1,10,9,1,1,1,9,-8,-8,1.0,False
gsm8k,RandOpt,43,300,10,443,1,1,10,9,1,6,1,2,-1,-1,0.2222222222222222,False
gsm8k,RandOpt,43,300,10,444,10,5-10,10,0,1,0,10,0,10,10,0.0,True
gsm8k,RandOpt,43,300,10,445,9,5-10,10,1,1,1,9,1,8,8,1.0,True
gsm8k,RandOpt,43,300,10,446,10,5-10,10,0,1,0,10,0,10,10,0.0,True
gsm8k,RandOpt,43,300,10,447,10,5-10,10,0,1,0,10,0,10,10,0.0,True
gsm8k,RandOpt,43,300,10,448,8,5-10,10,2,1,1,8,2,6,6,1.0,True
gsm8k,RandOpt,43,300,10,449,6,5-10,10,4,1,1,6,4,2,2,1.0,True
gsm8k,RandOpt,43,300,10,450,0,0,10,10,0,9,0,2,-2,-2,0.2,False
gsm8k,RandOpt,43,300,10,451,4,2-4,10,6,1,1,4,6,-2,-2,1.0,False
gsm8k,RandOpt,43,300,10,452,10,5-10,10,0,1,0,10,0,10,10,0.0,True
gsm8k,RandOpt,43,300,10,453,0,0,10,10,0,2,0,9,-9,-9,0.9,False
gsm8k,RandOpt,43,300,10,454,0,0,10,10,0,2,0,9,-9,-9,0.9,False
gsm8k,RandOpt,43,300,10,455,9,5-10,10,1,1,1,9,1,8,8,1.0,True
gsm8k,RandOpt,43,300,10,456,10,5-10,10,0,1,0,10,0,10,10,0.0,True
gsm8k,RandOpt,43,300,10,457,8,5-10,10,2,1,1,8,2,6,6,1.0,True
gsm8k,RandOpt,43,300,10,458,10,5-10,10,0,1,0,10,0,10,10,0.0,True
gsm8k,RandOpt,43,300,10,459,8,5-10,10,2,1,1,8,2,6,6,1.0,True
gsm8k,RandOpt,43,300,10,460,10,5-10,10,0,1,0,10,0,10,10,0.0,True
gsm8k,RandOpt,43,300,10,461,10,5-10,10,0,1,0,10,0,10,10,0.0,True
gsm8k,RandOpt,43,300,10,462,8,5-10,10,2,1,1,8,2,6,6,1.0,True
gsm8k,RandOpt,43,300,10,463,5,5-10,10,5,1,1,5,5,0,0,1.0,True
gsm8k,RandOpt,43,300,10,464,2,2-4,10,8,1,3,2,5,-3,-3,0.625,False
gsm8k,RandOpt,43,300,10,465,10,5-10,10,0,1,0,10,0,10,10,0.0,True
gsm8k,RandOpt,43,300,10,466,0,0,10,10,0,5,0,3,-3,-3,0.3,False
gsm8k,RandOpt,43,300,10,467,10,5-10,10,0,1,0,10,0,10,10,0.0,True
gsm8k,RandOpt,43,300,10,468,9,5-10,10,1,1,1,9,1,8,8,1.0,True
gsm8k,RandOpt,43,300,10,469,10,5-10,10,0,1,0,10,0,10,10,0.0,True
gsm8k,RandOpt,43,300,10,470,10,5-10,10,0,1,0,10,0,10,10,0.0,True
gsm8k,RandOpt,43,300,10,471,1,1,10,9,1,1,1,9,-8,-8,1.0,False
gsm8k,RandOpt,43,300,10,472,8,5-10,10,2,1,1,8,2,6,6,1.0,True
gsm8k,RandOpt,43,300,10,473,6,5-10,10,4,1,1,6,4,2,2,1.0,True
gsm8k,RandOpt,43,300,10,474,7,5-10,10,3,1,1,7,3,4,4,1.0,True
gsm8k,RandOpt,43,300,10,475,4,2-4,10,6,1,4,4,3,1,1,0.5,True
gsm8k,RandOpt,43,300,10,476,10,5-10,10,0,1,0,10,0,10,10,0.0,True
gsm8k,RandOpt,43,300,10,477,10,5-10,10,0,1,0,10,0,10,10,0.0,True
gsm8k,RandOpt,43,300,10,478,6,5-10,10,4,1,1,6,4,2,2,1.0,True
gsm8k,RandOpt,43,300,10,479,7,5-10,10,3,1,3,7,1,6,6,0.3333333333333333,True
gsm8k,RandOpt,43,300,10,480,10,5-10,10,0,1,0,10,0,10,10,0.0,True
gsm8k,RandOpt,43,300,10,481,10,5-10,10,0,1,0,10,0,10,10,0.0,True
gsm8k,RandOpt,43,300,10,482,10,5-10,10,0,1,0,10,0,10,10,0.0,True
gsm8k,RandOpt,43,300,10,483,4,2-4,10,6,1,1,4,6,-2,-2,1.0,False
gsm8k,RandOpt,43,300,10,484,10,5-10,10,0,1,0,10,0,10,10,0.0,True
gsm8k,RandOpt,43,300,10,485,5,5-10,10,5,1,1,5,5,0,0,1.0,True
gsm8k,RandOpt,43,300,10,486,10,5-10,10,0,1,0,10,0,10,10,0.0,True
gsm8k,RandOpt,43,300,10,487,10,5-10,10,0,1,0,10,0,10,10,0.0,True
gsm8k,RandOpt,43,300,10,488,9,5-10,10,1,1,1,9,1,8,8,1.0,True
gsm8k,RandOpt,43,300,10,489,10,5-10,10,0,1,0,10,0,10,10,0.0,True
gsm8k,RandOpt,43,300,10,490,10,5-10,10,0,1,0,10,0,10,10,0.0,True
gsm8k,RandOpt,43,300,10,491,10,5-10,10,0,1,0,10,0,10,10,0.0,True
gsm8k,RandOpt,43,300,10,492,10,5-10,10,0,1,0,10,0,10,10,0.0,True
gsm8k,RandOpt,43,300,10,493,6,5-10,10,4,1,2,6,3,3,3,0.75,True
gsm8k,RandOpt,43,300,10,494,0,0,10,10,0,7,0,4,-4,-4,0.4,False
gsm8k,RandOpt,43,300,10,495,9,5-10,10,1,1,1,9,1,8,8,1.0,True
gsm8k,RandOpt,43,300,10,496,10,5-10,10,0,1,0,10,0,10,10,0.0,True
gsm8k,RandOpt,43,300,10,497,0,0,10,10,0,1,0,10,-10,-10,1.0,False
gsm8k,RandOpt,43,300,10,498,10,5-10,10,0,1,0,10,0,10,10,0.0,True
gsm8k,RandOpt,43,300,10,499,0,0,10,10,0,3,0,7,-7,-7,0.7,False
gsm8k,RandOpt,43,300,10,500,9,5-10,10,1,1,1,9,1,8,8,1.0,True
gsm8k,RandOpt,43,300,10,501,10,5-10,10,0,1,0,10,0,10,10,0.0,True
gsm8k,RandOpt,43,300,10,502,10,5-10,10,0,1,0,10,0,10,10,0.0,True
gsm8k,RandOpt,43,300,10,503,10,5-10,10,0,1,0,10,0,10,10,0.0,True
gsm8k,RandOpt,43,300,10,504,2,2-4,10,8,1,4,2,4,-2,-2,0.5,False
gsm8k,RandOpt,43,300,10,505,2,2-4,10,8,1,5,2,2,0,0,0.25,False
gsm8k,RandOpt,43,300,10,506,5,5-10,10,5,1,2,5,4,1,1,0.8,True
gsm8k,RandOpt,43,300,10,507,4,2-4,10,6,1,4,4,2,2,2,0.3333333333333333,True
gsm8k,RandOpt,43,300,10,508,1,1,10,9,1,3,1,4,-3,-3,0.4444444444444444,False
gsm8k,RandOpt,43,300,10,509,9,5-10,10,1,1,1,9,1,8,8,1.0,True
gsm8k,RandOpt,43,300,10,510,0,0,10,10,0,5,0,6,-6,-6,0.6,False
gsm8k,RandOpt,43,300,10,511,6,5-10,10,4,1,1,6,4,2,2,1.0,True
gsm8k,RandOpt,43,300,10,512,10,5-10,10,0,1,0,10,0,10,10,0.0,True
gsm8k,RandOpt,43,300,10,513,5,5-10,10,5,1,1,5,5,0,0,1.0,True
gsm8k,RandOpt,43,300,10,514,2,2-4,10,8,1,1,2,8,-6,-6,1.0,False
gsm8k,RandOpt,43,300,10,515,0,0,10,10,0,2,0,7,-7,-7,0.7,False
gsm8k,RandOpt,43,300,10,516,10,5-10,10,0,1,0,10,0,10,10,0.0,True
gsm8k,RandOpt,43,300,10,517,10,5-10,10,0,1,0,10,0,10,10,0.0,True
gsm8k,RandOpt,43,300,10,518,10,5-10,10,0,1,0,10,0,10,10,0.0,True
gsm8k,RandOpt,43,300,10,519,9,5-10,10,1,1,1,9,1,8,8,1.0,True
gsm8k,RandOpt,43,300,10,520,9,5-10,10,1,1,1,9,1,8,8,1.0,True
gsm8k,RandOpt,43,300,10,521,5,5-10,10,5,1,1,5,5,0,0,1.0,False
gsm8k,RandOpt,43,300,10,522,10,5-10,10,0,1,0,10,0,10,10,0.0,True
gsm8k,RandOpt,43,300,10,523,0,0,10,10,0,2,0,8,-8,-8,0.8,False
gsm8k,RandOpt,43,300,10,524,10,5-10,10,0,1,0,10,0,10,10,0.0,True
gsm8k,RandOpt,43,300,10,525,2,2-4,10,8,1,5,2,4,-2,-2,0.5,False
gsm8k,RandOpt,43,300,10,526,3,2-4,10,7,1,2,3,5,-2,-2,0.7142857142857143,False
gsm8k,RandOpt,43,300,10,527,8,5-10,10,2,1,2,8,1,7,7,0.5,True
gsm8k,RandOpt,43,300,10,528,0,0,10,10,0,6,0,4,-4,-4,0.4,False
gsm8k,RandOpt,43,300,10,529,2,2-4,10,8,1,4,2,4,-2,-2,0.5,False
gsm8k,RandOpt,43,300,10,530,0,0,10,10,0,4,0,6,-6,-6,0.6,False
gsm8k,RandOpt,43,300,10,531,5,5-10,10,5,1,3,5,2,3,3,0.4,True
gsm8k,RandOpt,43,300,10,532,7,5-10,10,3,1,1,7,3,4,4,1.0,True
gsm8k,RandOpt,43,300,10,533,2,2-4,10,8,1,1,2,8,-6,-6,1.0,False
gsm8k,RandOpt,43,300,10,534,6,5-10,10,4,1,3,6,2,4,4,0.5,True
gsm8k,RandOpt,43,300,10,535,7,5-10,10,3,1,3,7,1,6,6,0.3333333333333333,True
gsm8k,RandOpt,43,300,10,536,5,5-10,10,5,1,1,5,5,0,0,1.0,True
gsm8k,RandOpt,43,300,10,537,10,5-10,10,0,1,0,10,0,10,10,0.0,True
gsm8k,RandOpt,43,300,10,538,9,5-10,10,1,1,1,9,1,8,8,1.0,True
gsm8k,RandOpt,43,300,10,539,0,0,10,10,0,5,0,5,-5,-5,0.5,False
gsm8k,RandOpt,43,300,10,540,2,2-4,10,8,1,1,2,8,-6,-6,1.0,False
gsm8k,RandOpt,43,300,10,541,5,5-10,10,5,1,2,5,4,1,1,0.8,True
gsm8k,RandOpt,43,300,10,542,0,0,10,10,0,2,0,9,-9,-9,0.9,False
gsm8k,RandOpt,43,300,10,543,10,5-10,10,0,1,0,10,0,10,10,0.0,True
gsm8k,RandOpt,43,300,10,544,9,5-10,10,1,1,1,9,1,8,8,1.0,True
gsm8k,RandOpt,43,300,10,545,9,5-10,10,1,1,1,9,1,8,8,1.0,True
gsm8k,RandOpt,43,300,10,546,1,1,10,9,1,3,1,7,-6,-6,0.7777777777777778,False
gsm8k,RandOpt,43,300,10,547,5,5-10,10,5,1,1,5,5,0,0,1.0,True
gsm8k,RandOpt,43,300,10,548,0,0,10,10,0,1,0,10,-10,-10,1.0,False
gsm8k,RandOpt,43,300,10,549,9,5-10,10,1,1,1,9,1,8,8,1.0,True
gsm8k,RandOpt,43,300,10,550,0,0,10,10,0,4,0,3,-3,-3,0.3,False
gsm8k,RandOpt,43,300,10,551,0,0,10,10,0,1,0,10,-10,-10,1.0,False
gsm8k,RandOpt,43,300,10,552,4,2-4,10,6,1,1,4,6,-2,-2,1.0,False
gsm8k,RandOpt,43,300,10,553,10,5-10,10,0,1,0,10,0,10,10,0.0,True
gsm8k,RandOpt,43,300,10,554,0,0,10,10,0,2,0,9,-9,-9,0.9,False
gsm8k,RandOpt,43,300,10,555,2,2-4,10,8,1,1,2,8,-6,-6,1.0,False
gsm8k,RandOpt,43,300,10,556,4,2-4,10,6,1,1,4,6,-2,-2,1.0,False
gsm8k,RandOpt,43,300,10,557,9,5-10,10,1,1,1,9,1,8,8,1.0,True
gsm8k,RandOpt,43,300,10,558,10,5-10,10,0,1,0,10,0,10,10,0.0,True
gsm8k,RandOpt,43,300,10,559,0,0,10,10,0,4,0,5,-5,-5,0.5,False
gsm8k,RandOpt,43,300,10,560,3,2-4,10,7,1,1,3,7,-4,-4,1.0,False
gsm8k,RandOpt,43,300,10,561,10,5-10,10,0,1,0,10,0,10,10,0.0,True
gsm8k,RandOpt,43,300,10,562,10,5-10,10,0,1,0,10,0,10,10,0.0,True
gsm8k,RandOpt,43,300,10,563,6,5-10,10,4,1,2,6,3,3,3,0.75,True
gsm8k,RandOpt,43,300,10,564,8,5-10,10,2,1,2,8,1,7,7,0.5,True
gsm8k,RandOpt,43,300,10,565,10,5-10,10,0,1,0,10,0,10,10,0.0,True
gsm8k,RandOpt,43,300,10,566,6,5-10,10,4,1,2,6,3,3,3,0.75,True
gsm8k,RandOpt,43,300,10,567,0,0,10,10,0,2,0,6,-6,-6,0.6,False
gsm8k,RandOpt,43,300,10,568,8,5-10,10,2,1,2,8,1,7,7,0.5,True
gsm8k,RandOpt,43,300,10,569,8,5-10,10,2,1,1,8,2,6,6,1.0,True
gsm8k,RandOpt,43,300,10,570,0,0,10,10,0,5,0,3,-3,-3,0.3,False
gsm8k,RandOpt,43,300,10,571,8,5-10,10,2,1,1,8,2,6,6,1.0,True
gsm8k,RandOpt,43,300,10,572,3,2-4,10,7,1,3,3,4,-1,-1,0.5714285714285714,False
gsm8k,RandOpt,43,300,10,573,10,5-10,10,0,1,0,10,0,10,10,0.0,True
gsm8k,RandOpt,43,300,10,574,3,2-4,10,7,1,6,3,2,1,1,0.2857142857142857,True
gsm8k,RandOpt,43,300,10,575,2,2-4,10,8,1,1,2,8,-6,-6,1.0,False
gsm8k,RandOpt,43,300,10,576,2,2-4,10,8,1,4,2,3,-1,-1,0.375,False
gsm8k,RandOpt,43,300,10,577,0,0,10,10,0,5,0,3,-3,-3,0.3,False
gsm8k,RandOpt,43,300,10,578,10,5-10,10,0,1,0,10,0,10,10,0.0,True
gsm8k,RandOpt,43,300,10,579,8,5-10,10,2,1,1,8,2,6,6,1.0,True
gsm8k,RandOpt,43,300,10,580,1,1,10,9,1,4,1,5,-4,-4,0.5555555555555556,False
gsm8k,RandOpt,43,300,10,581,5,5-10,10,5,1,1,5,5,0,0,1.0,False
gsm8k,RandOpt,43,300,10,582,5,5-10,10,5,1,1,5,5,0,0,1.0,True
gsm8k,RandOpt,43,300,10,583,7,5-10,10,3,1,3,7,1,6,6,0.3333333333333333,True
gsm8k,RandOpt,43,300,10,584,0,0,10,10,0,4,0,5,-5,-5,0.5,False
gsm8k,RandOpt,43,300,10,585,7,5-10,10,3,1,1,7,3,4,4,1.0,True
gsm8k,RandOpt,43,300,10,586,10,5-10,10,0,1,0,10,0,10,10,0.0,True
gsm8k,RandOpt,43,300,10,587,10,5-10,10,0,1,0,10,0,10,10,0.0,True
gsm8k,RandOpt,43,300,10,588,10,5-10,10,0,1,0,10,0,10,10,0.0,True
gsm8k,RandOpt,43,300,10,589,0,0,10,10,0,1,0,10,-10,-10,1.0,False
gsm8k,RandOpt,43,300,10,590,0,0,10,10,0,3,0,5,-5,-5,0.5,False
gsm8k,RandOpt,43,300,10,591,10,5-10,10,0,1,0,10,0,10,10,0.0,True
gsm8k,RandOpt,43,300,10,592,10,5-10,10,0,1,0,10,0,10,10,0.0,True
gsm8k,RandOpt,43,300,10,593,9,5-10,10,1,1,1,9,1,8,8,1.0,True
gsm8k,RandOpt,43,300,10,594,10,5-10,10,0,1,0,10,0,10,10,0.0,True
gsm8k,RandOpt,43,300,10,595,1,1,10,9,1,1,1,9,-8,-8,1.0,False
gsm8k,RandOpt,43,300,10,596,10,5-10,10,0,1,0,10,0,10,10,0.0,True
gsm8k,RandOpt,43,300,10,597,10,5-10,10,0,1,0,10,0,10,10,0.0,True
gsm8k,RandOpt,43,300,10,598,7,5-10,10,3,1,1,7,3,4,4,1.0,True
gsm8k,RandOpt,43,300,10,599,9,5-10,10,1,1,1,9,1,8,8,1.0,True
gsm8k,RandOpt,43,300,10,600,10,5-10,10,0,1,0,10,0,10,10,0.0,True
gsm8k,RandOpt,43,300,10,601,4,2-4,10,6,1,6,4,1,3,3,0.16666666666666666,True
gsm8k,RandOpt,43,300,10,602,7,5-10,10,3,1,2,7,2,5,5,0.6666666666666666,True
gsm8k,RandOpt,43,300,10,603,0,0,10,10,0,1,0,10,-10,-10,1.0,False
gsm8k,RandOpt,43,300,10,604,9,5-10,10,1,1,1,9,1,8,8,1.0,True
gsm8k,RandOpt,43,300,10,605,9,5-10,10,1,1,1,9,1,8,8,1.0,True
gsm8k,RandOpt,43,300,10,606,4,2-4,10,6,1,5,4,2,2,2,0.3333333333333333,True
gsm8k,RandOpt,43,300,10,607,0,0,10,10,0,5,0,4,-4,-4,0.4,False
gsm8k,RandOpt,43,300,10,608,10,5-10,10,0,1,0,10,0,10,10,0.0,True
gsm8k,RandOpt,43,300,10,609,7,5-10,10,3,1,1,7,3,4,4,1.0,True
gsm8k,RandOpt,43,300,10,610,1,1,10,9,1,3,1,4,-3,-3,0.4444444444444444,False
gsm8k,RandOpt,43,300,10,611,0,0,10,10,0,9,0,2,-2,-2,0.2,False
gsm8k,RandOpt,43,300,10,612,9,5-10,10,1,1,1,9,1,8,8,1.0,True
gsm8k,RandOpt,43,300,10,613,10,5-10,10,0,2,0,6,0,10,6,0.0,True
gsm8k,RandOpt,43,300,10,614,8,5-10,10,2,1,1,8,2,6,6,1.0,True
gsm8k,RandOpt,43,300,10,615,1,1,10,9,1,2,1,8,-7,-7,0.8888888888888888,False
gsm8k,RandOpt,43,300,10,616,10,5-10,10,0,1,0,10,0,10,10,0.0,True
gsm8k,RandOpt,43,300,10,617,10,5-10,10,0,1,0,10,0,10,10,0.0,True
gsm8k,RandOpt,43,300,10,618,9,5-10,10,1,1,1,9,1,8,8,1.0,True
gsm8k,RandOpt,43,300,10,619,10,5-10,10,0,1,0,10,0,10,10,0.0,True
gsm8k,RandOpt,43,300,10,620,7,5-10,10,3,1,2,7,2,5,5,0.6666666666666666,True
gsm8k,RandOpt,43,300,10,621,5,5-10,10,5,2,1,4,5,0,-1,1.0,False
gsm8k,RandOpt,43,300,10,622,10,5-10,10,0,1,0,10,0,10,10,0.0,True
gsm8k,RandOpt,43,300,10,623,8,5-10,10,2,1,1,8,2,6,6,1.0,True
gsm8k,RandOpt,43,300,10,624,10,5-10,10,0,1,0,10,0,10,10,0.0,True
gsm8k,RandOpt,43,300,10,625,9,5-10,10,1,1,1,9,1,8,8,1.0,True
gsm8k,RandOpt,43,300,10,626,10,5-10,10,0,1,0,10,0,10,10,0.0,True
gsm8k,RandOpt,43,300,10,627,10,5-10,10,0,1,0,10,0,10,10,0.0,True
gsm8k,RandOpt,43,300,10,628,10,5-10,10,0,1,0,10,0,10,10,0.0,True
gsm8k,RandOpt,43,300,10,629,0,0,10,10,0,4,0,6,-6,-6,0.6,False
gsm8k,RandOpt,43,300,10,630,2,2-4,10,8,1,1,2,8,-6,-6,1.0,False
gsm8k,RandOpt,43,300,10,631,10,5-10,10,0,1,0,10,0,10,10,0.0,True
gsm8k,RandOpt,43,300,10,632,10,5-10,10,0,1,0,10,0,10,10,0.0,True
gsm8k,RandOpt,43,300,10,633,10,5-10,10,0,1,0,10,0,10,10,0.0,True
gsm8k,RandOpt,43,300,10,634,10,5-10,10,0,1,0,10,0,10,10,0.0,True
gsm8k,RandOpt,43,300,10,635,1,1,10,9,1,2,1,8,-7,-7,0.8888888888888888,False
gsm8k,RandOpt,43,300,10,636,6,5-10,10,4,1,1,6,4,2,2,1.0,True
gsm8k,RandOpt,43,300,10,637,7,5-10,10,3,1,1,7,3,4,4,1.0,True
gsm8k,RandOpt,43,300,10,638,0,0,10,10,0,2,0,8,-8,-8,0.8,False
gsm8k,RandOpt,43,300,10,639,0,0,10,10,0,2,0,5,-5,-5,0.5,False
gsm8k,RandOpt,43,300,10,640,10,5-10,10,0,2,0,6,0,10,6,0.0,True
gsm8k,RandOpt,43,300,10,641,0,0,10,10,0,4,0,5,-5,-5,0.5,False
gsm8k,RandOpt,43,300,10,642,4,2-4,10,6,1,1,4,6,-2,-2,1.0,False
gsm8k,RandOpt,43,300,10,643,7,5-10,10,3,1,1,7,3,4,4,1.0,True
gsm8k,RandOpt,43,300,10,644,5,5-10,10,5,1,2,5,3,2,2,0.6,True
gsm8k,RandOpt,43,300,10,645,10,5-10,10,0,1,0,10,0,10,10,0.0,True
gsm8k,RandOpt,43,300,10,646,10,5-10,10,0,1,0,10,0,10,10,0.0,True
gsm8k,RandOpt,43,300,10,647,10,5-10,10,0,1,0,10,0,10,10,0.0,True
gsm8k,RandOpt,43,300,10,648,4,2-4,10,6,1,4,4,3,1,1,0.5,True
gsm8k,RandOpt,43,300,10,649,0,0,10,10,0,2,0,9,-9,-9,0.9,False
gsm8k,RandOpt,43,300,10,650,4,2-4,10,6,1,5,4,2,2,2,0.3333333333333333,True
gsm8k,RandOpt,43,300,10,651,6,5-10,10,4,1,3,6,2,4,4,0.5,True
gsm8k,RandOpt,43,300,10,652,2,2-4,10,8,1,4,2,4,-2,-2,0.5,False
gsm8k,RandOpt,43,300,10,653,10,5-10,10,0,1,0,10,0,10,10,0.0,True
gsm8k,RandOpt,43,300,10,654,10,5-10,10,0,1,0,10,0,10,10,0.0,True
gsm8k,RandOpt,43,300,10,655,10,5-10,10,0,1,0,10,0,10,10,0.0,True
gsm8k,RandOpt,43,300,10,656,5,5-10,10,5,1,3,5,3,2,2,0.6,True
gsm8k,RandOpt,43,300,10,657,8,5-10,10,2,1,1,8,2,6,6,1.0,True
gsm8k,RandOpt,43,300,10,658,10,5-10,10,0,1,0,10,0,10,10,0.0,True
gsm8k,RandOpt,43,300,10,659,7,5-10,10,3,1,3,7,1,6,6,0.3333333333333333,True
gsm8k,RandOpt,43,300,10,660,10,5-10,10,0,1,0,10,0,10,10,0.0,True
gsm8k,RandOpt,43,300,10,661,9,5-10,10,1,1,1,9,1,8,8,1.0,True
gsm8k,RandOpt,43,300,10,662,0,0,10,10,0,1,0,10,-10,-10,1.0,False
gsm8k,RandOpt,43,300,10,663,9,5-10,10,1,1,1,9,1,8,8,1.0,True
gsm8k,RandOpt,43,300,10,664,10,5-10,10,0,1,0,10,0,10,10,0.0,True
gsm8k,RandOpt,43,300,10,665,10,5-10,10,0,1,0,10,0,10,10,0.0,True
gsm8k,RandOpt,43,300,10,666,3,2-4,10,7,1,1,3,7,-4,-4,1.0,False
gsm8k,RandOpt,43,300,10,667,5,5-10,10,5,1,2,5,3,2,2,0.6,True
gsm8k,RandOpt,43,300,10,668,4,2-4,10,6,1,1,4,6,-2,-2,1.0,False
gsm8k,RandOpt,43,300,10,669,8,5-10,10,2,1,1,8,2,6,6,1.0,True
gsm8k,RandOpt,43,300,10,670,10,5-10,10,0,1,0,10,0,10,10,0.0,True
gsm8k,RandOpt,43,300,10,671,7,5-10,10,3,1,1,7,3,4,4,1.0,True
gsm8k,RandOpt,43,300,10,672,0,0,10,10,0,7,0,3,-3,-3,0.3,False
gsm8k,RandOpt,43,300,10,673,10,5-10,10,0,1,0,10,0,10,10,0.0,True
gsm8k,RandOpt,43,300,10,674,2,2-4,10,8,1,1,2,8,-6,-6,1.0,False
gsm8k,RandOpt,43,300,10,675,0,0,10,10,0,9,0,2,-2,-2,0.2,False
gsm8k,RandOpt,43,300,10,676,6,5-10,10,4,1,1,6,4,2,2,1.0,True
gsm8k,RandOpt,43,300,10,677,1,1,10,9,1,1,1,9,-8,-8,1.0,False
gsm8k,RandOpt,43,300,10,678,5,5-10,10,5,1,1,5,5,0,0,1.0,True
gsm8k,RandOpt,43,300,10,679,10,5-10,10,0,1,0,10,0,10,10,0.0,True
gsm8k,RandOpt,43,300,10,680,8,5-10,10,2,1,2,8,1,7,7,0.5,True
gsm8k,RandOpt,43,300,10,681,7,5-10,10,3,1,3,7,1,6,6,0.3333333333333333,True
gsm8k,RandOpt,43,300,10,682,10,5-10,10,0,1,0,10,0,10,10,0.0,True
gsm8k,RandOpt,43,300,10,683,4,2-4,10,6,1,2,4,5,-1,-1,0.8333333333333334,False
gsm8k,RandOpt,43,300,10,684,6,5-10,10,4,1,1,6,4,2,2,1.0,True
gsm8k,RandOpt,43,300,10,685,8,5-10,10,2,1,1,8,2,6,6,1.0,True
gsm8k,RandOpt,43,300,10,686,9,5-10,10,1,1,1,9,1,8,8,1.0,True
gsm8k,RandOpt,43,300,10,687,0,0,10,10,0,4,0,6,-6,-6,0.6,False
gsm8k,RandOpt,43,300,10,688,7,5-10,10,3,1,1,7,3,4,4,1.0,True
gsm8k,RandOpt,43,300,10,689,0,0,10,10,0,3,0,7,-7,-7,0.7,False
gsm8k,RandOpt,43,300,10,690,10,5-10,10,0,1,0,10,0,10,10,0.0,True
gsm8k,RandOpt,43,300,10,691,1,1,10,9,1,3,1,4,-3,-3,0.4444444444444444,False
gsm8k,RandOpt,43,300,10,692,0,0,10,10,0,4,0,3,-3,-3,0.3,False
gsm8k,RandOpt,43,300,10,693,10,5-10,10,0,1,0,10,0,10,10,0.0,True
gsm8k,RandOpt,43,300,10,694,9,5-10,10,1,1,1,9,1,8,8,1.0,True
gsm8k,RandOpt,43,300,10,695,4,2-4,10,6,1,2,4,4,0,0,0.6666666666666666,False
gsm8k,RandOpt,43,300,10,696,10,5-10,10,0,1,0,10,0,10,10,0.0,True
gsm8k,RandOpt,43,300,10,697,9,5-10,10,1,1,1,9,1,8,8,1.0,True
gsm8k,RandOpt,43,300,10,698,3,2-4,10,7,1,3,3,5,-2,-2,0.7142857142857143,False
gsm8k,RandOpt,43,300,10,699,10,5-10,10,0,1,0,10,0,10,10,0.0,True
gsm8k,RandOpt,43,300,10,700,10,5-10,10,0,1,0,10,0,10,10,0.0,True
gsm8k,RandOpt,43,300,10,701,8,5-10,10,2,1,1,8,2,6,6,1.0,True
gsm8k,RandOpt,43,300,10,702,8,5-10,10,2,2,1,5,2,6,3,1.0,True
gsm8k,RandOpt,43,300,10,703,10,5-10,10,0,1,0,10,0,10,10,0.0,True
gsm8k,RandOpt,43,300,10,704,8,5-10,10,2,1,1,8,2,6,6,1.0,True
gsm8k,RandOpt,43,300,10,705,5,5-10,10,5,1,1,5,5,0,0,1.0,False
gsm8k,RandOpt,43,300,10,706,7,5-10,10,3,1,2,7,2,5,5,0.6666666666666666,True
gsm8k,RandOpt,43,300,10,707,9,5-10,10,1,1,1,9,1,8,8,1.0,True
gsm8k,RandOpt,43,300,10,708,6,5-10,10,4,1,1,6,4,2,2,1.0,True
gsm8k,RandOpt,43,300,10,709,10,5-10,10,0,1,0,10,0,10,10,0.0,True
gsm8k,RandOpt,43,300,10,710,0,0,10,10,0,2,0,5,-5,-5,0.5,False
gsm8k,RandOpt,43,300,10,711,0,0,10,10,0,3,0,8,-8,-8,0.8,False
gsm8k,RandOpt,43,300,10,712,5,5-10,10,5,1,3,5,3,2,2,0.6,True
gsm8k,RandOpt,43,300,10,713,0,0,10,10,0,1,0,10,-10,-10,1.0,False
gsm8k,RandOpt,43,300,10,714,9,5-10,10,1,1,1,9,1,8,8,1.0,True
gsm8k,RandOpt,43,300,10,715,8,5-10,10,2,2,1,5,2,6,3,1.0,True
gsm8k,RandOpt,43,300,10,716,10,5-10,10,0,1,0,10,0,10,10,0.0,True
gsm8k,RandOpt,43,300,10,717,2,2-4,10,8,1,2,2,7,-5,-5,0.875,False
gsm8k,RandOpt,43,300,10,718,10,5-10,10,0,1,0,10,0,10,10,0.0,True
gsm8k,RandOpt,43,300,10,719,9,5-10,10,1,1,1,9,1,8,8,1.0,True
gsm8k,RandOpt,43,300,10,720,10,5-10,10,0,1,0,10,0,10,10,0.0,True
gsm8k,RandOpt,43,300,10,721,0,0,10,10,0,3,0,8,-8,-8,0.8,False
gsm8k,RandOpt,43,300,10,722,1,1,10,9,1,7,1,2,-1,-1,0.2222222222222222,False
gsm8k,RandOpt,43,300,10,723,10,5-10,10,0,1,0,10,0,10,10,0.0,True
gsm8k,RandOpt,43,300,10,724,6,5-10,10,4,1,4,6,1,5,5,0.25,True
gsm8k,RandOpt,43,300,10,725,10,5-10,10,0,1,0,10,0,10,10,0.0,True
gsm8k,RandOpt,43,300,10,726,9,5-10,10,1,1,1,9,1,8,8,1.0,True
gsm8k,RandOpt,43,300,10,727,8,5-10,10,2,1,1,8,2,6,6,1.0,True
gsm8k,RandOpt,43,300,10,728,8,5-10,10,2,1,2,8,1,7,7,0.5,True
gsm8k,RandOpt,43,300,10,729,6,5-10,10,4,1,1,6,4,2,2,1.0,True
gsm8k,RandOpt,43,300,10,730,7,5-10,10,3,1,1,7,3,4,4,1.0,True
gsm8k,RandOpt,43,300,10,731,2,2-4,10,8,1,1,2,8,-6,-6,1.0,False
gsm8k,RandOpt,43,300,10,732,10,5-10,10,0,1,0,10,0,10,10,0.0,True
gsm8k,RandOpt,43,300,10,733,3,2-4,10,7,1,2,3,5,-2,-2,0.7142857142857143,False
gsm8k,RandOpt,43,300,10,734,10,5-10,10,0,1,0,10,0,10,10,0.0,True
gsm8k,RandOpt,43,300,10,735,9,5-10,10,1,1,1,9,1,8,8,1.0,True
gsm8k,RandOpt,43,300,10,736,10,5-10,10,0,1,0,10,0,10,10,0.0,True
gsm8k,RandOpt,43,300,10,737,10,5-10,10,0,1,0,10,0,10,10,0.0,True
gsm8k,RandOpt,43,300,10,738,10,5-10,10,0,1,0,10,0,10,10,0.0,True
gsm8k,RandOpt,43,300,10,739,5,5-10,10,5,1,1,5,5,0,0,1.0,True
gsm8k,RandOpt,43,300,10,740,4,2-4,10,6,1,5,4,2,2,2,0.3333333333333333,True
gsm8k,RandOpt,43,300,10,741,10,5-10,10,0,1,0,10,0,10,10,0.0,True
gsm8k,RandOpt,43,300,10,742,9,5-10,10,1,1,1,9,1,8,8,1.0,True
gsm8k,RandOpt,43,300,10,743,6,5-10,10,4,1,1,6,4,2,2,1.0,True
gsm8k,RandOpt,43,300,10,744,10,5-10,10,0,1,0,10,0,10,10,0.0,True
gsm8k,RandOpt,43,300,10,745,8,5-10,10,2,1,1,8,2,6,6,1.0,True
gsm8k,RandOpt,43,300,10,746,10,5-10,10,0,1,0,10,0,10,10,0.0,True
gsm8k,RandOpt,43,300,10,747,5,5-10,10,5,1,1,5,5,0,0,1.0,False
gsm8k,RandOpt,43,300,10,748,8,5-10,10,2,1,1,8,2,6,6,1.0,True
gsm8k,RandOpt,43,300,10,749,3,2-4,10,7,1,4,3,3,0,0,0.42857142857142855,True
gsm8k,RandOpt,43,300,10,750,3,2-4,10,7,1,2,3,6,-3,-3,0.8571428571428571,False
gsm8k,RandOpt,43,300,10,751,5,5-10,10,5,1,1,5,5,0,0,1.0,True
gsm8k,RandOpt,43,300,10,752,0,0,10,10,0,1,0,10,-10,-10,1.0,False
gsm8k,RandOpt,43,300,10,753,8,5-10,10,2,1,2,8,1,7,7,0.5,True
gsm8k,RandOpt,43,300,10,754,0,0,10,10,0,6,0,3,-3,-3,0.3,False
gsm8k,RandOpt,43,300,10,755,10,5-10,10,0,1,0,10,0,10,10,0.0,True
gsm8k,RandOpt,43,300,10,756,10,5-10,10,0,1,0,10,0,10,10,0.0,True
gsm8k,RandOpt,43,300,10,757,9,5-10,10,1,1,1,9,1,8,8,1.0,True
gsm8k,RandOpt,43,300,10,758,5,5-10,10,5,1,1,5,5,0,0,1.0,True
gsm8k,RandOpt,43,300,10,759,9,5-10,10,1,2,1,8,1,8,7,1.0,True
gsm8k,RandOpt,43,300,10,760,4,2-4,10,6,1,3,4,3,1,1,0.5,True
gsm8k,RandOpt,43,300,10,761,6,5-10,10,4,1,2,6,3,3,3,0.75,True
gsm8k,RandOpt,43,300,10,762,10,5-10,10,0,1,0,10,0,10,10,0.0,True
gsm8k,RandOpt,43,300,10,763,9,5-10,10,1,1,1,9,1,8,8,1.0,True
gsm8k,RandOpt,43,300,10,764,10,5-10,10,0,1,0,10,0,10,10,0.0,True
gsm8k,RandOpt,43,300,10,765,10,5-10,10,0,1,0,10,0,10,10,0.0,True
gsm8k,RandOpt,43,300,10,766,4,2-4,10,6,1,1,4,6,-2,-2,1.0,False
gsm8k,RandOpt,43,300,10,767,3,2-4,10,7,1,1,3,7,-4,-4,1.0,False
gsm8k,RandOpt,43,300,10,768,0,0,10,10,0,2,0,9,-9,-9,0.9,False
gsm8k,RandOpt,43,300,10,769,0,0,10,10,0,1,0,10,-10,-10,1.0,False
gsm8k,RandOpt,43,300,10,770,1,1,10,9,1,5,1,3,-2,-2,0.3333333333333333,False
gsm8k,RandOpt,43,300,10,771,3,2-4,10,7,1,1,3,7,-4,-4,1.0,False
gsm8k,RandOpt,43,300,10,772,10,5-10,10,0,1,0,10,0,10,10,0.0,True
gsm8k,RandOpt,43,300,10,773,10,5-10,10,0,1,0,10,0,10,10,0.0,True
gsm8k,RandOpt,43,300,10,774,9,5-10,10,1,1,1,9,1,8,8,1.0,True
gsm8k,RandOpt,43,300,10,775,10,5-10,10,0,1,0,10,0,10,10,0.0,True
gsm8k,RandOpt,43,300,10,776,5,5-10,10,5,1,1,5,5,0,0,1.0,True
gsm8k,RandOpt,43,300,10,777,0,0,10,10,0,8,0,2,-2,-2,0.2,False
gsm8k,RandOpt,43,300,10,778,6,5-10,10,4,1,1,6,4,2,2,1.0,True
gsm8k,RandOpt,43,300,10,779,0,0,10,10,0,1,0,10,-10,-10,1.0,False
gsm8k,RandOpt,43,300,10,780,0,0,10,10,0,9,0,2,-2,-2,0.2,False
gsm8k,RandOpt,43,300,10,781,0,0,10,10,0,2,0,8,-8,-8,0.8,False
gsm8k,RandOpt,43,300,10,782,0,0,10,10,0,3,0,7,-7,-7,0.7,False
gsm8k,RandOpt,43,300,10,783,0,0,10,10,0,6,0,4,-4,-4,0.4,False
gsm8k,RandOpt,43,300,10,784,10,5-10,10,0,1,0,10,0,10,10,0.0,True
gsm8k,RandOpt,43,300,10,785,9,5-10,10,1,1,1,9,1,8,8,1.0,True
gsm8k,RandOpt,43,300,10,786,8,5-10,10,2,1,1,8,2,6,6,1.0,True
gsm8k,RandOpt,43,300,10,787,10,5-10,10,0,1,0,10,0,10,10,0.0,True
gsm8k,RandOpt,43,300,10,788,1,1,10,9,1,5,1,3,-2,-2,0.3333333333333333,False
gsm8k,RandOpt,43,300,10,789,9,5-10,10,1,1,1,9,1,8,8,1.0,True
gsm8k,RandOpt,43,300,10,790,0,0,10,10,0,2,0,9,-9,-9,0.9,False
gsm8k,RandOpt,43,300,10,791,6,5-10,10,4,1,1,6,4,2,2,1.0,True
gsm8k,RandOpt,43,300,10,792,5,5-10,10,5,1,1,5,5,0,0,1.0,True
gsm8k,RandOpt,43,300,10,793,7,5-10,10,3,1,1,7,3,4,4,1.0,True
gsm8k,RandOpt,43,300,10,794,10,5-10,10,0,1,0,10,0,10,10,0.0,True
gsm8k,RandOpt,43,300,10,795,3,2-4,10,7,1,3,3,3,0,0,0.42857142857142855,True
gsm8k,RandOpt,43,300,10,796,0,0,10,10,0,2,0,9,-9,-9,0.9,False
gsm8k,RandOpt,43,300,10,797,1,1,10,9,1,1,1,9,-8,-8,1.0,False
gsm8k,RandOpt,43,300,10,798,2,2-4,10,8,1,2,2,7,-5,-5,0.875,False
gsm8k,RandOpt,43,300,10,799,1,1,10,9,1,1,1,9,-8,-8,1.0,False
gsm8k,RandOpt,43,300,10,800,10,5-10,10,0,1,0,10,0,10,10,0.0,True
gsm8k,RandOpt,43,300,10,801,10,5-10,10,0,1,0,10,0,10,10,0.0,True
gsm8k,RandOpt,43,300,10,802,8,5-10,10,2,1,1,8,2,6,6,1.0,True
gsm8k,RandOpt,43,300,10,803,10,5-10,10,0,1,0,10,0,10,10,0.0,True
gsm8k,RandOpt,43,300,10,804,10,5-10,10,0,1,0,10,0,10,10,0.0,True
gsm8k,RandOpt,43,300,10,805,5,5-10,10,5,1,1,5,5,0,0,1.0,True
gsm8k,RandOpt,43,300,10,806,1,1,10,9,1,5,1,4,-3,-3,0.4444444444444444,False
gsm8k,RandOpt,43,300,10,807,0,0,10,10,0,1,0,10,-10,-10,1.0,False
gsm8k,RandOpt,43,300,10,808,7,5-10,10,3,1,1,7,3,4,4,1.0,True
gsm8k,RandOpt,43,300,10,809,3,2-4,10,7,1,2,3,4,-1,-1,0.5714285714285714,False
gsm8k,RandOpt,43,300,10,810,0,0,10,10,0,3,0,5,-5,-5,0.5,False
gsm8k,RandOpt,43,300,10,811,10,5-10,10,0,1,0,10,0,10,10,0.0,True
gsm8k,RandOpt,43,300,10,812,2,2-4,10,8,1,3,2,6,-4,-4,0.75,False
gsm8k,RandOpt,43,300,10,813,6,5-10,10,4,1,2,6,3,3,3,0.75,True
gsm8k,RandOpt,43,300,10,814,0,0,10,10,0,6,0,3,-3,-3,0.3,False
gsm8k,RandOpt,43,300,10,815,4,2-4,10,6,1,5,4,2,2,2,0.3333333333333333,True
gsm8k,RandOpt,43,300,10,816,0,0,10,10,0,1,0,10,-10,-10,1.0,False
gsm8k,RandOpt,43,300,10,817,7,5-10,10,3,1,1,7,3,4,4,1.0,True
gsm8k,RandOpt,43,300,10,818,10,5-10,10,0,1,0,10,0,10,10,0.0,True
gsm8k,RandOpt,43,300,10,819,0,0,10,10,0,1,0,10,-10,-10,1.0,False
gsm8k,RandOpt,43,300,10,820,10,5-10,10,0,1,0,10,0,10,10,0.0,True
gsm8k,RandOpt,43,300,10,821,8,5-10,10,2,1,2,8,1,7,7,0.5,True
gsm8k,RandOpt,43,300,10,822,8,5-10,10,2,1,2,8,1,7,7,0.5,True
gsm8k,RandOpt,43,300,10,823,0,0,10,10,0,1,0,10,-10,-10,1.0,False
gsm8k,RandOpt,43,300,10,824,7,5-10,10,3,1,1,7,3,4,4,1.0,True
gsm8k,RandOpt,43,300,10,825,10,5-10,10,0,1,0,10,0,10,10,0.0,True
gsm8k,RandOpt,43,300,10,826,10,5-10,10,0,1,0,10,0,10,10,0.0,True
gsm8k,RandOpt,43,300,10,827,0,0,10,10,0,5,0,4,-4,-4,0.4,False
gsm8k,RandOpt,43,300,10,828,5,5-10,10,5,1,1,5,5,0,0,1.0,True
gsm8k,RandOpt,43,300,10,829,10,5-10,10,0,2,0,8,0,10,8,0.0,True
gsm8k,RandOpt,43,300,10,830,9,5-10,10,1,1,1,9,1,8,8,1.0,True
gsm8k,RandOpt,43,300,10,831,0,0,10,10,0,5,0,5,-5,-5,0.5,False
gsm8k,RandOpt,43,300,10,832,1,1,10,9,1,2,1,6,-5,-5,0.6666666666666666,False
gsm8k,RandOpt,43,300,10,833,10,5-10,10,0,1,0,10,0,10,10,0.0,True
gsm8k,RandOpt,43,300,10,834,10,5-10,10,0,1,0,10,0,10,10,0.0,True
gsm8k,RandOpt,43,300,10,835,0,0,10,10,0,5,0,4,-4,-4,0.4,False
gsm8k,RandOpt,43,300,10,836,7,5-10,10,3,1,1,7,3,4,4,1.0,True
gsm8k,RandOpt,43,300,10,837,1,1,10,9,1,7,1,2,-1,-1,0.2222222222222222,False
gsm8k,RandOpt,43,300,10,838,9,5-10,10,1,1,1,9,1,8,8,1.0,True
gsm8k,RandOpt,43,300,10,839,0,0,10,10,0,2,0,9,-9,-9,0.9,False
gsm8k,RandOpt,43,300,10,840,0,0,10,10,0,1,0,10,-10,-10,1.0,False
gsm8k,RandOpt,43,300,10,841,2,2-4,10,8,1,1,2,8,-6,-6,1.0,False
gsm8k,RandOpt,43,300,10,842,7,5-10,10,3,1,2,7,2,5,5,0.6666666666666666,True
gsm8k,RandOpt,43,300,10,843,9,5-10,10,1,1,1,9,1,8,8,1.0,True
gsm8k,RandOpt,43,300,10,844,2,2-4,10,8,1,5,2,4,-2,-2,0.5,False
gsm8k,RandOpt,43,300,10,845,2,2-4,10,8,1,2,2,6,-4,-4,0.75,False
gsm8k,RandOpt,43,300,10,846,0,0,10,10,0,3,0,8,-8,-8,0.8,False
gsm8k,RandOpt,43,300,10,847,3,2-4,10,7,1,3,3,3,0,0,0.42857142857142855,True
gsm8k,RandOpt,43,300,10,848,10,5-10,10,0,1,0,10,0,10,10,0.0,True
gsm8k,RandOpt,43,300,10,849,8,5-10,10,2,1,1,8,2,6,6,1.0,True
gsm8k,RandOpt,43,300,10,850,10,5-10,10,0,1,0,10,0,10,10,0.0,True
gsm8k,RandOpt,43,300,10,851,6,5-10,10,4,1,1,6,4,2,2,1.0,True
gsm8k,RandOpt,43,300,10,852,7,5-10,10,3,1,2,7,2,5,5,0.6666666666666666,True
gsm8k,RandOpt,43,300,10,853,10,5-10,10,0,1,0,10,0,10,10,0.0,True
gsm8k,RandOpt,43,300,10,854,10,5-10,10,0,1,0,10,0,10,10,0.0,True
gsm8k,RandOpt,43,300,10,855,3,2-4,10,7,1,6,3,2,1,1,0.2857142857142857,True
gsm8k,RandOpt,43,300,10,856,9,5-10,10,1,1,1,9,1,8,8,1.0,True
gsm8k,RandOpt,43,300,10,857,8,5-10,10,2,1,1,8,2,6,6,1.0,True
gsm8k,RandOpt,43,300,10,858,7,5-10,10,3,1,2,7,2,5,5,0.6666666666666666,True
gsm8k,RandOpt,43,300,10,859,3,2-4,10,7,1,1,3,7,-4,-4,1.0,False
gsm8k,RandOpt,43,300,10,860,7,5-10,10,3,1,1,7,3,4,4,1.0,True
gsm8k,RandOpt,43,300,10,861,1,1,10,9,1,2,1,6,-5,-5,0.6666666666666666,False
gsm8k,RandOpt,43,300,10,862,10,5-10,10,0,1,0,10,0,10,10,0.0,True
gsm8k,RandOpt,43,300,10,863,10,5-10,10,0,1,0,10,0,10,10,0.0,True
gsm8k,RandOpt,43,300,10,864,0,0,10,10,0,5,0,4,-4,-4,0.4,False
gsm8k,RandOpt,43,300,10,865,10,5-10,10,0,1,0,10,0,10,10,0.0,True
gsm8k,RandOpt,43,300,10,866,10,5-10,10,0,1,0,10,0,10,10,0.0,True
gsm8k,RandOpt,43,300,10,867,10,5-10,10,0,1,0,10,0,10,10,0.0,True
gsm8k,RandOpt,43,300,10,868,5,5-10,10,5,1,1,5,5,0,0,1.0,True
gsm8k,RandOpt,43,300,10,869,6,5-10,10,4,1,2,6,3,3,3,0.75,True
gsm8k,RandOpt,43,300,10,870,7,5-10,10,3,1,1,7,3,4,4,1.0,True
gsm8k,RandOpt,43,300,10,871,9,5-10,10,1,1,1,9,1,8,8,1.0,True
gsm8k,RandOpt,43,300,10,872,0,0,10,10,0,2,0,5,-5,-5,0.5,False
gsm8k,RandOpt,43,300,10,873,0,0,10,10,0,2,0,7,-7,-7,0.7,False
gsm8k,RandOpt,43,300,10,874,0,0,10,10,0,2,0,9,-9,-9,0.9,False
gsm8k,RandOpt,43,300,10,875,7,5-10,10,3,1,1,7,3,4,4,1.0,True
gsm8k,RandOpt,43,300,10,876,10,5-10,10,0,1,0,10,0,10,10,0.0,True
gsm8k,RandOpt,43,300,10,877,5,5-10,10,5,1,3,5,3,2,2,0.6,True
gsm8k,RandOpt,43,300,10,878,9,5-10,10,1,1,1,9,1,8,8,1.0,True
gsm8k,RandOpt,43,300,10,879,10,5-10,10,0,1,0,10,0,10,10,0.0,True
gsm8k,RandOpt,43,300,10,880,3,2-4,10,7,1,5,3,2,1,1,0.2857142857142857,True
gsm8k,RandOpt,43,300,10,881,10,5-10,10,0,1,0,10,0,10,10,0.0,True
gsm8k,RandOpt,43,300,10,882,0,0,10,10,0,2,0,9,-9,-9,0.9,False
gsm8k,RandOpt,43,300,10,883,4,2-4,10,6,1,3,4,4,0,0,0.6666666666666666,True
gsm8k,RandOpt,43,300,10,884,10,5-10,10,0,1,0,10,0,10,10,0.0,True
gsm8k,RandOpt,43,300,10,885,9,5-10,10,1,1,1,9,1,8,8,1.0,True
gsm8k,RandOpt,43,300,10,886,10,5-10,10,0,1,0,10,0,10,10,0.0,True
gsm8k,RandOpt,43,300,10,887,9,5-10,10,1,1,1,9,1,8,8,1.0,True
gsm8k,RandOpt,43,300,10,888,9,5-10,10,1,1,1,9,1,8,8,1.0,True
gsm8k,RandOpt,43,300,10,889,10,5-10,10,0,1,0,10,0,10,10,0.0,True
gsm8k,RandOpt,43,300,10,890,10,5-10,10,0,1,0,10,0,10,10,0.0,True
gsm8k,RandOpt,43,300,10,891,10,5-10,10,0,1,0,10,0,10,10,0.0,True
gsm8k,RandOpt,43,300,10,892,7,5-10,10,3,1,1,7,3,4,4,1.0,True
gsm8k,RandOpt,43,300,10,893,8,5-10,10,2,1,1,8,2,6,6,1.0,True
gsm8k,RandOpt,43,300,10,894,0,0,10,10,0,7,0,2,-2,-2,0.2,False
gsm8k,RandOpt,43,300,10,895,10,5-10,10,0,1,0,10,0,10,10,0.0,True
gsm8k,RandOpt,43,300,10,896,9,5-10,10,1,1,1,9,1,8,8,1.0,True
gsm8k,RandOpt,43,300,10,897,6,5-10,10,4,1,2,6,3,3,3,0.75,True
gsm8k,RandOpt,43,300,10,898,10,5-10,10,0,1,0,10,0,10,10,0.0,True
gsm8k,RandOpt,43,300,10,899,10,5-10,10,0,1,0,10,0,10,10,0.0,True
gsm8k,RandOpt,43,300,10,900,10,5-10,10,0,1,0,10,0,10,10,0.0,True
gsm8k,RandOpt,43,300,10,901,3,2-4,10,7,1,4,3,3,0,0,0.42857142857142855,True
gsm8k,RandOpt,43,300,10,902,0,0,10,10,0,1,0,10,-10,-10,1.0,False
gsm8k,RandOpt,43,300,10,903,9,5-10,10,1,1,1,9,1,8,8,1.0,True
gsm8k,RandOpt,43,300,10,904,8,5-10,10,2,1,1,8,2,6,6,1.0,True
gsm8k,RandOpt,43,300,10,905,8,5-10,10,2,1,2,8,1,7,7,0.5,True
gsm8k,RandOpt,43,300,10,906,7,5-10,10,3,1,1,7,3,4,4,1.0,True
gsm8k,RandOpt,43,300,10,907,7,5-10,10,3,1,1,7,3,4,4,1.0,True
gsm8k,RandOpt,43,300,10,908,9,5-10,10,1,1,1,9,1,8,8,1.0,True
gsm8k,RandOpt,43,300,10,909,1,1,10,9,1,1,1,9,-8,-8,1.0,False
gsm8k,RandOpt,43,300,10,910,8,5-10,10,2,1,2,8,1,7,7,0.5,True
gsm8k,RandOpt,43,300,10,911,10,5-10,10,0,1,0,10,0,10,10,0.0,True
gsm8k,RandOpt,43,300,10,912,8,5-10,10,2,1,2,8,1,7,7,0.5,True
gsm8k,RandOpt,43,300,10,913,5,5-10,10,5,1,3,5,3,2,2,0.6,True
gsm8k,RandOpt,43,300,10,914,8,5-10,10,2,1,1,8,2,6,6,1.0,True
gsm8k,RandOpt,43,300,10,915,10,5-10,10,0,1,0,10,0,10,10,0.0,True
gsm8k,RandOpt,43,300,10,916,5,5-10,10,5,1,5,5,1,4,4,0.2,True
gsm8k,RandOpt,43,300,10,917,9,5-10,10,1,1,1,9,1,8,8,1.0,True
gsm8k,RandOpt,43,300,10,918,10,5-10,10,0,1,0,10,0,10,10,0.0,True
gsm8k,RandOpt,43,300,10,919,9,5-10,10,1,1,1,9,1,8,8,1.0,True
gsm8k,RandOpt,43,300,10,920,3,2-4,10,7,1,2,3,5,-2,-2,0.7142857142857143,False
gsm8k,RandOpt,43,300,10,921,10,5-10,10,0,1,0,10,0,10,10,0.0,True
gsm8k,RandOpt,43,300,10,922,4,2-4,10,6,1,3,4,3,1,1,0.5,True
gsm8k,RandOpt,43,300,10,923,1,1,10,9,1,5,1,4,-3,-3,0.4444444444444444,False
gsm8k,RandOpt,43,300,10,924,6,5-10,10,4,1,4,6,1,5,5,0.25,True
gsm8k,RandOpt,43,300,10,925,10,5-10,10,0,1,0,10,0,10,10,0.0,True
gsm8k,RandOpt,43,300,10,926,3,2-4,10,7,1,4,3,3,0,0,0.42857142857142855,True
gsm8k,RandOpt,43,300,10,927,0,0,10,10,0,2,0,6,-6,-6,0.6,False
gsm8k,RandOpt,43,300,10,928,8,5-10,10,2,1,1,8,2,6,6,1.0,True
gsm8k,RandOpt,43,300,10,929,10,5-10,10,0,1,0,10,0,10,10,0.0,True
gsm8k,RandOpt,43,300,10,930,10,5-10,10,0,1,0,10,0,10,10,0.0,True
gsm8k,RandOpt,43,300,10,931,9,5-10,10,1,1,1,9,1,8,8,1.0,True
gsm8k,RandOpt,43,300,10,932,9,5-10,10,1,1,1,9,1,8,8,1.0,True
gsm8k,RandOpt,43,300,10,933,5,5-10,10,5,1,2,5,3,2,2,0.6,True
gsm8k,RandOpt,43,300,10,934,0,0,10,10,0,4,0,6,-6,-6,0.6,False
gsm8k,RandOpt,43,300,10,935,0,0,10,10,0,2,0,7,-7,-7,0.7,False
gsm8k,RandOpt,43,300,10,936,0,0,10,10,0,6,0,4,-4,-4,0.4,False
gsm8k,RandOpt,43,300,10,937,10,5-10,10,0,1,0,10,0,10,10,0.0,True
gsm8k,RandOpt,43,300,10,938,5,5-10,10,5,1,5,5,1,4,4,0.2,True
gsm8k,RandOpt,43,300,10,939,10,5-10,10,0,1,0,10,0,10,10,0.0,True
gsm8k,RandOpt,43,300,10,940,6,5-10,10,4,1,3,6,2,4,4,0.5,True
gsm8k,RandOpt,43,300,10,941,8,5-10,10,2,1,2,8,1,7,7,0.5,True
gsm8k,RandOpt,43,300,10,942,0,0,10,10,0,1,0,10,-10,-10,1.0,False
gsm8k,RandOpt,43,300,10,943,0,0,10,10,0,4,0,7,-7,-7,0.7,False
gsm8k,RandOpt,43,300,10,944,10,5-10,10,0,1,0,10,0,10,10,0.0,True
gsm8k,RandOpt,43,300,10,945,10,5-10,10,0,1,0,10,0,10,10,0.0,True
gsm8k,RandOpt,43,300,10,946,10,5-10,10,0,1,0,10,0,10,10,0.0,True
gsm8k,RandOpt,43,300,10,947,3,2-4,10,7,1,1,3,7,-4,-4,1.0,False
gsm8k,RandOpt,43,300,10,948,3,2-4,10,7,1,5,3,2,1,1,0.2857142857142857,True
gsm8k,RandOpt,43,300,10,949,9,5-10,10,1,1,1,9,1,8,8,1.0,True
gsm8k,RandOpt,43,300,10,950,8,5-10,10,2,1,2,8,1,7,7,0.5,True
gsm8k,RandOpt,43,300,10,951,2,2-4,10,8,1,3,2,6,-4,-4,0.75,False
gsm8k,RandOpt,43,300,10,952,0,0,10,10,0,1,0,10,-10,-10,1.0,False
gsm8k,RandOpt,43,300,10,953,2,2-4,10,8,1,8,2,1,1,1,0.125,True
gsm8k,RandOpt,43,300,10,954,10,5-10,10,0,1,0,10,0,10,10,0.0,True
gsm8k,RandOpt,43,300,10,955,9,5-10,10,1,1,1,9,1,8,8,1.0,True
gsm8k,RandOpt,43,300,10,956,0,0,10,10,0,1,0,10,-10,-10,1.0,False
gsm8k,RandOpt,43,300,10,957,10,5-10,10,0,1,0,10,0,10,10,0.0,True
gsm8k,RandOpt,43,300,10,958,7,5-10,10,3,1,2,7,2,5,5,0.6666666666666666,True
gsm8k,RandOpt,43,300,10,959,6,5-10,10,4,1,1,6,4,2,2,1.0,True
gsm8k,RandOpt,43,300,10,960,6,5-10,10,4,1,4,6,1,5,5,0.25,True
gsm8k,RandOpt,43,300,10,961,5,5-10,10,5,1,3,5,3,2,2,0.6,True
gsm8k,RandOpt,43,300,10,962,5,5-10,10,5,1,1,5,5,0,0,1.0,True
gsm8k,RandOpt,43,300,10,963,6,5-10,10,4,1,4,6,1,5,5,0.25,True
gsm8k,RandOpt,43,300,10,964,7,5-10,10,3,1,1,7,3,4,4,1.0,True
gsm8k,RandOpt,43,300,10,965,0,0,10,10,0,2,0,9,-9,-9,0.9,False
gsm8k,RandOpt,43,300,10,966,6,5-10,10,4,1,3,6,2,4,4,0.5,True
gsm8k,RandOpt,43,300,10,967,8,5-10,10,2,1,1,8,2,6,6,1.0,True
gsm8k,RandOpt,43,300,10,968,9,5-10,10,1,1,1,9,1,8,8,1.0,True
gsm8k,RandOpt,43,300,10,969,0,0,10,10,0,6,0,3,-3,-3,0.3,False
gsm8k,RandOpt,43,300,10,970,3,2-4,10,7,1,1,3,7,-4,-4,1.0,False
gsm8k,RandOpt,43,300,10,971,1,1,10,9,1,1,1,9,-8,-8,1.0,False
gsm8k,RandOpt,43,300,10,972,0,0,10,10,0,4,0,4,-4,-4,0.4,False
gsm8k,RandOpt,43,300,10,973,7,5-10,10,3,1,3,7,1,6,6,0.3333333333333333,True
gsm8k,RandOpt,43,300,10,974,8,5-10,10,2,1,1,8,2,6,6,1.0,True
gsm8k,RandOpt,43,300,10,975,10,5-10,10,0,1,0,10,0,10,10,0.0,True
gsm8k,RandOpt,43,300,10,976,4,2-4,10,6,1,4,4,3,1,1,0.5,True
gsm8k,RandOpt,43,300,10,977,10,5-10,10,0,1,0,10,0,10,10,0.0,True
gsm8k,RandOpt,43,300,10,978,5,5-10,10,5,1,1,5,5,0,0,1.0,True
gsm8k,RandOpt,43,300,10,979,2,2-4,10,8,1,6,2,2,0,0,0.25,True
gsm8k,RandOpt,43,300,10,980,4,2-4,10,6,1,1,4,6,-2,-2,1.0,False
gsm8k,RandOpt,43,300,10,981,10,5-10,10,0,1,0,10,0,10,10,0.0,True
gsm8k,RandOpt,43,300,10,982,7,5-10,10,3,1,2,7,2,5,5,0.6666666666666666,True
gsm8k,RandOpt,43,300,10,983,3,2-4,10,7,1,1,3,7,-4,-4,1.0,False
gsm8k,RandOpt,43,300,10,984,0,0,10,10,0,6,0,5,-5,-5,0.5,False
gsm8k,RandOpt,43,300,10,985,10,5-10,10,0,1,0,10,0,10,10,0.0,True
gsm8k,RandOpt,43,300,10,986,6,5-10,10,4,1,2,6,3,3,3,0.75,True
gsm8k,RandOpt,43,300,10,987,10,5-10,10,0,1,0,10,0,10,10,0.0,True
gsm8k,RandOpt,43,300,10,988,10,5-10,10,0,1,0,10,0,10,10,0.0,True
gsm8k,RandOpt,43,300,10,989,1,1,10,9,1,1,1,9,-8,-8,1.0,False
gsm8k,RandOpt,43,300,10,990,2,2-4,10,8,1,2,2,7,-5,-5,0.875,False
gsm8k,RandOpt,43,300,10,991,6,5-10,10,4,1,4,6,1,5,5,0.25,True
gsm8k,RandOpt,43,300,10,992,4,2-4,10,6,1,5,4,2,2,2,0.3333333333333333,True
gsm8k,RandOpt,43,300,10,993,1,1,10,9,1,5,1,4,-3,-3,0.4444444444444444,False
gsm8k,RandOpt,43,300,10,994,10,5-10,10,0,1,0,10,0,10,10,0.0,True
gsm8k,RandOpt,43,300,10,995,5,5-10,10,5,1,3,5,3,2,2,0.6,True
gsm8k,RandOpt,43,300,10,996,8,5-10,10,2,1,1,8,2,6,6,1.0,True
gsm8k,RandOpt,43,300,10,997,0,0,10,10,0,2,0,6,-6,-6,0.6,False
gsm8k,RandOpt,43,300,10,998,5,5-10,10,5,1,1,5,5,0,0,1.0,True
gsm8k,RandOpt,43,300,10,999,5,5-10,10,5,1,1,5,5,0,0,1.0,False
gsm8k,RandOpt,43,300,10,1000,8,5-10,10,2,1,2,8,1,7,7,0.5,True
gsm8k,RandOpt,43,300,10,1001,0,0,10,10,0,4,0,5,-5,-5,0.5,False
gsm8k,RandOpt,43,300,10,1002,9,5-10,10,1,1,1,9,1,8,8,1.0,True
gsm8k,RandOpt,43,300,10,1003,4,2-4,10,6,1,5,4,2,2,2,0.3333333333333333,True
gsm8k,RandOpt,43,300,10,1004,8,5-10,10,2,1,2,8,1,7,7,0.5,True
gsm8k,RandOpt,43,300,10,1005,10,5-10,10,0,1,0,10,0,10,10,0.0,True
gsm8k,RandOpt,43,300,10,1006,0,0,10,10,0,2,0,9,-9,-9,0.9,False
gsm8k,RandOpt,43,300,10,1007,10,5-10,10,0,1,0,10,0,10,10,0.0,True
gsm8k,RandOpt,43,300,10,1008,10,5-10,10,0,1,0,10,0,10,10,0.0,True
gsm8k,RandOpt,43,300,10,1009,7,5-10,10,3,1,1,7,3,4,4,1.0,True
gsm8k,RandOpt,43,300,10,1010,9,5-10,10,1,1,1,9,1,8,8,1.0,True
gsm8k,RandOpt,43,300,10,1011,5,5-10,10,5,1,2,5,4,1,1,0.8,True
gsm8k,RandOpt,43,300,10,1012,0,0,10,10,0,10,0,1,-1,-1,0.1,False
gsm8k,RandOpt,43,300,10,1013,6,5-10,10,4,1,2,6,3,3,3,0.75,True
gsm8k,RandOpt,43,300,10,1014,9,5-10,10,1,1,1,9,1,8,8,1.0,True
gsm8k,RandOpt,43,300,10,1015,7,5-10,10,3,1,2,7,2,5,5,0.6666666666666666,True
gsm8k,RandOpt,43,300,10,1016,0,0,10,10,0,3,0,8,-8,-8,0.8,False
gsm8k,RandOpt,43,300,10,1017,5,5-10,10,5,1,4,5,2,3,3,0.4,True
gsm8k,RandOpt,43,300,10,1018,10,5-10,10,0,1,0,10,0,10,10,0.0,True
gsm8k,RandOpt,43,300,10,1019,4,2-4,10,6,1,4,4,2,2,2,0.3333333333333333,True
gsm8k,RandOpt,43,300,10,1020,8,5-10,10,2,1,1,8,2,6,6,1.0,True
gsm8k,RandOpt,43,300,10,1021,8,5-10,10,2,1,2,8,1,7,7,0.5,True
gsm8k,RandOpt,43,300,10,1022,5,5-10,10,5,1,1,5,5,0,0,1.0,False
gsm8k,RandOpt,43,300,10,1023,9,5-10,10,1,1,1,9,1,8,8,1.0,True
gsm8k,RandOpt,43,300,10,1024,4,2-4,10,6,1,1,4,6,-2,-2,1.0,False
gsm8k,RandOpt,43,300,10,1025,9,5-10,10,1,1,1,9,1,8,8,1.0,True
gsm8k,RandOpt,43,300,10,1026,10,5-10,10,0,1,0,10,0,10,10,0.0,True
gsm8k,RandOpt,43,300,10,1027,8,5-10,10,2,1,1,8,2,6,6,1.0,True
gsm8k,RandOpt,43,300,10,1028,10,5-10,10,0,1,0,10,0,10,10,0.0,True
gsm8k,RandOpt,43,300,10,1029,0,0,10,10,0,2,0,8,-8,-8,0.8,False
gsm8k,RandOpt,43,300,10,1030,0,0,10,10,0,8,0,2,-2,-2,0.2,False
gsm8k,RandOpt,43,300,10,1031,7,5-10,10,3,1,2,7,2,5,5,0.6666666666666666,True
gsm8k,RandOpt,43,300,10,1032,3,2-4,10,7,1,1,3,7,-4,-4,1.0,False
gsm8k,RandOpt,43,300,10,1033,9,5-10,10,1,1,1,9,1,8,8,1.0,True
gsm8k,RandOpt,43,300,10,1034,10,5-10,10,0,1,0,10,0,10,10,0.0,True
gsm8k,RandOpt,43,300,10,1035,3,2-4,10,7,1,1,3,7,-4,-4,1.0,False
gsm8k,RandOpt,43,300,10,1036,10,5-10,10,0,1,0,10,0,10,10,0.0,True
gsm8k,RandOpt,43,300,10,1037,9,5-10,10,1,1,1,9,1,8,8,1.0,True
gsm8k,RandOpt,43,300,10,1038,6,5-10,10,4,1,4,6,1,5,5,0.25,True
gsm8k,RandOpt,43,300,10,1039,10,5-10,10,0,1,0,10,0,10,10,0.0,True
gsm8k,RandOpt,43,300,10,1040,10,5-10,10,0,1,0,10,0,10,10,0.0,True
gsm8k,RandOpt,43,300,10,1041,3,2-4,10,7,1,3,3,4,-1,-1,0.5714285714285714,False
gsm8k,RandOpt,43,300,10,1042,0,0,10,10,0,2,0,9,-9,-9,0.9,False
gsm8k,RandOpt,43,300,10,1043,10,5-10,10,0,2,0,7,0,10,7,0.0,True
gsm8k,RandOpt,43,300,10,1044,9,5-10,10,1,1,1,9,1,8,8,1.0,True
gsm8k,RandOpt,43,300,10,1045,9,5-10,10,1,1,1,9,1,8,8,1.0,True
gsm8k,RandOpt,43,300,10,1046,0,0,10,10,0,5,0,4,-4,-4,0.4,False
gsm8k,RandOpt,43,300,10,1047,10,5-10,10,0,1,0,10,0,10,10,0.0,True
gsm8k,RandOpt,43,300,10,1048,0,0,10,10,0,9,0,2,-2,-2,0.2,False
gsm8k,RandOpt,43,300,10,1049,9,5-10,10,1,1,1,9,1,8,8,1.0,True
gsm8k,RandOpt,43,300,10,1050,0,0,10,10,0,1,0,10,-10,-10,1.0,False
gsm8k,RandOpt,43,300,10,1051,4,2-4,10,6,1,1,4,6,-2,-2,1.0,False
gsm8k,RandOpt,43,300,10,1052,8,5-10,10,2,1,1,8,2,6,6,1.0,True
gsm8k,RandOpt,43,300,10,1053,8,5-10,10,2,1,1,8,2,6,6,1.0,True
gsm8k,RandOpt,43,300,10,1054,7,5-10,10,3,1,1,7,3,4,4,1.0,True
gsm8k,RandOpt,43,300,10,1055,10,5-10,10,0,1,0,10,0,10,10,0.0,True
gsm8k,RandOpt,43,300,10,1056,5,5-10,10,5,1,3,5,3,2,2,0.6,True
gsm8k,RandOpt,43,300,10,1057,10,5-10,10,0,1,0,10,0,10,10,0.0,True
gsm8k,RandOpt,43,300,10,1058,8,5-10,10,2,1,1,8,2,6,6,1.0,True
gsm8k,RandOpt,43,300,10,1059,10,5-10,10,0,1,0,10,0,10,10,0.0,True
gsm8k,RandOpt,43,300,10,1060,10,5-10,10,0,1,0,10,0,10,10,0.0,True
gsm8k,RandOpt,43,300,10,1061,10,5-10,10,0,1,0,10,0,10,10,0.0,True
gsm8k,RandOpt,43,300,10,1062,0,0,10,10,0,3,0,8,-8,-8,0.8,False
gsm8k,RandOpt,43,300,10,1063,10,5-10,10,0,1,0,10,0,10,10,0.0,True
gsm8k,RandOpt,43,300,10,1064,6,5-10,10,4,1,1,6,4,2,2,1.0,True
gsm8k,RandOpt,43,300,10,1065,9,5-10,10,1,1,1,9,1,8,8,1.0,True
gsm8k,RandOpt,43,300,10,1066,9,5-10,10,1,1,1,9,1,8,8,1.0,True
gsm8k,RandOpt,43,300,10,1067,10,5-10,10,0,1,0,10,0,10,10,0.0,True
gsm8k,RandOpt,43,300,10,1068,2,2-4,10,8,1,2,2,6,-4,-4,0.75,False
gsm8k,RandOpt,43,300,10,1069,2,2-4,10,8,1,2,2,6,-4,-4,0.75,False
gsm8k,RandOpt,43,300,10,1070,0,0,10,10,0,4,0,4,-4,-4,0.4,False
gsm8k,RandOpt,43,300,10,1071,1,1,10,9,1,4,1,5,-4,-4,0.5555555555555556,False
gsm8k,RandOpt,43,300,10,1072,10,5-10,10,0,1,0,10,0,10,10,0.0,True
gsm8k,RandOpt,43,300,10,1073,4,2-4,10,6,1,4,4,3,1,1,0.5,True
gsm8k,RandOpt,43,300,10,1074,4,2-4,10,6,1,2,4,4,0,0,0.6666666666666666,False
gsm8k,RandOpt,43,300,10,1075,0,0,10,10,0,4,0,5,-5,-5,0.5,False
gsm8k,RandOpt,43,300,10,1076,0,0,10,10,0,2,0,8,-8,-8,0.8,False
gsm8k,RandOpt,43,300,10,1077,1,1,10,9,1,8,1,2,-1,-1,0.2222222222222222,False
gsm8k,RandOpt,43,300,10,1078,0,0,10,10,0,1,0,10,-10,-10,1.0,False
gsm8k,RandOpt,43,300,10,1079,10,5-10,10,0,1,0,10,0,10,10,0.0,True
gsm8k,RandOpt,43,300,10,1080,10,5-10,10,0,1,0,10,0,10,10,0.0,True
gsm8k,RandOpt,43,300,10,1081,2,2-4,10,8,1,1,2,8,-6,-6,1.0,False
gsm8k,RandOpt,43,300,10,1082,3,2-4,10,7,1,2,3,5,-2,-2,0.7142857142857143,False
gsm8k,RandOpt,43,300,10,1083,2,2-4,10,8,1,4,2,4,-2,-2,0.5,False
gsm8k,RandOpt,43,300,10,1084,2,2-4,10,8,1,2,2,4,-2,-2,0.5,False
gsm8k,RandOpt,43,300,10,1085,3,2-4,10,7,1,2,3,6,-3,-3,0.8571428571428571,False
gsm8k,RandOpt,43,300,10,1086,10,5-10,10,0,2,0,8,0,10,8,0.0,True
gsm8k,RandOpt,43,300,10,1087,10,5-10,10,0,1,0,10,0,10,10,0.0,True
gsm8k,RandOpt,43,300,10,1088,1,1,10,9,1,9,1,1,0,0,0.1111111111111111,False
gsm8k,RandOpt,43,300,10,1089,9,5-10,10,1,1,1,9,1,8,8,1.0,True
gsm8k,RandOpt,43,300,10,1090,10,5-10,10,0,1,0,10,0,10,10,0.0,True
gsm8k,RandOpt,43,300,10,1091,7,5-10,10,3,1,2,7,2,5,5,0.6666666666666666,True
gsm8k,RandOpt,43,300,10,1092,6,5-10,10,4,1,2,6,3,3,3,0.75,True
gsm8k,RandOpt,43,300,10,1093,7,5-10,10,3,1,2,7,2,5,5,0.6666666666666666,True
gsm8k,RandOpt,43,300,10,1094,0,0,10,10,0,5,0,3,-3,-3,0.3,False
gsm8k,RandOpt,43,300,10,1095,10,5-10,10,0,1,0,10,0,10,10,0.0,True
gsm8k,RandOpt,43,300,10,1096,8,5-10,10,2,1,2,8,1,7,7,0.5,True
gsm8k,RandOpt,43,300,10,1097,10,5-10,10,0,1,0,10,0,10,10,0.0,True
gsm8k,RandOpt,43,300,10,1098,10,5-10,10,0,1,0,10,0,10,10,0.0,True
gsm8k,RandOpt,43,300,10,1099,10,5-10,10,0,1,0,10,0,10,10,0.0,True
gsm8k,RandOpt,43,300,10,1100,5,5-10,10,5,1,2,5,3,2,2,0.6,True
gsm8k,RandOpt,43,300,10,1101,10,5-10,10,0,1,0,10,0,10,10,0.0,True
gsm8k,RandOpt,43,300,10,1102,0,0,10,10,0,2,0,6,-6,-6,0.6,False
gsm8k,RandOpt,43,300,10,1103,10,5-10,10,0,1,0,10,0,10,10,0.0,True
gsm8k,RandOpt,43,300,10,1104,10,5-10,10,0,1,0,10,0,10,10,0.0,True
gsm8k,RandOpt,43,300,10,1105,2,2-4,10,8,1,5,2,3,-1,-1,0.375,False
gsm8k,RandOpt,43,300,10,1106,10,5-10,10,0,1,0,10,0,10,10,0.0,True
gsm8k,RandOpt,43,300,10,1107,10,5-10,10,0,1,0,10,0,10,10,0.0,True
gsm8k,RandOpt,43,300,10,1108,8,5-10,10,2,1,1,8,2,6,6,1.0,True
gsm8k,RandOpt,43,300,10,1109,10,5-10,10,0,1,0,10,0,10,10,0.0,True
gsm8k,RandOpt,43,300,10,1110,3,2-4,10,7,1,7,3,1,2,2,0.14285714285714285,True
gsm8k,RandOpt,43,300,10,1111,10,5-10,10,0,1,0,10,0,10,10,0.0,True
gsm8k,RandOpt,43,300,10,1112,10,5-10,10,0,1,0,10,0,10,10,0.0,True
gsm8k,RandOpt,43,300,10,1113,10,5-10,10,0,1,0,10,0,10,10,0.0,True
gsm8k,RandOpt,43,300,10,1114,6,5-10,10,4,1,1,6,4,2,2,1.0,True
gsm8k,RandOpt,43,300,10,1115,0,0,10,10,0,4,0,4,-4,-4,0.4,False
gsm8k,RandOpt,43,300,10,1116,10,5-10,10,0,1,0,10,0,10,10,0.0,True
gsm8k,RandOpt,43,300,10,1117,4,2-4,10,6,1,1,4,6,-2,-2,1.0,False
gsm8k,RandOpt,43,300,10,1118,1,1,10,9,1,1,1,9,-8,-8,1.0,False
gsm8k,RandOpt,43,300,10,1119,7,5-10,10,3,1,1,7,3,4,4,1.0,True
gsm8k,RandOpt,43,300,10,1120,8,5-10,10,2,1,1,8,2,6,6,1.0,True
gsm8k,RandOpt,43,300,10,1121,10,5-10,10,0,1,0,10,0,10,10,0.0,True
gsm8k,RandOpt,43,300,10,1122,1,1,10,9,1,7,1,2,-1,-1,0.2222222222222222,False
gsm8k,RandOpt,43,300,10,1123,4,2-4,10,6,1,2,4,5,-1,-1,0.8333333333333334,False
gsm8k,RandOpt,43,300,10,1124,3,2-4,10,7,1,4,3,3,0,0,0.42857142857142855,False
gsm8k,RandOpt,43,300,10,1125,9,5-10,10,1,1,1,9,1,8,8,1.0,True
gsm8k,RandOpt,43,300,10,1126,10,5-10,10,0,1,0,10,0,10,10,0.0,True
gsm8k,RandOpt,43,300,10,1127,10,5-10,10,0,1,0,10,0,10,10,0.0,True
gsm8k,RandOpt,43,300,10,1128,10,5-10,10,0,1,0,10,0,10,10,0.0,True
gsm8k,RandOpt,43,300,10,1129,2,2-4,10,8,1,4,2,3,-1,-1,0.375,False
gsm8k,RandOpt,43,300,10,1130,10,5-10,10,0,1,0,10,0,10,10,0.0,True
gsm8k,RandOpt,43,300,10,1131,2,2-4,10,8,1,4,2,4,-2,-2,0.5,False
gsm8k,RandOpt,43,300,10,1132,9,5-10,10,1,1,1,9,1,8,8,1.0,True
gsm8k,RandOpt,43,300,10,1133,0,0,10,10,0,4,0,4,-4,-4,0.4,False
gsm8k,RandOpt,43,300,10,1134,0,0,10,10,0,1,0,10,-10,-10,1.0,False
gsm8k,RandOpt,43,300,10,1135,7,5-10,10,3,1,1,7,3,4,4,1.0,True
gsm8k,RandOpt,43,300,10,1136,6,5-10,10,4,1,1,6,4,2,2,1.0,True
gsm8k,RandOpt,43,300,10,1137,0,0,10,10,0,5,0,5,-5,-5,0.5,False
gsm8k,RandOpt,43,300,10,1138,10,5-10,10,0,1,0,10,0,10,10,0.0,True
gsm8k,RandOpt,43,300,10,1139,0,0,10,10,0,2,0,8,-8,-8,0.8,False
gsm8k,RandOpt,43,300,10,1140,9,5-10,10,1,1,1,9,1,8,8,1.0,True
gsm8k,RandOpt,43,300,10,1141,5,5-10,10,5,1,1,5,5,0,0,1.0,True
gsm8k,RandOpt,43,300,10,1142,10,5-10,10,0,1,0,10,0,10,10,0.0,True
gsm8k,RandOpt,43,300,10,1143,8,5-10,10,2,1,1,8,2,6,6,1.0,True
gsm8k,RandOpt,43,300,10,1144,10,5-10,10,0,1,0,10,0,10,10,0.0,True
gsm8k,RandOpt,43,300,10,1145,2,2-4,10,8,1,5,2,3,-1,-1,0.375,False
gsm8k,RandOpt,43,300,10,1146,3,2-4,10,7,1,5,3,2,1,1,0.2857142857142857,True
gsm8k,RandOpt,43,300,10,1147,8,5-10,10,2,1,1,8,2,6,6,1.0,True
gsm8k,RandOpt,43,300,10,1148,10,5-10,10,0,1,0,10,0,10,10,0.0,True
gsm8k,RandOpt,43,300,10,1149,7,5-10,10,3,1,1,7,3,4,4,1.0,True
gsm8k,RandOpt,43,300,10,1150,3,2-4,10,7,1,1,3,7,-4,-4,1.0,False
gsm8k,RandOpt,43,300,10,1151,7,5-10,10,3,1,1,7,3,4,4,1.0,True
gsm8k,RandOpt,43,300,10,1152,10,5-10,10,0,1,0,10,0,10,10,0.0,True
gsm8k,RandOpt,43,300,10,1153,10,5-10,10,0,1,0,10,0,10,10,0.0,True
gsm8k,RandOpt,43,300,10,1154,10,5-10,10,0,1,0,10,0,10,10,0.0,True
gsm8k,RandOpt,43,300,10,1155,10,5-10,10,0,1,0,10,0,10,10,0.0,True
gsm8k,RandOpt,43,300,10,1156,7,5-10,10,3,1,2,7,2,5,5,0.6666666666666666,True
gsm8k,RandOpt,43,300,10,1157,10,5-10,10,0,1,0,10,0,10,10,0.0,True
gsm8k,RandOpt,43,300,10,1158,0,0,10,10,0,2,0,9,-9,-9,0.9,False
gsm8k,RandOpt,43,300,10,1159,6,5-10,10,4,1,2,6,2,4,4,0.5,True
gsm8k,RandOpt,43,300,10,1160,9,5-10,10,1,1,1,9,1,8,8,1.0,True
gsm8k,RandOpt,43,300,10,1161,0,0,10,10,0,1,0,10,-10,-10,1.0,False
gsm8k,RandOpt,43,300,10,1162,10,5-10,10,0,1,0,10,0,10,10,0.0,True
gsm8k,RandOpt,43,300,10,1163,3,2-4,10,7,1,1,3,7,-4,-4,1.0,False
gsm8k,RandOpt,43,300,10,1164,0,0,10,10,0,1,0,10,-10,-10,1.0,False
gsm8k,RandOpt,43,300,10,1165,1,1,10,9,1,2,1,8,-7,-7,0.8888888888888888,False
gsm8k,RandOpt,43,300,10,1166,0,0,10,10,0,6,0,3,-3,-3,0.3,False
gsm8k,RandOpt,43,300,10,1167,5,5-10,10,5,1,1,5,5,0,0,1.0,True
gsm8k,RandOpt,43,300,10,1168,10,5-10,10,0,1,0,10,0,10,10,0.0,True
gsm8k,RandOpt,43,300,10,1169,9,5-10,10,1,1,1,9,1,8,8,1.0,True
gsm8k,RandOpt,43,300,10,1170,3,2-4,10,7,1,2,3,5,-2,-2,0.7142857142857143,False
gsm8k,RandOpt,43,300,10,1171,10,5-10,10,0,1,0,10,0,10,10,0.0,True
gsm8k,RandOpt,43,300,10,1172,10,5-10,10,0,1,0,10,0,10,10,0.0,True
gsm8k,RandOpt,43,300,10,1173,3,2-4,10,7,1,3,3,4,-1,-1,0.5714285714285714,False
gsm8k,RandOpt,43,300,10,1174,0,0,10,10,0,4,0,4,-4,-4,0.4,False
gsm8k,RandOpt,43,300,10,1175,0,0,10,10,0,2,0,9,-9,-9,0.9,False
gsm8k,RandOpt,43,300,10,1176,3,2-4,10,7,1,4,3,3,0,0,0.42857142857142855,True
gsm8k,RandOpt,43,300,10,1177,10,5-10,10,0,1,0,10,0,10,10,0.0,True
gsm8k,RandOpt,43,300,10,1178,10,5-10,10,0,1,0,10,0,10,10,0.0,True
gsm8k,RandOpt,43,300,10,1179,10,5-10,10,0,1,0,10,0,10,10,0.0,True
gsm8k,RandOpt,43,300,10,1180,3,2-4,10,7,1,4,3,3,0,0,0.42857142857142855,False
gsm8k,RandOpt,43,300,10,1181,9,5-10,10,1,1,1,9,1,8,8,1.0,True
gsm8k,RandOpt,43,300,10,1182,8,5-10,10,2,1,1,8,2,6,6,1.0,True
gsm8k,RandOpt,43,300,10,1183,1,1,10,9,1,8,1,2,-1,-1,0.2222222222222222,False
gsm8k,RandOpt,43,300,10,1184,5,5-10,10,5,1,1,5,5,0,0,1.0,True
gsm8k,RandOpt,43,300,10,1185,3,2-4,10,7,1,2,3,5,-2,-2,0.7142857142857143,False
gsm8k,RandOpt,43,300,10,1186,10,5-10,10,0,1,0,10,0,10,10,0.0,True
gsm8k,RandOpt,43,300,10,1187,3,2-4,10,7,1,2,3,5,-2,-2,0.7142857142857143,False
gsm8k,RandOpt,43,300,10,1188,2,2-4,10,8,1,3,2,4,-2,-2,0.5,False
gsm8k,RandOpt,43,300,10,1189,10,5-10,10,0,1,0,10,0,10,10,0.0,True
gsm8k,RandOpt,43,300,10,1190,0,0,10,10,0,7,0,4,-4,-4,0.4,False
gsm8k,RandOpt,43,300,10,1191,8,5-10,10,2,1,1,8,2,6,6,1.0,True
gsm8k,RandOpt,43,300,10,1192,1,1,10,9,1,4,1,6,-5,-5,0.6666666666666666,False
gsm8k,RandOpt,43,300,10,1193,0,0,10,10,0,2,0,8,-8,-8,0.8,False
gsm8k,RandOpt,43,300,10,1194,10,5-10,10,0,1,0,10,0,10,10,0.0,True
gsm8k,RandOpt,43,300,10,1195,3,2-4,10,7,1,5,3,2,1,1,0.2857142857142857,True
gsm8k,RandOpt,43,300,10,1196,10,5-10,10,0,1,0,10,0,10,10,0.0,True
gsm8k,RandOpt,43,300,10,1197,10,5-10,10,0,1,0,10,0,10,10,0.0,True
gsm8k,RandOpt,43,300,10,1198,1,1,10,9,1,2,1,8,-7,-7,0.8888888888888888,False
gsm8k,RandOpt,43,300,10,1199,0,0,10,10,0,2,0,8,-8,-8,0.8,False
gsm8k,RandOpt,43,300,10,1200,8,5-10,10,2,1,1,8,2,6,6,1.0,True
gsm8k,RandOpt,43,300,10,1201,7,5-10,10,3,1,2,7,2,5,5,0.6666666666666666,True
gsm8k,RandOpt,43,300,10,1202,1,1,10,9,1,3,1,7,-6,-6,0.7777777777777778,False
gsm8k,RandOpt,43,300,10,1203,6,5-10,10,4,1,3,6,2,4,4,0.5,True
gsm8k,RandOpt,43,300,10,1204,10,5-10,10,0,1,0,10,0,10,10,0.0,True
gsm8k,RandOpt,43,300,10,1205,1,1,10,9,1,5,1,4,-3,-3,0.4444444444444444,False
gsm8k,RandOpt,43,300,10,1206,7,5-10,10,3,1,2,7,2,5,5,0.6666666666666666,True
gsm8k,RandOpt,43,300,10,1207,5,5-10,10,5,1,1,5,5,0,0,1.0,False
gsm8k,RandOpt,43,300,10,1208,6,5-10,10,4,1,1,6,4,2,2,1.0,True
gsm8k,RandOpt,43,300,10,1209,10,5-10,10,0,1,0,10,0,10,10,0.0,True
gsm8k,RandOpt,43,300,10,1210,7,5-10,10,3,1,1,7,3,4,4,1.0,True
gsm8k,RandOpt,43,300,10,1211,10,5-10,10,0,1,0,10,0,10,10,0.0,True
gsm8k,RandOpt,43,300,10,1212,9,5-10,10,1,1,1,9,1,8,8,1.0,True
gsm8k,RandOpt,43,300,10,1213,6,5-10,10,4,1,2,6,3,3,3,0.75,True
gsm8k,RandOpt,43,300,10,1214,10,5-10,10,0,1,0,10,0,10,10,0.0,True
gsm8k,RandOpt,43,300,10,1215,3,2-4,10,7,1,6,3,2,1,1,0.2857142857142857,True
gsm8k,RandOpt,43,300,10,1216,0,0,10,10,0,5,0,5,-5,-5,0.5,False
gsm8k,RandOpt,43,300,10,1217,0,0,10,10,0,2,0,8,-8,-8,0.8,False
gsm8k,RandOpt,43,300,10,1218,3,2-4,10,7,1,2,3,6,-3,-3,0.8571428571428571,False
gsm8k,RandOpt,43,300,10,1219,0,0,10,10,0,1,0,10,-10,-10,1.0,False
gsm8k,RandOpt,43,300,10,1220,10,5-10,10,0,1,0,10,0,10,10,0.0,True
gsm8k,RandOpt,43,300,10,1221,4,2-4,10,6,1,2,4,5,-1,-1,0.8333333333333334,False
gsm8k,RandOpt,43,300,10,1222,10,5-10,10,0,1,0,10,0,10,10,0.0,True
gsm8k,RandOpt,43,300,10,1223,5,5-10,10,5,1,2,5,4,1,1,0.8,True
gsm8k,RandOpt,43,300,10,1224,3,2-4,10,7,1,2,3,6,-3,-3,0.8571428571428571,False
gsm8k,RandOpt,43,300,10,1225,10,5-10,10,0,1,0,10,0,10,10,0.0,True
gsm8k,RandOpt,43,300,10,1226,1,1,10,9,1,2,1,6,-5,-5,0.6666666666666666,False
gsm8k,RandOpt,43,300,10,1227,7,5-10,10,3,1,1,7,3,4,4,1.0,True
gsm8k,RandOpt,43,300,10,1228,10,5-10,10,0,1,0,10,0,10,10,0.0,True
gsm8k,RandOpt,43,300,10,1229,10,5-10,10,0,1,0,10,0,10,10,0.0,True
gsm8k,RandOpt,43,300,10,1230,7,5-10,10,3,1,1,7,3,4,4,1.0,True
gsm8k,RandOpt,43,300,10,1231,9,5-10,10,1,1,1,9,1,8,8,1.0,True
gsm8k,RandOpt,43,300,10,1232,10,5-10,10,0,1,0,10,0,10,10,0.0,True
gsm8k,RandOpt,43,300,10,1233,10,5-10,10,0,1,0,10,0,10,10,0.0,True
gsm8k,RandOpt,43,300,10,1234,10,5-10,10,0,1,0,10,0,10,10,0.0,True
gsm8k,RandOpt,43,300,10,1235,0,0,10,10,0,1,0,10,-10,-10,1.0,False
gsm8k,RandOpt,43,300,10,1236,7,5-10,10,3,1,2,7,2,5,5,0.6666666666666666,True
gsm8k,RandOpt,43,300,10,1237,0,0,10,10,0,3,0,7,-7,-7,0.7,False
gsm8k,RandOpt,43,300,10,1238,2,2-4,10,8,1,2,2,7,-5,-5,0.875,False
gsm8k,RandOpt,43,300,10,1239,4,2-4,10,6,1,3,4,4,0,0,0.6666666666666666,False
gsm8k,RandOpt,43,300,10,1240,1,1,10,9,1,3,1,5,-4,-4,0.5555555555555556,False
gsm8k,RandOpt,43,300,10,1241,3,2-4,10,7,1,4,3,4,-1,-1,0.5714285714285714,False
gsm8k,RandOpt,43,300,10,1242,10,5-10,10,0,1,0,10,0,10,10,0.0,True
gsm8k,RandOpt,43,300,10,1243,10,5-10,10,0,1,0,10,0,10,10,0.0,True
gsm8k,RandOpt,43,300,10,1244,1,1,10,9,1,1,1,9,-8,-8,1.0,False
gsm8k,RandOpt,43,300,10,1245,9,5-10,10,1,1,1,9,1,8,8,1.0,True
gsm8k,RandOpt,43,300,10,1246,9,5-10,10,1,1,1,9,1,8,8,1.0,True
gsm8k,RandOpt,43,300,10,1247,9,5-10,10,1,1,1,9,1,8,8,1.0,True
gsm8k,RandOpt,43,300,10,1248,0,0,10,10,0,2,0,9,-9,-9,0.9,False
gsm8k,RandOpt,43,300,10,1249,1,1,10,9,1,5,1,3,-2,-2,0.3333333333333333,False
gsm8k,RandOpt,43,300,10,1250,10,5-10,10,0,1,0,10,0,10,10,0.0,True
gsm8k,RandOpt,43,300,10,1251,4,2-4,10,6,1,4,4,3,1,1,0.5,True
gsm8k,RandOpt,43,300,10,1252,10,5-10,10,0,1,0,10,0,10,10,0.0,True
gsm8k,RandOpt,43,300,10,1253,10,5-10,10,0,1,0,10,0,10,10,0.0,True
gsm8k,RandOpt,43,300,10,1254,2,2-4,10,8,1,1,2,8,-6,-6,1.0,False
gsm8k,RandOpt,43,300,10,1255,10,5-10,10,0,1,0,10,0,10,10,0.0,True
gsm8k,RandOpt,43,300,10,1256,8,5-10,10,2,1,2,8,1,7,7,0.5,True
gsm8k,RandOpt,43,300,10,1257,3,2-4,10,7,1,1,3,7,-4,-4,1.0,False
gsm8k,RandOpt,43,300,10,1258,6,5-10,10,4,1,3,6,2,4,4,0.5,True
gsm8k,RandOpt,43,300,10,1259,10,5-10,10,0,1,0,10,0,10,10,0.0,True
gsm8k,RandOpt,43,300,10,1260,10,5-10,10,0,1,0,10,0,10,10,0.0,True
gsm8k,RandOpt,43,300,10,1261,0,0,10,10,0,2,0,9,-9,-9,0.9,False
gsm8k,RandOpt,43,300,10,1262,3,2-4,10,7,1,1,3,7,-4,-4,1.0,False
gsm8k,RandOpt,43,300,10,1263,5,5-10,10,5,1,4,5,2,3,3,0.4,True
gsm8k,RandOpt,43,300,10,1264,2,2-4,10,8,1,4,2,4,-2,-2,0.5,False
gsm8k,RandOpt,43,300,10,1265,4,2-4,10,6,1,2,4,4,0,0,0.6666666666666666,True
gsm8k,RandOpt,43,300,10,1266,10,5-10,10,0,1,0,10,0,10,10,0.0,True
gsm8k,RandOpt,43,300,10,1267,10,5-10,10,0,1,0,10,0,10,10,0.0,True
gsm8k,RandOpt,43,300,10,1268,10,5-10,10,0,1,0,10,0,10,10,0.0,True
gsm8k,RandOpt,43,300,10,1269,0,0,10,10,0,1,0,10,-10,-10,1.0,False
gsm8k,RandOpt,43,300,10,1270,9,5-10,10,1,1,1,9,1,8,8,1.0,True
gsm8k,RandOpt,43,300,10,1271,10,5-10,10,0,1,0,10,0,10,10,0.0,True
gsm8k,RandOpt,43,300,10,1272,8,5-10,10,2,1,2,8,1,7,7,0.5,True
gsm8k,RandOpt,43,300,10,1273,0,0,10,10,0,3,0,5,-5,-5,0.5,False
gsm8k,RandOpt,43,300,10,1274,2,2-4,10,8,1,1,2,8,-6,-6,1.0,False
gsm8k,RandOpt,43,300,10,1275,10,5-10,10,0,1,0,10,0,10,10,0.0,True
gsm8k,RandOpt,43,300,10,1276,10,5-10,10,0,1,0,10,0,10,10,0.0,True
gsm8k,RandOpt,43,300,10,1277,6,5-10,10,4,1,3,6,2,4,4,0.5,True
gsm8k,RandOpt,43,300,10,1278,10,5-10,10,0,1,0,10,0,10,10,0.0,True
gsm8k,RandOpt,43,300,10,1279,0,0,10,10,0,4,0,4,-4,-4,0.4,False
gsm8k,RandOpt,43,300,10,1280,9,5-10,10,1,1,1,9,1,8,8,1.0,True
gsm8k,RandOpt,43,300,10,1281,10,5-10,10,0,1,0,10,0,10,10,0.0,True
gsm8k,RandOpt,43,300,10,1282,10,5-10,10,0,1,0,10,0,10,10,0.0,True
gsm8k,RandOpt,43,300,10,1283,1,1,10,9,1,1,1,9,-8,-8,1.0,False
gsm8k,RandOpt,43,300,10,1284,1,1,10,9,1,2,1,8,-7,-7,0.8888888888888888,False
gsm8k,RandOpt,43,300,10,1285,4,2-4,10,6,1,1,4,6,-2,-2,1.0,False
gsm8k,RandOpt,43,300,10,1286,10,5-10,10,0,1,0,10,0,10,10,0.0,True
gsm8k,RandOpt,43,300,10,1287,7,5-10,10,3,1,1,7,3,4,4,1.0,True
gsm8k,RandOpt,43,300,10,1288,0,0,10,10,0,3,0,6,-6,-6,0.6,False
gsm8k,RandOpt,43,300,10,1289,10,5-10,10,0,1,0,10,0,10,10,0.0,True
gsm8k,RandOpt,43,300,10,1290,8,5-10,10,2,1,1,8,2,6,6,1.0,True
gsm8k,RandOpt,43,300,10,1291,10,5-10,10,0,1,0,10,0,10,10,0.0,True
gsm8k,RandOpt,43,300,10,1292,5,5-10,10,5,1,1,5,5,0,0,1.0,False
gsm8k,RandOpt,43,300,10,1293,10,5-10,10,0,2,0,9,0,10,9,0.0,True
gsm8k,RandOpt,43,300,10,1294,2,2-4,10,8,1,3,2,4,-2,-2,0.5,False
gsm8k,RandOpt,43,300,10,1295,10,5-10,10,0,1,0,10,0,10,10,0.0,True
gsm8k,RandOpt,43,300,10,1296,8,5-10,10,2,1,1,8,2,6,6,1.0,True
gsm8k,RandOpt,43,300,10,1297,9,5-10,10,1,1,1,9,1,8,8,1.0,True
gsm8k,RandOpt,43,300,10,1298,1,1,10,9,1,2,1,8,-7,-7,0.8888888888888888,False
gsm8k,RandOpt,43,300,10,1299,0,0,10,10,0,2,0,7,-7,-7,0.7,False
gsm8k,RandOpt,43,300,10,1300,6,5-10,10,4,1,2,6,3,3,3,0.75,True
gsm8k,RandOpt,43,300,10,1301,1,1,10,9,1,4,1,6,-5,-5,0.6666666666666666,False
gsm8k,RandOpt,43,300,10,1302,9,5-10,10,1,1,1,9,1,8,8,1.0,True
gsm8k,RandOpt,43,300,10,1303,4,2-4,10,6,1,4,4,3,1,1,0.5,True
gsm8k,RandOpt,43,300,10,1304,10,5-10,10,0,1,0,10,0,10,10,0.0,True
gsm8k,RandOpt,43,300,10,1305,9,5-10,10,1,1,1,9,1,8,8,1.0,True
gsm8k,RandOpt,43,300,10,1306,4,2-4,10,6,1,5,4,2,2,2,0.3333333333333333,True
gsm8k,RandOpt,43,300,10,1307,7,5-10,10,3,1,1,7,3,4,4,1.0,True
gsm8k,RandOpt,43,300,10,1308,10,5-10,10,0,1,0,10,0,10,10,0.0,True
gsm8k,RandOpt,43,300,10,1309,2,2-4,10,8,1,2,2,7,-5,-5,0.875,False
gsm8k,RandOpt,43,300,10,1310,1,1,10,9,1,3,1,6,-5,-5,0.6666666666666666,False
gsm8k,RandOpt,43,300,10,1311,2,2-4,10,8,1,3,2,6,-4,-4,0.75,False
gsm8k,RandOpt,43,300,10,1312,0,0,10,10,0,7,0,3,-3,-3,0.3,False
gsm8k,RandOpt,43,300,10,1313,3,2-4,10,7,1,2,3,4,-1,-1,0.5714285714285714,False
gsm8k,RandOpt,43,300,10,1314,4,2-4,10,6,1,1,4,6,-2,-2,1.0,False
gsm8k,RandOpt,43,300,10,1315,8,5-10,10,2,1,1,8,2,6,6,1.0,True
gsm8k,RandOpt,43,300,10,1316,4,2-4,10,6,1,1,4,6,-2,-2,1.0,False
gsm8k,RandOpt,43,300,10,1317,10,5-10,10,0,1,0,10,0,10,10,0.0,True
gsm8k,RandOpt,43,300,10,1318,10,5-10,10,0,1,0,10,0,10,10,0.0,True
gsm8k,RandOpt,44,300,10,0,10,5-10,10,0,1,0,10,0,10,10,0.0,True
gsm8k,RandOpt,44,300,10,1,10,5-10,10,0,1,0,10,0,10,10,0.0,True
gsm8k,RandOpt,44,300,10,2,3,2-4,10,7,2,3,2,3,0,-1,0.42857142857142855,False
gsm8k,RandOpt,44,300,10,3,7,5-10,10,3,1,1,7,3,4,4,1.0,True
gsm8k,RandOpt,44,300,10,4,4,2-4,10,6,1,3,4,4,0,0,0.6666666666666666,True
gsm8k,RandOpt,44,300,10,5,0,0,10,10,0,8,0,3,-3,-3,0.3,False
gsm8k,RandOpt,44,300,10,6,10,5-10,10,0,1,0,10,0,10,10,0.0,True
gsm8k,RandOpt,44,300,10,7,1,1,10,9,1,3,1,6,-5,-5,0.6666666666666666,False
gsm8k,RandOpt,44,300,10,8,0,0,10,10,0,5,0,5,-5,-5,0.5,False
gsm8k,RandOpt,44,300,10,9,10,5-10,10,0,1,0,10,0,10,10,0.0,True
gsm8k,RandOpt,44,300,10,10,7,5-10,10,3,1,1,7,3,4,4,1.0,True
gsm8k,RandOpt,44,300,10,11,4,2-4,10,6,1,2,4,5,-1,-1,0.8333333333333334,False
gsm8k,RandOpt,44,300,10,12,0,0,10,10,0,1,0,10,-10,-10,1.0,False
gsm8k,RandOpt,44,300,10,13,0,0,10,10,0,3,0,5,-5,-5,0.5,False
gsm8k,RandOpt,44,300,10,14,10,5-10,10,0,1,0,10,0,10,10,0.0,True
gsm8k,RandOpt,44,300,10,15,2,2-4,10,8,1,6,2,2,0,0,0.25,True
gsm8k,RandOpt,44,300,10,16,2,2-4,10,8,1,1,2,8,-6,-6,1.0,False
gsm8k,RandOpt,44,300,10,17,10,5-10,10,0,2,0,6,0,10,6,0.0,True
gsm8k,RandOpt,44,300,10,18,4,2-4,10,6,1,2,4,5,-1,-1,0.8333333333333334,False
gsm8k,RandOpt,44,300,10,19,2,2-4,10,8,1,2,2,7,-5,-5,0.875,False
gsm8k,RandOpt,44,300,10,20,5,5-10,10,5,1,3,5,2,3,3,0.4,True
gsm8k,RandOpt,44,300,10,21,0,0,10,10,0,5,0,4,-4,-4,0.4,False
gsm8k,RandOpt,44,300,10,22,10,5-10,10,0,1,0,10,0,10,10,0.0,True
gsm8k,RandOpt,44,300,10,23,6,5-10,10,4,1,1,6,4,2,2,1.0,True
gsm8k,RandOpt,44,300,10,24,3,2-4,10,7,1,2,3,6,-3,-3,0.8571428571428571,False
gsm8k,RandOpt,44,300,10,25,10,5-10,10,0,1,0,10,0,10,10,0.0,True
gsm8k,RandOpt,44,300,10,26,6,5-10,10,4,1,2,6,3,3,3,0.75,True
gsm8k,RandOpt,44,300,10,27,7,5-10,10,3,1,1,7,3,4,4,1.0,True
gsm8k,RandOpt,44,300,10,28,8,5-10,10,2,1,1,8,2,6,6,1.0,True
gsm8k,RandOpt,44,300,10,29,5,5-10,10,5,1,1,5,5,0,0,1.0,True
gsm8k,RandOpt,44,300,10,30,10,5-10,10,0,1,0,10,0,10,10,0.0,True
gsm8k,RandOpt,44,300,10,31,8,5-10,10,2,1,2,8,1,7,7,0.5,True
gsm8k,RandOpt,44,300,10,32,5,5-10,10,5,1,1,5,5,0,0,1.0,True
gsm8k,RandOpt,44,300,10,33,10,5-10,10,0,1,0,10,0,10,10,0.0,True
gsm8k,RandOpt,44,300,10,34,10,5-10,10,0,1,0,10,0,10,10,0.0,True
gsm8k,RandOpt,44,300,10,35,10,5-10,10,0,1,0,10,0,10,10,0.0,True
gsm8k,RandOpt,44,300,10,36,0,0,10,10,0,2,0,9,-9,-9,0.9,False
gsm8k,RandOpt,44,300,10,37,4,2-4,10,6,1,3,4,3,1,1,0.5,True
gsm8k,RandOpt,44,300,10,38,9,5-10,10,1,1,1,9,1,8,8,1.0,True
gsm8k,RandOpt,44,300,10,39,10,5-10,10,0,1,0,10,0,10,10,0.0,True
gsm8k,RandOpt,44,300,10,40,8,5-10,10,2,1,1,8,2,6,6,1.0,True
gsm8k,RandOpt,44,300,10,41,7,5-10,10,3,1,2,7,2,5,5,0.6666666666666666,True
gsm8k,RandOpt,44,300,10,42,10,5-10,10,0,1,0,10,0,10,10,0.0,True
gsm8k,RandOpt,44,300,10,43,1,1,10,9,1,3,1,6,-5,-5,0.6666666666666666,False
gsm8k,RandOpt,44,300,10,44,0,0,10,10,0,5,0,4,-4,-4,0.4,False
gsm8k,RandOpt,44,300,10,45,10,5-10,10,0,1,0,10,0,10,10,0.0,True
gsm8k,RandOpt,44,300,10,46,1,1,10,9,1,7,1,2,-1,-1,0.2222222222222222,False
gsm8k,RandOpt,44,300,10,47,4,2-4,10,6,1,1,4,6,-2,-2,1.0,False
gsm8k,RandOpt,44,300,10,48,9,5-10,10,1,1,1,9,1,8,8,1.0,True
gsm8k,RandOpt,44,300,10,49,10,5-10,10,0,1,0,10,0,10,10,0.0,True
gsm8k,RandOpt,44,300,10,50,10,5-10,10,0,1,0,10,0,10,10,0.0,True
gsm8k,RandOpt,44,300,10,51,0,0,10,10,0,4,0,4,-4,-4,0.4,False
gsm8k,RandOpt,44,300,10,52,10,5-10,10,0,1,0,10,0,10,10,0.0,True
gsm8k,RandOpt,44,300,10,53,10,5-10,10,0,1,0,10,0,10,10,0.0,True
gsm8k,RandOpt,44,300,10,54,2,2-4,10,8,1,6,2,2,0,0,0.25,False
gsm8k,RandOpt,44,300,10,55,5,5-10,10,5,1,1,5,5,0,0,1.0,True
gsm8k,RandOpt,44,300,10,56,10,5-10,10,0,1,0,10,0,10,10,0.0,True
gsm8k,RandOpt,44,300,10,57,10,5-10,10,0,1,0,10,0,10,10,0.0,True
gsm8k,RandOpt,44,300,10,58,0,0,10,10,0,6,0,3,-3,-3,0.3,False
gsm8k,RandOpt,44,300,10,59,9,5-10,10,1,1,1,9,1,8,8,1.0,True
gsm8k,RandOpt,44,300,10,60,0,0,10,10,0,1,0,10,-10,-10,1.0,False
gsm8k,RandOpt,44,300,10,61,8,5-10,10,2,1,1,8,2,6,6,1.0,True
gsm8k,RandOpt,44,300,10,62,0,0,10,10,0,7,0,3,-3,-3,0.3,False
gsm8k,RandOpt,44,300,10,63,6,5-10,10,4,2,2,5,2,4,3,0.5,True
gsm8k,RandOpt,44,300,10,64,9,5-10,10,1,1,1,9,1,8,8,1.0,True
gsm8k,RandOpt,44,300,10,65,10,5-10,10,0,1,0,10,0,10,10,0.0,True
gsm8k,RandOpt,44,300,10,66,9,5-10,10,1,1,1,9,1,8,8,1.0,True
gsm8k,RandOpt,44,300,10,67,10,5-10,10,0,1,0,10,0,10,10,0.0,True
gsm8k,RandOpt,44,300,10,68,10,5-10,10,0,1,0,10,0,10,10,0.0,True
gsm8k,RandOpt,44,300,10,69,1,1,10,9,1,1,1,9,-8,-8,1.0,False
gsm8k,RandOpt,44,300,10,70,6,5-10,10,4,2,3,5,2,4,3,0.5,True
gsm8k,RandOpt,44,300,10,71,10,5-10,10,0,1,0,10,0,10,10,0.0,True
gsm8k,RandOpt,44,300,10,72,1,1,10,9,1,1,1,9,-8,-8,1.0,False
gsm8k,RandOpt,44,300,10,73,6,5-10,10,4,1,1,6,4,2,2,1.0,True
gsm8k,RandOpt,44,300,10,74,3,2-4,10,7,1,2,3,6,-3,-3,0.8571428571428571,False
gsm8k,RandOpt,44,300,10,75,0,0,10,10,0,1,0,10,-10,-10,1.0,False
gsm8k,RandOpt,44,300,10,76,7,5-10,10,3,1,1,7,3,4,4,1.0,True
gsm8k,RandOpt,44,300,10,77,10,5-10,10,0,1,0,10,0,10,10,0.0,True
gsm8k,RandOpt,44,300,10,78,3,2-4,10,7,1,2,3,6,-3,-3,0.8571428571428571,False
gsm8k,RandOpt,44,300,10,79,5,5-10,10,5,1,1,5,5,0,0,1.0,True
gsm8k,RandOpt,44,300,10,80,10,5-10,10,0,1,0,10,0,10,10,0.0,True
gsm8k,RandOpt,44,300,10,81,7,5-10,10,3,1,1,7,3,4,4,1.0,True
gsm8k,RandOpt,44,300,10,82,10,5-10,10,0,1,0,10,0,10,10,0.0,True
gsm8k,RandOpt,44,300,10,83,7,5-10,10,3,1,1,7,3,4,4,1.0,True
gsm8k,RandOpt,44,300,10,84,9,5-10,10,1,1,1,9,1,8,8,1.0,True
gsm8k,RandOpt,44,300,10,85,10,5-10,10,0,1,0,10,0,10,10,0.0,True
gsm8k,RandOpt,44,300,10,86,10,5-10,10,0,1,0,10,0,10,10,0.0,True
gsm8k,RandOpt,44,300,10,87,0,0,10,10,0,9,0,2,-2,-2,0.2,False
gsm8k,RandOpt,44,300,10,88,9,5-10,10,1,2,1,8,1,8,7,1.0,True
gsm8k,RandOpt,44,300,10,89,0,0,10,10,0,1,0,10,-10,-10,1.0,False
gsm8k,RandOpt,44,300,10,90,10,5-10,10,0,1,0,10,0,10,10,0.0,True
gsm8k,RandOpt,44,300,10,91,10,5-10,10,0,1,0,10,0,10,10,0.0,True
gsm8k,RandOpt,44,300,10,92,10,5-10,10,0,1,0,10,0,10,10,0.0,True
gsm8k,RandOpt,44,300,10,93,3,2-4,10,7,1,4,3,3,0,0,0.42857142857142855,True
gsm8k,RandOpt,44,300,10,94,10,5-10,10,0,1,0,10,0,10,10,0.0,True
gsm8k,RandOpt,44,300,10,95,10,5-10,10,0,1,0,10,0,10,10,0.0,True
gsm8k,RandOpt,44,300,10,96,10,5-10,10,0,1,0,10,0,10,10,0.0,True
gsm8k,RandOpt,44,300,10,97,2,2-4,10,8,1,6,2,2,0,0,0.25,False
gsm8k,RandOpt,44,300,10,98,1,1,10,9,1,7,1,2,-1,-1,0.2222222222222222,False
gsm8k,RandOpt,44,300,10,99,10,5-10,10,0,1,0,10,0,10,10,0.0,True
gsm8k,RandOpt,44,300,10,100,2,2-4,10,8,1,1,2,8,-6,-6,1.0,False
gsm8k,RandOpt,44,300,10,101,0,0,10,10,0,3,0,5,-5,-5,0.5,False
gsm8k,RandOpt,44,300,10,102,0,0,10,10,0,7,0,3,-3,-3,0.3,False
gsm8k,RandOpt,44,300,10,103,10,5-10,10,0,1,0,10,0,10,10,0.0,True
gsm8k,RandOpt,44,300,10,104,10,5-10,10,0,1,0,10,0,10,10,0.0,True
gsm8k,RandOpt,44,300,10,105,9,5-10,10,1,1,1,9,1,8,8,1.0,True
gsm8k,RandOpt,44,300,10,106,10,5-10,10,0,1,0,10,0,10,10,0.0,True
gsm8k,RandOpt,44,300,10,107,4,2-4,10,6,1,2,4,3,1,1,0.5,True
gsm8k,RandOpt,44,300,10,108,10,5-10,10,0,1,0,10,0,10,10,0.0,True
gsm8k,RandOpt,44,300,10,109,0,0,10,10,0,1,0,10,-10,-10,1.0,False
gsm8k,RandOpt,44,300,10,110,5,5-10,10,5,1,2,5,4,1,1,0.8,True
gsm8k,RandOpt,44,300,10,111,0,0,10,10,0,3,0,4,-4,-4,0.4,False
gsm8k,RandOpt,44,300,10,112,10,5-10,10,0,1,0,10,0,10,10,0.0,True
gsm8k,RandOpt,44,300,10,113,10,5-10,10,0,1,0,10,0,10,10,0.0,True
gsm8k,RandOpt,44,300,10,114,6,5-10,10,4,1,3,6,2,4,4,0.5,True
gsm8k,RandOpt,44,300,10,115,1,1,10,9,1,5,1,4,-3,-3,0.4444444444444444,False
gsm8k,RandOpt,44,300,10,116,4,2-4,10,6,1,3,4,4,0,0,0.6666666666666666,True
gsm8k,RandOpt,44,300,10,117,10,5-10,10,0,1,0,10,0,10,10,0.0,True
gsm8k,RandOpt,44,300,10,118,10,5-10,10,0,1,0,10,0,10,10,0.0,True
gsm8k,RandOpt,44,300,10,119,1,1,10,9,1,8,1,2,-1,-1,0.2222222222222222,False
gsm8k,RandOpt,44,300,10,120,10,5-10,10,0,1,0,10,0,10,10,0.0,True
gsm8k,RandOpt,44,300,10,121,10,5-10,10,0,1,0,10,0,10,10,0.0,True
gsm8k,RandOpt,44,300,10,122,4,2-4,10,6,1,3,4,4,0,0,0.6666666666666666,False
gsm8k,RandOpt,44,300,10,123,10,5-10,10,0,1,0,10,0,10,10,0.0,True
gsm8k,RandOpt,44,300,10,124,2,2-4,10,8,1,4,2,3,-1,-1,0.375,False
gsm8k,RandOpt,44,300,10,125,3,2-4,10,7,1,5,3,3,0,0,0.42857142857142855,False
gsm8k,RandOpt,44,300,10,126,6,5-10,10,4,1,1,6,4,2,2,1.0,True
gsm8k,RandOpt,44,300,10,127,9,5-10,10,1,1,1,9,1,8,8,1.0,True
gsm8k,RandOpt,44,300,10,128,9,5-10,10,1,1,1,9,1,8,8,1.0,True
gsm8k,RandOpt,44,300,10,129,2,2-4,10,8,1,1,2,8,-6,-6,1.0,False
gsm8k,RandOpt,44,300,10,130,10,5-10,10,0,1,0,10,0,10,10,0.0,True
gsm8k,RandOpt,44,300,10,131,1,1,10,9,1,1,1,9,-8,-8,1.0,False
gsm8k,RandOpt,44,300,10,132,6,5-10,10,4,1,1,6,4,2,2,1.0,True
gsm8k,RandOpt,44,300,10,133,10,5-10,10,0,1,0,10,0,10,10,0.0,True
gsm8k,RandOpt,44,300,10,134,10,5-10,10,0,1,0,10,0,10,10,0.0,True
gsm8k,RandOpt,44,300,10,135,10,5-10,10,0,1,0,10,0,10,10,0.0,True
gsm8k,RandOpt,44,300,10,136,10,5-10,10,0,1,0,10,0,10,10,0.0,True
gsm8k,RandOpt,44,300,10,137,0,0,10,10,0,2,0,9,-9,-9,0.9,False
gsm8k,RandOpt,44,300,10,138,9,5-10,10,1,1,1,9,1,8,8,1.0,True
gsm8k,RandOpt,44,300,10,139,9,5-10,10,1,1,1,9,1,8,8,1.0,True
gsm8k,RandOpt,44,300,10,140,10,5-10,10,0,1,0,10,0,10,10,0.0,True
gsm8k,RandOpt,44,300,10,141,6,5-10,10,4,1,1,6,4,2,2,1.0,True
gsm8k,RandOpt,44,300,10,142,10,5-10,10,0,1,0,10,0,10,10,0.0,True
gsm8k,RandOpt,44,300,10,143,0,0,10,10,0,5,0,3,-3,-3,0.3,False
gsm8k,RandOpt,44,300,10,144,10,5-10,10,0,1,0,10,0,10,10,0.0,True
gsm8k,RandOpt,44,300,10,145,10,5-10,10,0,1,0,10,0,10,10,0.0,True
gsm8k,RandOpt,44,300,10,146,3,2-4,10,7,1,2,3,4,-1,-1,0.5714285714285714,False
gsm8k,RandOpt,44,300,10,147,1,1,10,9,1,7,1,3,-2,-2,0.3333333333333333,False
gsm8k,RandOpt,44,300,10,148,3,2-4,10,7,1,2,3,5,-2,-2,0.7142857142857143,False
gsm8k,RandOpt,44,300,10,149,9,5-10,10,1,1,1,9,1,8,8,1.0,True
gsm8k,RandOpt,44,300,10,150,7,5-10,10,3,1,2,7,2,5,5,0.6666666666666666,True
gsm8k,RandOpt,44,300,10,151,3,2-4,10,7,1,6,3,2,1,1,0.2857142857142857,True
gsm8k,RandOpt,44,300,10,152,9,5-10,10,1,1,1,9,1,8,8,1.0,True
gsm8k,RandOpt,44,300,10,153,0,0,10,10,0,8,0,3,-3,-3,0.3,False
gsm8k,RandOpt,44,300,10,154,4,2-4,10,6,1,4,4,3,1,1,0.5,True
gsm8k,RandOpt,44,300,10,155,10,5-10,10,0,1,0,10,0,10,10,0.0,True
gsm8k,RandOpt,44,300,10,156,0,0,10,10,0,1,0,10,-10,-10,1.0,False
gsm8k,RandOpt,44,300,10,157,2,2-4,10,8,1,6,2,2,0,0,0.25,True
gsm8k,RandOpt,44,300,10,158,10,5-10,10,0,1,0,10,0,10,10,0.0,True
gsm8k,RandOpt,44,300,10,159,0,0,10,10,0,3,0,5,-5,-5,0.5,False
gsm8k,RandOpt,44,300,10,160,10,5-10,10,0,1,0,10,0,10,10,0.0,True
gsm8k,RandOpt,44,300,10,161,7,5-10,10,3,1,1,7,3,4,4,1.0,True
gsm8k,RandOpt,44,300,10,162,0,0,10,10,0,10,0,1,-1,-1,0.1,False
gsm8k,RandOpt,44,300,10,163,0,0,10,10,0,4,0,5,-5,-5,0.5,False
gsm8k,RandOpt,44,300,10,164,9,5-10,10,1,1,1,9,1,8,8,1.0,True
gsm8k,RandOpt,44,300,10,165,2,2-4,10,8,1,2,2,4,-2,-2,0.5,False
gsm8k,RandOpt,44,300,10,166,1,1,10,9,1,1,1,9,-8,-8,1.0,False
gsm8k,RandOpt,44,300,10,167,10,5-10,10,0,1,0,10,0,10,10,0.0,True
gsm8k,RandOpt,44,300,10,168,8,5-10,10,2,1,1,8,2,6,6,1.0,True
gsm8k,RandOpt,44,300,10,169,10,5-10,10,0,1,0,10,0,10,10,0.0,True
gsm8k,RandOpt,44,300,10,170,7,5-10,10,3,1,1,7,3,4,4,1.0,True
gsm8k,RandOpt,44,300,10,171,1,1,10,9,1,1,1,9,-8,-8,1.0,False
gsm8k,RandOpt,44,300,10,172,10,5-10,10,0,1,0,10,0,10,10,0.0,True
gsm8k,RandOpt,44,300,10,173,10,5-10,10,0,2,0,7,0,10,7,0.0,True
gsm8k,RandOpt,44,300,10,174,10,5-10,10,0,1,0,10,0,10,10,0.0,True
gsm8k,RandOpt,44,300,10,175,6,5-10,10,4,1,2,6,3,3,3,0.75,True
gsm8k,RandOpt,44,300,10,176,10,5-10,10,0,1,0,10,0,10,10,0.0,True
gsm8k,RandOpt,44,300,10,177,6,5-10,10,4,1,2,6,3,3,3,0.75,True
gsm8k,RandOpt,44,300,10,178,9,5-10,10,1,1,1,9,1,8,8,1.0,True
gsm8k,RandOpt,44,300,10,179,3,2-4,10,7,1,1,3,7,-4,-4,1.0,False
gsm8k,RandOpt,44,300,10,180,5,5-10,10,5,1,1,5,5,0,0,1.0,False
gsm8k,RandOpt,44,300,10,181,7,5-10,10,3,1,1,7,3,4,4,1.0,True
gsm8k,RandOpt,44,300,10,182,2,2-4,10,8,1,6,2,2,0,0,0.25,False
gsm8k,RandOpt,44,300,10,183,10,5-10,10,0,1,0,10,0,10,10,0.0,True
gsm8k,RandOpt,44,300,10,184,5,5-10,10,5,1,3,5,3,2,2,0.6,True
gsm8k,RandOpt,44,300,10,185,9,5-10,10,1,1,1,9,1,8,8,1.0,True
gsm8k,RandOpt,44,300,10,186,4,2-4,10,6,1,4,4,2,2,2,0.3333333333333333,True
gsm8k,RandOpt,44,300,10,187,1,1,10,9,1,3,1,5,-4,-4,0.5555555555555556,False
gsm8k,RandOpt,44,300,10,188,10,5-10,10,0,1,0,10,0,10,10,0.0,True
gsm8k,RandOpt,44,300,10,189,2,2-4,10,8,1,4,2,3,-1,-1,0.375,False
gsm8k,RandOpt,44,300,10,190,10,5-10,10,0,1,0,10,0,10,10,0.0,True
gsm8k,RandOpt,44,300,10,191,10,5-10,10,0,1,0,10,0,10,10,0.0,True
gsm8k,RandOpt,44,300,10,192,10,5-10,10,0,1,0,10,0,10,10,0.0,True
gsm8k,RandOpt,44,300,10,193,3,2-4,10,7,1,1,3,7,-4,-4,1.0,False
gsm8k,RandOpt,44,300,10,194,5,5-10,10,5,1,1,5,5,0,0,1.0,False
gsm8k,RandOpt,44,300,10,195,1,1,10,9,1,1,1,9,-8,-8,1.0,False
gsm8k,RandOpt,44,300,10,196,10,5-10,10,0,1,0,10,0,10,10,0.0,True
gsm8k,RandOpt,44,300,10,197,2,2-4,10,8,1,1,2,8,-6,-6,1.0,False
gsm8k,RandOpt,44,300,10,198,9,5-10,10,1,1,1,9,1,8,8,1.0,True
gsm8k,RandOpt,44,300,10,199,7,5-10,10,3,1,2,7,2,5,5,0.6666666666666666,True
gsm8k,RandOpt,44,300,10,200,10,5-10,10,0,1,0,10,0,10,10,0.0,True
gsm8k,RandOpt,44,300,10,201,5,5-10,10,5,2,4,3,2,3,1,0.4,True
gsm8k,RandOpt,44,300,10,202,10,5-10,10,0,1,0,10,0,10,10,0.0,True
gsm8k,RandOpt,44,300,10,203,10,5-10,10,0,1,0,10,0,10,10,0.0,True
gsm8k,RandOpt,44,300,10,204,10,5-10,10,0,1,0,10,0,10,10,0.0,True
gsm8k,RandOpt,44,300,10,205,0,0,10,10,0,2,0,9,-9,-9,0.9,False
gsm8k,RandOpt,44,300,10,206,10,5-10,10,0,1,0,10,0,10,10,0.0,True
gsm8k,RandOpt,44,300,10,207,10,5-10,10,0,1,0,10,0,10,10,0.0,True
gsm8k,RandOpt,44,300,10,208,8,5-10,10,2,1,1,8,2,6,6,1.0,True
gsm8k,RandOpt,44,300,10,209,7,5-10,10,3,1,2,7,2,5,5,0.6666666666666666,True
gsm8k,RandOpt,44,300,10,210,0,0,10,10,0,2,0,8,-8,-8,0.8,False
gsm8k,RandOpt,44,300,10,211,10,5-10,10,0,1,0,10,0,10,10,0.0,True
gsm8k,RandOpt,44,300,10,212,10,5-10,10,0,1,0,10,0,10,10,0.0,True
gsm8k,RandOpt,44,300,10,213,9,5-10,10,1,1,1,9,1,8,8,1.0,True
gsm8k,RandOpt,44,300,10,214,5,5-10,10,5,1,3,5,2,3,3,0.4,True
gsm8k,RandOpt,44,300,10,215,8,5-10,10,2,1,2,8,1,7,7,0.5,True
gsm8k,RandOpt,44,300,10,216,6,5-10,10,4,1,2,6,3,3,3,0.75,True
gsm8k,RandOpt,44,300,10,217,2,2-4,10,8,1,1,2,8,-6,-6,1.0,False
gsm8k,RandOpt,44,300,10,218,10,5-10,10,0,1,0,10,0,10,10,0.0,True
gsm8k,RandOpt,44,300,10,219,10,5-10,10,0,1,0,10,0,10,10,0.0,True
gsm8k,RandOpt,44,300,10,220,10,5-10,10,0,1,0,10,0,10,10,0.0,True
gsm8k,RandOpt,44,300,10,221,10,5-10,10,0,1,0,10,0,10,10,0.0,True
gsm8k,RandOpt,44,300,10,222,7,5-10,10,3,1,1,7,3,4,4,1.0,True
gsm8k,RandOpt,44,300,10,223,5,5-10,10,5,1,1,5,5,0,0,1.0,True
gsm8k,RandOpt,44,300,10,224,10,5-10,10,0,1,0,10,0,10,10,0.0,True
gsm8k,RandOpt,44,300,10,225,1,1,10,9,1,4,1,5,-4,-4,0.5555555555555556,False
gsm8k,RandOpt,44,300,10,226,10,5-10,10,0,1,0,10,0,10,10,0.0,True
gsm8k,RandOpt,44,300,10,227,0,0,10,10,0,4,0,5,-5,-5,0.5,False
gsm8k,RandOpt,44,300,10,228,10,5-10,10,0,1,0,10,0,10,10,0.0,True
gsm8k,RandOpt,44,300,10,229,7,5-10,10,3,1,1,7,3,4,4,1.0,True
gsm8k,RandOpt,44,300,10,230,9,5-10,10,1,1,1,9,1,8,8,1.0,True
gsm8k,RandOpt,44,300,10,231,10,5-10,10,0,1,0,10,0,10,10,0.0,True
gsm8k,RandOpt,44,300,10,232,10,5-10,10,0,1,0,10,0,10,10,0.0,True
gsm8k,RandOpt,44,300,10,233,9,5-10,10,1,1,1,9,1,8,8,1.0,True
gsm8k,RandOpt,44,300,10,234,7,5-10,10,3,1,2,7,2,5,5,0.6666666666666666,True
gsm8k,RandOpt,44,300,10,235,4,2-4,10,6,1,1,4,6,-2,-2,1.0,False
gsm8k,RandOpt,44,300,10,236,0,0,10,10,0,3,0,8,-8,-8,0.8,False
gsm8k,RandOpt,44,300,10,237,7,5-10,10,3,1,1,7,3,4,4,1.0,True
gsm8k,RandOpt,44,300,10,238,10,5-10,10,0,1,0,10,0,10,10,0.0,True
gsm8k,RandOpt,44,300,10,239,9,5-10,10,1,1,1,9,1,8,8,1.0,True
gsm8k,RandOpt,44,300,10,240,10,5-10,10,0,1,0,10,0,10,10,0.0,True
gsm8k,RandOpt,44,300,10,241,4,2-4,10,6,1,2,4,5,-1,-1,0.8333333333333334,False
gsm8k,RandOpt,44,300,10,242,9,5-10,10,1,1,1,9,1,8,8,1.0,True
gsm8k,RandOpt,44,300,10,243,10,5-10,10,0,1,0,10,0,10,10,0.0,True
gsm8k,RandOpt,44,300,10,244,10,5-10,10,0,1,0,10,0,10,10,0.0,True
gsm8k,RandOpt,44,300,10,245,0,0,10,10,0,2,0,8,-8,-8,0.8,False
gsm8k,RandOpt,44,300,10,246,5,5-10,10,5,2,3,3,2,3,1,0.4,True
gsm8k,RandOpt,44,300,10,247,2,2-4,10,8,1,1,2,8,-6,-6,1.0,False
gsm8k,RandOpt,44,300,10,248,8,5-10,10,2,1,1,8,2,6,6,1.0,True
gsm8k,RandOpt,44,300,10,249,4,2-4,10,6,1,2,4,5,-1,-1,0.8333333333333334,False
gsm8k,RandOpt,44,300,10,250,3,2-4,10,7,1,5,3,3,0,0,0.42857142857142855,False
gsm8k,RandOpt,44,300,10,251,1,1,10,9,1,1,1,9,-8,-8,1.0,False
gsm8k,RandOpt,44,300,10,252,0,0,10,10,0,2,0,9,-9,-9,0.9,False
gsm8k,RandOpt,44,300,10,253,10,5-10,10,0,1,0,10,0,10,10,0.0,True
gsm8k,RandOpt,44,300,10,254,10,5-10,10,0,1,0,10,0,10,10,0.0,True
gsm8k,RandOpt,44,300,10,255,0,0,10,10,0,3,0,8,-8,-8,0.8,False
gsm8k,RandOpt,44,300,10,256,9,5-10,10,1,1,1,9,1,8,8,1.0,True
gsm8k,RandOpt,44,300,10,257,9,5-10,10,1,1,1,9,1,8,8,1.0,True
gsm8k,RandOpt,44,300,10,258,1,1,10,9,1,6,1,3,-2,-2,0.3333333333333333,False
gsm8k,RandOpt,44,300,10,259,4,2-4,10,6,1,5,4,2,2,2,0.3333333333333333,True
gsm8k,RandOpt,44,300,10,260,10,5-10,10,0,1,0,10,0,10,10,0.0,True
gsm8k,RandOpt,44,300,10,261,9,5-10,10,1,1,1,9,1,8,8,1.0,True
gsm8k,RandOpt,44,300,10,262,10,5-10,10,0,1,0,10,0,10,10,0.0,True
gsm8k,RandOpt,44,300,10,263,10,5-10,10,0,1,0,10,0,10,10,0.0,True
gsm8k,RandOpt,44,300,10,264,6,5-10,10,4,1,1,6,4,2,2,1.0,True
gsm8k,RandOpt,44,300,10,265,9,5-10,10,1,1,1,9,1,8,8,1.0,True
gsm8k,RandOpt,44,300,10,266,0,0,10,10,0,4,0,7,-7,-7,0.7,False
gsm8k,RandOpt,44,300,10,267,0,0,10,10,0,4,0,4,-4,-4,0.4,False
gsm8k,RandOpt,44,300,10,268,10,5-10,10,0,2,0,8,0,10,8,0.0,True
gsm8k,RandOpt,44,300,10,269,10,5-10,10,0,1,0,10,0,10,10,0.0,True
gsm8k,RandOpt,44,300,10,270,3,2-4,10,7,1,1,3,7,-4,-4,1.0,False
gsm8k,RandOpt,44,300,10,271,4,2-4,10,6,1,2,4,5,-1,-1,0.8333333333333334,False
gsm8k,RandOpt,44,300,10,272,0,0,10,10,0,3,0,5,-5,-5,0.5,False
gsm8k,RandOpt,44,300,10,273,10,5-10,10,0,1,0,10,0,10,10,0.0,True
gsm8k,RandOpt,44,300,10,274,10,5-10,10,0,1,0,10,0,10,10,0.0,True
gsm8k,RandOpt,44,300,10,275,8,5-10,10,2,1,2,8,1,7,7,0.5,True
gsm8k,RandOpt,44,300,10,276,9,5-10,10,1,1,1,9,1,8,8,1.0,True
gsm8k,RandOpt,44,300,10,277,9,5-10,10,1,1,1,9,1,8,8,1.0,True
gsm8k,RandOpt,44,300,10,278,8,5-10,10,2,1,1,8,2,6,6,1.0,True
gsm8k,RandOpt,44,300,10,279,10,5-10,10,0,1,0,10,0,10,10,0.0,True
gsm8k,RandOpt,44,300,10,280,2,2-4,10,8,1,1,2,8,-6,-6,1.0,False
gsm8k,RandOpt,44,300,10,281,3,2-4,10,7,1,2,3,6,-3,-3,0.8571428571428571,False
gsm8k,RandOpt,44,300,10,282,8,5-10,10,2,1,1,8,2,6,6,1.0,True
gsm8k,RandOpt,44,300,10,283,10,5-10,10,0,1,0,10,0,10,10,0.0,True
gsm8k,RandOpt,44,300,10,284,10,5-10,10,0,1,0,10,0,10,10,0.0,True
gsm8k,RandOpt,44,300,10,285,3,2-4,10,7,1,1,3,7,-4,-4,1.0,False
gsm8k,RandOpt,44,300,10,286,7,5-10,10,3,1,1,7,3,4,4,1.0,True
gsm8k,RandOpt,44,300,10,287,8,5-10,10,2,1,1,8,2,6,6,1.0,True
gsm8k,RandOpt,44,300,10,288,9,5-10,10,1,1,1,9,1,8,8,1.0,True
gsm8k,RandOpt,44,300,10,289,10,5-10,10,0,1,0,10,0,10,10,0.0,True
gsm8k,RandOpt,44,300,10,290,10,5-10,10,0,1,0,10,0,10,10,0.0,True
gsm8k,RandOpt,44,300,10,291,10,5-10,10,0,1,0,10,0,10,10,0.0,True
gsm8k,RandOpt,44,300,10,292,4,2-4,10,6,1,1,4,6,-2,-2,1.0,False
gsm8k,RandOpt,44,300,10,293,5,5-10,10,5,1,2,5,3,2,2,0.6,True
gsm8k,RandOpt,44,300,10,294,10,5-10,10,0,1,0,10,0,10,10,0.0,True
gsm8k,RandOpt,44,300,10,295,7,5-10,10,3,1,1,7,3,4,4,1.0,True
gsm8k,RandOpt,44,300,10,296,0,0,10,10,0,3,0,5,-5,-5,0.5,False
gsm8k,RandOpt,44,300,10,297,2,2-4,10,8,1,4,2,3,-1,-1,0.375,False
gsm8k,RandOpt,44,300,10,298,0,0,10,10,0,8,0,3,-3,-3,0.3,False
gsm8k,RandOpt,44,300,10,299,1,1,10,9,1,6,1,4,-3,-3,0.4444444444444444,False
gsm8k,RandOpt,44,300,10,300,1,1,10,9,1,1,1,9,-8,-8,1.0,False
gsm8k,RandOpt,44,300,10,301,1,1,10,9,1,3,1,5,-4,-4,0.5555555555555556,False
gsm8k,RandOpt,44,300,10,302,8,5-10,10,2,1,2,8,1,7,7,0.5,True
gsm8k,RandOpt,44,300,10,303,1,1,10,9,1,5,1,4,-3,-3,0.4444444444444444,False
gsm8k,RandOpt,44,300,10,304,4,2-4,10,6,1,1,4,6,-2,-2,1.0,False
gsm8k,RandOpt,44,300,10,305,10,5-10,10,0,1,0,10,0,10,10,0.0,True
gsm8k,RandOpt,44,300,10,306,8,5-10,10,2,1,1,8,2,6,6,1.0,True
gsm8k,RandOpt,44,300,10,307,0,0,10,10,0,1,0,10,-10,-10,1.0,False
gsm8k,RandOpt,44,300,10,308,2,2-4,10,8,1,3,2,4,-2,-2,0.5,False
gsm8k,RandOpt,44,300,10,309,10,5-10,10,0,1,0,10,0,10,10,0.0,True
gsm8k,RandOpt,44,300,10,310,1,1,10,9,1,4,1,5,-4,-4,0.5555555555555556,False
gsm8k,RandOpt,44,300,10,311,10,5-10,10,0,1,0,10,0,10,10,0.0,True
gsm8k,RandOpt,44,300,10,312,10,5-10,10,0,1,0,10,0,10,10,0.0,True
gsm8k,RandOpt,44,300,10,313,1,1,10,9,1,7,1,3,-2,-2,0.3333333333333333,False
gsm8k,RandOpt,44,300,10,314,4,2-4,10,6,1,1,4,6,-2,-2,1.0,False
gsm8k,RandOpt,44,300,10,315,10,5-10,10,0,1,0,10,0,10,10,0.0,True
gsm8k,RandOpt,44,300,10,316,4,2-4,10,6,1,1,4,6,-2,-2,1.0,False
gsm8k,RandOpt,44,300,10,317,10,5-10,10,0,1,0,10,0,10,10,0.0,True
gsm8k,RandOpt,44,300,10,318,4,2-4,10,6,1,1,4,6,-2,-2,1.0,False
gsm8k,RandOpt,44,300,10,319,3,2-4,10,7,1,2,3,5,-2,-2,0.7142857142857143,False
gsm8k,RandOpt,44,300,10,320,6,5-10,10,4,1,3,6,2,4,4,0.5,True
gsm8k,RandOpt,44,300,10,321,5,5-10,10,5,1,1,5,5,0,0,1.0,True
gsm8k,RandOpt,44,300,10,322,6,5-10,10,4,1,2,6,3,3,3,0.75,True
gsm8k,RandOpt,44,300,10,323,6,5-10,10,4,1,2,6,3,3,3,0.75,True
gsm8k,RandOpt,44,300,10,324,4,2-4,10,6,1,4,4,3,1,1,0.5,True
gsm8k,RandOpt,44,300,10,325,8,5-10,10,2,2,1,6,2,6,4,1.0,True
gsm8k,RandOpt,44,300,10,326,10,5-10,10,0,1,0,10,0,10,10,0.0,True
gsm8k,RandOpt,44,300,10,327,10,5-10,10,0,1,0,10,0,10,10,0.0,True
gsm8k,RandOpt,44,300,10,328,9,5-10,10,1,1,1,9,1,8,8,1.0,True
gsm8k,RandOpt,44,300,10,329,10,5-10,10,0,1,0,10,0,10,10,0.0,True
gsm8k,RandOpt,44,300,10,330,2,2-4,10,8,1,7,2,2,0,0,0.25,True
gsm8k,RandOpt,44,300,10,331,7,5-10,10,3,2,3,6,1,6,5,0.3333333333333333,True
gsm8k,RandOpt,44,300,10,332,10,5-10,10,0,1,0,10,0,10,10,0.0,True
gsm8k,RandOpt,44,300,10,333,10,5-10,10,0,1,0,10,0,10,10,0.0,True
gsm8k,RandOpt,44,300,10,334,10,5-10,10,0,1,0,10,0,10,10,0.0,True
gsm8k,RandOpt,44,300,10,335,10,5-10,10,0,1,0,10,0,10,10,0.0,True
gsm8k,RandOpt,44,300,10,336,10,5-10,10,0,1,0,10,0,10,10,0.0,True
gsm8k,RandOpt,44,300,10,337,9,5-10,10,1,1,1,9,1,8,8,1.0,True
gsm8k,RandOpt,44,300,10,338,5,5-10,10,5,1,2,5,4,1,1,0.8,True
gsm8k,RandOpt,44,300,10,339,8,5-10,10,2,1,1,8,2,6,6,1.0,True
gsm8k,RandOpt,44,300,10,340,1,1,10,9,1,7,1,3,-2,-2,0.3333333333333333,False
gsm8k,RandOpt,44,300,10,341,6,5-10,10,4,1,3,6,2,4,4,0.5,True
gsm8k,RandOpt,44,300,10,342,8,5-10,10,2,1,1,8,2,6,6,1.0,True
gsm8k,RandOpt,44,300,10,343,5,5-10,10,5,1,1,5,5,0,0,1.0,True
gsm8k,RandOpt,44,300,10,344,10,5-10,10,0,1,0,10,0,10,10,0.0,True
gsm8k,RandOpt,44,300,10,345,7,5-10,10,3,1,1,7,3,4,4,1.0,True
gsm8k,RandOpt,44,300,10,346,8,5-10,10,2,1,2,8,1,7,7,0.5,True
gsm8k,RandOpt,44,300,10,347,5,5-10,10,5,1,2,5,4,1,1,0.8,True
gsm8k,RandOpt,44,300,10,348,6,5-10,10,4,1,1,6,4,2,2,1.0,True
gsm8k,RandOpt,44,300,10,349,10,5-10,10,0,1,0,10,0,10,10,0.0,True
gsm8k,RandOpt,44,300,10,350,9,5-10,10,1,1,1,9,1,8,8,1.0,True
gsm8k,RandOpt,44,300,10,351,10,5-10,10,0,1,0,10,0,10,10,0.0,True
gsm8k,RandOpt,44,300,10,352,9,5-10,10,1,1,1,9,1,8,8,1.0,True
gsm8k,RandOpt,44,300,10,353,5,5-10,10,5,1,2,5,4,1,1,0.8,True
gsm8k,RandOpt,44,300,10,354,0,0,10,10,0,2,0,9,-9,-9,0.9,False
gsm8k,RandOpt,44,300,10,355,10,5-10,10,0,1,0,10,0,10,10,0.0,True
gsm8k,RandOpt,44,300,10,356,0,0,10,10,0,2,0,7,-7,-7,0.7,False
gsm8k,RandOpt,44,300,10,357,0,0,10,10,0,3,0,5,-5,-5,0.5,False
gsm8k,RandOpt,44,300,10,358,6,5-10,10,4,1,2,6,2,4,4,0.5,True
gsm8k,RandOpt,44,300,10,359,9,5-10,10,1,1,1,9,1,8,8,1.0,True
gsm8k,RandOpt,44,300,10,360,10,5-10,10,0,1,0,10,0,10,10,0.0,True
gsm8k,RandOpt,44,300,10,361,4,2-4,10,6,1,4,4,2,2,2,0.3333333333333333,True
gsm8k,RandOpt,44,300,10,362,8,5-10,10,2,1,1,8,2,6,6,1.0,True
gsm8k,RandOpt,44,300,10,363,4,2-4,10,6,1,3,4,3,1,1,0.5,True
gsm8k,RandOpt,44,300,10,364,8,5-10,10,2,1,1,8,2,6,6,1.0,True
gsm8k,RandOpt,44,300,10,365,5,5-10,10,5,1,1,5,5,0,0,1.0,False
gsm8k,RandOpt,44,300,10,366,10,5-10,10,0,1,0,10,0,10,10,0.0,True
gsm8k,RandOpt,44,300,10,367,8,5-10,10,2,1,2,8,1,7,7,0.5,True
gsm8k,RandOpt,44,300,10,368,0,0,10,10,0,2,0,9,-9,-9,0.9,False
gsm8k,RandOpt,44,300,10,369,0,0,10,10,0,6,0,4,-4,-4,0.4,False
gsm8k,RandOpt,44,300,10,370,9,5-10,10,1,1,1,9,1,8,8,1.0,True
gsm8k,RandOpt,44,300,10,371,8,5-10,10,2,1,1,8,2,6,6,1.0,True
gsm8k,RandOpt,44,300,10,372,10,5-10,10,0,1,0,10,0,10,10,0.0,True
gsm8k,RandOpt,44,300,10,373,4,2-4,10,6,2,4,2,3,1,-1,0.5,False
gsm8k,RandOpt,44,300,10,374,6,5-10,10,4,1,3,6,2,4,4,0.5,True
gsm8k,RandOpt,44,300,10,375,7,5-10,10,3,1,1,7,3,4,4,1.0,True
gsm8k,RandOpt,44,300,10,376,10,5-10,10,0,1,0,10,0,10,10,0.0,True
gsm8k,RandOpt,44,300,10,377,8,5-10,10,2,1,1,8,2,6,6,1.0,True
gsm8k,RandOpt,44,300,10,378,10,5-10,10,0,1,0,10,0,10,10,0.0,True
gsm8k,RandOpt,44,300,10,379,8,5-10,10,2,1,1,8,2,6,6,1.0,True
gsm8k,RandOpt,44,300,10,380,0,0,10,10,0,4,0,6,-6,-6,0.6,False
gsm8k,RandOpt,44,300,10,381,10,5-10,10,0,1,0,10,0,10,10,0.0,True
gsm8k,RandOpt,44,300,10,382,8,5-10,10,2,1,1,8,2,6,6,1.0,True
gsm8k,RandOpt,44,300,10,383,2,2-4,10,8,1,1,2,8,-6,-6,1.0,False
gsm8k,RandOpt,44,300,10,384,10,5-10,10,0,1,0,10,0,10,10,0.0,True
gsm8k,RandOpt,44,300,10,385,3,2-4,10,7,1,1,3,7,-4,-4,1.0,False
gsm8k,RandOpt,44,300,10,386,4,2-4,10,6,1,2,4,5,-1,-1,0.8333333333333334,False
gsm8k,RandOpt,44,300,10,387,10,5-10,10,0,1,0,10,0,10,10,0.0,True
gsm8k,RandOpt,44,300,10,388,10,5-10,10,0,1,0,10,0,10,10,0.0,True
gsm8k,RandOpt,44,300,10,389,1,1,10,9,1,7,1,2,-1,-1,0.2222222222222222,False
gsm8k,RandOpt,44,300,10,390,10,5-10,10,0,1,0,10,0,10,10,0.0,True
gsm8k,RandOpt,44,300,10,391,10,5-10,10,0,1,0,10,0,10,10,0.0,True
gsm8k,RandOpt,44,300,10,392,3,2-4,10,7,1,4,3,3,0,0,0.42857142857142855,False
gsm8k,RandOpt,44,300,10,393,10,5-10,10,0,1,0,10,0,10,10,0.0,True
gsm8k,RandOpt,44,300,10,394,3,2-4,10,7,1,6,3,2,1,1,0.2857142857142857,True
gsm8k,RandOpt,44,300,10,395,0,0,10,10,0,3,0,8,-8,-8,0.8,False
gsm8k,RandOpt,44,300,10,396,10,5-10,10,0,1,0,10,0,10,10,0.0,True
gsm8k,RandOpt,44,300,10,397,4,2-4,10,6,1,2,4,4,0,0,0.6666666666666666,True
gsm8k,RandOpt,44,300,10,398,10,5-10,10,0,1,0,10,0,10,10,0.0,True
gsm8k,RandOpt,44,300,10,399,9,5-10,10,1,1,1,9,1,8,8,1.0,True
gsm8k,RandOpt,44,300,10,400,10,5-10,10,0,1,0,10,0,10,10,0.0,True
gsm8k,RandOpt,44,300,10,401,9,5-10,10,1,1,1,9,1,8,8,1.0,True
gsm8k,RandOpt,44,300,10,402,10,5-10,10,0,1,0,10,0,10,10,0.0,True
gsm8k,RandOpt,44,300,10,403,0,0,10,10,0,3,0,8,-8,-8,0.8,False
gsm8k,RandOpt,44,300,10,404,3,2-4,10,7,1,3,3,4,-1,-1,0.5714285714285714,False
gsm8k,RandOpt,44,300,10,405,0,0,10,10,0,2,0,9,-9,-9,0.9,False
gsm8k,RandOpt,44,300,10,406,0,0,10,10,0,2,0,6,-6,-6,0.6,False
gsm8k,RandOpt,44,300,10,407,2,2-4,10,8,1,3,2,6,-4,-4,0.75,False
gsm8k,RandOpt,44,300,10,408,10,5-10,10,0,1,0,10,0,10,10,0.0,True
gsm8k,RandOpt,44,300,10,409,3,2-4,10,7,1,6,3,2,1,1,0.2857142857142857,True
gsm8k,RandOpt,44,300,10,410,1,1,10,9,1,5,1,3,-2,-2,0.3333333333333333,False
gsm8k,RandOpt,44,300,10,411,6,5-10,10,4,1,2,6,3,3,3,0.75,True
gsm8k,RandOpt,44,300,10,412,7,5-10,10,3,1,3,7,1,6,6,0.3333333333333333,True
gsm8k,RandOpt,44,300,10,413,1,1,10,9,1,7,1,2,-1,-1,0.2222222222222222,False
gsm8k,RandOpt,44,300,10,414,7,5-10,10,3,1,1,7,3,4,4,1.0,True
gsm8k,RandOpt,44,300,10,415,10,5-10,10,0,1,0,10,0,10,10,0.0,True
gsm8k,RandOpt,44,300,10,416,6,5-10,10,4,1,4,6,1,5,5,0.25,True
gsm8k,RandOpt,44,300,10,417,7,5-10,10,3,1,2,7,2,5,5,0.6666666666666666,True
gsm8k,RandOpt,44,300,10,418,10,5-10,10,0,1,0,10,0,10,10,0.0,True
gsm8k,RandOpt,44,300,10,419,0,0,10,10,0,2,0,6,-6,-6,0.6,False
gsm8k,RandOpt,44,300,10,420,10,5-10,10,0,1,0,10,0,10,10,0.0,True
gsm8k,RandOpt,44,300,10,421,2,2-4,10,8,1,1,2,8,-6,-6,1.0,False
gsm8k,RandOpt,44,300,10,422,0,0,10,10,0,4,0,4,-4,-4,0.4,False
gsm8k,RandOpt,44,300,10,423,0,0,10,10,0,4,0,5,-5,-5,0.5,False
gsm8k,RandOpt,44,300,10,424,10,5-10,10,0,1,0,10,0,10,10,0.0,True
gsm8k,RandOpt,44,300,10,425,9,5-10,10,1,1,1,9,1,8,8,1.0,True
gsm8k,RandOpt,44,300,10,426,10,5-10,10,0,1,0,10,0,10,10,0.0,True
gsm8k,RandOpt,44,300,10,427,2,2-4,10,8,1,5,2,3,-1,-1,0.375,False
gsm8k,RandOpt,44,300,10,428,0,0,10,10,0,6,0,3,-3,-3,0.3,False
gsm8k,RandOpt,44,300,10,429,9,5-10,10,1,1,1,9,1,8,8,1.0,True
gsm8k,RandOpt,44,300,10,430,1,1,10,9,1,3,1,5,-4,-4,0.5555555555555556,False
gsm8k,RandOpt,44,300,10,431,1,1,10,9,1,2,1,5,-4,-4,0.5555555555555556,False
gsm8k,RandOpt,44,300,10,432,10,5-10,10,0,1,0,10,0,10,10,0.0,True
gsm8k,RandOpt,44,300,10,433,9,5-10,10,1,1,1,9,1,8,8,1.0,True
gsm8k,RandOpt,44,300,10,434,5,5-10,10,5,1,3,5,2,3,3,0.4,True
gsm8k,RandOpt,44,300,10,435,9,5-10,10,1,1,1,9,1,8,8,1.0,True
gsm8k,RandOpt,44,300,10,436,4,2-4,10,6,1,4,4,2,2,2,0.3333333333333333,True
gsm8k,RandOpt,44,300,10,437,3,2-4,10,7,1,4,3,4,-1,-1,0.5714285714285714,False
gsm8k,RandOpt,44,300,10,438,10,5-10,10,0,1,0,10,0,10,10,0.0,True
gsm8k,RandOpt,44,300,10,439,2,2-4,10,8,1,2,2,6,-4,-4,0.75,False
gsm8k,RandOpt,44,300,10,440,10,5-10,10,0,1,0,10,0,10,10,0.0,True
gsm8k,RandOpt,44,300,10,441,10,5-10,10,0,1,0,10,0,10,10,0.0,True
gsm8k,RandOpt,44,300,10,442,1,1,10,9,1,1,1,9,-8,-8,1.0,False
gsm8k,RandOpt,44,300,10,443,0,0,10,10,0,6,0,4,-4,-4,0.4,False
gsm8k,RandOpt,44,300,10,444,10,5-10,10,0,1,0,10,0,10,10,0.0,True
gsm8k,RandOpt,44,300,10,445,10,5-10,10,0,1,0,10,0,10,10,0.0,True
gsm8k,RandOpt,44,300,10,446,9,5-10,10,1,1,1,9,1,8,8,1.0,True
gsm8k,RandOpt,44,300,10,447,9,5-10,10,1,1,1,9,1,8,8,1.0,True
gsm8k,RandOpt,44,300,10,448,4,2-4,10,6,1,1,4,6,-2,-2,1.0,False
gsm8k,RandOpt,44,300,10,449,6,5-10,10,4,1,1,6,4,2,2,1.0,True
gsm8k,RandOpt,44,300,10,450,0,0,10,10,0,9,0,2,-2,-2,0.2,False
gsm8k,RandOpt,44,300,10,451,3,2-4,10,7,1,2,3,6,-3,-3,0.8571428571428571,False
gsm8k,RandOpt,44,300,10,452,10,5-10,10,0,1,0,10,0,10,10,0.0,True
gsm8k,RandOpt,44,300,10,453,0,0,10,10,0,2,0,9,-9,-9,0.9,False
gsm8k,RandOpt,44,300,10,454,0,0,10,10,0,2,0,9,-9,-9,0.9,False
gsm8k,RandOpt,44,300,10,455,10,5-10,10,0,2,0,9,0,10,9,0.0,True
gsm8k,RandOpt,44,300,10,456,10,5-10,10,0,1,0,10,0,10,10,0.0,True
gsm8k,RandOpt,44,300,10,457,7,5-10,10,3,1,1,7,3,4,4,1.0,True
gsm8k,RandOpt,44,300,10,458,10,5-10,10,0,1,0,10,0,10,10,0.0,True
gsm8k,RandOpt,44,300,10,459,9,5-10,10,1,1,1,9,1,8,8,1.0,True
gsm8k,RandOpt,44,300,10,460,10,5-10,10,0,1,0,10,0,10,10,0.0,True
gsm8k,RandOpt,44,300,10,461,10,5-10,10,0,1,0,10,0,10,10,0.0,True
gsm8k,RandOpt,44,300,10,462,6,5-10,10,4,1,1,6,4,2,2,1.0,True
gsm8k,RandOpt,44,300,10,463,6,5-10,10,4,1,2,6,3,3,3,0.75,True
gsm8k,RandOpt,44,300,10,464,4,2-4,10,6,1,3,4,3,1,1,0.5,True
gsm8k,RandOpt,44,300,10,465,10,5-10,10,0,1,0,10,0,10,10,0.0,True
gsm8k,RandOpt,44,300,10,466,2,2-4,10,8,1,3,2,4,-2,-2,0.5,False
gsm8k,RandOpt,44,300,10,467,9,5-10,10,1,1,1,9,1,8,8,1.0,True
gsm8k,RandOpt,44,300,10,468,8,5-10,10,2,1,1,8,2,6,6,1.0,True
gsm8k,RandOpt,44,300,10,469,10,5-10,10,0,1,0,10,0,10,10,0.0,True
gsm8k,RandOpt,44,300,10,470,10,5-10,10,0,1,0,10,0,10,10,0.0,True
gsm8k,RandOpt,44,300,10,471,2,2-4,10,8,1,1,2,8,-6,-6,1.0,False
gsm8k,RandOpt,44,300,10,472,6,5-10,10,4,1,1,6,4,2,2,1.0,True
gsm8k,RandOpt,44,300,10,473,8,5-10,10,2,1,1,8,2,6,6,1.0,True
gsm8k,RandOpt,44,300,10,474,9,5-10,10,1,1,1,9,1,8,8,1.0,True
gsm8k,RandOpt,44,300,10,475,4,2-4,10,6,1,4,4,3,1,1,0.5,True
gsm8k,RandOpt,44,300,10,476,10,5-10,10,0,1,0,10,0,10,10,0.0,True
gsm8k,RandOpt,44,300,10,477,10,5-10,10,0,1,0,10,0,10,10,0.0,True
gsm8k,RandOpt,44,300,10,478,6,5-10,10,4,1,2,6,3,3,3,0.75,True
gsm8k,RandOpt,44,300,10,479,8,5-10,10,2,2,1,7,2,6,5,1.0,True
gsm8k,RandOpt,44,300,10,480,10,5-10,10,0,1,0,10,0,10,10,0.0,True
gsm8k,RandOpt,44,300,10,481,10,5-10,10,0,1,0,10,0,10,10,0.0,True
gsm8k,RandOpt,44,300,10,482,8,5-10,10,2,1,2,8,1,7,7,0.5,True
gsm8k,RandOpt,44,300,10,483,7,5-10,10,3,1,2,7,2,5,5,0.6666666666666666,True
gsm8k,RandOpt,44,300,10,484,10,5-10,10,0,1,0,10,0,10,10,0.0,True
gsm8k,RandOpt,44,300,10,485,0,0,10,10,0,1,0,10,-10,-10,1.0,False
gsm8k,RandOpt,44,300,10,486,10,5-10,10,0,1,0,10,0,10,10,0.0,True
gsm8k,RandOpt,44,300,10,487,10,5-10,10,0,1,0,10,0,10,10,0.0,True
gsm8k,RandOpt,44,300,10,488,10,5-10,10,0,1,0,10,0,10,10,0.0,True
gsm8k,RandOpt,44,300,10,489,9,5-10,10,1,1,1,9,1,8,8,1.0,True
gsm8k,RandOpt,44,300,10,490,10,5-10,10,0,1,0,10,0,10,10,0.0,True
gsm8k,RandOpt,44,300,10,491,10,5-10,10,0,1,0,10,0,10,10,0.0,True
gsm8k,RandOpt,44,300,10,492,10,5-10,10,0,1,0,10,0,10,10,0.0,True
gsm8k,RandOpt,44,300,10,493,5,5-10,10,5,1,2,5,4,1,1,0.8,True
gsm8k,RandOpt,44,300,10,494,0,0,10,10,0,6,0,4,-4,-4,0.4,False
gsm8k,RandOpt,44,300,10,495,9,5-10,10,1,1,1,9,1,8,8,1.0,True
gsm8k,RandOpt,44,300,10,496,10,5-10,10,0,1,0,10,0,10,10,0.0,True
gsm8k,RandOpt,44,300,10,497,0,0,10,10,0,1,0,10,-10,-10,1.0,False
gsm8k,RandOpt,44,300,10,498,10,5-10,10,0,1,0,10,0,10,10,0.0,True
gsm8k,RandOpt,44,300,10,499,0,0,10,10,0,3,0,6,-6,-6,0.6,False
gsm8k,RandOpt,44,300,10,500,7,5-10,10,3,1,3,7,1,6,6,0.3333333333333333,True
gsm8k,RandOpt,44,300,10,501,10,5-10,10,0,1,0,10,0,10,10,0.0,True
gsm8k,RandOpt,44,300,10,502,10,5-10,10,0,1,0,10,0,10,10,0.0,True
gsm8k,RandOpt,44,300,10,503,10,5-10,10,0,1,0,10,0,10,10,0.0,True
gsm8k,RandOpt,44,300,10,504,0,0,10,10,0,4,0,6,-6,-6,0.6,False
gsm8k,RandOpt,44,300,10,505,1,1,10,9,1,6,1,2,-1,-1,0.2222222222222222,False
gsm8k,RandOpt,44,300,10,506,3,2-4,10,7,1,2,3,6,-3,-3,0.8571428571428571,False
gsm8k,RandOpt,44,300,10,507,4,2-4,10,6,1,4,4,2,2,2,0.3333333333333333,True
gsm8k,RandOpt,44,300,10,508,5,5-10,10,5,1,4,5,2,3,3,0.4,True
gsm8k,RandOpt,44,300,10,509,9,5-10,10,1,1,1,9,1,8,8,1.0,True
gsm8k,RandOpt,44,300,10,510,0,0,10,10,0,3,0,8,-8,-8,0.8,False
gsm8k,RandOpt,44,300,10,511,8,5-10,10,2,1,1,8,2,6,6,1.0,True
gsm8k,RandOpt,44,300,10,512,10,5-10,10,0,1,0,10,0,10,10,0.0,True
gsm8k,RandOpt,44,300,10,513,10,5-10,10,0,1,0,10,0,10,10,0.0,True
gsm8k,RandOpt,44,300,10,514,1,1,10,9,1,1,1,9,-8,-8,1.0,False
gsm8k,RandOpt,44,300,10,515,0,0,10,10,0,1,0,10,-10,-10,1.0,False
gsm8k,RandOpt,44,300,10,516,10,5-10,10,0,1,0,10,0,10,10,0.0,True
gsm8k,RandOpt,44,300,10,517,10,5-10,10,0,1,0,10,0,10,10,0.0,True
gsm8k,RandOpt,44,300,10,518,10,5-10,10,0,1,0,10,0,10,10,0.0,True
gsm8k,RandOpt,44,300,10,519,10,5-10,10,0,1,0,10,0,10,10,0.0,True
gsm8k,RandOpt,44,300,10,520,9,5-10,10,1,1,1,9,1,8,8,1.0,True
gsm8k,RandOpt,44,300,10,521,8,5-10,10,2,1,2,8,1,7,7,0.5,True
gsm8k,RandOpt,44,300,10,522,10,5-10,10,0,1,0,10,0,10,10,0.0,True
gsm8k,RandOpt,44,300,10,523,0,0,10,10,0,2,0,8,-8,-8,0.8,False
gsm8k,RandOpt,44,300,10,524,10,5-10,10,0,1,0,10,0,10,10,0.0,True
gsm8k,RandOpt,44,300,10,525,1,1,10,9,1,4,1,6,-5,-5,0.6666666666666666,False
gsm8k,RandOpt,44,300,10,526,4,2-4,10,6,1,1,4,6,-2,-2,1.0,False
gsm8k,RandOpt,44,300,10,527,5,5-10,10,5,1,4,5,2,3,3,0.4,True
gsm8k,RandOpt,44,300,10,528,0,0,10,10,0,3,0,6,-6,-6,0.6,False
gsm8k,RandOpt,44,300,10,529,2,2-4,10,8,1,3,2,3,-1,-1,0.375,False
gsm8k,RandOpt,44,300,10,530,1,1,10,9,1,3,1,5,-4,-4,0.5555555555555556,False
gsm8k,RandOpt,44,300,10,531,2,2-4,10,8,1,4,2,4,-2,-2,0.5,False
gsm8k,RandOpt,44,300,10,532,10,5-10,10,0,1,0,10,0,10,10,0.0,True
gsm8k,RandOpt,44,300,10,533,3,2-4,10,7,1,1,3,7,-4,-4,1.0,False
gsm8k,RandOpt,44,300,10,534,4,2-4,10,6,1,5,4,2,2,2,0.3333333333333333,True
gsm8k,RandOpt,44,300,10,535,6,5-10,10,4,1,4,6,1,5,5,0.25,True
gsm8k,RandOpt,44,300,10,536,6,5-10,10,4,1,1,6,4,2,2,1.0,True
gsm8k,RandOpt,44,300,10,537,10,5-10,10,0,1,0,10,0,10,10,0.0,True
gsm8k,RandOpt,44,300,10,538,8,5-10,10,2,1,1,8,2,6,6,1.0,True
gsm8k,RandOpt,44,300,10,539,0,0,10,10,0,6,0,3,-3,-3,0.3,False
gsm8k,RandOpt,44,300,10,540,3,2-4,10,7,1,1,3,7,-4,-4,1.0,False
gsm8k,RandOpt,44,300,10,541,1,1,10,9,1,4,1,4,-3,-3,0.4444444444444444,False
gsm8k,RandOpt,44,300,10,542,0,0,10,10,0,1,0,10,-10,-10,1.0,False
gsm8k,RandOpt,44,300,10,543,10,5-10,10,0,1,0,10,0,10,10,0.0,True
gsm8k,RandOpt,44,300,10,544,10,5-10,10,0,1,0,10,0,10,10,0.0,True
gsm8k,RandOpt,44,300,10,545,8,5-10,10,2,1,1,8,2,6,6,1.0,True
gsm8k,RandOpt,44,300,10,546,1,1,10,9,1,3,1,6,-5,-5,0.6666666666666666,False
gsm8k,RandOpt,44,300,10,547,2,2-4,10,8,1,1,2,8,-6,-6,1.0,False
gsm8k,RandOpt,44,300,10,548,3,2-4,10,7,1,1,3,7,-4,-4,1.0,False
gsm8k,RandOpt,44,300,10,549,8,5-10,10,2,1,2,8,1,7,7,0.5,True
gsm8k,RandOpt,44,300,10,550,0,0,10,10,0,3,0,4,-4,-4,0.4,False
gsm8k,RandOpt,44,300,10,551,1,1,10,9,1,1,1,9,-8,-8,1.0,False
gsm8k,RandOpt,44,300,10,552,5,5-10,10,5,1,1,5,5,0,0,1.0,True
gsm8k,RandOpt,44,300,10,553,10,5-10,10,0,1,0,10,0,10,10,0.0,True
gsm8k,RandOpt,44,300,10,554,1,1,10,9,1,1,1,9,-8,-8,1.0,False
gsm8k,RandOpt,44,300,10,555,3,2-4,10,7,1,1,3,7,-4,-4,1.0,False
gsm8k,RandOpt,44,300,10,556,2,2-4,10,8,1,1,2,8,-6,-6,1.0,False
gsm8k,RandOpt,44,300,10,557,10,5-10,10,0,1,0,10,0,10,10,0.0,True
gsm8k,RandOpt,44,300,10,558,10,5-10,10,0,1,0,10,0,10,10,0.0,True
gsm8k,RandOpt,44,300,10,559,0,0,10,10,0,3,0,8,-8,-8,0.8,False
gsm8k,RandOpt,44,300,10,560,2,2-4,10,8,1,1,2,8,-6,-6,1.0,False
gsm8k,RandOpt,44,300,10,561,10,5-10,10,0,1,0,10,0,10,10,0.0,True
gsm8k,RandOpt,44,300,10,562,10,5-10,10,0,1,0,10,0,10,10,0.0,True
gsm8k,RandOpt,44,300,10,563,8,5-10,10,2,1,2,8,1,7,7,0.5,True
gsm8k,RandOpt,44,300,10,564,10,5-10,10,0,1,0,10,0,10,10,0.0,True
gsm8k,RandOpt,44,300,10,565,10,5-10,10,0,1,0,10,0,10,10,0.0,True
gsm8k,RandOpt,44,300,10,566,7,5-10,10,3,1,2,7,2,5,5,0.6666666666666666,True
gsm8k,RandOpt,44,300,10,567,1,1,10,9,1,3,1,5,-4,-4,0.5555555555555556,False
gsm8k,RandOpt,44,300,10,568,9,5-10,10,1,1,1,9,1,8,8,1.0,True
gsm8k,RandOpt,44,300,10,569,9,5-10,10,1,1,1,9,1,8,8,1.0,True
gsm8k,RandOpt,44,300,10,570,0,0,10,10,0,5,0,4,-4,-4,0.4,False
gsm8k,RandOpt,44,300,10,571,5,5-10,10,5,1,1,5,5,0,0,1.0,True
gsm8k,RandOpt,44,300,10,572,6,5-10,10,4,1,4,6,1,5,5,0.25,True
gsm8k,RandOpt,44,300,10,573,10,5-10,10,0,1,0,10,0,10,10,0.0,True
gsm8k,RandOpt,44,300,10,574,2,2-4,10,8,1,5,2,3,-1,-1,0.375,False
gsm8k,RandOpt,44,300,10,575,3,2-4,10,7,1,1,3,7,-4,-4,1.0,False
gsm8k,RandOpt,44,300,10,576,0,0,10,10,0,4,0,5,-5,-5,0.5,False
gsm8k,RandOpt,44,300,10,577,0,0,10,10,0,5,0,4,-4,-4,0.4,False
gsm8k,RandOpt,44,300,10,578,10,5-10,10,0,1,0,10,0,10,10,0.0,True
gsm8k,RandOpt,44,300,10,579,8,5-10,10,2,1,1,8,2,6,6,1.0,True
gsm8k,RandOpt,44,300,10,580,2,2-4,10,8,1,1,2,8,-6,-6,1.0,False
gsm8k,RandOpt,44,300,10,581,7,5-10,10,3,1,1,7,3,4,4,1.0,True
gsm8k,RandOpt,44,300,10,582,3,2-4,10,7,1,2,3,6,-3,-3,0.8571428571428571,False
gsm8k,RandOpt,44,300,10,583,9,5-10,10,1,1,1,9,1,8,8,1.0,True
gsm8k,RandOpt,44,300,10,584,0,0,10,10,0,5,0,4,-4,-4,0.4,False
gsm8k,RandOpt,44,300,10,585,6,5-10,10,4,1,1,6,4,2,2,1.0,True
gsm8k,RandOpt,44,300,10,586,10,5-10,10,0,1,0,10,0,10,10,0.0,True
gsm8k,RandOpt,44,300,10,587,8,5-10,10,2,1,1,8,2,6,6,1.0,True
gsm8k,RandOpt,44,300,10,588,10,5-10,10,0,1,0,10,0,10,10,0.0,True
gsm8k,RandOpt,44,300,10,589,0,0,10,10,0,1,0,10,-10,-10,1.0,False
gsm8k,RandOpt,44,300,10,590,0,0,10,10,0,4,0,4,-4,-4,0.4,False
gsm8k,RandOpt,44,300,10,591,10,5-10,10,0,1,0,10,0,10,10,0.0,True
gsm8k,RandOpt,44,300,10,592,10,5-10,10,0,1,0,10,0,10,10,0.0,True
gsm8k,RandOpt,44,300,10,593,10,5-10,10,0,1,0,10,0,10,10,0.0,True
gsm8k,RandOpt,44,300,10,594,10,5-10,10,0,1,0,10,0,10,10,0.0,True
gsm8k,RandOpt,44,300,10,595,0,0,10,10,0,1,0,10,-10,-10,1.0,False
gsm8k,RandOpt,44,300,10,596,10,5-10,10,0,1,0,10,0,10,10,0.0,True
gsm8k,RandOpt,44,300,10,597,10,5-10,10,0,1,0,10,0,10,10,0.0,True
gsm8k,RandOpt,44,300,10,598,6,5-10,10,4,1,1,6,4,2,2,1.0,True
gsm8k,RandOpt,44,300,10,599,10,5-10,10,0,1,0,10,0,10,10,0.0,True
gsm8k,RandOpt,44,300,10,600,10,5-10,10,0,1,0,10,0,10,10,0.0,True
gsm8k,RandOpt,44,300,10,601,3,2-4,10,7,1,7,3,1,2,2,0.14285714285714285,True
gsm8k,RandOpt,44,300,10,602,10,5-10,10,0,1,0,10,0,10,10,0.0,True
gsm8k,RandOpt,44,300,10,603,0,0,10,10,0,1,0,10,-10,-10,1.0,False
gsm8k,RandOpt,44,300,10,604,9,5-10,10,1,1,1,9,1,8,8,1.0,True
gsm8k,RandOpt,44,300,10,605,8,5-10,10,2,1,2,8,1,7,7,0.5,True
gsm8k,RandOpt,44,300,10,606,4,2-4,10,6,1,4,4,3,1,1,0.5,True
gsm8k,RandOpt,44,300,10,607,1,1,10,9,1,7,1,2,-1,-1,0.2222222222222222,False
gsm8k,RandOpt,44,300,10,608,7,5-10,10,3,1,1,7,3,4,4,1.0,True
gsm8k,RandOpt,44,300,10,609,7,5-10,10,3,1,2,7,2,5,5,0.6666666666666666,True
gsm8k,RandOpt,44,300,10,610,5,5-10,10,5,1,3,5,3,2,2,0.6,True
gsm8k,RandOpt,44,300,10,611,0,0,10,10,0,9,0,2,-2,-2,0.2,False
gsm8k,RandOpt,44,300,10,612,10,5-10,10,0,1,0,10,0,10,10,0.0,True
gsm8k,RandOpt,44,300,10,613,10,5-10,10,0,2,0,9,0,10,9,0.0,True
gsm8k,RandOpt,44,300,10,614,7,5-10,10,3,1,1,7,3,4,4,1.0,True
gsm8k,RandOpt,44,300,10,615,0,0,10,10,0,2,0,9,-9,-9,0.9,False
gsm8k,RandOpt,44,300,10,616,10,5-10,10,0,1,0,10,0,10,10,0.0,True
gsm8k,RandOpt,44,300,10,617,10,5-10,10,0,1,0,10,0,10,10,0.0,True
gsm8k,RandOpt,44,300,10,618,10,5-10,10,0,1,0,10,0,10,10,0.0,True
gsm8k,RandOpt,44,300,10,619,10,5-10,10,0,1,0,10,0,10,10,0.0,True
gsm8k,RandOpt,44,300,10,620,3,2-4,10,7,1,6,3,2,1,1,0.2857142857142857,True
gsm8k,RandOpt,44,300,10,621,3,2-4,10,7,2,2,2,6,-3,-4,0.8571428571428571,False
gsm8k,RandOpt,44,300,10,622,10,5-10,10,0,1,0,10,0,10,10,0.0,True
gsm8k,RandOpt,44,300,10,623,10,5-10,10,0,1,0,10,0,10,10,0.0,True
gsm8k,RandOpt,44,300,10,624,10,5-10,10,0,1,0,10,0,10,10,0.0,True
gsm8k,RandOpt,44,300,10,625,10,5-10,10,0,1,0,10,0,10,10,0.0,True
gsm8k,RandOpt,44,300,10,626,9,5-10,10,1,1,1,9,1,8,8,1.0,True
gsm8k,RandOpt,44,300,10,627,10,5-10,10,0,1,0,10,0,10,10,0.0,True
gsm8k,RandOpt,44,300,10,628,8,5-10,10,2,1,1,8,2,6,6,1.0,True
gsm8k,RandOpt,44,300,10,629,1,1,10,9,1,4,1,5,-4,-4,0.5555555555555556,False
gsm8k,RandOpt,44,300,10,630,6,5-10,10,4,1,1,6,4,2,2,1.0,True
gsm8k,RandOpt,44,300,10,631,9,5-10,10,1,1,1,9,1,8,8,1.0,True
gsm8k,RandOpt,44,300,10,632,9,5-10,10,1,1,1,9,1,8,8,1.0,True
gsm8k,RandOpt,44,300,10,633,10,5-10,10,0,1,0,10,0,10,10,0.0,True
gsm8k,RandOpt,44,300,10,634,10,5-10,10,0,1,0,10,0,10,10,0.0,True
gsm8k,RandOpt,44,300,10,635,0,0,10,10,0,4,0,4,-4,-4,0.4,False
gsm8k,RandOpt,44,300,10,636,8,5-10,10,2,1,1,8,2,6,6,1.0,True
gsm8k,RandOpt,44,300,10,637,7,5-10,10,3,1,3,7,1,6,6,0.3333333333333333,True
gsm8k,RandOpt,44,300,10,638,0,0,10,10,0,2,0,9,-9,-9,0.9,False
gsm8k,RandOpt,44,300,10,639,0,0,10,10,0,2,0,7,-7,-7,0.7,False
gsm8k,RandOpt,44,300,10,640,10,5-10,10,0,2,0,6,0,10,6,0.0,True
gsm8k,RandOpt,44,300,10,641,0,0,10,10,0,3,0,8,-8,-8,0.8,False
gsm8k,RandOpt,44,300,10,642,2,2-4,10,8,1,2,2,7,-5,-5,0.875,False
gsm8k,RandOpt,44,300,10,643,8,5-10,10,2,1,1,8,2,6,6,1.0,True
gsm8k,RandOpt,44,300,10,644,8,5-10,10,2,1,2,8,1,7,7,0.5,True
gsm8k,RandOpt,44,300,10,645,10,5-10,10,0,1,0,10,0,10,10,0.0,True
gsm8k,RandOpt,44,300,10,646,10,5-10,10,0,1,0,10,0,10,10,0.0,True
gsm8k,RandOpt,44,300,10,647,9,5-10,10,1,1,1,9,1,8,8,1.0,True
gsm8k,RandOpt,44,300,10,648,5,5-10,10,5,1,3,5,3,2,2,0.6,True
gsm8k,RandOpt,44,300,10,649,0,0,10,10,0,2,0,9,-9,-9,0.9,False
gsm8k,RandOpt,44,300,10,650,3,2-4,10,7,1,4,3,3,0,0,0.42857142857142855,False
gsm8k,RandOpt,44,300,10,651,5,5-10,10,5,1,2,5,4,1,1,0.8,True
gsm8k,RandOpt,44,300,10,652,3,2-4,10,7,1,4,3,2,1,1,0.2857142857142857,True
gsm8k,RandOpt,44,300,10,653,10,5-10,10,0,1,0,10,0,10,10,0.0,True
gsm8k,RandOpt,44,300,10,654,10,5-10,10,0,1,0,10,0,10,10,0.0,True
gsm8k,RandOpt,44,300,10,655,8,5-10,10,2,1,1,8,2,6,6,1.0,True
gsm8k,RandOpt,44,300,10,656,4,2-4,10,6,1,5,4,2,2,2,0.3333333333333333,True
gsm8k,RandOpt,44,300,10,657,10,5-10,10,0,2,0,9,0,10,9,0.0,True
gsm8k,RandOpt,44,300,10,658,10,5-10,10,0,1,0,10,0,10,10,0.0,True
gsm8k,RandOpt,44,300,10,659,10,5-10,10,0,1,0,10,0,10,10,0.0,True
gsm8k,RandOpt,44,300,10,660,10,5-10,10,0,1,0,10,0,10,10,0.0,True
gsm8k,RandOpt,44,300,10,661,10,5-10,10,0,1,0,10,0,10,10,0.0,True
gsm8k,RandOpt,44,300,10,662,0,0,10,10,0,2,0,9,-9,-9,0.9,False
gsm8k,RandOpt,44,300,10,663,10,5-10,10,0,1,0,10,0,10,10,0.0,True
gsm8k,RandOpt,44,300,10,664,10,5-10,10,0,1,0,10,0,10,10,0.0,True
gsm8k,RandOpt,44,300,10,665,10,5-10,10,0,1,0,10,0,10,10,0.0,True
gsm8k,RandOpt,44,300,10,666,1,1,10,9,1,1,1,9,-8,-8,1.0,False
gsm8k,RandOpt,44,300,10,667,5,5-10,10,5,1,3,5,2,3,3,0.4,True
gsm8k,RandOpt,44,300,10,668,6,5-10,10,4,1,1,6,4,2,2,1.0,True
gsm8k,RandOpt,44,300,10,669,4,2-4,10,6,1,1,4,6,-2,-2,1.0,False
gsm8k,RandOpt,44,300,10,670,10,5-10,10,0,1,0,10,0,10,10,0.0,True
gsm8k,RandOpt,44,300,10,671,5,5-10,10,5,1,1,5,5,0,0,1.0,True
gsm8k,RandOpt,44,300,10,672,0,0,10,10,0,6,0,3,-3,-3,0.3,False
gsm8k,RandOpt,44,300,10,673,10,5-10,10,0,1,0,10,0,10,10,0.0,True
gsm8k,RandOpt,44,300,10,674,0,0,10,10,0,1,0,10,-10,-10,1.0,False
gsm8k,RandOpt,44,300,10,675,0,0,10,10,0,8,0,2,-2,-2,0.2,False
gsm8k,RandOpt,44,300,10,676,4,2-4,10,6,1,1,4,6,-2,-2,1.0,False
gsm8k,RandOpt,44,300,10,677,0,0,10,10,0,1,0,10,-10,-10,1.0,False
gsm8k,RandOpt,44,300,10,678,3,2-4,10,7,1,1,3,7,-4,-4,1.0,False
gsm8k,RandOpt,44,300,10,679,10,5-10,10,0,1,0,10,0,10,10,0.0,True
gsm8k,RandOpt,44,300,10,680,9,5-10,10,1,1,1,9,1,8,8,1.0,True
gsm8k,RandOpt,44,300,10,681,5,5-10,10,5,1,4,5,2,3,3,0.4,True
gsm8k,RandOpt,44,300,10,682,8,5-10,10,2,1,2,8,1,7,7,0.5,True
gsm8k,RandOpt,44,300,10,683,10,5-10,10,0,1,0,10,0,10,10,0.0,True
gsm8k,RandOpt,44,300,10,684,9,5-10,10,1,1,1,9,1,8,8,1.0,True
gsm8k,RandOpt,44,300,10,685,9,5-10,10,1,1,1,9,1,8,8,1.0,True
gsm8k,RandOpt,44,300,10,686,10,5-10,10,0,1,0,10,0,10,10,0.0,True
gsm8k,RandOpt,44,300,10,687,0,0,10,10,0,5,0,6,-6,-6,0.6,False
gsm8k,RandOpt,44,300,10,688,7,5-10,10,3,1,1,7,3,4,4,1.0,True
gsm8k,RandOpt,44,300,10,689,0,0,10,10,0,2,0,8,-8,-8,0.8,False
gsm8k,RandOpt,44,300,10,690,10,5-10,10,0,1,0,10,0,10,10,0.0,True
gsm8k,RandOpt,44,300,10,691,0,0,10,10,0,5,0,4,-4,-4,0.4,False
gsm8k,RandOpt,44,300,10,692,2,2-4,10,8,1,3,2,4,-2,-2,0.5,False
gsm8k,RandOpt,44,300,10,693,9,5-10,10,1,1,1,9,1,8,8,1.0,True
gsm8k,RandOpt,44,300,10,694,9,5-10,10,1,1,1,9,1,8,8,1.0,True
gsm8k,RandOpt,44,300,10,695,3,2-4,10,7,1,2,3,4,-1,-1,0.5714285714285714,False
gsm8k,RandOpt,44,300,10,696,10,5-10,10,0,1,0,10,0,10,10,0.0,True
gsm8k,RandOpt,44,300,10,697,9,5-10,10,1,1,1,9,1,8,8,1.0,True
gsm8k,RandOpt,44,300,10,698,3,2-4,10,7,1,3,3,4,-1,-1,0.5714285714285714,False
gsm8k,RandOpt,44,300,10,699,10,5-10,10,0,1,0,10,0,10,10,0.0,True
gsm8k,RandOpt,44,300,10,700,9,5-10,10,1,1,1,9,1,8,8,1.0,True
gsm8k,RandOpt,44,300,10,701,6,5-10,10,4,1,3,6,2,4,4,0.5,True
gsm8k,RandOpt,44,300,10,702,4,2-4,10,6,2,4,3,3,1,0,0.5,False
gsm8k,RandOpt,44,300,10,703,10,5-10,10,0,1,0,10,0,10,10,0.0,True
gsm8k,RandOpt,44,300,10,704,7,5-10,10,3,1,1,7,3,4,4,1.0,True
gsm8k,RandOpt,44,300,10,705,2,2-4,10,8,1,1,2,8,-6,-6,1.0,False
gsm8k,RandOpt,44,300,10,706,7,5-10,10,3,1,2,7,2,5,5,0.6666666666666666,True
gsm8k,RandOpt,44,300,10,707,6,5-10,10,4,1,3,6,2,4,4,0.5,True
gsm8k,RandOpt,44,300,10,708,7,5-10,10,3,1,2,7,2,5,5,0.6666666666666666,True
gsm8k,RandOpt,44,300,10,709,10,5-10,10,0,1,0,10,0,10,10,0.0,True
gsm8k,RandOpt,44,300,10,710,0,0,10,10,0,2,0,6,-6,-6,0.6,False
gsm8k,RandOpt,44,300,10,711,1,1,10,9,1,4,1,5,-4,-4,0.5555555555555556,False
gsm8k,RandOpt,44,300,10,712,6,5-10,10,4,1,1,6,4,2,2,1.0,True
gsm8k,RandOpt,44,300,10,713,0,0,10,10,0,1,0,10,-10,-10,1.0,False
gsm8k,RandOpt,44,300,10,714,8,5-10,10,2,1,1,8,2,6,6,1.0,True
gsm8k,RandOpt,44,300,10,715,4,2-4,10,6,1,1,4,6,-2,-2,1.0,False
gsm8k,RandOpt,44,300,10,716,10,5-10,10,0,1,0,10,0,10,10,0.0,True
gsm8k,RandOpt,44,300,10,717,1,1,10,9,1,1,1,9,-8,-8,1.0,False
gsm8k,RandOpt,44,300,10,718,9,5-10,10,1,1,1,9,1,8,8,1.0,True
gsm8k,RandOpt,44,300,10,719,8,5-10,10,2,1,1,8,2,6,6,1.0,True
gsm8k,RandOpt,44,300,10,720,10,5-10,10,0,1,0,10,0,10,10,0.0,True
gsm8k,RandOpt,44,300,10,721,0,0,10,10,0,5,0,6,-6,-6,0.6,False
gsm8k,RandOpt,44,300,10,722,0,0,10,10,0,6,0,3,-3,-3,0.3,False
gsm8k,RandOpt,44,300,10,723,8,5-10,10,2,1,1,8,2,6,6,1.0,True
gsm8k,RandOpt,44,300,10,724,1,1,10,9,1,4,1,4,-3,-3,0.4444444444444444,False
gsm8k,RandOpt,44,300,10,725,10,5-10,10,0,1,0,10,0,10,10,0.0,True
gsm8k,RandOpt,44,300,10,726,10,5-10,10,0,1,0,10,0,10,10,0.0,True
gsm8k,RandOpt,44,300,10,727,8,5-10,10,2,1,1,8,2,6,6,1.0,True
gsm8k,RandOpt,44,300,10,728,6,5-10,10,4,1,3,6,2,4,4,0.5,True
gsm8k,RandOpt,44,300,10,729,6,5-10,10,4,1,1,6,4,2,2,1.0,True
gsm8k,RandOpt,44,300,10,730,8,5-10,10,2,1,1,8,2,6,6,1.0,True
gsm8k,RandOpt,44,300,10,731,0,0,10,10,0,1,0,10,-10,-10,1.0,False
gsm8k,RandOpt,44,300,10,732,10,5-10,10,0,1,0,10,0,10,10,0.0,True
gsm8k,RandOpt,44,300,10,733,2,2-4,10,8,1,3,2,5,-3,-3,0.625,False
gsm8k,RandOpt,44,300,10,734,10,5-10,10,0,1,0,10,0,10,10,0.0,True
gsm8k,RandOpt,44,300,10,735,9,5-10,10,1,1,1,9,1,8,8,1.0,True
gsm8k,RandOpt,44,300,10,736,10,5-10,10,0,1,0,10,0,10,10,0.0,True
gsm8k,RandOpt,44,300,10,737,10,5-10,10,0,1,0,10,0,10,10,0.0,True
gsm8k,RandOpt,44,300,10,738,10,5-10,10,0,1,0,10,0,10,10,0.0,True
gsm8k,RandOpt,44,300,10,739,2,2-4,10,8,1,2,2,7,-5,-5,0.875,False
gsm8k,RandOpt,44,300,10,740,5,5-10,10,5,1,3,5,2,3,3,0.4,True
gsm8k,RandOpt,44,300,10,741,9,5-10,10,1,1,1,9,1,8,8,1.0,True
gsm8k,RandOpt,44,300,10,742,10,5-10,10,0,1,0,10,0,10,10,0.0,True
gsm8k,RandOpt,44,300,10,743,4,2-4,10,6,1,1,4,6,-2,-2,1.0,False
gsm8k,RandOpt,44,300,10,744,10,5-10,10,0,1,0,10,0,10,10,0.0,True
gsm8k,RandOpt,44,300,10,745,9,5-10,10,1,1,1,9,1,8,8,1.0,True
gsm8k,RandOpt,44,300,10,746,10,5-10,10,0,1,0,10,0,10,10,0.0,True
gsm8k,RandOpt,44,300,10,747,8,5-10,10,2,1,1,8,2,6,6,1.0,True
gsm8k,RandOpt,44,300,10,748,9,5-10,10,1,1,1,9,1,8,8,1.0,True
gsm8k,RandOpt,44,300,10,749,4,2-4,10,6,1,3,4,3,1,1,0.5,True
gsm8k,RandOpt,44,300,10,750,4,2-4,10,6,1,1,4,6,-2,-2,1.0,False
gsm8k,RandOpt,44,300,10,751,5,5-10,10,5,1,1,5,5,0,0,1.0,False
gsm8k,RandOpt,44,300,10,752,0,0,10,10,0,1,0,10,-10,-10,1.0,False
gsm8k,RandOpt,44,300,10,753,8,5-10,10,2,1,2,8,1,7,7,0.5,True
gsm8k,RandOpt,44,300,10,754,0,0,10,10,0,5,0,5,-5,-5,0.5,False
gsm8k,RandOpt,44,300,10,755,9,5-10,10,1,1,1,9,1,8,8,1.0,True
gsm8k,RandOpt,44,300,10,756,9,5-10,10,1,1,1,9,1,8,8,1.0,True
gsm8k,RandOpt,44,300,10,757,6,5-10,10,4,1,1,6,4,2,2,1.0,True
gsm8k,RandOpt,44,300,10,758,6,5-10,10,4,1,1,6,4,2,2,1.0,True
gsm8k,RandOpt,44,300,10,759,10,5-10,10,0,2,0,6,0,10,6,0.0,True
gsm8k,RandOpt,44,300,10,760,5,5-10,10,5,1,3,5,3,2,2,0.6,True
gsm8k,RandOpt,44,300,10,761,5,5-10,10,5,1,3,5,2,3,3,0.4,True
gsm8k,RandOpt,44,300,10,762,10,5-10,10,0,1,0,10,0,10,10,0.0,True
gsm8k,RandOpt,44,300,10,763,7,5-10,10,3,1,1,7,3,4,4,1.0,True
gsm8k,RandOpt,44,300,10,764,10,5-10,10,0,1,0,10,0,10,10,0.0,True
gsm8k,RandOpt,44,300,10,765,10,5-10,10,0,1,0,10,0,10,10,0.0,True
gsm8k,RandOpt,44,300,10,766,8,5-10,10,2,1,1,8,2,6,6,1.0,True
gsm8k,RandOpt,44,300,10,767,2,2-4,10,8,1,1,2,8,-6,-6,1.0,False
gsm8k,RandOpt,44,300,10,768,0,0,10,10,0,1,0,10,-10,-10,1.0,False
gsm8k,RandOpt,44,300,10,769,1,1,10,9,1,3,1,7,-6,-6,0.7777777777777778,False
gsm8k,RandOpt,44,300,10,770,2,2-4,10,8,1,4,2,3,-1,-1,0.375,False
gsm8k,RandOpt,44,300,10,771,2,2-4,10,8,1,2,2,7,-5,-5,0.875,False
gsm8k,RandOpt,44,300,10,772,10,5-10,10,0,1,0,10,0,10,10,0.0,True
gsm8k,RandOpt,44,300,10,773,10,5-10,10,0,1,0,10,0,10,10,0.0,True
gsm8k,RandOpt,44,300,10,774,9,5-10,10,1,1,1,9,1,8,8,1.0,True
gsm8k,RandOpt,44,300,10,775,8,5-10,10,2,1,1,8,2,6,6,1.0,True
gsm8k,RandOpt,44,300,10,776,4,2-4,10,6,1,1,4,6,-2,-2,1.0,False
gsm8k,RandOpt,44,300,10,777,0,0,10,10,0,7,0,3,-3,-3,0.3,False
gsm8k,RandOpt,44,300,10,778,5,5-10,10,5,1,1,5,5,0,0,1.0,False
gsm8k,RandOpt,44,300,10,779,0,0,10,10,0,1,0,10,-10,-10,1.0,False
gsm8k,RandOpt,44,300,10,780,0,0,10,10,0,9,0,2,-2,-2,0.2,False
gsm8k,RandOpt,44,300,10,781,0,0,10,10,0,2,0,5,-5,-5,0.5,False
gsm8k,RandOpt,44,300,10,782,0,0,10,10,0,1,0,10,-10,-10,1.0,False
gsm8k,RandOpt,44,300,10,783,0,0,10,10,0,6,0,3,-3,-3,0.3,False
gsm8k,RandOpt,44,300,10,784,10,5-10,10,0,1,0,10,0,10,10,0.0,True
gsm8k,RandOpt,44,300,10,785,4,2-4,10,6,1,5,4,2,2,2,0.3333333333333333,True
gsm8k,RandOpt,44,300,10,786,10,5-10,10,0,1,0,10,0,10,10,0.0,True
gsm8k,RandOpt,44,300,10,787,10,5-10,10,0,1,0,10,0,10,10,0.0,True
gsm8k,RandOpt,44,300,10,788,1,1,10,9,1,5,1,3,-2,-2,0.3333333333333333,False
gsm8k,RandOpt,44,300,10,789,7,5-10,10,3,1,1,7,3,4,4,1.0,True
gsm8k,RandOpt,44,300,10,790,0,0,10,10,0,2,0,9,-9,-9,0.9,False
gsm8k,RandOpt,44,300,10,791,2,2-4,10,8,1,2,2,7,-5,-5,0.875,False
gsm8k,RandOpt,44,300,10,792,7,5-10,10,3,1,2,7,2,5,5,0.6666666666666666,True
gsm8k,RandOpt,44,300,10,793,9,5-10,10,1,1,1,9,1,8,8,1.0,True
gsm8k,RandOpt,44,300,10,794,10,5-10,10,0,1,0,10,0,10,10,0.0,True
gsm8k,RandOpt,44,300,10,795,5,5-10,10,5,1,3,5,2,3,3,0.4,True
gsm8k,RandOpt,44,300,10,796,0,0,10,10,0,4,0,6,-6,-6,0.6,False
gsm8k,RandOpt,44,300,10,797,3,2-4,10,7,1,1,3,7,-4,-4,1.0,False
gsm8k,RandOpt,44,300,10,798,1,1,10,9,1,3,1,7,-6,-6,0.7777777777777778,False
gsm8k,RandOpt,44,300,10,799,1,1,10,9,1,1,1,9,-8,-8,1.0,False
gsm8k,RandOpt,44,300,10,800,8,5-10,10,2,1,1,8,2,6,6,1.0,True
gsm8k,RandOpt,44,300,10,801,10,5-10,10,0,1,0,10,0,10,10,0.0,True
gsm8k,RandOpt,44,300,10,802,7,5-10,10,3,1,1,7,3,4,4,1.0,True
gsm8k,RandOpt,44,300,10,803,9,5-10,10,1,1,1,9,1,8,8,1.0,True
gsm8k,RandOpt,44,300,10,804,10,5-10,10,0,1,0,10,0,10,10,0.0,True
gsm8k,RandOpt,44,300,10,805,5,5-10,10,5,1,1,5,5,0,0,1.0,False
gsm8k,RandOpt,44,300,10,806,0,0,10,10,0,4,0,5,-5,-5,0.5,False
gsm8k,RandOpt,44,300,10,807,0,0,10,10,0,2,0,9,-9,-9,0.9,False
gsm8k,RandOpt,44,300,10,808,6,5-10,10,4,1,1,6,4,2,2,1.0,True
gsm8k,RandOpt,44,300,10,809,2,2-4,10,8,1,3,2,6,-4,-4,0.75,False
gsm8k,RandOpt,44,300,10,810,0,0,10,10,0,3,0,7,-7,-7,0.7,False
gsm8k,RandOpt,44,300,10,811,10,5-10,10,0,1,0,10,0,10,10,0.0,True
gsm8k,RandOpt,44,300,10,812,1,1,10,9,1,3,1,7,-6,-6,0.7777777777777778,False
gsm8k,RandOpt,44,300,10,813,10,5-10,10,0,1,0,10,0,10,10,0.0,True
gsm8k,RandOpt,44,300,10,814,0,0,10,10,0,7,0,4,-4,-4,0.4,False
gsm8k,RandOpt,44,300,10,815,3,2-4,10,7,1,6,3,2,1,1,0.2857142857142857,True
gsm8k,RandOpt,44,300,10,816,0,0,10,10,0,1,0,10,-10,-10,1.0,False
gsm8k,RandOpt,44,300,10,817,9,5-10,10,1,1,1,9,1,8,8,1.0,True
gsm8k,RandOpt,44,300,10,818,10,5-10,10,0,1,0,10,0,10,10,0.0,True
gsm8k,RandOpt,44,300,10,819,0,0,10,10,0,1,0,10,-10,-10,1.0,False
gsm8k,RandOpt,44,300,10,820,10,5-10,10,0,1,0,10,0,10,10,0.0,True
gsm8k,RandOpt,44,300,10,821,9,5-10,10,1,1,1,9,1,8,8,1.0,True
gsm8k,RandOpt,44,300,10,822,8,5-10,10,2,1,2,8,1,7,7,0.5,True
gsm8k,RandOpt,44,300,10,823,0,0,10,10,0,2,0,9,-9,-9,0.9,False
gsm8k,RandOpt,44,300,10,824,5,5-10,10,5,1,1,5,5,0,0,1.0,True
gsm8k,RandOpt,44,300,10,825,10,5-10,10,0,1,0,10,0,10,10,0.0,True
gsm8k,RandOpt,44,300,10,826,10,5-10,10,0,1,0,10,0,10,10,0.0,True
gsm8k,RandOpt,44,300,10,827,2,2-4,10,8,1,5,2,3,-1,-1,0.375,False
gsm8k,RandOpt,44,300,10,828,5,5-10,10,5,1,2,5,4,1,1,0.8,True
gsm8k,RandOpt,44,300,10,829,10,5-10,10,0,2,0,9,0,10,9,0.0,True
gsm8k,RandOpt,44,300,10,830,8,5-10,10,2,1,1,8,2,6,6,1.0,True
gsm8k,RandOpt,44,300,10,831,0,0,10,10,0,9,0,2,-2,-2,0.2,False
gsm8k,RandOpt,44,300,10,832,3,2-4,10,7,1,3,3,5,-2,-2,0.7142857142857143,False
gsm8k,RandOpt,44,300,10,833,8,5-10,10,2,1,2,8,1,7,7,0.5,True
gsm8k,RandOpt,44,300,10,834,10,5-10,10,0,1,0,10,0,10,10,0.0,True
gsm8k,RandOpt,44,300,10,835,0,0,10,10,0,5,0,5,-5,-5,0.5,False
gsm8k,RandOpt,44,300,10,836,6,5-10,10,4,1,1,6,4,2,2,1.0,True
gsm8k,RandOpt,44,300,10,837,0,0,10,10,0,4,0,7,-7,-7,0.7,False
gsm8k,RandOpt,44,300,10,838,10,5-10,10,0,1,0,10,0,10,10,0.0,True
gsm8k,RandOpt,44,300,10,839,0,0,10,10,0,1,0,10,-10,-10,1.0,False
gsm8k,RandOpt,44,300,10,840,3,2-4,10,7,1,1,3,7,-4,-4,1.0,False
gsm8k,RandOpt,44,300,10,841,0,0,10,10,0,1,0,10,-10,-10,1.0,False
gsm8k,RandOpt,44,300,10,842,9,5-10,10,1,1,1,9,1,8,8,1.0,True
gsm8k,RandOpt,44,300,10,843,9,5-10,10,1,1,1,9,1,8,8,1.0,True
gsm8k,RandOpt,44,300,10,844,3,2-4,10,7,1,3,3,4,-1,-1,0.5714285714285714,False
gsm8k,RandOpt,44,300,10,845,3,2-4,10,7,1,4,3,4,-1,-1,0.5714285714285714,False
gsm8k,RandOpt,44,300,10,846,0,0,10,10,0,1,0,10,-10,-10,1.0,False
gsm8k,RandOpt,44,300,10,847,1,1,10,9,1,4,1,5,-4,-4,0.5555555555555556,False
gsm8k,RandOpt,44,300,10,848,10,5-10,10,0,1,0,10,0,10,10,0.0,True
gsm8k,RandOpt,44,300,10,849,6,5-10,10,4,1,1,6,4,2,2,1.0,True
gsm8k,RandOpt,44,300,10,850,9,5-10,10,1,1,1,9,1,8,8,1.0,True
gsm8k,RandOpt,44,300,10,851,3,2-4,10,7,1,1,3,7,-4,-4,1.0,False
gsm8k,RandOpt,44,300,10,852,7,5-10,10,3,1,2,7,2,5,5,0.6666666666666666,True
gsm8k,RandOpt,44,300,10,853,10,5-10,10,0,1,0,10,0,10,10,0.0,True
gsm8k,RandOpt,44,300,10,854,10,5-10,10,0,1,0,10,0,10,10,0.0,True
gsm8k,RandOpt,44,300,10,855,1,1,10,9,1,8,1,2,-1,-1,0.2222222222222222,False
gsm8k,RandOpt,44,300,10,856,8,5-10,10,2,1,1,8,2,6,6,1.0,True
gsm8k,RandOpt,44,300,10,857,9,5-10,10,1,1,1,9,1,8,8,1.0,True
gsm8k,RandOpt,44,300,10,858,6,5-10,10,4,1,2,6,3,3,3,0.75,True
gsm8k,RandOpt,44,300,10,859,2,2-4,10,8,1,1,2,8,-6,-6,1.0,False
gsm8k,RandOpt,44,300,10,860,9,5-10,10,1,1,1,9,1,8,8,1.0,True
gsm8k,RandOpt,44,300,10,861,0,0,10,10,0,2,0,5,-5,-5,0.5,False
gsm8k,RandOpt,44,300,10,862,10,5-10,10,0,1,0,10,0,10,10,0.0,True
gsm8k,RandOpt,44,300,10,863,9,5-10,10,1,1,1,9,1,8,8,1.0,True
gsm8k,RandOpt,44,300,10,864,0,0,10,10,0,6,0,4,-4,-4,0.4,False
gsm8k,RandOpt,44,300,10,865,9,5-10,10,1,1,1,9,1,8,8,1.0,True
gsm8k,RandOpt,44,300,10,866,10,5-10,10,0,1,0,10,0,10,10,0.0,True
gsm8k,RandOpt,44,300,10,867,10,5-10,10,0,1,0,10,0,10,10,0.0,True
gsm8k,RandOpt,44,300,10,868,5,5-10,10,5,1,1,5,5,0,0,1.0,False
gsm8k,RandOpt,44,300,10,869,4,2-4,10,6,1,2,4,4,0,0,0.6666666666666666,False
gsm8k,RandOpt,44,300,10,870,6,5-10,10,4,1,1,6,4,2,2,1.0,True
gsm8k,RandOpt,44,300,10,871,10,5-10,10,0,1,0,10,0,10,10,0.0,True
gsm8k,RandOpt,44,300,10,872,0,0,10,10,0,2,0,7,-7,-7,0.7,False
gsm8k,RandOpt,44,300,10,873,0,0,10,10,0,2,0,6,-6,-6,0.6,False
gsm8k,RandOpt,44,300,10,874,1,1,10,9,1,1,1,9,-8,-8,1.0,False
gsm8k,RandOpt,44,300,10,875,9,5-10,10,1,1,1,9,1,8,8,1.0,True
gsm8k,RandOpt,44,300,10,876,9,5-10,10,1,1,1,9,1,8,8,1.0,True
gsm8k,RandOpt,44,300,10,877,5,5-10,10,5,1,3,5,3,2,2,0.6,True
gsm8k,RandOpt,44,300,10,878,9,5-10,10,1,1,1,9,1,8,8,1.0,True
gsm8k,RandOpt,44,300,10,879,10,5-10,10,0,1,0,10,0,10,10,0.0,True
gsm8k,RandOpt,44,300,10,880,1,1,10,9,1,6,1,4,-3,-3,0.4444444444444444,False
gsm8k,RandOpt,44,300,10,881,10,5-10,10,0,1,0,10,0,10,10,0.0,True
gsm8k,RandOpt,44,300,10,882,0,0,10,10,0,3,0,7,-7,-7,0.7,False
gsm8k,RandOpt,44,300,10,883,3,2-4,10,7,1,4,3,4,-1,-1,0.5714285714285714,False
gsm8k,RandOpt,44,300,10,884,10,5-10,10,0,1,0,10,0,10,10,0.0,True
gsm8k,RandOpt,44,300,10,885,7,5-10,10,3,1,1,7,3,4,4,1.0,True
gsm8k,RandOpt,44,300,10,886,10,5-10,10,0,1,0,10,0,10,10,0.0,True
gsm8k,RandOpt,44,300,10,887,10,5-10,10,0,1,0,10,0,10,10,0.0,True
gsm8k,RandOpt,44,300,10,888,10,5-10,10,0,1,0,10,0,10,10,0.0,True
gsm8k,RandOpt,44,300,10,889,10,5-10,10,0,1,0,10,0,10,10,0.0,True
gsm8k,RandOpt,44,300,10,890,10,5-10,10,0,1,0,10,0,10,10,0.0,True
gsm8k,RandOpt,44,300,10,891,10,5-10,10,0,1,0,10,0,10,10,0.0,True
gsm8k,RandOpt,44,300,10,892,9,5-10,10,1,1,1,9,1,8,8,1.0,True
gsm8k,RandOpt,44,300,10,893,10,5-10,10,0,1,0,10,0,10,10,0.0,True
gsm8k,RandOpt,44,300,10,894,1,1,10,9,1,5,1,4,-3,-3,0.4444444444444444,False
gsm8k,RandOpt,44,300,10,895,10,5-10,10,0,1,0,10,0,10,10,0.0,True
gsm8k,RandOpt,44,300,10,896,9,5-10,10,1,1,1,9,1,8,8,1.0,True
gsm8k,RandOpt,44,300,10,897,5,5-10,10,5,1,2,5,4,1,1,0.8,True
gsm8k,RandOpt,44,300,10,898,10,5-10,10,0,1,0,10,0,10,10,0.0,True
gsm8k,RandOpt,44,300,10,899,10,5-10,10,0,1,0,10,0,10,10,0.0,True
gsm8k,RandOpt,44,300,10,900,7,5-10,10,3,1,1,7,3,4,4,1.0,True
gsm8k,RandOpt,44,300,10,901,2,2-4,10,8,1,5,2,3,-1,-1,0.375,False
gsm8k,RandOpt,44,300,10,902,0,0,10,10,0,1,0,10,-10,-10,1.0,False
gsm8k,RandOpt,44,300,10,903,9,5-10,10,1,1,1,9,1,8,8,1.0,True
gsm8k,RandOpt,44,300,10,904,10,5-10,10,0,1,0,10,0,10,10,0.0,True
gsm8k,RandOpt,44,300,10,905,8,5-10,10,2,1,2,8,1,7,7,0.5,True
gsm8k,RandOpt,44,300,10,906,10,5-10,10,0,1,0,10,0,10,10,0.0,True
gsm8k,RandOpt,44,300,10,907,7,5-10,10,3,1,1,7,3,4,4,1.0,True
gsm8k,RandOpt,44,300,10,908,8,5-10,10,2,1,1,8,2,6,6,1.0,True
gsm8k,RandOpt,44,300,10,909,1,1,10,9,1,1,1,9,-8,-8,1.0,False
gsm8k,RandOpt,44,300,10,910,10,5-10,10,0,1,0,10,0,10,10,0.0,True
gsm8k,RandOpt,44,300,10,911,10,5-10,10,0,1,0,10,0,10,10,0.0,True
gsm8k,RandOpt,44,300,10,912,9,5-10,10,1,1,1,9,1,8,8,1.0,True
gsm8k,RandOpt,44,300,10,913,5,5-10,10,5,1,3,5,2,3,3,0.4,True
gsm8k,RandOpt,44,300,10,914,9,5-10,10,1,1,1,9,1,8,8,1.0,True
gsm8k,RandOpt,44,300,10,915,9,5-10,10,1,1,1,9,1,8,8,1.0,True
gsm8k,RandOpt,44,300,10,916,5,5-10,10,5,1,4,5,2,3,3,0.4,True
gsm8k,RandOpt,44,300,10,917,7,5-10,10,3,1,1,7,3,4,4,1.0,True
gsm8k,RandOpt,44,300,10,918,10,5-10,10,0,1,0,10,0,10,10,0.0,True
gsm8k,RandOpt,44,300,10,919,10,5-10,10,0,1,0,10,0,10,10,0.0,True
gsm8k,RandOpt,44,300,10,920,0,0,10,10,0,5,0,5,-5,-5,0.5,False
gsm8k,RandOpt,44,300,10,921,10,5-10,10,0,1,0,10,0,10,10,0.0,True
gsm8k,RandOpt,44,300,10,922,6,5-10,10,4,1,2,6,3,3,3,0.75,True
gsm8k,RandOpt,44,300,10,923,3,2-4,10,7,1,4,3,3,0,0,0.42857142857142855,True
gsm8k,RandOpt,44,300,10,924,6,5-10,10,4,1,2,6,3,3,3,0.75,True
gsm8k,RandOpt,44,300,10,925,10,5-10,10,0,1,0,10,0,10,10,0.0,True
gsm8k,RandOpt,44,300,10,926,3,2-4,10,7,1,5,3,3,0,0,0.42857142857142855,True
gsm8k,RandOpt,44,300,10,927,1,1,10,9,1,2,1,5,-4,-4,0.5555555555555556,False
gsm8k,RandOpt,44,300,10,928,10,5-10,10,0,1,0,10,0,10,10,0.0,True
gsm8k,RandOpt,44,300,10,929,10,5-10,10,0,1,0,10,0,10,10,0.0,True
gsm8k,RandOpt,44,300,10,930,9,5-10,10,1,1,1,9,1,8,8,1.0,True
gsm8k,RandOpt,44,300,10,931,4,2-4,10,6,1,4,4,2,2,2,0.3333333333333333,True
gsm8k,RandOpt,44,300,10,932,5,5-10,10,5,1,2,5,4,1,1,0.8,True
gsm8k,RandOpt,44,300,10,933,4,2-4,10,6,1,4,4,2,2,2,0.3333333333333333,True
gsm8k,RandOpt,44,300,10,934,1,1,10,9,1,5,1,3,-2,-2,0.3333333333333333,False
gsm8k,RandOpt,44,300,10,935,0,0,10,10,0,3,0,8,-8,-8,0.8,False
gsm8k,RandOpt,44,300,10,936,0,0,10,10,0,5,0,4,-4,-4,0.4,False
gsm8k,RandOpt,44,300,10,937,10,5-10,10,0,1,0,10,0,10,10,0.0,True
gsm8k,RandOpt,44,300,10,938,1,1,10,9,1,4,1,6,-5,-5,0.6666666666666666,False
gsm8k,RandOpt,44,300,10,939,9,5-10,10,1,1,1,9,1,8,8,1.0,True
gsm8k,RandOpt,44,300,10,940,7,5-10,10,3,1,1,7,3,4,4,1.0,True
gsm8k,RandOpt,44,300,10,941,7,5-10,10,3,1,3,7,1,6,6,0.3333333333333333,True
gsm8k,RandOpt,44,300,10,942,0,0,10,10,0,2,0,9,-9,-9,0.9,False
gsm8k,RandOpt,44,300,10,943,0,0,10,10,0,5,0,5,-5,-5,0.5,False
gsm8k,RandOpt,44,300,10,944,10,5-10,10,0,1,0,10,0,10,10,0.0,True
gsm8k,RandOpt,44,300,10,945,10,5-10,10,0,1,0,10,0,10,10,0.0,True
gsm8k,RandOpt,44,300,10,946,10,5-10,10,0,1,0,10,0,10,10,0.0,True
gsm8k,RandOpt,44,300,10,947,2,2-4,10,8,1,1,2,8,-6,-6,1.0,False
gsm8k,RandOpt,44,300,10,948,0,0,10,10,0,5,0,3,-3,-3,0.3,False
gsm8k,RandOpt,44,300,10,949,9,5-10,10,1,1,1,9,1,8,8,1.0,True
gsm8k,RandOpt,44,300,10,950,8,5-10,10,2,1,1,8,2,6,6,1.0,True
gsm8k,RandOpt,44,300,10,951,3,2-4,10,7,1,1,3,7,-4,-4,1.0,False
gsm8k,RandOpt,44,300,10,952,0,0,10,10,0,1,0,10,-10,-10,1.0,False
gsm8k,RandOpt,44,300,10,953,3,2-4,10,7,1,7,3,1,2,2,0.14285714285714285,True
gsm8k,RandOpt,44,300,10,954,9,5-10,10,1,1,1,9,1,8,8,1.0,True
gsm8k,RandOpt,44,300,10,955,9,5-10,10,1,1,1,9,1,8,8,1.0,True
gsm8k,RandOpt,44,300,10,956,2,2-4,10,8,1,2,2,7,-5,-5,0.875,False
gsm8k,RandOpt,44,300,10,957,10,5-10,10,0,1,0,10,0,10,10,0.0,True
gsm8k,RandOpt,44,300,10,958,1,1,10,9,1,2,1,7,-6,-6,0.7777777777777778,False
gsm8k,RandOpt,44,300,10,959,9,5-10,10,1,1,1,9,1,8,8,1.0,True
gsm8k,RandOpt,44,300,10,960,6,5-10,10,4,1,3,6,2,4,4,0.5,True
gsm8k,RandOpt,44,300,10,961,4,2-4,10,6,1,6,4,1,3,3,0.16666666666666666,True
gsm8k,RandOpt,44,300,10,962,1,1,10,9,1,1,1,9,-8,-8,1.0,False
gsm8k,RandOpt,44,300,10,963,7,5-10,10,3,1,3,7,1,6,6,0.3333333333333333,True
gsm8k,RandOpt,44,300,10,964,6,5-10,10,4,1,1,6,4,2,2,1.0,True
gsm8k,RandOpt,44,300,10,965,0,0,10,10,0,2,0,9,-9,-9,0.9,False
gsm8k,RandOpt,44,300,10,966,5,5-10,10,5,1,4,5,2,3,3,0.4,True
gsm8k,RandOpt,44,300,10,967,9,5-10,10,1,1,1,9,1,8,8,1.0,True
gsm8k,RandOpt,44,300,10,968,9,5-10,10,1,1,1,9,1,8,8,1.0,True
gsm8k,RandOpt,44,300,10,969,3,2-4,10,7,1,4,3,3,0,0,0.42857142857142855,True
gsm8k,RandOpt,44,300,10,970,3,2-4,10,7,1,1,3,7,-4,-4,1.0,False
gsm8k,RandOpt,44,300,10,971,1,1,10,9,1,1,1,9,-8,-8,1.0,False
gsm8k,RandOpt,44,300,10,972,0,0,10,10,0,5,0,3,-3,-3,0.3,False
gsm8k,RandOpt,44,300,10,973,6,5-10,10,4,1,2,6,2,4,4,0.5,True
gsm8k,RandOpt,44,300,10,974,5,5-10,10,5,1,1,5,5,0,0,1.0,False
gsm8k,RandOpt,44,300,10,975,10,5-10,10,0,1,0,10,0,10,10,0.0,True
gsm8k,RandOpt,44,300,10,976,5,5-10,10,5,1,1,5,5,0,0,1.0,False
gsm8k,RandOpt,44,300,10,977,10,5-10,10,0,1,0,10,0,10,10,0.0,True
gsm8k,RandOpt,44,300,10,978,4,2-4,10,6,1,1,4,6,-2,-2,1.0,False
gsm8k,RandOpt,44,300,10,979,2,2-4,10,8,1,6,2,2,0,0,0.25,True
gsm8k,RandOpt,44,300,10,980,5,5-10,10,5,1,1,5,5,0,0,1.0,False
gsm8k,RandOpt,44,300,10,981,10,5-10,10,0,1,0,10,0,10,10,0.0,True
gsm8k,RandOpt,44,300,10,982,9,5-10,10,1,1,1,9,1,8,8,1.0,True
gsm8k,RandOpt,44,300,10,983,1,1,10,9,1,1,1,9,-8,-8,1.0,False
gsm8k,RandOpt,44,300,10,984,2,2-4,10,8,1,6,2,2,0,0,0.25,True
gsm8k,RandOpt,44,300,10,985,10,5-10,10,0,1,0,10,0,10,10,0.0,True
gsm8k,RandOpt,44,300,10,986,4,2-4,10,6,1,1,4,6,-2,-2,1.0,False
gsm8k,RandOpt,44,300,10,987,10,5-10,10,0,1,0,10,0,10,10,0.0,True
gsm8k,RandOpt,44,300,10,988,9,5-10,10,1,1,1,9,1,8,8,1.0,True
gsm8k,RandOpt,44,300,10,989,1,1,10,9,1,2,1,8,-7,-7,0.8888888888888888,False
gsm8k,RandOpt,44,300,10,990,1,1,10,9,1,3,1,5,-4,-4,0.5555555555555556,False
gsm8k,RandOpt,44,300,10,991,3,2-4,10,7,1,5,3,2,1,1,0.2857142857142857,True
gsm8k,RandOpt,44,300,10,992,2,2-4,10,8,1,4,2,4,-2,-2,0.5,False
gsm8k,RandOpt,44,300,10,993,0,0,10,10,0,5,0,4,-4,-4,0.4,False
gsm8k,RandOpt,44,300,10,994,10,5-10,10,0,1,0,10,0,10,10,0.0,True
gsm8k,RandOpt,44,300,10,995,6,5-10,10,4,1,1,6,4,2,2,1.0,True
gsm8k,RandOpt,44,300,10,996,7,5-10,10,3,1,1,7,3,4,4,1.0,True
gsm8k,RandOpt,44,300,10,997,1,1,10,9,1,3,1,6,-5,-5,0.6666666666666666,False
gsm8k,RandOpt,44,300,10,998,6,5-10,10,4,1,1,6,4,2,2,1.0,True
gsm8k,RandOpt,44,300,10,999,6,5-10,10,4,1,2,6,3,3,3,0.75,True
gsm8k,RandOpt,44,300,10,1000,7,5-10,10,3,1,2,7,2,5,5,0.6666666666666666,True
gsm8k,RandOpt,44,300,10,1001,1,1,10,9,1,3,1,5,-4,-4,0.5555555555555556,False
gsm8k,RandOpt,44,300,10,1002,7,5-10,10,3,1,1,7,3,4,4,1.0,True
gsm8k,RandOpt,44,300,10,1003,7,5-10,10,3,1,3,7,1,6,6,0.3333333333333333,True
gsm8k,RandOpt,44,300,10,1004,10,5-10,10,0,1,0,10,0,10,10,0.0,True
gsm8k,RandOpt,44,300,10,1005,10,5-10,10,0,1,0,10,0,10,10,0.0,True
gsm8k,RandOpt,44,300,10,1006,0,0,10,10,0,3,0,8,-8,-8,0.8,False
gsm8k,RandOpt,44,300,10,1007,9,5-10,10,1,1,1,9,1,8,8,1.0,True
gsm8k,RandOpt,44,300,10,1008,10,5-10,10,0,1,0,10,0,10,10,0.0,True
gsm8k,RandOpt,44,300,10,1009,7,5-10,10,3,1,1,7,3,4,4,1.0,True
gsm8k,RandOpt,44,300,10,1010,8,5-10,10,2,1,1,8,2,6,6,1.0,True
gsm8k,RandOpt,44,300,10,1011,5,5-10,10,5,1,2,5,4,1,1,0.8,True
gsm8k,RandOpt,44,300,10,1012,0,0,10,10,0,9,0,2,-2,-2,0.2,False
gsm8k,RandOpt,44,300,10,1013,7,5-10,10,3,1,3,7,1,6,6,0.3333333333333333,True
gsm8k,RandOpt,44,300,10,1014,7,5-10,10,3,1,2,7,2,5,5,0.6666666666666666,True
gsm8k,RandOpt,44,300,10,1015,9,5-10,10,1,1,1,9,1,8,8,1.0,True
gsm8k,RandOpt,44,300,10,1016,3,2-4,10,7,1,1,3,7,-4,-4,1.0,False
gsm8k,RandOpt,44,300,10,1017,8,5-10,10,2,1,2,8,1,7,7,0.5,True
gsm8k,RandOpt,44,300,10,1018,10,5-10,10,0,1,0,10,0,10,10,0.0,True
gsm8k,RandOpt,44,300,10,1019,2,2-4,10,8,1,6,2,3,-1,-1,0.375,False
gsm8k,RandOpt,44,300,10,1020,8,5-10,10,2,1,1,8,2,6,6,1.0,True
gsm8k,RandOpt,44,300,10,1021,8,5-10,10,2,1,1,8,2,6,6,1.0,True
gsm8k,RandOpt,44,300,10,1022,4,2-4,10,6,1,1,4,6,-2,-2,1.0,False
gsm8k,RandOpt,44,300,10,1023,10,5-10,10,0,1,0,10,0,10,10,0.0,True
gsm8k,RandOpt,44,300,10,1024,6,5-10,10,4,1,1,6,4,2,2,1.0,True
gsm8k,RandOpt,44,300,10,1025,9,5-10,10,1,1,1,9,1,8,8,1.0,True
gsm8k,RandOpt,44,300,10,1026,10,5-10,10,0,1,0,10,0,10,10,0.0,True
gsm8k,RandOpt,44,300,10,1027,10,5-10,10,0,1,0,10,0,10,10,0.0,True
gsm8k,RandOpt,44,300,10,1028,10,5-10,10,0,1,0,10,0,10,10,0.0,True
gsm8k,RandOpt,44,300,10,1029,0,0,10,10,0,1,0,10,-10,-10,1.0,False
gsm8k,RandOpt,44,300,10,1030,0,0,10,10,0,8,0,2,-2,-2,0.2,False
gsm8k,RandOpt,44,300,10,1031,9,5-10,10,1,1,1,9,1,8,8,1.0,True
gsm8k,RandOpt,44,300,10,1032,4,2-4,10,6,1,1,4,6,-2,-2,1.0,False
gsm8k,RandOpt,44,300,10,1033,9,5-10,10,1,1,1,9,1,8,8,1.0,True
gsm8k,RandOpt,44,300,10,1034,8,5-10,10,2,1,1,8,2,6,6,1.0,True
gsm8k,RandOpt,44,300,10,1035,0,0,10,10,0,1,0,10,-10,-10,1.0,False
gsm8k,RandOpt,44,300,10,1036,10,5-10,10,0,1,0,10,0,10,10,0.0,True
gsm8k,RandOpt,44,300,10,1037,8,5-10,10,2,1,1,8,2,6,6,1.0,True
gsm8k,RandOpt,44,300,10,1038,4,2-4,10,6,1,2,4,5,-1,-1,0.8333333333333334,False
gsm8k,RandOpt,44,300,10,1039,10,5-10,10,0,1,0,10,0,10,10,0.0,True
gsm8k,RandOpt,44,300,10,1040,10,5-10,10,0,1,0,10,0,10,10,0.0,True
gsm8k,RandOpt,44,300,10,1041,7,5-10,10,3,1,1,7,3,4,4,1.0,True
gsm8k,RandOpt,44,300,10,1042,0,0,10,10,0,4,0,7,-7,-7,0.7,False
gsm8k,RandOpt,44,300,10,1043,9,5-10,10,1,2,1,6,1,8,5,1.0,True
gsm8k,RandOpt,44,300,10,1044,10,5-10,10,0,1,0,10,0,10,10,0.0,True
gsm8k,RandOpt,44,300,10,1045,6,5-10,10,4,1,1,6,4,2,2,1.0,True
gsm8k,RandOpt,44,300,10,1046,0,0,10,10,0,7,0,3,-3,-3,0.3,False
gsm8k,RandOpt,44,300,10,1047,10,5-10,10,0,1,0,10,0,10,10,0.0,True
gsm8k,RandOpt,44,300,10,1048,0,0,10,10,0,7,0,3,-3,-3,0.3,False
gsm8k,RandOpt,44,300,10,1049,7,5-10,10,3,1,1,7,3,4,4,1.0,True
gsm8k,RandOpt,44,300,10,1050,0,0,10,10,0,1,0,10,-10,-10,1.0,False
gsm8k,RandOpt,44,300,10,1051,3,2-4,10,7,1,1,3,7,-4,-4,1.0,False
gsm8k,RandOpt,44,300,10,1052,6,5-10,10,4,1,1,6,4,2,2,1.0,True
gsm8k,RandOpt,44,300,10,1053,9,5-10,10,1,1,1,9,1,8,8,1.0,True
gsm8k,RandOpt,44,300,10,1054,5,5-10,10,5,1,1,5,5,0,0,1.0,True
gsm8k,RandOpt,44,300,10,1055,9,5-10,10,1,1,1,9,1,8,8,1.0,True
gsm8k,RandOpt,44,300,10,1056,3,2-4,10,7,1,5,3,3,0,0,0.42857142857142855,False
gsm8k,RandOpt,44,300,10,1057,10,5-10,10,0,1,0,10,0,10,10,0.0,True
gsm8k,RandOpt,44,300,10,1058,9,5-10,10,1,1,1,9,1,8,8,1.0,True
gsm8k,RandOpt,44,300,10,1059,9,5-10,10,1,1,1,9,1,8,8,1.0,True
gsm8k,RandOpt,44,300,10,1060,10,5-10,10,0,1,0,10,0,10,10,0.0,True
gsm8k,RandOpt,44,300,10,1061,10,5-10,10,0,1,0,10,0,10,10,0.0,True
gsm8k,RandOpt,44,300,10,1062,2,2-4,10,8,1,2,2,6,-4,-4,0.75,False
gsm8k,RandOpt,44,300,10,1063,10,5-10,10,0,1,0,10,0,10,10,0.0,True
gsm8k,RandOpt,44,300,10,1064,7,5-10,10,3,1,1,7,3,4,4,1.0,True
gsm8k,RandOpt,44,300,10,1065,10,5-10,10,0,1,0,10,0,10,10,0.0,True
gsm8k,RandOpt,44,300,10,1066,10,5-10,10,0,1,0,10,0,10,10,0.0,True
gsm8k,RandOpt,44,300,10,1067,10,5-10,10,0,1,0,10,0,10,10,0.0,True
gsm8k,RandOpt,44,300,10,1068,3,2-4,10,7,1,3,3,3,0,0,0.42857142857142855,False
gsm8k,RandOpt,44,300,10,1069,2,2-4,10,8,1,2,2,7,-5,-5,0.875,False
gsm8k,RandOpt,44,300,10,1070,0,0,10,10,0,6,0,3,-3,-3,0.3,False
gsm8k,RandOpt,44,300,10,1071,0,0,10,10,0,5,0,5,-5,-5,0.5,False
gsm8k,RandOpt,44,300,10,1072,10,5-10,10,0,1,0,10,0,10,10,0.0,True
gsm8k,RandOpt,44,300,10,1073,3,2-4,10,7,1,4,3,3,0,0,0.42857142857142855,True
gsm8k,RandOpt,44,300,10,1074,5,5-10,10,5,1,1,5,5,0,0,1.0,False
gsm8k,RandOpt,44,300,10,1075,0,0,10,10,0,6,0,3,-3,-3,0.3,False
gsm8k,RandOpt,44,300,10,1076,2,2-4,10,8,1,2,2,7,-5,-5,0.875,False
gsm8k,RandOpt,44,300,10,1077,7,5-10,10,3,1,3,7,1,6,6,0.3333333333333333,True
gsm8k,RandOpt,44,300,10,1078,0,0,10,10,0,1,0,10,-10,-10,1.0,False
gsm8k,RandOpt,44,300,10,1079,10,5-10,10,0,1,0,10,0,10,10,0.0,True
gsm8k,RandOpt,44,300,10,1080,10,5-10,10,0,1,0,10,0,10,10,0.0,True
gsm8k,RandOpt,44,300,10,1081,3,2-4,10,7,1,1,3,7,-4,-4,1.0,False
gsm8k,RandOpt,44,300,10,1082,0,0,10,10,0,3,0,7,-7,-7,0.7,False
gsm8k,RandOpt,44,300,10,1083,3,2-4,10,7,1,4,3,4,-1,-1,0.5714285714285714,False
gsm8k,RandOpt,44,300,10,1084,2,2-4,10,8,1,2,2,6,-4,-4,0.75,False
gsm8k,RandOpt,44,300,10,1085,2,2-4,10,8,1,2,2,6,-4,-4,0.75,False
gsm8k,RandOpt,44,300,10,1086,10,5-10,10,0,2,0,8,0,10,8,0.0,True
gsm8k,RandOpt,44,300,10,1087,10,5-10,10,0,1,0,10,0,10,10,0.0,True
gsm8k,RandOpt,44,300,10,1088,0,0,10,10,0,6,0,4,-4,-4,0.4,False
gsm8k,RandOpt,44,300,10,1089,6,5-10,10,4,1,2,6,3,3,3,0.75,True
gsm8k,RandOpt,44,300,10,1090,10,5-10,10,0,1,0,10,0,10,10,0.0,True
gsm8k,RandOpt,44,300,10,1091,5,5-10,10,5,1,2,5,3,2,2,0.6,True
gsm8k,RandOpt,44,300,10,1092,5,5-10,10,5,1,1,5,5,0,0,1.0,False
gsm8k,RandOpt,44,300,10,1093,8,5-10,10,2,1,2,8,1,7,7,0.5,True
gsm8k,RandOpt,44,300,10,1094,5,5-10,10,5,1,4,5,2,3,3,0.4,True
gsm8k,RandOpt,44,300,10,1095,10,5-10,10,0,1,0,10,0,10,10,0.0,True
gsm8k,RandOpt,44,300,10,1096,9,5-10,10,1,1,1,9,1,8,8,1.0,True
gsm8k,RandOpt,44,300,10,1097,10,5-10,10,0,1,0,10,0,10,10,0.0,True
gsm8k,RandOpt,44,300,10,1098,10,5-10,10,0,1,0,10,0,10,10,0.0,True
gsm8k,RandOpt,44,300,10,1099,10,5-10,10,0,1,0,10,0,10,10,0.0,True
gsm8k,RandOpt,44,300,10,1100,2,2-4,10,8,1,3,2,4,-2,-2,0.5,False
gsm8k,RandOpt,44,300,10,1101,10,5-10,10,0,1,0,10,0,10,10,0.0,True
gsm8k,RandOpt,44,300,10,1102,0,0,10,10,0,2,0,7,-7,-7,0.7,False
gsm8k,RandOpt,44,300,10,1103,9,5-10,10,1,1,1,9,1,8,8,1.0,True
gsm8k,RandOpt,44,300,10,1104,10,5-10,10,0,1,0,10,0,10,10,0.0,True
gsm8k,RandOpt,44,300,10,1105,0,0,10,10,0,5,0,4,-4,-4,0.4,False
gsm8k,RandOpt,44,300,10,1106,10,5-10,10,0,1,0,10,0,10,10,0.0,True
gsm8k,RandOpt,44,300,10,1107,10,5-10,10,0,1,0,10,0,10,10,0.0,True
gsm8k,RandOpt,44,300,10,1108,7,5-10,10,3,1,1,7,3,4,4,1.0,True
gsm8k,RandOpt,44,300,10,1109,10,5-10,10,0,1,0,10,0,10,10,0.0,True
gsm8k,RandOpt,44,300,10,1110,6,5-10,10,4,1,4,6,1,5,5,0.25,True
gsm8k,RandOpt,44,300,10,1111,10,5-10,10,0,1,0,10,0,10,10,0.0,True
gsm8k,RandOpt,44,300,10,1112,10,5-10,10,0,1,0,10,0,10,10,0.0,True
gsm8k,RandOpt,44,300,10,1113,10,5-10,10,0,1,0,10,0,10,10,0.0,True
gsm8k,RandOpt,44,300,10,1114,7,5-10,10,3,1,1,7,3,4,4,1.0,True
gsm8k,RandOpt,44,300,10,1115,0,0,10,10,0,4,0,4,-4,-4,0.4,False
gsm8k,RandOpt,44,300,10,1116,10,5-10,10,0,1,0,10,0,10,10,0.0,True
gsm8k,RandOpt,44,300,10,1117,4,2-4,10,6,1,2,4,5,-1,-1,0.8333333333333334,False
gsm8k,RandOpt,44,300,10,1118,0,0,10,10,0,1,0,10,-10,-10,1.0,False
gsm8k,RandOpt,44,300,10,1119,7,5-10,10,3,1,1,7,3,4,4,1.0,True
gsm8k,RandOpt,44,300,10,1120,4,2-4,10,6,1,1,4,6,-2,-2,1.0,False
gsm8k,RandOpt,44,300,10,1121,10,5-10,10,0,1,0,10,0,10,10,0.0,True
gsm8k,RandOpt,44,300,10,1122,0,0,10,10,0,7,0,4,-4,-4,0.4,False
gsm8k,RandOpt,44,300,10,1123,6,5-10,10,4,1,2,6,3,3,3,0.75,True
gsm8k,RandOpt,44,300,10,1124,5,5-10,10,5,1,4,5,2,3,3,0.4,True
gsm8k,RandOpt,44,300,10,1125,9,5-10,10,1,1,1,9,1,8,8,1.0,True
gsm8k,RandOpt,44,300,10,1126,10,5-10,10,0,1,0,10,0,10,10,0.0,True
gsm8k,RandOpt,44,300,10,1127,10,5-10,10,0,1,0,10,0,10,10,0.0,True
gsm8k,RandOpt,44,300,10,1128,10,5-10,10,0,1,0,10,0,10,10,0.0,True
gsm8k,RandOpt,44,300,10,1129,3,2-4,10,7,1,5,3,3,0,0,0.42857142857142855,True
gsm8k,RandOpt,44,300,10,1130,10,5-10,10,0,1,0,10,0,10,10,0.0,True
gsm8k,RandOpt,44,300,10,1131,1,1,10,9,1,4,1,4,-3,-3,0.4444444444444444,False
gsm8k,RandOpt,44,300,10,1132,10,5-10,10,0,1,0,10,0,10,10,0.0,True
gsm8k,RandOpt,44,300,10,1133,0,0,10,10,0,5,0,4,-4,-4,0.4,False
gsm8k,RandOpt,44,300,10,1134,0,0,10,10,0,1,0,10,-10,-10,1.0,False
gsm8k,RandOpt,44,300,10,1135,8,5-10,10,2,1,1,8,2,6,6,1.0,True
gsm8k,RandOpt,44,300,10,1136,9,5-10,10,1,1,1,9,1,8,8,1.0,True
gsm8k,RandOpt,44,300,10,1137,0,0,10,10,0,8,0,3,-3,-3,0.3,False
gsm8k,RandOpt,44,300,10,1138,10,5-10,10,0,1,0,10,0,10,10,0.0,True
gsm8k,RandOpt,44,300,10,1139,0,0,10,10,0,2,0,6,-6,-6,0.6,False
gsm8k,RandOpt,44,300,10,1140,4,2-4,10,6,1,3,4,3,1,1,0.5,True
gsm8k,RandOpt,44,300,10,1141,5,5-10,10,5,1,1,5,5,0,0,1.0,True
gsm8k,RandOpt,44,300,10,1142,9,5-10,10,1,1,1,9,1,8,8,1.0,True
gsm8k,RandOpt,44,300,10,1143,9,5-10,10,1,1,1,9,1,8,8,1.0,True
gsm8k,RandOpt,44,300,10,1144,10,5-10,10,0,1,0,10,0,10,10,0.0,True
gsm8k,RandOpt,44,300,10,1145,2,2-4,10,8,1,4,2,5,-3,-3,0.625,False
gsm8k,RandOpt,44,300,10,1146,5,5-10,10,5,1,5,5,1,4,4,0.2,True
gsm8k,RandOpt,44,300,10,1147,8,5-10,10,2,1,1,8,2,6,6,1.0,True
gsm8k,RandOpt,44,300,10,1148,10,5-10,10,0,1,0,10,0,10,10,0.0,True
gsm8k,RandOpt,44,300,10,1149,6,5-10,10,4,1,2,6,3,3,3,0.75,True
gsm8k,RandOpt,44,300,10,1150,3,2-4,10,7,1,1,3,7,-4,-4,1.0,False
gsm8k,RandOpt,44,300,10,1151,5,5-10,10,5,1,1,5,5,0,0,1.0,False
gsm8k,RandOpt,44,300,10,1152,10,5-10,10,0,1,0,10,0,10,10,0.0,True
gsm8k,RandOpt,44,300,10,1153,10,5-10,10,0,1,0,10,0,10,10,0.0,True
gsm8k,RandOpt,44,300,10,1154,10,5-10,10,0,1,0,10,0,10,10,0.0,True
gsm8k,RandOpt,44,300,10,1155,10,5-10,10,0,1,0,10,0,10,10,0.0,True
gsm8k,RandOpt,44,300,10,1156,6,5-10,10,4,1,2,6,2,4,4,0.5,True
gsm8k,RandOpt,44,300,10,1157,10,5-10,10,0,1,0,10,0,10,10,0.0,True
gsm8k,RandOpt,44,300,10,1158,0,0,10,10,0,2,0,9,-9,-9,0.9,False
gsm8k,RandOpt,44,300,10,1159,7,5-10,10,3,1,3,7,1,6,6,0.3333333333333333,True
gsm8k,RandOpt,44,300,10,1160,8,5-10,10,2,1,1,8,2,6,6,1.0,True
gsm8k,RandOpt,44,300,10,1161,0,0,10,10,0,2,0,8,-8,-8,0.8,False
gsm8k,RandOpt,44,300,10,1162,10,5-10,10,0,1,0,10,0,10,10,0.0,True
gsm8k,RandOpt,44,300,10,1163,1,1,10,9,1,1,1,9,-8,-8,1.0,False
gsm8k,RandOpt,44,300,10,1164,0,0,10,10,0,1,0,10,-10,-10,1.0,False
gsm8k,RandOpt,44,300,10,1165,3,2-4,10,7,1,1,3,7,-4,-4,1.0,False
gsm8k,RandOpt,44,300,10,1166,0,0,10,10,0,3,0,4,-4,-4,0.4,False
gsm8k,RandOpt,44,300,10,1167,6,5-10,10,4,1,1,6,4,2,2,1.0,True
gsm8k,RandOpt,44,300,10,1168,10,5-10,10,0,1,0,10,0,10,10,0.0,True
gsm8k,RandOpt,44,300,10,1169,10,5-10,10,0,1,0,10,0,10,10,0.0,True
gsm8k,RandOpt,44,300,10,1170,3,2-4,10,7,1,4,3,4,-1,-1,0.5714285714285714,False
gsm8k,RandOpt,44,300,10,1171,10,5-10,10,0,1,0,10,0,10,10,0.0,True
gsm8k,RandOpt,44,300,10,1172,10,5-10,10,0,1,0,10,0,10,10,0.0,True
gsm8k,RandOpt,44,300,10,1173,2,2-4,10,8,1,2,2,4,-2,-2,0.5,False
gsm8k,RandOpt,44,300,10,1174,0,0,10,10,0,3,0,5,-5,-5,0.5,False
gsm8k,RandOpt,44,300,10,1175,1,1,10,9,1,1,1,9,-8,-8,1.0,False
gsm8k,RandOpt,44,300,10,1176,1,1,10,9,1,7,1,3,-2,-2,0.3333333333333333,False
gsm8k,RandOpt,44,300,10,1177,10,5-10,10,0,1,0,10,0,10,10,0.0,True
gsm8k,RandOpt,44,300,10,1178,9,5-10,10,1,1,1,9,1,8,8,1.0,True
gsm8k,RandOpt,44,300,10,1179,10,5-10,10,0,1,0,10,0,10,10,0.0,True
gsm8k,RandOpt,44,300,10,1180,3,2-4,10,7,1,3,3,3,0,0,0.42857142857142855,False
gsm8k,RandOpt,44,300,10,1181,9,5-10,10,1,1,1,9,1,8,8,1.0,True
gsm8k,RandOpt,44,300,10,1182,10,5-10,10,0,1,0,10,0,10,10,0.0,True
gsm8k,RandOpt,44,300,10,1183,1,1,10,9,1,7,1,2,-1,-1,0.2222222222222222,False
gsm8k,RandOpt,44,300,10,1184,2,2-4,10,8,1,1,2,8,-6,-6,1.0,False
gsm8k,RandOpt,44,300,10,1185,0,0,10,10,0,4,0,4,-4,-4,0.4,False
gsm8k,RandOpt,44,300,10,1186,10,5-10,10,0,1,0,10,0,10,10,0.0,True
gsm8k,RandOpt,44,300,10,1187,2,2-4,10,8,1,1,2,8,-6,-6,1.0,False
gsm8k,RandOpt,44,300,10,1188,3,2-4,10,7,1,4,3,4,-1,-1,0.5714285714285714,False
gsm8k,RandOpt,44,300,10,1189,10,5-10,10,0,1,0,10,0,10,10,0.0,True
gsm8k,RandOpt,44,300,10,1190,0,0,10,10,0,8,0,3,-3,-3,0.3,False
gsm8k,RandOpt,44,300,10,1191,7,5-10,10,3,1,1,7,3,4,4,1.0,True
gsm8k,RandOpt,44,300,10,1192,2,2-4,10,8,1,2,2,7,-5,-5,0.875,False
gsm8k,RandOpt,44,300,10,1193,0,0,10,10,0,2,0,9,-9,-9,0.9,False
gsm8k,RandOpt,44,300,10,1194,10,5-10,10,0,1,0,10,0,10,10,0.0,True
gsm8k,RandOpt,44,300,10,1195,2,2-4,10,8,1,5,2,2,0,0,0.25,False
gsm8k,RandOpt,44,300,10,1196,10,5-10,10,0,1,0,10,0,10,10,0.0,True
gsm8k,RandOpt,44,300,10,1197,10,5-10,10,0,1,0,10,0,10,10,0.0,True
gsm8k,RandOpt,44,300,10,1198,3,2-4,10,7,1,1,3,7,-4,-4,1.0,False
gsm8k,RandOpt,44,300,10,1199,0,0,10,10,0,2,0,6,-6,-6,0.6,False
gsm8k,RandOpt,44,300,10,1200,6,5-10,10,4,1,1,6,4,2,2,1.0,True
gsm8k,RandOpt,44,300,10,1201,3,2-4,10,7,1,2,3,4,-1,-1,0.5714285714285714,False
gsm8k,RandOpt,44,300,10,1202,1,1,10,9,1,2,1,5,-4,-4,0.5555555555555556,False
gsm8k,RandOpt,44,300,10,1203,9,5-10,10,1,1,1,9,1,8,8,1.0,True
gsm8k,RandOpt,44,300,10,1204,10,5-10,10,0,1,0,10,0,10,10,0.0,True
gsm8k,RandOpt,44,300,10,1205,3,2-4,10,7,1,4,3,2,1,1,0.2857142857142857,True
gsm8k,RandOpt,44,300,10,1206,7,5-10,10,3,2,2,6,2,5,4,0.6666666666666666,True
gsm8k,RandOpt,44,300,10,1207,4,2-4,10,6,1,1,4,6,-2,-2,1.0,False
gsm8k,RandOpt,44,300,10,1208,7,5-10,10,3,1,1,7,3,4,4,1.0,True
gsm8k,RandOpt,44,300,10,1209,9,5-10,10,1,1,1,9,1,8,8,1.0,True
gsm8k,RandOpt,44,300,10,1210,8,5-10,10,2,1,1,8,2,6,6,1.0,True
gsm8k,RandOpt,44,300,10,1211,10,5-10,10,0,1,0,10,0,10,10,0.0,True
gsm8k,RandOpt,44,300,10,1212,9,5-10,10,1,1,1,9,1,8,8,1.0,True
gsm8k,RandOpt,44,300,10,1213,8,5-10,10,2,1,1,8,2,6,6,1.0,True
gsm8k,RandOpt,44,300,10,1214,10,5-10,10,0,1,0,10,0,10,10,0.0,True
gsm8k,RandOpt,44,300,10,1215,3,2-4,10,7,1,5,3,2,1,1,0.2857142857142857,True
gsm8k,RandOpt,44,300,10,1216,1,1,10,9,1,4,1,5,-4,-4,0.5555555555555556,False
gsm8k,RandOpt,44,300,10,1217,0,0,10,10,0,1,0,10,-10,-10,1.0,False
gsm8k,RandOpt,44,300,10,1218,1,1,10,9,1,3,1,4,-3,-3,0.4444444444444444,False
gsm8k,RandOpt,44,300,10,1219,0,0,10,10,0,1,0,10,-10,-10,1.0,False
gsm8k,RandOpt,44,300,10,1220,8,5-10,10,2,1,1,8,2,6,6,1.0,True
gsm8k,RandOpt,44,300,10,1221,1,1,10,9,1,1,1,9,-8,-8,1.0,False
gsm8k,RandOpt,44,300,10,1222,10,5-10,10,0,1,0,10,0,10,10,0.0,True
gsm8k,RandOpt,44,300,10,1223,3,2-4,10,7,1,2,3,6,-3,-3,0.8571428571428571,False
gsm8k,RandOpt,44,300,10,1224,9,5-10,10,1,1,1,9,1,8,8,1.0,True
gsm8k,RandOpt,44,300,10,1225,10,5-10,10,0,1,0,10,0,10,10,0.0,True
gsm8k,RandOpt,44,300,10,1226,3,2-4,10,7,1,3,3,5,-2,-2,0.7142857142857143,False
gsm8k,RandOpt,44,300,10,1227,5,5-10,10,5,1,2,5,4,1,1,0.8,True
gsm8k,RandOpt,44,300,10,1228,10,5-10,10,0,1,0,10,0,10,10,0.0,True
gsm8k,RandOpt,44,300,10,1229,10,5-10,10,0,1,0,10,0,10,10,0.0,True
gsm8k,RandOpt,44,300,10,1230,9,5-10,10,1,1,1,9,1,8,8,1.0,True
gsm8k,RandOpt,44,300,10,1231,10,5-10,10,0,1,0,10,0,10,10,0.0,True
gsm8k,RandOpt,44,300,10,1232,10,5-10,10,0,1,0,10,0,10,10,0.0,True
gsm8k,RandOpt,44,300,10,1233,10,5-10,10,0,1,0,10,0,10,10,0.0,True
gsm8k,RandOpt,44,300,10,1234,10,5-10,10,0,1,0,10,0,10,10,0.0,True
gsm8k,RandOpt,44,300,10,1235,0,0,10,10,0,2,0,9,-9,-9,0.9,False
gsm8k,RandOpt,44,300,10,1236,6,5-10,10,4,1,2,6,3,3,3,0.75,True
gsm8k,RandOpt,44,300,10,1237,0,0,10,10,0,4,0,4,-4,-4,0.4,False
gsm8k,RandOpt,44,300,10,1238,2,2-4,10,8,1,1,2,8,-6,-6,1.0,False
gsm8k,RandOpt,44,300,10,1239,5,5-10,10,5,1,2,5,4,1,1,0.8,True
gsm8k,RandOpt,44,300,10,1240,1,1,10,9,1,2,1,8,-7,-7,0.8888888888888888,False
gsm8k,RandOpt,44,300,10,1241,3,2-4,10,7,1,4,3,4,-1,-1,0.5714285714285714,False
gsm8k,RandOpt,44,300,10,1242,10,5-10,10,0,1,0,10,0,10,10,0.0,True
gsm8k,RandOpt,44,300,10,1243,10,5-10,10,0,1,0,10,0,10,10,0.0,True
gsm8k,RandOpt,44,300,10,1244,2,2-4,10,8,1,1,2,8,-6,-6,1.0,False
gsm8k,RandOpt,44,300,10,1245,7,5-10,10,3,1,1,7,3,4,4,1.0,True
gsm8k,RandOpt,44,300,10,1246,10,5-10,10,0,1,0,10,0,10,10,0.0,True
gsm8k,RandOpt,44,300,10,1247,8,5-10,10,2,1,2,8,1,7,7,0.5,True
gsm8k,RandOpt,44,300,10,1248,0,0,10,10,0,2,0,9,-9,-9,0.9,False
gsm8k,RandOpt,44,300,10,1249,1,1,10,9,1,5,1,3,-2,-2,0.3333333333333333,False
gsm8k,RandOpt,44,300,10,1250,10,5-10,10,0,1,0,10,0,10,10,0.0,True
gsm8k,RandOpt,44,300,10,1251,3,2-4,10,7,1,5,3,3,0,0,0.42857142857142855,False
gsm8k,RandOpt,44,300,10,1252,8,5-10,10,2,1,2,8,1,7,7,0.5,True
gsm8k,RandOpt,44,300,10,1253,10,5-10,10,0,1,0,10,0,10,10,0.0,True
gsm8k,RandOpt,44,300,10,1254,2,2-4,10,8,1,1,2,8,-6,-6,1.0,False
gsm8k,RandOpt,44,300,10,1255,10,5-10,10,0,1,0,10,0,10,10,0.0,True
gsm8k,RandOpt,44,300,10,1256,7,5-10,10,3,1,2,7,2,5,5,0.6666666666666666,True
gsm8k,RandOpt,44,300,10,1257,6,5-10,10,4,1,1,6,4,2,2,1.0,True
gsm8k,RandOpt,44,300,10,1258,5,5-10,10,5,1,5,5,1,4,4,0.2,True
gsm8k,RandOpt,44,300,10,1259,10,5-10,10,0,1,0,10,0,10,10,0.0,True
gsm8k,RandOpt,44,300,10,1260,10,5-10,10,0,1,0,10,0,10,10,0.0,True
gsm8k,RandOpt,44,300,10,1261,0,0,10,10,0,3,0,7,-7,-7,0.7,False
gsm8k,RandOpt,44,300,10,1262,1,1,10,9,1,1,1,9,-8,-8,1.0,False
gsm8k,RandOpt,44,300,10,1263,5,5-10,10,5,1,3,5,2,3,3,0.4,True
gsm8k,RandOpt,44,300,10,1264,1,1,10,9,1,2,1,7,-6,-6,0.7777777777777778,False
gsm8k,RandOpt,44,300,10,1265,3,2-4,10,7,1,5,3,2,1,1,0.2857142857142857,True
gsm8k,RandOpt,44,300,10,1266,10,5-10,10,0,1,0,10,0,10,10,0.0,True
gsm8k,RandOpt,44,300,10,1267,10,5-10,10,0,1,0,10,0,10,10,0.0,True
gsm8k,RandOpt,44,300,10,1268,10,5-10,10,0,1,0,10,0,10,10,0.0,True
gsm8k,RandOpt,44,300,10,1269,0,0,10,10,0,1,0,10,-10,-10,1.0,False
gsm8k,RandOpt,44,300,10,1270,9,5-10,10,1,1,1,9,1,8,8,1.0,True
gsm8k,RandOpt,44,300,10,1271,10,5-10,10,0,1,0,10,0,10,10,0.0,True
gsm8k,RandOpt,44,300,10,1272,10,5-10,10,0,1,0,10,0,10,10,0.0,True
gsm8k,RandOpt,44,300,10,1273,1,1,10,9,1,4,1,4,-3,-3,0.4444444444444444,False
gsm8k,RandOpt,44,300,10,1274,1,1,10,9,1,1,1,9,-8,-8,1.0,False
gsm8k,RandOpt,44,300,10,1275,10,5-10,10,0,1,0,10,0,10,10,0.0,True
gsm8k,RandOpt,44,300,10,1276,10,5-10,10,0,1,0,10,0,10,10,0.0,True
gsm8k,RandOpt,44,300,10,1277,5,5-10,10,5,1,2,5,3,2,2,0.6,True
gsm8k,RandOpt,44,300,10,1278,9,5-10,10,1,1,1,9,1,8,8,1.0,True
gsm8k,RandOpt,44,300,10,1279,0,0,10,10,0,4,0,3,-3,-3,0.3,False
gsm8k,RandOpt,44,300,10,1280,10,5-10,10,0,1,0,10,0,10,10,0.0,True
gsm8k,RandOpt,44,300,10,1281,10,5-10,10,0,1,0,10,0,10,10,0.0,True
gsm8k,RandOpt,44,300,10,1282,10,5-10,10,0,1,0,10,0,10,10,0.0,True
gsm8k,RandOpt,44,300,10,1283,1,1,10,9,1,1,1,9,-8,-8,1.0,False
gsm8k,RandOpt,44,300,10,1284,3,2-4,10,7,1,2,3,6,-3,-3,0.8571428571428571,False
gsm8k,RandOpt,44,300,10,1285,6,5-10,10,4,2,1,4,4,2,0,1.0,False
gsm8k,RandOpt,44,300,10,1286,10,5-10,10,0,1,0,10,0,10,10,0.0,True
gsm8k,RandOpt,44,300,10,1287,7,5-10,10,3,1,3,7,1,6,6,0.3333333333333333,True
gsm8k,RandOpt,44,300,10,1288,0,0,10,10,0,2,0,9,-9,-9,0.9,False
gsm8k,RandOpt,44,300,10,1289,10,5-10,10,0,1,0,10,0,10,10,0.0,True
gsm8k,RandOpt,44,300,10,1290,6,5-10,10,4,1,1,6,4,2,2,1.0,True
gsm8k,RandOpt,44,300,10,1291,10,5-10,10,0,1,0,10,0,10,10,0.0,True
gsm8k,RandOpt,44,300,10,1292,6,5-10,10,4,1,2,6,3,3,3,0.75,True
gsm8k,RandOpt,44,300,10,1293,10,5-10,10,0,2,0,7,0,10,7,0.0,True
gsm8k,RandOpt,44,300,10,1294,2,2-4,10,8,1,3,2,6,-4,-4,0.75,False
gsm8k,RandOpt,44,300,10,1295,10,5-10,10,0,1,0,10,0,10,10,0.0,True
gsm8k,RandOpt,44,300,10,1296,6,5-10,10,4,1,1,6,4,2,2,1.0,True
gsm8k,RandOpt,44,300,10,1297,10,5-10,10,0,1,0,10,0,10,10,0.0,True
gsm8k,RandOpt,44,300,10,1298,0,0,10,10,0,1,0,10,-10,-10,1.0,False
gsm8k,RandOpt,44,300,10,1299,1,1,10,9,1,2,1,6,-5,-5,0.6666666666666666,False
gsm8k,RandOpt,44,300,10,1300,8,5-10,10,2,1,2,8,1,7,7,0.5,True
gsm8k,RandOpt,44,300,10,1301,6,5-10,10,4,1,2,6,3,3,3,0.75,True
gsm8k,RandOpt,44,300,10,1302,9,5-10,10,1,1,1,9,1,8,8,1.0,True
gsm8k,RandOpt,44,300,10,1303,1,1,10,9,1,8,1,2,-1,-1,0.2222222222222222,False
gsm8k,RandOpt,44,300,10,1304,10,5-10,10,0,1,0,10,0,10,10,0.0,True
gsm8k,RandOpt,44,300,10,1305,10,5-10,10,0,1,0,10,0,10,10,0.0,True
gsm8k,RandOpt,44,300,10,1306,8,5-10,10,2,1,2,8,1,7,7,0.5,True
gsm8k,RandOpt,44,300,10,1307,6,5-10,10,4,1,1,6,4,2,2,1.0,True
gsm8k,RandOpt,44,300,10,1308,10,5-10,10,0,1,0,10,0,10,10,0.0,True
gsm8k,RandOpt,44,300,10,1309,1,1,10,9,1,2,1,6,-5,-5,0.6666666666666666,False
gsm8k,RandOpt,44,300,10,1310,0,0,10,10,0,3,0,8,-8,-8,0.8,False
gsm8k,RandOpt,44,300,10,1311,1,1,10,9,1,2,1,6,-5,-5,0.6666666666666666,False
gsm8k,RandOpt,44,300,10,1312,1,1,10,9,1,6,1,3,-2,-2,0.3333333333333333,False
gsm8k,RandOpt,44,300,10,1313,6,5-10,10,4,1,3,6,2,4,4,0.5,True
gsm8k,RandOpt,44,300,10,1314,7,5-10,10,3,1,1,7,3,4,4,1.0,True
gsm8k,RandOpt,44,300,10,1315,10,5-10,10,0,1,0,10,0,10,10,0.0,True
gsm8k,RandOpt,44,300,10,1316,5,5-10,10,5,1,1,5,5,0,0,1.0,False
gsm8k,RandOpt,44,300,10,1317,9,5-10,10,1,1,1,9,1,8,8,1.0,True
gsm8k,RandOpt,44,300,10,1318,10,5-10,10,0,1,0,10,0,10,10,0.0,True
gsm8k,Modular Norm RandOpt,42,25,10,0,10,5-10,10,0,1,0,10,0,10,10,0.0,True
gsm8k,Modular Norm RandOpt,42,25,10,1,10,5-10,10,0,1,0,10,0,10,10,0.0,True
gsm8k,Modular Norm RandOpt,42,25,10,2,3,2-4,10,7,1,5,3,2,1,1,0.2857142857142857,True
gsm8k,Modular Norm RandOpt,42,25,10,3,5,5-10,10,5,1,3,5,3,2,2,0.6,True
gsm8k,Modular Norm RandOpt,42,25,10,4,4,2-4,10,6,1,2,4,5,-1,-1,0.8333333333333334,False
gsm8k,Modular Norm RandOpt,42,25,10,5,0,0,10,10,0,10,0,1,-1,-1,0.1,False
gsm8k,Modular Norm RandOpt,42,25,10,6,10,5-10,10,0,1,0,10,0,10,10,0.0,True
gsm8k,Modular Norm RandOpt,42,25,10,7,0,0,10,10,0,5,0,4,-4,-4,0.4,False
gsm8k,Modular Norm RandOpt,42,25,10,8,0,0,10,10,0,5,0,5,-5,-5,0.5,False
gsm8k,Modular Norm RandOpt,42,25,10,9,9,5-10,10,1,1,1,9,1,8,8,1.0,True
gsm8k,Modular Norm RandOpt,42,25,10,10,9,5-10,10,1,1,1,9,1,8,8,1.0,True
gsm8k,Modular Norm RandOpt,42,25,10,11,2,2-4,10,8,1,1,2,8,-6,-6,1.0,False
gsm8k,Modular Norm RandOpt,42,25,10,12,0,0,10,10,0,1,0,10,-10,-10,1.0,False
gsm8k,Modular Norm RandOpt,42,25,10,13,1,1,10,9,1,3,1,6,-5,-5,0.6666666666666666,False
gsm8k,Modular Norm RandOpt,42,25,10,14,10,5-10,10,0,1,0,10,0,10,10,0.0,True
gsm8k,Modular Norm RandOpt,42,25,10,15,0,0,10,10,0,7,0,2,-2,-2,0.2,False
gsm8k,Modular Norm RandOpt,42,25,10,16,2,2-4,10,8,1,3,2,6,-4,-4,0.75,False
gsm8k,Modular Norm RandOpt,42,25,10,17,10,5-10,10,0,2,0,8,0,10,8,0.0,True
gsm8k,Modular Norm RandOpt,42,25,10,18,5,5-10,10,5,1,1,5,5,0,0,1.0,False
gsm8k,Modular Norm RandOpt,42,25,10,19,1,1,10,9,1,2,1,8,-7,-7,0.8888888888888888,False
gsm8k,Modular Norm RandOpt,42,25,10,20,3,2-4,10,7,1,4,3,3,0,0,0.42857142857142855,False
gsm8k,Modular Norm RandOpt,42,25,10,21,0,0,10,10,0,6,0,3,-3,-3,0.3,False
gsm8k,Modular Norm RandOpt,42,25,10,22,10,5-10,10,0,1,0,10,0,10,10,0.0,True
gsm8k,Modular Norm RandOpt,42,25,10,23,6,5-10,10,4,1,1,6,4,2,2,1.0,True
gsm8k,Modular Norm RandOpt,42,25,10,24,2,2-4,10,8,1,4,2,3,-1,-1,0.375,False
gsm8k,Modular Norm RandOpt,42,25,10,25,10,5-10,10,0,1,0,10,0,10,10,0.0,True
gsm8k,Modular Norm RandOpt,42,25,10,26,6,5-10,10,4,1,2,6,2,4,4,0.5,True
gsm8k,Modular Norm RandOpt,42,25,10,27,7,5-10,10,3,1,1,7,3,4,4,1.0,True
gsm8k,Modular Norm RandOpt,42,25,10,28,6,5-10,10,4,1,2,6,3,3,3,0.75,True
gsm8k,Modular Norm RandOpt,42,25,10,29,7,5-10,10,3,1,2,7,2,5,5,0.6666666666666666,True
gsm8k,Modular Norm RandOpt,42,25,10,30,8,5-10,10,2,1,2,8,1,7,7,0.5,True
gsm8k,Modular Norm RandOpt,42,25,10,31,8,5-10,10,2,1,2,8,1,7,7,0.5,True
gsm8k,Modular Norm RandOpt,42,25,10,32,9,5-10,10,1,1,1,9,1,8,8,1.0,True
gsm8k,Modular Norm RandOpt,42,25,10,33,10,5-10,10,0,1,0,10,0,10,10,0.0,True
gsm8k,Modular Norm RandOpt,42,25,10,34,10,5-10,10,0,1,0,10,0,10,10,0.0,True
gsm8k,Modular Norm RandOpt,42,25,10,35,10,5-10,10,0,1,0,10,0,10,10,0.0,True
gsm8k,Modular Norm RandOpt,42,25,10,36,1,1,10,9,1,1,1,9,-8,-8,1.0,False
gsm8k,Modular Norm RandOpt,42,25,10,37,1,1,10,9,1,6,1,2,-1,-1,0.2222222222222222,False
gsm8k,Modular Norm RandOpt,42,25,10,38,10,5-10,10,0,1,0,10,0,10,10,0.0,True
gsm8k,Modular Norm RandOpt,42,25,10,39,8,5-10,10,2,1,2,8,1,7,7,0.5,True
gsm8k,Modular Norm RandOpt,42,25,10,40,9,5-10,10,1,1,1,9,1,8,8,1.0,True
gsm8k,Modular Norm RandOpt,42,25,10,41,6,5-10,10,4,1,2,6,2,4,4,0.5,True
gsm8k,Modular Norm RandOpt,42,25,10,42,10,5-10,10,0,1,0,10,0,10,10,0.0,True
gsm8k,Modular Norm RandOpt,42,25,10,43,0,0,10,10,0,4,0,7,-7,-7,0.7,False
gsm8k,Modular Norm RandOpt,42,25,10,44,1,1,10,9,1,3,1,3,-2,-2,0.3333333333333333,False
gsm8k,Modular Norm RandOpt,42,25,10,45,8,5-10,10,2,1,2,8,1,7,7,0.5,True
gsm8k,Modular Norm RandOpt,42,25,10,46,3,2-4,10,7,1,7,3,1,2,2,0.14285714285714285,True
gsm8k,Modular Norm RandOpt,42,25,10,47,6,5-10,10,4,1,1,6,4,2,2,1.0,True
gsm8k,Modular Norm RandOpt,42,25,10,48,9,5-10,10,1,1,1,9,1,8,8,1.0,True
gsm8k,Modular Norm RandOpt,42,25,10,49,10,5-10,10,0,1,0,10,0,10,10,0.0,True
gsm8k,Modular Norm RandOpt,42,25,10,50,10,5-10,10,0,1,0,10,0,10,10,0.0,True
gsm8k,Modular Norm RandOpt,42,25,10,51,3,2-4,10,7,1,7,3,1,2,2,0.14285714285714285,True
gsm8k,Modular Norm RandOpt,42,25,10,52,10,5-10,10,0,1,0,10,0,10,10,0.0,True
gsm8k,Modular Norm RandOpt,42,25,10,53,9,5-10,10,1,1,1,9,1,8,8,1.0,True
gsm8k,Modular Norm RandOpt,42,25,10,54,1,1,10,9,1,7,1,3,-2,-2,0.3333333333333333,False
gsm8k,Modular Norm RandOpt,42,25,10,55,4,2-4,10,6,1,1,4,6,-2,-2,1.0,False
gsm8k,Modular Norm RandOpt,42,25,10,56,10,5-10,10,0,1,0,10,0,10,10,0.0,True
gsm8k,Modular Norm RandOpt,42,25,10,57,9,5-10,10,1,1,1,9,1,8,8,1.0,True
gsm8k,Modular Norm RandOpt,42,25,10,58,0,0,10,10,0,7,0,3,-3,-3,0.3,False
gsm8k,Modular Norm RandOpt,42,25,10,59,6,5-10,10,4,1,1,6,4,2,2,1.0,True
gsm8k,Modular Norm RandOpt,42,25,10,60,1,1,10,9,1,3,1,7,-6,-6,0.7777777777777778,False
gsm8k,Modular Norm RandOpt,42,25,10,61,8,5-10,10,2,1,1,8,2,6,6,1.0,True
gsm8k,Modular Norm RandOpt,42,25,10,62,0,0,10,10,0,9,0,2,-2,-2,0.2,False
gsm8k,Modular Norm RandOpt,42,25,10,63,8,5-10,10,2,1,2,8,1,7,7,0.5,True
gsm8k,Modular Norm RandOpt,42,25,10,64,10,5-10,10,0,1,0,10,0,10,10,0.0,True
gsm8k,Modular Norm RandOpt,42,25,10,65,7,5-10,10,3,1,3,7,1,6,6,0.3333333333333333,True
gsm8k,Modular Norm RandOpt,42,25,10,66,10,5-10,10,0,1,0,10,0,10,10,0.0,True
gsm8k,Modular Norm RandOpt,42,25,10,67,10,5-10,10,0,1,0,10,0,10,10,0.0,True
gsm8k,Modular Norm RandOpt,42,25,10,68,10,5-10,10,0,1,0,10,0,10,10,0.0,True
gsm8k,Modular Norm RandOpt,42,25,10,69,1,1,10,9,1,2,1,7,-6,-6,0.7777777777777778,False
gsm8k,Modular Norm RandOpt,42,25,10,70,8,5-10,10,2,2,1,7,2,6,5,1.0,True
gsm8k,Modular Norm RandOpt,42,25,10,71,10,5-10,10,0,1,0,10,0,10,10,0.0,True
gsm8k,Modular Norm RandOpt,42,25,10,72,2,2-4,10,8,1,1,2,8,-6,-6,1.0,False
gsm8k,Modular Norm RandOpt,42,25,10,73,7,5-10,10,3,1,1,7,3,4,4,1.0,True
gsm8k,Modular Norm RandOpt,42,25,10,74,6,5-10,10,4,1,2,6,2,4,4,0.5,True
gsm8k,Modular Norm RandOpt,42,25,10,75,0,0,10,10,0,1,0,10,-10,-10,1.0,False
gsm8k,Modular Norm RandOpt,42,25,10,76,9,5-10,10,1,1,1,9,1,8,8,1.0,True
gsm8k,Modular Norm RandOpt,42,25,10,77,10,5-10,10,0,1,0,10,0,10,10,0.0,True
gsm8k,Modular Norm RandOpt,42,25,10,78,1,1,10,9,1,2,1,8,-7,-7,0.8888888888888888,False
gsm8k,Modular Norm RandOpt,42,25,10,79,7,5-10,10,3,1,1,7,3,4,4,1.0,True
gsm8k,Modular Norm RandOpt,42,25,10,80,10,5-10,10,0,1,0,10,0,10,10,0.0,True
gsm8k,Modular Norm RandOpt,42,25,10,81,8,5-10,10,2,1,1,8,2,6,6,1.0,True
gsm8k,Modular Norm RandOpt,42,25,10,82,10,5-10,10,0,1,0,10,0,10,10,0.0,True
gsm8k,Modular Norm RandOpt,42,25,10,83,8,5-10,10,2,1,1,8,2,6,6,1.0,True
gsm8k,Modular Norm RandOpt,42,25,10,84,10,5-10,10,0,1,0,10,0,10,10,0.0,True
gsm8k,Modular Norm RandOpt,42,25,10,85,10,5-10,10,0,1,0,10,0,10,10,0.0,True
gsm8k,Modular Norm RandOpt,42,25,10,86,10,5-10,10,0,1,0,10,0,10,10,0.0,True
gsm8k,Modular Norm RandOpt,42,25,10,87,0,0,10,10,0,8,0,2,-2,-2,0.2,False
gsm8k,Modular Norm RandOpt,42,25,10,88,10,5-10,10,0,2,0,9,0,10,9,0.0,True
gsm8k,Modular Norm RandOpt,42,25,10,89,0,0,10,10,0,1,0,10,-10,-10,1.0,False
gsm8k,Modular Norm RandOpt,42,25,10,90,10,5-10,10,0,1,0,10,0,10,10,0.0,True
gsm8k,Modular Norm RandOpt,42,25,10,91,5,5-10,10,5,1,1,5,5,0,0,1.0,False
gsm8k,Modular Norm RandOpt,42,25,10,92,10,5-10,10,0,1,0,10,0,10,10,0.0,True
gsm8k,Modular Norm RandOpt,42,25,10,93,3,2-4,10,7,1,5,3,2,1,1,0.2857142857142857,True
gsm8k,Modular Norm RandOpt,42,25,10,94,10,5-10,10,0,1,0,10,0,10,10,0.0,True
gsm8k,Modular Norm RandOpt,42,25,10,95,9,5-10,10,1,1,1,9,1,8,8,1.0,True
gsm8k,Modular Norm RandOpt,42,25,10,96,9,5-10,10,1,1,1,9,1,8,8,1.0,True
gsm8k,Modular Norm RandOpt,42,25,10,97,5,5-10,10,5,1,4,5,2,3,3,0.4,True
gsm8k,Modular Norm RandOpt,42,25,10,98,1,1,10,9,1,6,1,3,-2,-2,0.3333333333333333,False
gsm8k,Modular Norm RandOpt,42,25,10,99,8,5-10,10,2,1,2,8,1,7,7,0.5,True
gsm8k,Modular Norm RandOpt,42,25,10,100,5,5-10,10,5,1,1,5,5,0,0,1.0,False
gsm8k,Modular Norm RandOpt,42,25,10,101,1,1,10,9,1,4,1,3,-2,-2,0.3333333333333333,False
gsm8k,Modular Norm RandOpt,42,25,10,102,1,1,10,9,1,6,1,3,-2,-2,0.3333333333333333,False
gsm8k,Modular Norm RandOpt,42,25,10,103,10,5-10,10,0,1,0,10,0,10,10,0.0,True
gsm8k,Modular Norm RandOpt,42,25,10,104,10,5-10,10,0,1,0,10,0,10,10,0.0,True
gsm8k,Modular Norm RandOpt,42,25,10,105,10,5-10,10,0,1,0,10,0,10,10,0.0,True
gsm8k,Modular Norm RandOpt,42,25,10,106,10,5-10,10,0,1,0,10,0,10,10,0.0,True
gsm8k,Modular Norm RandOpt,42,25,10,107,8,5-10,10,2,1,2,8,1,7,7,0.5,True
gsm8k,Modular Norm RandOpt,42,25,10,108,9,5-10,10,1,1,1,9,1,8,8,1.0,True
gsm8k,Modular Norm RandOpt,42,25,10,109,1,1,10,9,1,2,1,8,-7,-7,0.8888888888888888,False
gsm8k,Modular Norm RandOpt,42,25,10,110,3,2-4,10,7,1,1,3,7,-4,-4,1.0,False
gsm8k,Modular Norm RandOpt,42,25,10,111,2,2-4,10,8,1,5,2,4,-2,-2,0.5,False
gsm8k,Modular Norm RandOpt,42,25,10,112,10,5-10,10,0,1,0,10,0,10,10,0.0,True
gsm8k,Modular Norm RandOpt,42,25,10,113,10,5-10,10,0,1,0,10,0,10,10,0.0,True
gsm8k,Modular Norm RandOpt,42,25,10,114,8,5-10,10,2,1,2,8,1,7,7,0.5,True
gsm8k,Modular Norm RandOpt,42,25,10,115,0,0,10,10,0,5,0,3,-3,-3,0.3,False
gsm8k,Modular Norm RandOpt,42,25,10,116,7,5-10,10,3,1,3,7,1,6,6,0.3333333333333333,True
gsm8k,Modular Norm RandOpt,42,25,10,117,7,5-10,10,3,1,1,7,3,4,4,1.0,True
gsm8k,Modular Norm RandOpt,42,25,10,118,9,5-10,10,1,1,1,9,1,8,8,1.0,True
gsm8k,Modular Norm RandOpt,42,25,10,119,0,0,10,10,0,6,0,3,-3,-3,0.3,False
gsm8k,Modular Norm RandOpt,42,25,10,120,10,5-10,10,0,1,0,10,0,10,10,0.0,True
gsm8k,Modular Norm RandOpt,42,25,10,121,10,5-10,10,0,1,0,10,0,10,10,0.0,True
gsm8k,Modular Norm RandOpt,42,25,10,122,2,2-4,10,8,1,7,2,2,0,0,0.25,True
gsm8k,Modular Norm RandOpt,42,25,10,123,10,5-10,10,0,1,0,10,0,10,10,0.0,True
gsm8k,Modular Norm RandOpt,42,25,10,124,4,2-4,10,6,1,4,4,2,2,2,0.3333333333333333,True
gsm8k,Modular Norm RandOpt,42,25,10,125,7,5-10,10,3,1,2,7,2,5,5,0.6666666666666666,True
gsm8k,Modular Norm RandOpt,42,25,10,126,4,2-4,10,6,1,1,4,6,-2,-2,1.0,False
gsm8k,Modular Norm RandOpt,42,25,10,127,9,5-10,10,1,1,1,9,1,8,8,1.0,True
gsm8k,Modular Norm RandOpt,42,25,10,128,9,5-10,10,1,1,1,9,1,8,8,1.0,True
gsm8k,Modular Norm RandOpt,42,25,10,129,3,2-4,10,7,1,2,3,6,-3,-3,0.8571428571428571,False
gsm8k,Modular Norm RandOpt,42,25,10,130,9,5-10,10,1,1,1,9,1,8,8,1.0,True
gsm8k,Modular Norm RandOpt,42,25,10,131,1,1,10,9,1,1,1,9,-8,-8,1.0,False
gsm8k,Modular Norm RandOpt,42,25,10,132,8,5-10,10,2,1,2,8,1,7,7,0.5,True
gsm8k,Modular Norm RandOpt,42,25,10,133,10,5-10,10,0,1,0,10,0,10,10,0.0,True
gsm8k,Modular Norm RandOpt,42,25,10,134,9,5-10,10,1,1,1,9,1,8,8,1.0,True
gsm8k,Modular Norm RandOpt,42,25,10,135,6,5-10,10,4,1,2,6,2,4,4,0.5,True
gsm8k,Modular Norm RandOpt,42,25,10,136,10,5-10,10,0,1,0,10,0,10,10,0.0,True
gsm8k,Modular Norm RandOpt,42,25,10,137,0,0,10,10,0,3,0,7,-7,-7,0.7,False
gsm8k,Modular Norm RandOpt,42,25,10,138,8,5-10,10,2,1,1,8,2,6,6,1.0,True
gsm8k,Modular Norm RandOpt,42,25,10,139,10,5-10,10,0,1,0,10,0,10,10,0.0,True
gsm8k,Modular Norm RandOpt,42,25,10,140,9,5-10,10,1,1,1,9,1,8,8,1.0,True
gsm8k,Modular Norm RandOpt,42,25,10,141,6,5-10,10,4,1,1,6,4,2,2,1.0,True
gsm8k,Modular Norm RandOpt,42,25,10,142,10,5-10,10,0,1,0,10,0,10,10,0.0,True
gsm8k,Modular Norm RandOpt,42,25,10,143,0,0,10,10,0,8,0,3,-3,-3,0.3,False
gsm8k,Modular Norm RandOpt,42,25,10,144,8,5-10,10,2,1,2,8,1,7,7,0.5,True
gsm8k,Modular Norm RandOpt,42,25,10,145,9,5-10,10,1,1,1,9,1,8,8,1.0,True
gsm8k,Modular Norm RandOpt,42,25,10,146,4,2-4,10,6,1,3,4,4,0,0,0.6666666666666666,False
gsm8k,Modular Norm RandOpt,42,25,10,147,0,0,10,10,0,6,0,3,-3,-3,0.3,False
gsm8k,Modular Norm RandOpt,42,25,10,148,2,2-4,10,8,1,3,2,4,-2,-2,0.5,False
gsm8k,Modular Norm RandOpt,42,25,10,149,9,5-10,10,1,1,1,9,1,8,8,1.0,True
gsm8k,Modular Norm RandOpt,42,25,10,150,8,5-10,10,2,1,2,8,1,7,7,0.5,True
gsm8k,Modular Norm RandOpt,42,25,10,151,2,2-4,10,8,1,4,2,4,-2,-2,0.5,False
gsm8k,Modular Norm RandOpt,42,25,10,152,9,5-10,10,1,1,1,9,1,8,8,1.0,True
gsm8k,Modular Norm RandOpt,42,25,10,153,0,0,10,10,0,6,0,5,-5,-5,0.5,False
gsm8k,Modular Norm RandOpt,42,25,10,154,5,5-10,10,5,1,4,5,2,3,3,0.4,True
gsm8k,Modular Norm RandOpt,42,25,10,155,10,5-10,10,0,1,0,10,0,10,10,0.0,True
gsm8k,Modular Norm RandOpt,42,25,10,156,0,0,10,10,0,1,0,10,-10,-10,1.0,False
gsm8k,Modular Norm RandOpt,42,25,10,157,1,1,10,9,1,7,1,2,-1,-1,0.2222222222222222,False
gsm8k,Modular Norm RandOpt,42,25,10,158,8,5-10,10,2,1,1,8,2,6,6,1.0,True
gsm8k,Modular Norm RandOpt,42,25,10,159,0,0,10,10,0,4,0,3,-3,-3,0.3,False
gsm8k,Modular Norm RandOpt,42,25,10,160,10,5-10,10,0,1,0,10,0,10,10,0.0,True
gsm8k,Modular Norm RandOpt,42,25,10,161,6,5-10,10,4,1,1,6,4,2,2,1.0,True
gsm8k,Modular Norm RandOpt,42,25,10,162,0,0,10,10,0,10,0,1,-1,-1,0.1,False
gsm8k,Modular Norm RandOpt,42,25,10,163,0,0,10,10,0,4,0,6,-6,-6,0.6,False
gsm8k,Modular Norm RandOpt,42,25,10,164,7,5-10,10,3,1,3,7,1,6,6,0.3333333333333333,True
gsm8k,Modular Norm RandOpt,42,25,10,165,1,1,10,9,1,4,1,3,-2,-2,0.3333333333333333,False
gsm8k,Modular Norm RandOpt,42,25,10,166,4,2-4,10,6,1,1,4,6,-2,-2,1.0,False
gsm8k,Modular Norm RandOpt,42,25,10,167,10,5-10,10,0,1,0,10,0,10,10,0.0,True
gsm8k,Modular Norm RandOpt,42,25,10,168,8,5-10,10,2,1,1,8,2,6,6,1.0,True
gsm8k,Modular Norm RandOpt,42,25,10,169,10,5-10,10,0,1,0,10,0,10,10,0.0,True
gsm8k,Modular Norm RandOpt,42,25,10,170,9,5-10,10,1,1,1,9,1,8,8,1.0,True
gsm8k,Modular Norm RandOpt,42,25,10,171,0,0,10,10,0,1,0,10,-10,-10,1.0,False
gsm8k,Modular Norm RandOpt,42,25,10,172,10,5-10,10,0,1,0,10,0,10,10,0.0,True
gsm8k,Modular Norm RandOpt,42,25,10,173,6,5-10,10,4,1,3,6,2,4,4,0.5,True
gsm8k,Modular Norm RandOpt,42,25,10,174,10,5-10,10,0,1,0,10,0,10,10,0.0,True
gsm8k,Modular Norm RandOpt,42,25,10,175,8,5-10,10,2,1,2,8,1,7,7,0.5,True
gsm8k,Modular Norm RandOpt,42,25,10,176,10,5-10,10,0,1,0,10,0,10,10,0.0,True
gsm8k,Modular Norm RandOpt,42,25,10,177,9,5-10,10,1,1,1,9,1,8,8,1.0,True
gsm8k,Modular Norm RandOpt,42,25,10,178,10,5-10,10,0,1,0,10,0,10,10,0.0,True
gsm8k,Modular Norm RandOpt,42,25,10,179,0,0,10,10,0,1,0,10,-10,-10,1.0,False
gsm8k,Modular Norm RandOpt,42,25,10,180,9,5-10,10,1,1,1,9,1,8,8,1.0,True
gsm8k,Modular Norm RandOpt,42,25,10,181,9,5-10,10,1,1,1,9,1,8,8,1.0,True
gsm8k,Modular Norm RandOpt,42,25,10,182,2,2-4,10,8,1,5,2,2,0,0,0.25,False
gsm8k,Modular Norm RandOpt,42,25,10,183,9,5-10,10,1,1,1,9,1,8,8,1.0,True
gsm8k,Modular Norm RandOpt,42,25,10,184,6,5-10,10,4,1,3,6,2,4,4,0.5,True
gsm8k,Modular Norm RandOpt,42,25,10,185,9,5-10,10,1,1,1,9,1,8,8,1.0,True
gsm8k,Modular Norm RandOpt,42,25,10,186,7,5-10,10,3,1,3,7,1,6,6,0.3333333333333333,True
gsm8k,Modular Norm RandOpt,42,25,10,187,2,2-4,10,8,1,2,2,7,-5,-5,0.875,False
gsm8k,Modular Norm RandOpt,42,25,10,188,8,5-10,10,2,1,2,8,1,7,7,0.5,True
gsm8k,Modular Norm RandOpt,42,25,10,189,2,2-4,10,8,1,4,2,4,-2,-2,0.5,False
gsm8k,Modular Norm RandOpt,42,25,10,190,10,5-10,10,0,1,0,10,0,10,10,0.0,True
gsm8k,Modular Norm RandOpt,42,25,10,191,10,5-10,10,0,1,0,10,0,10,10,0.0,True
gsm8k,Modular Norm RandOpt,42,25,10,192,10,5-10,10,0,1,0,10,0,10,10,0.0,True
gsm8k,Modular Norm RandOpt,42,25,10,193,5,5-10,10,5,1,2,5,4,1,1,0.8,True
gsm8k,Modular Norm RandOpt,42,25,10,194,7,5-10,10,3,1,1,7,3,4,4,1.0,True
gsm8k,Modular Norm RandOpt,42,25,10,195,0,0,10,10,0,2,0,9,-9,-9,0.9,False
gsm8k,Modular Norm RandOpt,42,25,10,196,10,5-10,10,0,1,0,10,0,10,10,0.0,True
gsm8k,Modular Norm RandOpt,42,25,10,197,7,5-10,10,3,1,2,7,2,5,5,0.6666666666666666,True
gsm8k,Modular Norm RandOpt,42,25,10,198,5,5-10,10,5,1,1,5,5,0,0,1.0,False
gsm8k,Modular Norm RandOpt,42,25,10,199,8,5-10,10,2,1,1,8,2,6,6,1.0,True
gsm8k,Modular Norm RandOpt,42,25,10,200,10,5-10,10,0,1,0,10,0,10,10,0.0,True
gsm8k,Modular Norm RandOpt,42,25,10,201,5,5-10,10,5,2,5,3,1,4,2,0.2,True
gsm8k,Modular Norm RandOpt,42,25,10,202,10,5-10,10,0,1,0,10,0,10,10,0.0,True
gsm8k,Modular Norm RandOpt,42,25,10,203,9,5-10,10,1,1,1,9,1,8,8,1.0,True
gsm8k,Modular Norm RandOpt,42,25,10,204,10,5-10,10,0,1,0,10,0,10,10,0.0,True
gsm8k,Modular Norm RandOpt,42,25,10,205,0,0,10,10,0,1,0,10,-10,-10,1.0,False
gsm8k,Modular Norm RandOpt,42,25,10,206,10,5-10,10,0,1,0,10,0,10,10,0.0,True
gsm8k,Modular Norm RandOpt,42,25,10,207,10,5-10,10,0,1,0,10,0,10,10,0.0,True
gsm8k,Modular Norm RandOpt,42,25,10,208,10,5-10,10,0,1,0,10,0,10,10,0.0,True
gsm8k,Modular Norm RandOpt,42,25,10,209,7,5-10,10,3,1,3,7,1,6,6,0.3333333333333333,True
gsm8k,Modular Norm RandOpt,42,25,10,210,2,2-4,10,8,1,4,2,5,-3,-3,0.625,False
gsm8k,Modular Norm RandOpt,42,25,10,211,10,5-10,10,0,1,0,10,0,10,10,0.0,True
gsm8k,Modular Norm RandOpt,42,25,10,212,10,5-10,10,0,1,0,10,0,10,10,0.0,True
gsm8k,Modular Norm RandOpt,42,25,10,213,9,5-10,10,1,1,1,9,1,8,8,1.0,True
gsm8k,Modular Norm RandOpt,42,25,10,214,2,2-4,10,8,1,6,2,3,-1,-1,0.375,False
gsm8k,Modular Norm RandOpt,42,25,10,215,10,5-10,10,0,1,0,10,0,10,10,0.0,True
gsm8k,Modular Norm RandOpt,42,25,10,216,4,2-4,10,6,1,5,4,2,2,2,0.3333333333333333,True
gsm8k,Modular Norm RandOpt,42,25,10,217,3,2-4,10,7,1,1,3,7,-4,-4,1.0,False
gsm8k,Modular Norm RandOpt,42,25,10,218,5,5-10,10,5,1,2,5,3,2,2,0.6,True
gsm8k,Modular Norm RandOpt,42,25,10,219,10,5-10,10,0,1,0,10,0,10,10,0.0,True
gsm8k,Modular Norm RandOpt,42,25,10,220,10,5-10,10,0,1,0,10,0,10,10,0.0,True
gsm8k,Modular Norm RandOpt,42,25,10,221,10,5-10,10,0,1,0,10,0,10,10,0.0,True
gsm8k,Modular Norm RandOpt,42,25,10,222,7,5-10,10,3,1,1,7,3,4,4,1.0,True
gsm8k,Modular Norm RandOpt,42,25,10,223,7,5-10,10,3,1,1,7,3,4,4,1.0,True
gsm8k,Modular Norm RandOpt,42,25,10,224,10,5-10,10,0,1,0,10,0,10,10,0.0,True
gsm8k,Modular Norm RandOpt,42,25,10,225,4,2-4,10,6,1,4,4,2,2,2,0.3333333333333333,True
gsm8k,Modular Norm RandOpt,42,25,10,226,9,5-10,10,1,1,1,9,1,8,8,1.0,True
gsm8k,Modular Norm RandOpt,42,25,10,227,0,0,10,10,0,2,0,8,-8,-8,0.8,False
gsm8k,Modular Norm RandOpt,42,25,10,228,10,5-10,10,0,1,0,10,0,10,10,0.0,True
gsm8k,Modular Norm RandOpt,42,25,10,229,7,5-10,10,3,1,1,7,3,4,4,1.0,True
gsm8k,Modular Norm RandOpt,42,25,10,230,9,5-10,10,1,1,1,9,1,8,8,1.0,True
gsm8k,Modular Norm RandOpt,42,25,10,231,9,5-10,10,1,1,1,9,1,8,8,1.0,True
gsm8k,Modular Norm RandOpt,42,25,10,232,9,5-10,10,1,1,1,9,1,8,8,1.0,True
gsm8k,Modular Norm RandOpt,42,25,10,233,9,5-10,10,1,1,1,9,1,8,8,1.0,True
gsm8k,Modular Norm RandOpt,42,25,10,234,3,2-4,10,7,1,2,3,5,-2,-2,0.7142857142857143,False
gsm8k,Modular Norm RandOpt,42,25,10,235,8,5-10,10,2,1,1,8,2,6,6,1.0,True
gsm8k,Modular Norm RandOpt,42,25,10,236,1,1,10,9,1,4,1,5,-4,-4,0.5555555555555556,False
gsm8k,Modular Norm RandOpt,42,25,10,237,7,5-10,10,3,1,1,7,3,4,4,1.0,True
gsm8k,Modular Norm RandOpt,42,25,10,238,10,5-10,10,0,1,0,10,0,10,10,0.0,True
gsm8k,Modular Norm RandOpt,42,25,10,239,9,5-10,10,1,1,1,9,1,8,8,1.0,True
gsm8k,Modular Norm RandOpt,42,25,10,240,10,5-10,10,0,1,0,10,0,10,10,0.0,True
gsm8k,Modular Norm RandOpt,42,25,10,241,4,2-4,10,6,1,4,4,2,2,2,0.3333333333333333,True
gsm8k,Modular Norm RandOpt,42,25,10,242,7,5-10,10,3,1,2,7,2,5,5,0.6666666666666666,True
gsm8k,Modular Norm RandOpt,42,25,10,243,8,5-10,10,2,1,2,8,1,7,7,0.5,True
gsm8k,Modular Norm RandOpt,42,25,10,244,10,5-10,10,0,1,0,10,0,10,10,0.0,True
gsm8k,Modular Norm RandOpt,42,25,10,245,1,1,10,9,1,2,1,8,-7,-7,0.8888888888888888,False
gsm8k,Modular Norm RandOpt,42,25,10,246,9,5-10,10,1,2,1,6,1,8,5,1.0,True
gsm8k,Modular Norm RandOpt,42,25,10,247,8,5-10,10,2,1,1,8,2,6,6,1.0,True
gsm8k,Modular Norm RandOpt,42,25,10,248,8,5-10,10,2,1,1,8,2,6,6,1.0,True
gsm8k,Modular Norm RandOpt,42,25,10,249,6,5-10,10,4,1,2,6,3,3,3,0.75,True
gsm8k,Modular Norm RandOpt,42,25,10,250,5,5-10,10,5,1,3,5,3,2,2,0.6,True
gsm8k,Modular Norm RandOpt,42,25,10,251,3,2-4,10,7,1,1,3,7,-4,-4,1.0,False
gsm8k,Modular Norm RandOpt,42,25,10,252,0,0,10,10,0,2,0,9,-9,-9,0.9,False
gsm8k,Modular Norm RandOpt,42,25,10,253,9,5-10,10,1,1,1,9,1,8,8,1.0,True
gsm8k,Modular Norm RandOpt,42,25,10,254,10,5-10,10,0,1,0,10,0,10,10,0.0,True
gsm8k,Modular Norm RandOpt,42,25,10,255,0,0,10,10,0,3,0,8,-8,-8,0.8,False
gsm8k,Modular Norm RandOpt,42,25,10,256,8,5-10,10,2,1,1,8,2,6,6,1.0,True
gsm8k,Modular Norm RandOpt,42,25,10,257,10,5-10,10,0,1,0,10,0,10,10,0.0,True
gsm8k,Modular Norm RandOpt,42,25,10,258,0,0,10,10,0,3,0,6,-6,-6,0.6,False
gsm8k,Modular Norm RandOpt,42,25,10,259,6,5-10,10,4,1,4,6,1,5,5,0.25,True
gsm8k,Modular Norm RandOpt,42,25,10,260,9,5-10,10,1,1,1,9,1,8,8,1.0,True
gsm8k,Modular Norm RandOpt,42,25,10,261,10,5-10,10,0,1,0,10,0,10,10,0.0,True
gsm8k,Modular Norm RandOpt,42,25,10,262,10,5-10,10,0,1,0,10,0,10,10,0.0,True
gsm8k,Modular Norm RandOpt,42,25,10,263,10,5-10,10,0,1,0,10,0,10,10,0.0,True
gsm8k,Modular Norm RandOpt,42,25,10,264,5,5-10,10,5,1,3,5,3,2,2,0.6,True
gsm8k,Modular Norm RandOpt,42,25,10,265,9,5-10,10,1,2,1,7,1,8,6,1.0,True
gsm8k,Modular Norm RandOpt,42,25,10,266,1,1,10,9,1,6,1,3,-2,-2,0.3333333333333333,False
gsm8k,Modular Norm RandOpt,42,25,10,267,3,2-4,10,7,1,3,3,4,-1,-1,0.5714285714285714,False
gsm8k,Modular Norm RandOpt,42,25,10,268,8,5-10,10,2,2,1,5,2,6,3,1.0,True
gsm8k,Modular Norm RandOpt,42,25,10,269,10,5-10,10,0,1,0,10,0,10,10,0.0,True
gsm8k,Modular Norm RandOpt,42,25,10,270,4,2-4,10,6,1,1,4,6,-2,-2,1.0,False
gsm8k,Modular Norm RandOpt,42,25,10,271,7,5-10,10,3,1,3,7,1,6,6,0.3333333333333333,True
gsm8k,Modular Norm RandOpt,42,25,10,272,0,0,10,10,0,2,0,6,-6,-6,0.6,False
gsm8k,Modular Norm RandOpt,42,25,10,273,10,5-10,10,0,1,0,10,0,10,10,0.0,True
gsm8k,Modular Norm RandOpt,42,25,10,274,8,5-10,10,2,1,1,8,2,6,6,1.0,True
gsm8k,Modular Norm RandOpt,42,25,10,275,9,5-10,10,1,1,1,9,1,8,8,1.0,True
gsm8k,Modular Norm RandOpt,42,25,10,276,8,5-10,10,2,1,1,8,2,6,6,1.0,True
gsm8k,Modular Norm RandOpt,42,25,10,277,10,5-10,10,0,1,0,10,0,10,10,0.0,True
gsm8k,Modular Norm RandOpt,42,25,10,278,7,5-10,10,3,1,3,7,1,6,6,0.3333333333333333,True
gsm8k,Modular Norm RandOpt,42,25,10,279,10,5-10,10,0,1,0,10,0,10,10,0.0,True
gsm8k,Modular Norm RandOpt,42,25,10,280,2,2-4,10,8,1,1,2,8,-6,-6,1.0,False
gsm8k,Modular Norm RandOpt,42,25,10,281,5,5-10,10,5,1,2,5,4,1,1,0.8,True
gsm8k,Modular Norm RandOpt,42,25,10,282,10,5-10,10,0,1,0,10,0,10,10,0.0,True
gsm8k,Modular Norm RandOpt,42,25,10,283,10,5-10,10,0,1,0,10,0,10,10,0.0,True
gsm8k,Modular Norm RandOpt,42,25,10,284,9,5-10,10,1,1,1,9,1,8,8,1.0,True
gsm8k,Modular Norm RandOpt,42,25,10,285,4,2-4,10,6,1,1,4,6,-2,-2,1.0,False
gsm8k,Modular Norm RandOpt,42,25,10,286,8,5-10,10,2,1,1,8,2,6,6,1.0,True
gsm8k,Modular Norm RandOpt,42,25,10,287,9,5-10,10,1,1,1,9,1,8,8,1.0,True
gsm8k,Modular Norm RandOpt,42,25,10,288,9,5-10,10,1,1,1,9,1,8,8,1.0,True
gsm8k,Modular Norm RandOpt,42,25,10,289,9,5-10,10,1,1,1,9,1,8,8,1.0,True
gsm8k,Modular Norm RandOpt,42,25,10,290,10,5-10,10,0,1,0,10,0,10,10,0.0,True
gsm8k,Modular Norm RandOpt,42,25,10,291,10,5-10,10,0,1,0,10,0,10,10,0.0,True
gsm8k,Modular Norm RandOpt,42,25,10,292,7,5-10,10,3,1,2,7,2,5,5,0.6666666666666666,True
gsm8k,Modular Norm RandOpt,42,25,10,293,5,5-10,10,5,1,2,5,3,2,2,0.6,True
gsm8k,Modular Norm RandOpt,42,25,10,294,10,5-10,10,0,1,0,10,0,10,10,0.0,True
gsm8k,Modular Norm RandOpt,42,25,10,295,7,5-10,10,3,1,1,7,3,4,4,1.0,True
gsm8k,Modular Norm RandOpt,42,25,10,296,6,5-10,10,4,1,1,6,4,2,2,1.0,True
gsm8k,Modular Norm RandOpt,42,25,10,297,2,2-4,10,8,1,4,2,4,-2,-2,0.5,False
gsm8k,Modular Norm RandOpt,42,25,10,298,0,0,10,10,0,10,0,1,-1,-1,0.1,False
gsm8k,Modular Norm RandOpt,42,25,10,299,1,1,10,9,1,8,1,2,-1,-1,0.2222222222222222,False
gsm8k,Modular Norm RandOpt,42,25,10,300,2,2-4,10,8,1,1,2,8,-6,-6,1.0,False
gsm8k,Modular Norm RandOpt,42,25,10,301,0,0,10,10,0,3,0,7,-7,-7,0.7,False
gsm8k,Modular Norm RandOpt,42,25,10,302,8,5-10,10,2,1,2,8,1,7,7,0.5,True
gsm8k,Modular Norm RandOpt,42,25,10,303,0,0,10,10,0,10,0,1,-1,-1,0.1,False
gsm8k,Modular Norm RandOpt,42,25,10,304,3,2-4,10,7,1,1,3,7,-4,-4,1.0,False
gsm8k,Modular Norm RandOpt,42,25,10,305,10,5-10,10,0,1,0,10,0,10,10,0.0,True
gsm8k,Modular Norm RandOpt,42,25,10,306,9,5-10,10,1,1,1,9,1,8,8,1.0,True
gsm8k,Modular Norm RandOpt,42,25,10,307,0,0,10,10,0,2,0,9,-9,-9,0.9,False
gsm8k,Modular Norm RandOpt,42,25,10,308,2,2-4,10,8,1,4,2,4,-2,-2,0.5,False
gsm8k,Modular Norm RandOpt,42,25,10,309,10,5-10,10,0,1,0,10,0,10,10,0.0,True
gsm8k,Modular Norm RandOpt,42,25,10,310,1,1,10,9,1,6,1,2,-1,-1,0.2222222222222222,False
gsm8k,Modular Norm RandOpt,42,25,10,311,10,5-10,10,0,1,0,10,0,10,10,0.0,True
gsm8k,Modular Norm RandOpt,42,25,10,312,8,5-10,10,2,1,1,8,2,6,6,1.0,True
gsm8k,Modular Norm RandOpt,42,25,10,313,0,0,10,10,0,7,0,4,-4,-4,0.4,False
gsm8k,Modular Norm RandOpt,42,25,10,314,8,5-10,10,2,1,1,8,2,6,6,1.0,True
gsm8k,Modular Norm RandOpt,42,25,10,315,8,5-10,10,2,1,2,8,1,7,7,0.5,True
gsm8k,Modular Norm RandOpt,42,25,10,316,6,5-10,10,4,1,1,6,4,2,2,1.0,True
gsm8k,Modular Norm RandOpt,42,25,10,317,9,5-10,10,1,1,1,9,1,8,8,1.0,True
gsm8k,Modular Norm RandOpt,42,25,10,318,5,5-10,10,5,1,1,5,5,0,0,1.0,False
gsm8k,Modular Norm RandOpt,42,25,10,319,8,5-10,10,2,1,1,8,2,6,6,1.0,True
gsm8k,Modular Norm RandOpt,42,25,10,320,5,5-10,10,5,1,3,5,2,3,3,0.4,True
gsm8k,Modular Norm RandOpt,42,25,10,321,5,5-10,10,5,1,1,5,5,0,0,1.0,True
gsm8k,Modular Norm RandOpt,42,25,10,322,5,5-10,10,5,1,3,5,3,2,2,0.6,True
gsm8k,Modular Norm RandOpt,42,25,10,323,5,5-10,10,5,1,2,5,4,1,1,0.8,True
gsm8k,Modular Norm RandOpt,42,25,10,324,6,5-10,10,4,1,2,6,3,3,3,0.75,True
gsm8k,Modular Norm RandOpt,42,25,10,325,7,5-10,10,3,2,2,4,2,5,2,0.6666666666666666,True
gsm8k,Modular Norm RandOpt,42,25,10,326,10,5-10,10,0,1,0,10,0,10,10,0.0,True
gsm8k,Modular Norm RandOpt,42,25,10,327,9,5-10,10,1,1,1,9,1,8,8,1.0,True
gsm8k,Modular Norm RandOpt,42,25,10,328,10,5-10,10,0,1,0,10,0,10,10,0.0,True
gsm8k,Modular Norm RandOpt,42,25,10,329,7,5-10,10,3,1,1,7,3,4,4,1.0,True
gsm8k,Modular Norm RandOpt,42,25,10,330,0,0,10,10,0,7,0,3,-3,-3,0.3,False
gsm8k,Modular Norm RandOpt,42,25,10,331,7,5-10,10,3,1,3,7,1,6,6,0.3333333333333333,True
gsm8k,Modular Norm RandOpt,42,25,10,332,10,5-10,10,0,1,0,10,0,10,10,0.0,True
gsm8k,Modular Norm RandOpt,42,25,10,333,6,5-10,10,4,1,1,6,4,2,2,1.0,True
gsm8k,Modular Norm RandOpt,42,25,10,334,10,5-10,10,0,1,0,10,0,10,10,0.0,True
gsm8k,Modular Norm RandOpt,42,25,10,335,8,5-10,10,2,1,1,8,2,6,6,1.0,True
gsm8k,Modular Norm RandOpt,42,25,10,336,10,5-10,10,0,1,0,10,0,10,10,0.0,True
gsm8k,Modular Norm RandOpt,42,25,10,337,8,5-10,10,2,1,1,8,2,6,6,1.0,True
gsm8k,Modular Norm RandOpt,42,25,10,338,6,5-10,10,4,1,2,6,3,3,3,0.75,True
gsm8k,Modular Norm RandOpt,42,25,10,339,9,5-10,10,1,1,1,9,1,8,8,1.0,True
gsm8k,Modular Norm RandOpt,42,25,10,340,1,1,10,9,1,6,1,2,-1,-1,0.2222222222222222,False
gsm8k,Modular Norm RandOpt,42,25,10,341,7,5-10,10,3,1,3,7,1,6,6,0.3333333333333333,True
gsm8k,Modular Norm RandOpt,42,25,10,342,6,5-10,10,4,1,1,6,4,2,2,1.0,True
gsm8k,Modular Norm RandOpt,42,25,10,343,8,5-10,10,2,1,1,8,2,6,6,1.0,True
gsm8k,Modular Norm RandOpt,42,25,10,344,10,5-10,10,0,1,0,10,0,10,10,0.0,True
gsm8k,Modular Norm RandOpt,42,25,10,345,7,5-10,10,3,1,1,7,3,4,4,1.0,True
gsm8k,Modular Norm RandOpt,42,25,10,346,5,5-10,10,5,1,5,5,1,4,4,0.2,True
gsm8k,Modular Norm RandOpt,42,25,10,347,3,2-4,10,7,1,2,3,6,-3,-3,0.8571428571428571,False
gsm8k,Modular Norm RandOpt,42,25,10,348,9,5-10,10,1,1,1,9,1,8,8,1.0,True
gsm8k,Modular Norm RandOpt,42,25,10,349,9,5-10,10,1,1,1,9,1,8,8,1.0,True
gsm8k,Modular Norm RandOpt,42,25,10,350,9,5-10,10,1,1,1,9,1,8,8,1.0,True
gsm8k,Modular Norm RandOpt,42,25,10,351,10,5-10,10,0,1,0,10,0,10,10,0.0,True
gsm8k,Modular Norm RandOpt,42,25,10,352,7,5-10,10,3,1,2,7,2,5,5,0.6666666666666666,True
gsm8k,Modular Norm RandOpt,42,25,10,353,5,5-10,10,5,1,3,5,3,2,2,0.6,True
gsm8k,Modular Norm RandOpt,42,25,10,354,1,1,10,9,1,3,1,4,-3,-3,0.4444444444444444,False
gsm8k,Modular Norm RandOpt,42,25,10,355,10,5-10,10,0,1,0,10,0,10,10,0.0,True
gsm8k,Modular Norm RandOpt,42,25,10,356,6,5-10,10,4,1,4,6,1,5,5,0.25,True
gsm8k,Modular Norm RandOpt,42,25,10,357,0,0,10,10,0,7,0,2,-2,-2,0.2,False
gsm8k,Modular Norm RandOpt,42,25,10,358,6,5-10,10,4,1,2,6,3,3,3,0.75,True
gsm8k,Modular Norm RandOpt,42,25,10,359,6,5-10,10,4,1,4,6,1,5,5,0.25,True
gsm8k,Modular Norm RandOpt,42,25,10,360,10,5-10,10,0,1,0,10,0,10,10,0.0,True
gsm8k,Modular Norm RandOpt,42,25,10,361,4,2-4,10,6,1,3,4,4,0,0,0.6666666666666666,False
gsm8k,Modular Norm RandOpt,42,25,10,362,5,5-10,10,5,1,1,5,5,0,0,1.0,True
gsm8k,Modular Norm RandOpt,42,25,10,363,5,5-10,10,5,1,2,5,3,2,2,0.6,True
gsm8k,Modular Norm RandOpt,42,25,10,364,8,5-10,10,2,1,1,8,2,6,6,1.0,True
gsm8k,Modular Norm RandOpt,42,25,10,365,10,5-10,10,0,1,0,10,0,10,10,0.0,True
gsm8k,Modular Norm RandOpt,42,25,10,366,10,5-10,10,0,1,0,10,0,10,10,0.0,True
gsm8k,Modular Norm RandOpt,42,25,10,367,4,2-4,10,6,1,6,4,1,3,3,0.16666666666666666,True
gsm8k,Modular Norm RandOpt,42,25,10,368,0,0,10,10,0,4,0,7,-7,-7,0.7,False
gsm8k,Modular Norm RandOpt,42,25,10,369,1,1,10,9,1,8,1,2,-1,-1,0.2222222222222222,False
gsm8k,Modular Norm RandOpt,42,25,10,370,8,5-10,10,2,1,1,8,2,6,6,1.0,True
gsm8k,Modular Norm RandOpt,42,25,10,371,7,5-10,10,3,1,3,7,1,6,6,0.3333333333333333,True
gsm8k,Modular Norm RandOpt,42,25,10,372,10,5-10,10,0,1,0,10,0,10,10,0.0,True
gsm8k,Modular Norm RandOpt,42,25,10,373,0,0,10,10,0,5,0,6,-6,-6,0.6,False
gsm8k,Modular Norm RandOpt,42,25,10,374,7,5-10,10,3,1,1,7,3,4,4,1.0,True
gsm8k,Modular Norm RandOpt,42,25,10,375,5,5-10,10,5,1,1,5,5,0,0,1.0,True
gsm8k,Modular Norm RandOpt,42,25,10,376,9,5-10,10,1,1,1,9,1,8,8,1.0,True
gsm8k,Modular Norm RandOpt,42,25,10,377,10,5-10,10,0,1,0,10,0,10,10,0.0,True
gsm8k,Modular Norm RandOpt,42,25,10,378,10,5-10,10,0,1,0,10,0,10,10,0.0,True
gsm8k,Modular Norm RandOpt,42,25,10,379,4,2-4,10,6,1,1,4,6,-2,-2,1.0,False
gsm8k,Modular Norm RandOpt,42,25,10,380,0,0,10,10,0,6,0,5,-5,-5,0.5,False
gsm8k,Modular Norm RandOpt,42,25,10,381,10,5-10,10,0,1,0,10,0,10,10,0.0,True
gsm8k,Modular Norm RandOpt,42,25,10,382,6,5-10,10,4,1,1,6,4,2,2,1.0,True
gsm8k,Modular Norm RandOpt,42,25,10,383,6,5-10,10,4,1,1,6,4,2,2,1.0,True
gsm8k,Modular Norm RandOpt,42,25,10,384,10,5-10,10,0,1,0,10,0,10,10,0.0,True
gsm8k,Modular Norm RandOpt,42,25,10,385,4,2-4,10,6,1,4,4,2,2,2,0.3333333333333333,True
gsm8k,Modular Norm RandOpt,42,25,10,386,7,5-10,10,3,1,1,7,3,4,4,1.0,True
gsm8k,Modular Norm RandOpt,42,25,10,387,9,5-10,10,1,1,1,9,1,8,8,1.0,True
gsm8k,Modular Norm RandOpt,42,25,10,388,10,5-10,10,0,1,0,10,0,10,10,0.0,True
gsm8k,Modular Norm RandOpt,42,25,10,389,0,0,10,10,0,7,0,3,-3,-3,0.3,False
gsm8k,Modular Norm RandOpt,42,25,10,390,10,5-10,10,0,1,0,10,0,10,10,0.0,True
gsm8k,Modular Norm RandOpt,42,25,10,391,10,5-10,10,0,1,0,10,0,10,10,0.0,True
gsm8k,Modular Norm RandOpt,42,25,10,392,6,5-10,10,4,1,4,6,1,5,5,0.25,True
gsm8k,Modular Norm RandOpt,42,25,10,393,9,5-10,10,1,1,1,9,1,8,8,1.0,True
gsm8k,Modular Norm RandOpt,42,25,10,394,2,2-4,10,8,1,6,2,2,0,0,0.25,False
gsm8k,Modular Norm RandOpt,42,25,10,395,0,0,10,10,0,4,0,7,-7,-7,0.7,False
gsm8k,Modular Norm RandOpt,42,25,10,396,10,5-10,10,0,1,0,10,0,10,10,0.0,True
gsm8k,Modular Norm RandOpt,42,25,10,397,7,5-10,10,3,1,2,7,2,5,5,0.6666666666666666,True
gsm8k,Modular Norm RandOpt,42,25,10,398,9,5-10,10,1,1,1,9,1,8,8,1.0,True
gsm8k,Modular Norm RandOpt,42,25,10,399,9,5-10,10,1,1,1,9,1,8,8,1.0,True
gsm8k,Modular Norm RandOpt,42,25,10,400,10,5-10,10,0,1,0,10,0,10,10,0.0,True
gsm8k,Modular Norm RandOpt,42,25,10,401,9,5-10,10,1,2,1,7,1,8,6,1.0,True
gsm8k,Modular Norm RandOpt,42,25,10,402,10,5-10,10,0,1,0,10,0,10,10,0.0,True
gsm8k,Modular Norm RandOpt,42,25,10,403,0,0,10,10,0,1,0,10,-10,-10,1.0,False
gsm8k,Modular Norm RandOpt,42,25,10,404,5,5-10,10,5,1,3,5,3,2,2,0.6,True
gsm8k,Modular Norm RandOpt,42,25,10,405,2,2-4,10,8,1,2,2,5,-3,-3,0.625,False
gsm8k,Modular Norm RandOpt,42,25,10,406,0,0,10,10,0,3,0,5,-5,-5,0.5,False
gsm8k,Modular Norm RandOpt,42,25,10,407,4,2-4,10,6,2,4,3,3,1,0,0.5,True
gsm8k,Modular Norm RandOpt,42,25,10,408,7,5-10,10,3,1,3,7,1,6,6,0.3333333333333333,True
gsm8k,Modular Norm RandOpt,42,25,10,409,1,1,10,9,1,7,1,3,-2,-2,0.3333333333333333,False
gsm8k,Modular Norm RandOpt,42,25,10,410,4,2-4,10,6,1,3,4,3,1,1,0.5,True
gsm8k,Modular Norm RandOpt,42,25,10,411,8,5-10,10,2,1,2,8,1,7,7,0.5,True
gsm8k,Modular Norm RandOpt,42,25,10,412,8,5-10,10,2,1,2,8,1,7,7,0.5,True
gsm8k,Modular Norm RandOpt,42,25,10,413,1,1,10,9,1,6,1,3,-2,-2,0.3333333333333333,False
gsm8k,Modular Norm RandOpt,42,25,10,414,7,5-10,10,3,1,1,7,3,4,4,1.0,True
gsm8k,Modular Norm RandOpt,42,25,10,415,7,5-10,10,3,1,3,7,1,6,6,0.3333333333333333,True
gsm8k,Modular Norm RandOpt,42,25,10,416,8,5-10,10,2,1,2,8,1,7,7,0.5,True
gsm8k,Modular Norm RandOpt,42,25,10,417,7,5-10,10,3,1,1,7,3,4,4,1.0,True
gsm8k,Modular Norm RandOpt,42,25,10,418,10,5-10,10,0,1,0,10,0,10,10,0.0,True
gsm8k,Modular Norm RandOpt,42,25,10,419,0,0,10,10,0,3,0,5,-5,-5,0.5,False
gsm8k,Modular Norm RandOpt,42,25,10,420,7,5-10,10,3,1,1,7,3,4,4,1.0,True
gsm8k,Modular Norm RandOpt,42,25,10,421,7,5-10,10,3,1,1,7,3,4,4,1.0,True
gsm8k,Modular Norm RandOpt,42,25,10,422,0,0,10,10,0,5,0,3,-3,-3,0.3,False
gsm8k,Modular Norm RandOpt,42,25,10,423,0,0,10,10,0,4,0,7,-7,-7,0.7,False
gsm8k,Modular Norm RandOpt,42,25,10,424,10,5-10,10,0,1,0,10,0,10,10,0.0,True
gsm8k,Modular Norm RandOpt,42,25,10,425,8,5-10,10,2,1,1,8,2,6,6,1.0,True
gsm8k,Modular Norm RandOpt,42,25,10,426,10,5-10,10,0,1,0,10,0,10,10,0.0,True
gsm8k,Modular Norm RandOpt,42,25,10,427,0,0,10,10,0,8,0,2,-2,-2,0.2,False
gsm8k,Modular Norm RandOpt,42,25,10,428,0,0,10,10,0,7,0,3,-3,-3,0.3,False
gsm8k,Modular Norm RandOpt,42,25,10,429,10,5-10,10,0,1,0,10,0,10,10,0.0,True
gsm8k,Modular Norm RandOpt,42,25,10,430,0,0,10,10,0,2,0,6,-6,-6,0.6,False
gsm8k,Modular Norm RandOpt,42,25,10,431,5,5-10,10,5,1,2,5,3,2,2,0.6,True
gsm8k,Modular Norm RandOpt,42,25,10,432,10,5-10,10,0,1,0,10,0,10,10,0.0,True
gsm8k,Modular Norm RandOpt,42,25,10,433,10,5-10,10,0,1,0,10,0,10,10,0.0,True
gsm8k,Modular Norm RandOpt,42,25,10,434,6,5-10,10,4,1,2,6,3,3,3,0.75,True
gsm8k,Modular Norm RandOpt,42,25,10,435,9,5-10,10,1,1,1,9,1,8,8,1.0,True
gsm8k,Modular Norm RandOpt,42,25,10,436,5,5-10,10,5,1,3,5,3,2,2,0.6,True
gsm8k,Modular Norm RandOpt,42,25,10,437,8,5-10,10,2,1,2,8,1,7,7,0.5,True
gsm8k,Modular Norm RandOpt,42,25,10,438,9,5-10,10,1,1,1,9,1,8,8,1.0,True
gsm8k,Modular Norm RandOpt,42,25,10,439,0,0,10,10,0,4,0,5,-5,-5,0.5,False
gsm8k,Modular Norm RandOpt,42,25,10,440,10,5-10,10,0,1,0,10,0,10,10,0.0,True
gsm8k,Modular Norm RandOpt,42,25,10,441,9,5-10,10,1,1,1,9,1,8,8,1.0,True
gsm8k,Modular Norm RandOpt,42,25,10,442,6,5-10,10,4,1,1,6,4,2,2,1.0,True
gsm8k,Modular Norm RandOpt,42,25,10,443,0,0,10,10,0,5,0,3,-3,-3,0.3,False
gsm8k,Modular Norm RandOpt,42,25,10,444,10,5-10,10,0,1,0,10,0,10,10,0.0,True
gsm8k,Modular Norm RandOpt,42,25,10,445,10,5-10,10,0,1,0,10,0,10,10,0.0,True
gsm8k,Modular Norm RandOpt,42,25,10,446,10,5-10,10,0,1,0,10,0,10,10,0.0,True
gsm8k,Modular Norm RandOpt,42,25,10,447,9,5-10,10,1,1,1,9,1,8,8,1.0,True
gsm8k,Modular Norm RandOpt,42,25,10,448,7,5-10,10,3,1,1,7,3,4,4,1.0,True
gsm8k,Modular Norm RandOpt,42,25,10,449,9,5-10,10,1,1,1,9,1,8,8,1.0,True
gsm8k,Modular Norm RandOpt,42,25,10,450,2,2-4,10,8,1,6,2,2,0,0,0.25,False
gsm8k,Modular Norm RandOpt,42,25,10,451,8,5-10,10,2,1,2,8,1,7,7,0.5,True
gsm8k,Modular Norm RandOpt,42,25,10,452,10,5-10,10,0,1,0,10,0,10,10,0.0,True
gsm8k,Modular Norm RandOpt,42,25,10,453,0,0,10,10,0,2,0,9,-9,-9,0.9,False
gsm8k,Modular Norm RandOpt,42,25,10,454,0,0,10,10,0,2,0,9,-9,-9,0.9,False
gsm8k,Modular Norm RandOpt,42,25,10,455,8,5-10,10,2,1,1,8,2,6,6,1.0,True
gsm8k,Modular Norm RandOpt,42,25,10,456,9,5-10,10,1,1,1,9,1,8,8,1.0,True
gsm8k,Modular Norm RandOpt,42,25,10,457,7,5-10,10,3,1,1,7,3,4,4,1.0,True
gsm8k,Modular Norm RandOpt,42,25,10,458,10,5-10,10,0,1,0,10,0,10,10,0.0,True
gsm8k,Modular Norm RandOpt,42,25,10,459,9,5-10,10,1,1,1,9,1,8,8,1.0,True
gsm8k,Modular Norm RandOpt,42,25,10,460,10,5-10,10,0,1,0,10,0,10,10,0.0,True
gsm8k,Modular Norm RandOpt,42,25,10,461,10,5-10,10,0,1,0,10,0,10,10,0.0,True
gsm8k,Modular Norm RandOpt,42,25,10,462,4,2-4,10,6,1,1,4,6,-2,-2,1.0,False
gsm8k,Modular Norm RandOpt,42,25,10,463,6,5-10,10,4,1,2,6,3,3,3,0.75,True
gsm8k,Modular Norm RandOpt,42,25,10,464,3,2-4,10,7,1,2,3,4,-1,-1,0.5714285714285714,False
gsm8k,Modular Norm RandOpt,42,25,10,465,10,5-10,10,0,1,0,10,0,10,10,0.0,True
gsm8k,Modular Norm RandOpt,42,25,10,466,5,5-10,10,5,1,3,5,3,2,2,0.6,True
gsm8k,Modular Norm RandOpt,42,25,10,467,10,5-10,10,0,1,0,10,0,10,10,0.0,True
gsm8k,Modular Norm RandOpt,42,25,10,468,4,2-4,10,6,1,3,4,4,0,0,0.6666666666666666,False
gsm8k,Modular Norm RandOpt,42,25,10,469,10,5-10,10,0,1,0,10,0,10,10,0.0,True
gsm8k,Modular Norm RandOpt,42,25,10,470,10,5-10,10,0,1,0,10,0,10,10,0.0,True
gsm8k,Modular Norm RandOpt,42,25,10,471,4,2-4,10,6,1,1,4,6,-2,-2,1.0,False
gsm8k,Modular Norm RandOpt,42,25,10,472,7,5-10,10,3,1,1,7,3,4,4,1.0,True
gsm8k,Modular Norm RandOpt,42,25,10,473,9,5-10,10,1,1,1,9,1,8,8,1.0,True
gsm8k,Modular Norm RandOpt,42,25,10,474,10,5-10,10,0,1,0,10,0,10,10,0.0,True
gsm8k,Modular Norm RandOpt,42,25,10,475,1,1,10,9,1,6,1,3,-2,-2,0.3333333333333333,False
gsm8k,Modular Norm RandOpt,42,25,10,476,10,5-10,10,0,1,0,10,0,10,10,0.0,True
gsm8k,Modular Norm RandOpt,42,25,10,477,10,5-10,10,0,1,0,10,0,10,10,0.0,True
gsm8k,Modular Norm RandOpt,42,25,10,478,8,5-10,10,2,1,1,8,2,6,6,1.0,True
gsm8k,Modular Norm RandOpt,42,25,10,479,3,2-4,10,7,1,4,3,3,0,0,0.42857142857142855,True
gsm8k,Modular Norm RandOpt,42,25,10,480,10,5-10,10,0,1,0,10,0,10,10,0.0,True
gsm8k,Modular Norm RandOpt,42,25,10,481,10,5-10,10,0,1,0,10,0,10,10,0.0,True
gsm8k,Modular Norm RandOpt,42,25,10,482,10,5-10,10,0,1,0,10,0,10,10,0.0,True
gsm8k,Modular Norm RandOpt,42,25,10,483,7,5-10,10,3,1,3,7,1,6,6,0.3333333333333333,True
gsm8k,Modular Norm RandOpt,42,25,10,484,10,5-10,10,0,1,0,10,0,10,10,0.0,True
gsm8k,Modular Norm RandOpt,42,25,10,485,2,2-4,10,8,1,1,2,8,-6,-6,1.0,False
gsm8k,Modular Norm RandOpt,42,25,10,486,9,5-10,10,1,1,1,9,1,8,8,1.0,True
gsm8k,Modular Norm RandOpt,42,25,10,487,9,5-10,10,1,1,1,9,1,8,8,1.0,True
gsm8k,Modular Norm RandOpt,42,25,10,488,10,5-10,10,0,1,0,10,0,10,10,0.0,True
gsm8k,Modular Norm RandOpt,42,25,10,489,9,5-10,10,1,1,1,9,1,8,8,1.0,True
gsm8k,Modular Norm RandOpt,42,25,10,490,10,5-10,10,0,1,0,10,0,10,10,0.0,True
gsm8k,Modular Norm RandOpt,42,25,10,491,10,5-10,10,0,1,0,10,0,10,10,0.0,True
gsm8k,Modular Norm RandOpt,42,25,10,492,9,5-10,10,1,1,1,9,1,8,8,1.0,True
gsm8k,Modular Norm RandOpt,42,25,10,493,4,2-4,10,6,1,3,4,3,1,1,0.5,True
gsm8k,Modular Norm RandOpt,42,25,10,494,0,0,10,10,0,4,0,4,-4,-4,0.4,False
gsm8k,Modular Norm RandOpt,42,25,10,495,9,5-10,10,1,1,1,9,1,8,8,1.0,True
gsm8k,Modular Norm RandOpt,42,25,10,496,10,5-10,10,0,1,0,10,0,10,10,0.0,True
gsm8k,Modular Norm RandOpt,42,25,10,497,0,0,10,10,0,2,0,9,-9,-9,0.9,False
gsm8k,Modular Norm RandOpt,42,25,10,498,10,5-10,10,0,1,0,10,0,10,10,0.0,True
gsm8k,Modular Norm RandOpt,42,25,10,499,0,0,10,10,0,5,0,3,-3,-3,0.3,False
gsm8k,Modular Norm RandOpt,42,25,10,500,8,5-10,10,2,1,2,8,1,7,7,0.5,True
gsm8k,Modular Norm RandOpt,42,25,10,501,10,5-10,10,0,1,0,10,0,10,10,0.0,True
gsm8k,Modular Norm RandOpt,42,25,10,502,9,5-10,10,1,1,1,9,1,8,8,1.0,True
gsm8k,Modular Norm RandOpt,42,25,10,503,10,5-10,10,0,1,0,10,0,10,10,0.0,True
gsm8k,Modular Norm RandOpt,42,25,10,504,3,2-4,10,7,1,5,3,2,1,1,0.2857142857142857,True
gsm8k,Modular Norm RandOpt,42,25,10,505,1,1,10,9,1,7,1,2,-1,-1,0.2222222222222222,False
gsm8k,Modular Norm RandOpt,42,25,10,506,6,5-10,10,4,1,3,6,2,4,4,0.5,True
gsm8k,Modular Norm RandOpt,42,25,10,507,5,5-10,10,5,1,2,5,4,1,1,0.8,True
gsm8k,Modular Norm RandOpt,42,25,10,508,3,2-4,10,7,1,4,3,3,0,0,0.42857142857142855,True
gsm8k,Modular Norm RandOpt,42,25,10,509,9,5-10,10,1,1,1,9,1,8,8,1.0,True
gsm8k,Modular Norm RandOpt,42,25,10,510,0,0,10,10,0,3,0,8,-8,-8,0.8,False
gsm8k,Modular Norm RandOpt,42,25,10,511,8,5-10,10,2,1,1,8,2,6,6,1.0,True
gsm8k,Modular Norm RandOpt,42,25,10,512,10,5-10,10,0,1,0,10,0,10,10,0.0,True
gsm8k,Modular Norm RandOpt,42,25,10,513,7,5-10,10,3,1,1,7,3,4,4,1.0,True
gsm8k,Modular Norm RandOpt,42,25,10,514,1,1,10,9,1,1,1,9,-8,-8,1.0,False
gsm8k,Modular Norm RandOpt,42,25,10,515,0,0,10,10,0,3,0,6,-6,-6,0.6,False
gsm8k,Modular Norm RandOpt,42,25,10,516,10,5-10,10,0,1,0,10,0,10,10,0.0,True
gsm8k,Modular Norm RandOpt,42,25,10,517,10,5-10,10,0,1,0,10,0,10,10,0.0,True
gsm8k,Modular Norm RandOpt,42,25,10,518,9,5-10,10,1,1,1,9,1,8,8,1.0,True
gsm8k,Modular Norm RandOpt,42,25,10,519,9,5-10,10,1,1,1,9,1,8,8,1.0,True
gsm8k,Modular Norm RandOpt,42,25,10,520,10,5-10,10,0,1,0,10,0,10,10,0.0,True
gsm8k,Modular Norm RandOpt,42,25,10,521,8,5-10,10,2,1,1,8,2,6,6,1.0,True
gsm8k,Modular Norm RandOpt,42,25,10,522,10,5-10,10,0,1,0,10,0,10,10,0.0,True
gsm8k,Modular Norm RandOpt,42,25,10,523,0,0,10,10,0,2,0,8,-8,-8,0.8,False
gsm8k,Modular Norm RandOpt,42,25,10,524,10,5-10,10,0,1,0,10,0,10,10,0.0,True
gsm8k,Modular Norm RandOpt,42,25,10,525,0,0,10,10,0,2,0,9,-9,-9,0.9,False
gsm8k,Modular Norm RandOpt,42,25,10,526,0,0,10,10,0,4,0,6,-6,-6,0.6,False
gsm8k,Modular Norm RandOpt,42,25,10,527,9,5-10,10,1,1,1,9,1,8,8,1.0,True
gsm8k,Modular Norm RandOpt,42,25,10,528,0,0,10,10,0,4,0,4,-4,-4,0.4,False
gsm8k,Modular Norm RandOpt,42,25,10,529,1,1,10,9,1,4,1,3,-2,-2,0.3333333333333333,False
gsm8k,Modular Norm RandOpt,42,25,10,530,0,0,10,10,0,4,0,5,-5,-5,0.5,False
gsm8k,Modular Norm RandOpt,42,25,10,531,5,5-10,10,5,1,4,5,2,3,3,0.4,True
gsm8k,Modular Norm RandOpt,42,25,10,532,8,5-10,10,2,1,1,8,2,6,6,1.0,True
gsm8k,Modular Norm RandOpt,42,25,10,533,4,2-4,10,6,1,2,4,5,-1,-1,0.8333333333333334,False
gsm8k,Modular Norm RandOpt,42,25,10,534,4,2-4,10,6,1,2,4,5,-1,-1,0.8333333333333334,False
gsm8k,Modular Norm RandOpt,42,25,10,535,9,5-10,10,1,1,1,9,1,8,8,1.0,True
gsm8k,Modular Norm RandOpt,42,25,10,536,7,5-10,10,3,1,1,7,3,4,4,1.0,True
gsm8k,Modular Norm RandOpt,42,25,10,537,10,5-10,10,0,1,0,10,0,10,10,0.0,True
gsm8k,Modular Norm RandOpt,42,25,10,538,6,5-10,10,4,1,2,6,3,3,3,0.75,True
gsm8k,Modular Norm RandOpt,42,25,10,539,0,0,10,10,0,6,0,4,-4,-4,0.4,False
gsm8k,Modular Norm RandOpt,42,25,10,540,6,5-10,10,4,1,1,6,4,2,2,1.0,True
gsm8k,Modular Norm RandOpt,42,25,10,541,4,2-4,10,6,1,3,4,4,0,0,0.6666666666666666,True
gsm8k,Modular Norm RandOpt,42,25,10,542,1,1,10,9,1,2,1,8,-7,-7,0.8888888888888888,False
gsm8k,Modular Norm RandOpt,42,25,10,543,10,5-10,10,0,1,0,10,0,10,10,0.0,True
gsm8k,Modular Norm RandOpt,42,25,10,544,8,5-10,10,2,1,1,8,2,6,6,1.0,True
gsm8k,Modular Norm RandOpt,42,25,10,545,10,5-10,10,0,1,0,10,0,10,10,0.0,True
gsm8k,Modular Norm RandOpt,42,25,10,546,1,1,10,9,1,3,1,7,-6,-6,0.7777777777777778,False
gsm8k,Modular Norm RandOpt,42,25,10,547,5,5-10,10,5,1,1,5,5,0,0,1.0,False
gsm8k,Modular Norm RandOpt,42,25,10,548,3,2-4,10,7,1,1,3,7,-4,-4,1.0,False
gsm8k,Modular Norm RandOpt,42,25,10,549,9,5-10,10,1,1,1,9,1,8,8,1.0,True
gsm8k,Modular Norm RandOpt,42,25,10,550,1,1,10,9,1,4,1,3,-2,-2,0.3333333333333333,False
gsm8k,Modular Norm RandOpt,42,25,10,551,0,0,10,10,0,1,0,10,-10,-10,1.0,False
gsm8k,Modular Norm RandOpt,42,25,10,552,8,5-10,10,2,1,1,8,2,6,6,1.0,True
gsm8k,Modular Norm RandOpt,42,25,10,553,9,5-10,10,1,1,1,9,1,8,8,1.0,True
gsm8k,Modular Norm RandOpt,42,25,10,554,1,1,10,9,1,1,1,9,-8,-8,1.0,False
gsm8k,Modular Norm RandOpt,42,25,10,555,1,1,10,9,1,1,1,9,-8,-8,1.0,False
gsm8k,Modular Norm RandOpt,42,25,10,556,3,2-4,10,7,1,1,3,7,-4,-4,1.0,False
gsm8k,Modular Norm RandOpt,42,25,10,557,10,5-10,10,0,1,0,10,0,10,10,0.0,True
gsm8k,Modular Norm RandOpt,42,25,10,558,10,5-10,10,0,1,0,10,0,10,10,0.0,True
gsm8k,Modular Norm RandOpt,42,25,10,559,0,0,10,10,0,6,0,3,-3,-3,0.3,False
gsm8k,Modular Norm RandOpt,42,25,10,560,4,2-4,10,6,1,1,4,6,-2,-2,1.0,False
gsm8k,Modular Norm RandOpt,42,25,10,561,10,5-10,10,0,1,0,10,0,10,10,0.0,True
gsm8k,Modular Norm RandOpt,42,25,10,562,8,5-10,10,2,1,2,8,1,7,7,0.5,True
gsm8k,Modular Norm RandOpt,42,25,10,563,6,5-10,10,4,1,1,6,4,2,2,1.0,True
gsm8k,Modular Norm RandOpt,42,25,10,564,7,5-10,10,3,1,2,7,2,5,5,0.6666666666666666,True
gsm8k,Modular Norm RandOpt,42,25,10,565,10,5-10,10,0,1,0,10,0,10,10,0.0,True
gsm8k,Modular Norm RandOpt,42,25,10,566,6,5-10,10,4,1,2,6,2,4,4,0.5,True
gsm8k,Modular Norm RandOpt,42,25,10,567,1,1,10,9,1,2,1,8,-7,-7,0.8888888888888888,False
gsm8k,Modular Norm RandOpt,42,25,10,568,9,5-10,10,1,1,1,9,1,8,8,1.0,True
gsm8k,Modular Norm RandOpt,42,25,10,569,10,5-10,10,0,1,0,10,0,10,10,0.0,True
gsm8k,Modular Norm RandOpt,42,25,10,570,1,1,10,9,1,3,1,4,-3,-3,0.4444444444444444,False
gsm8k,Modular Norm RandOpt,42,25,10,571,6,5-10,10,4,1,2,6,3,3,3,0.75,True
gsm8k,Modular Norm RandOpt,42,25,10,572,3,2-4,10,7,1,4,3,3,0,0,0.42857142857142855,False
gsm8k,Modular Norm RandOpt,42,25,10,573,10,5-10,10,0,1,0,10,0,10,10,0.0,True
gsm8k,Modular Norm RandOpt,42,25,10,574,2,2-4,10,8,1,6,2,2,0,0,0.25,False
gsm8k,Modular Norm RandOpt,42,25,10,575,5,5-10,10,5,1,1,5,5,0,0,1.0,False
gsm8k,Modular Norm RandOpt,42,25,10,576,3,2-4,10,7,1,4,3,4,-1,-1,0.5714285714285714,False
gsm8k,Modular Norm RandOpt,42,25,10,577,0,0,10,10,0,5,0,4,-4,-4,0.4,False
gsm8k,Modular Norm RandOpt,42,25,10,578,9,5-10,10,1,1,1,9,1,8,8,1.0,True
gsm8k,Modular Norm RandOpt,42,25,10,579,7,5-10,10,3,1,1,7,3,4,4,1.0,True
gsm8k,Modular Norm RandOpt,42,25,10,580,0,0,10,10,0,4,0,6,-6,-6,0.6,False
gsm8k,Modular Norm RandOpt,42,25,10,581,5,5-10,10,5,1,2,5,4,1,1,0.8,True
gsm8k,Modular Norm RandOpt,42,25,10,582,8,5-10,10,2,2,1,7,2,6,5,1.0,True
gsm8k,Modular Norm RandOpt,42,25,10,583,9,5-10,10,1,1,1,9,1,8,8,1.0,True
gsm8k,Modular Norm RandOpt,42,25,10,584,0,0,10,10,0,4,0,4,-4,-4,0.4,False
gsm8k,Modular Norm RandOpt,42,25,10,585,9,5-10,10,1,1,1,9,1,8,8,1.0,True
gsm8k,Modular Norm RandOpt,42,25,10,586,10,5-10,10,0,1,0,10,0,10,10,0.0,True
gsm8k,Modular Norm RandOpt,42,25,10,587,8,5-10,10,2,1,1,8,2,6,6,1.0,True
gsm8k,Modular Norm RandOpt,42,25,10,588,10,5-10,10,0,1,0,10,0,10,10,0.0,True
gsm8k,Modular Norm RandOpt,42,25,10,589,0,0,10,10,0,1,0,10,-10,-10,1.0,False
gsm8k,Modular Norm RandOpt,42,25,10,590,0,0,10,10,0,3,0,5,-5,-5,0.5,False
gsm8k,Modular Norm RandOpt,42,25,10,591,10,5-10,10,0,1,0,10,0,10,10,0.0,True
gsm8k,Modular Norm RandOpt,42,25,10,592,10,5-10,10,0,1,0,10,0,10,10,0.0,True
gsm8k,Modular Norm RandOpt,42,25,10,593,9,5-10,10,1,1,1,9,1,8,8,1.0,True
gsm8k,Modular Norm RandOpt,42,25,10,594,10,5-10,10,0,1,0,10,0,10,10,0.0,True
gsm8k,Modular Norm RandOpt,42,25,10,595,0,0,10,10,0,1,0,10,-10,-10,1.0,False
gsm8k,Modular Norm RandOpt,42,25,10,596,10,5-10,10,0,1,0,10,0,10,10,0.0,True
gsm8k,Modular Norm RandOpt,42,25,10,597,10,5-10,10,0,1,0,10,0,10,10,0.0,True
gsm8k,Modular Norm RandOpt,42,25,10,598,8,5-10,10,2,1,1,8,2,6,6,1.0,True
gsm8k,Modular Norm RandOpt,42,25,10,599,10,5-10,10,0,1,0,10,0,10,10,0.0,True
gsm8k,Modular Norm RandOpt,42,25,10,600,10,5-10,10,0,1,0,10,0,10,10,0.0,True
gsm8k,Modular Norm RandOpt,42,25,10,601,3,2-4,10,7,1,7,3,1,2,2,0.14285714285714285,True
gsm8k,Modular Norm RandOpt,42,25,10,602,7,5-10,10,3,1,2,7,2,5,5,0.6666666666666666,True
gsm8k,Modular Norm RandOpt,42,25,10,603,0,0,10,10,0,1,0,10,-10,-10,1.0,False
gsm8k,Modular Norm RandOpt,42,25,10,604,9,5-10,10,1,1,1,9,1,8,8,1.0,True
gsm8k,Modular Norm RandOpt,42,25,10,605,6,5-10,10,4,1,3,6,2,4,4,0.5,True
gsm8k,Modular Norm RandOpt,42,25,10,606,7,5-10,10,3,1,3,7,1,6,6,0.3333333333333333,True
gsm8k,Modular Norm RandOpt,42,25,10,607,0,0,10,10,0,6,0,4,-4,-4,0.4,False
gsm8k,Modular Norm RandOpt,42,25,10,608,9,5-10,10,1,1,1,9,1,8,8,1.0,True
gsm8k,Modular Norm RandOpt,42,25,10,609,6,5-10,10,4,1,2,6,2,4,4,0.5,True
gsm8k,Modular Norm RandOpt,42,25,10,610,1,1,10,9,1,7,1,3,-2,-2,0.3333333333333333,False
gsm8k,Modular Norm RandOpt,42,25,10,611,0,0,10,10,0,9,0,2,-2,-2,0.2,False
gsm8k,Modular Norm RandOpt,42,25,10,612,10,5-10,10,0,1,0,10,0,10,10,0.0,True
gsm8k,Modular Norm RandOpt,42,25,10,613,10,5-10,10,0,2,0,9,0,10,9,0.0,True
gsm8k,Modular Norm RandOpt,42,25,10,614,9,5-10,10,1,1,1,9,1,8,8,1.0,True
gsm8k,Modular Norm RandOpt,42,25,10,615,0,0,10,10,0,2,0,7,-7,-7,0.7,False
gsm8k,Modular Norm RandOpt,42,25,10,616,10,5-10,10,0,1,0,10,0,10,10,0.0,True
gsm8k,Modular Norm RandOpt,42,25,10,617,10,5-10,10,0,1,0,10,0,10,10,0.0,True
gsm8k,Modular Norm RandOpt,42,25,10,618,9,5-10,10,1,1,1,9,1,8,8,1.0,True
gsm8k,Modular Norm RandOpt,42,25,10,619,8,5-10,10,2,1,2,8,1,7,7,0.5,True
gsm8k,Modular Norm RandOpt,42,25,10,620,7,5-10,10,3,1,3,7,1,6,6,0.3333333333333333,True
gsm8k,Modular Norm RandOpt,42,25,10,621,5,5-10,10,5,2,2,4,4,1,0,0.8,True
gsm8k,Modular Norm RandOpt,42,25,10,622,9,5-10,10,1,1,1,9,1,8,8,1.0,True
gsm8k,Modular Norm RandOpt,42,25,10,623,4,2-4,10,6,1,2,4,4,0,0,0.6666666666666666,True
gsm8k,Modular Norm RandOpt,42,25,10,624,10,5-10,10,0,1,0,10,0,10,10,0.0,True
gsm8k,Modular Norm RandOpt,42,25,10,625,9,5-10,10,1,1,1,9,1,8,8,1.0,True
gsm8k,Modular Norm RandOpt,42,25,10,626,9,5-10,10,1,1,1,9,1,8,8,1.0,True
gsm8k,Modular Norm RandOpt,42,25,10,627,10,5-10,10,0,1,0,10,0,10,10,0.0,True
gsm8k,Modular Norm RandOpt,42,25,10,628,10,5-10,10,0,1,0,10,0,10,10,0.0,True
gsm8k,Modular Norm RandOpt,42,25,10,629,1,1,10,9,1,6,1,2,-1,-1,0.2222222222222222,False
gsm8k,Modular Norm RandOpt,42,25,10,630,7,5-10,10,3,1,2,7,2,5,5,0.6666666666666666,True
gsm8k,Modular Norm RandOpt,42,25,10,631,10,5-10,10,0,1,0,10,0,10,10,0.0,True
gsm8k,Modular Norm RandOpt,42,25,10,632,9,5-10,10,1,1,1,9,1,8,8,1.0,True
gsm8k,Modular Norm RandOpt,42,25,10,633,10,5-10,10,0,1,0,10,0,10,10,0.0,True
gsm8k,Modular Norm RandOpt,42,25,10,634,10,5-10,10,0,1,0,10,0,10,10,0.0,True
gsm8k,Modular Norm RandOpt,42,25,10,635,1,1,10,9,1,5,1,5,-4,-4,0.5555555555555556,False
gsm8k,Modular Norm RandOpt,42,25,10,636,9,5-10,10,1,1,1,9,1,8,8,1.0,True
gsm8k,Modular Norm RandOpt,42,25,10,637,9,5-10,10,1,1,1,9,1,8,8,1.0,True
gsm8k,Modular Norm RandOpt,42,25,10,638,0,0,10,10,0,2,0,6,-6,-6,0.6,False
gsm8k,Modular Norm RandOpt,42,25,10,639,0,0,10,10,0,2,0,6,-6,-6,0.6,False
gsm8k,Modular Norm RandOpt,42,25,10,640,8,5-10,10,2,2,2,6,1,7,5,0.5,True
gsm8k,Modular Norm RandOpt,42,25,10,641,0,0,10,10,0,4,0,5,-5,-5,0.5,False
gsm8k,Modular Norm RandOpt,42,25,10,642,6,5-10,10,4,1,1,6,4,2,2,1.0,True
gsm8k,Modular Norm RandOpt,42,25,10,643,8,5-10,10,2,1,1,8,2,6,6,1.0,True
gsm8k,Modular Norm RandOpt,42,25,10,644,10,5-10,10,0,1,0,10,0,10,10,0.0,True
gsm8k,Modular Norm RandOpt,42,25,10,645,10,5-10,10,0,1,0,10,0,10,10,0.0,True
gsm8k,Modular Norm RandOpt,42,25,10,646,10,5-10,10,0,1,0,10,0,10,10,0.0,True
gsm8k,Modular Norm RandOpt,42,25,10,647,9,5-10,10,1,1,1,9,1,8,8,1.0,True
gsm8k,Modular Norm RandOpt,42,25,10,648,2,2-4,10,8,1,6,2,2,0,0,0.25,False
gsm8k,Modular Norm RandOpt,42,25,10,649,3,2-4,10,7,1,2,3,6,-3,-3,0.8571428571428571,False
gsm8k,Modular Norm RandOpt,42,25,10,650,6,5-10,10,4,1,4,6,1,5,5,0.25,True
gsm8k,Modular Norm RandOpt,42,25,10,651,5,5-10,10,5,1,3,5,3,2,2,0.6,True
gsm8k,Modular Norm RandOpt,42,25,10,652,0,0,10,10,0,3,0,7,-7,-7,0.7,False
gsm8k,Modular Norm RandOpt,42,25,10,653,8,5-10,10,2,1,2,8,1,7,7,0.5,True
gsm8k,Modular Norm RandOpt,42,25,10,654,8,5-10,10,2,1,1,8,2,6,6,1.0,True
gsm8k,Modular Norm RandOpt,42,25,10,655,8,5-10,10,2,1,2,8,1,7,7,0.5,True
gsm8k,Modular Norm RandOpt,42,25,10,656,6,5-10,10,4,1,3,6,2,4,4,0.5,True
gsm8k,Modular Norm RandOpt,42,25,10,657,8,5-10,10,2,2,2,6,1,7,5,0.5,True
gsm8k,Modular Norm RandOpt,42,25,10,658,10,5-10,10,0,1,0,10,0,10,10,0.0,True
gsm8k,Modular Norm RandOpt,42,25,10,659,9,5-10,10,1,1,1,9,1,8,8,1.0,True
gsm8k,Modular Norm RandOpt,42,25,10,660,10,5-10,10,0,1,0,10,0,10,10,0.0,True
gsm8k,Modular Norm RandOpt,42,25,10,661,7,5-10,10,3,1,1,7,3,4,4,1.0,True
gsm8k,Modular Norm RandOpt,42,25,10,662,0,0,10,10,0,2,0,7,-7,-7,0.7,False
gsm8k,Modular Norm RandOpt,42,25,10,663,9,5-10,10,1,1,1,9,1,8,8,1.0,True
gsm8k,Modular Norm RandOpt,42,25,10,664,8,5-10,10,2,1,2,8,1,7,7,0.5,True
gsm8k,Modular Norm RandOpt,42,25,10,665,10,5-10,10,0,1,0,10,0,10,10,0.0,True
gsm8k,Modular Norm RandOpt,42,25,10,666,2,2-4,10,8,1,1,2,8,-6,-6,1.0,False
gsm8k,Modular Norm RandOpt,42,25,10,667,5,5-10,10,5,1,2,5,4,1,1,0.8,True
gsm8k,Modular Norm RandOpt,42,25,10,668,6,5-10,10,4,1,1,6,4,2,2,1.0,True
gsm8k,Modular Norm RandOpt,42,25,10,669,8,5-10,10,2,1,1,8,2,6,6,1.0,True
gsm8k,Modular Norm RandOpt,42,25,10,670,10,5-10,10,0,1,0,10,0,10,10,0.0,True
gsm8k,Modular Norm RandOpt,42,25,10,671,3,2-4,10,7,1,1,3,7,-4,-4,1.0,False
gsm8k,Modular Norm RandOpt,42,25,10,672,0,0,10,10,0,8,0,3,-3,-3,0.3,False
gsm8k,Modular Norm RandOpt,42,25,10,673,10,5-10,10,0,1,0,10,0,10,10,0.0,True
gsm8k,Modular Norm RandOpt,42,25,10,674,1,1,10,9,1,1,1,9,-8,-8,1.0,False
gsm8k,Modular Norm RandOpt,42,25,10,675,2,2-4,10,8,1,7,2,2,0,0,0.25,False
gsm8k,Modular Norm RandOpt,42,25,10,676,5,5-10,10,5,1,1,5,5,0,0,1.0,False
gsm8k,Modular Norm RandOpt,42,25,10,677,1,1,10,9,1,1,1,9,-8,-8,1.0,False
gsm8k,Modular Norm RandOpt,42,25,10,678,6,5-10,10,4,1,1,6,4,2,2,1.0,True
gsm8k,Modular Norm RandOpt,42,25,10,679,10,5-10,10,0,1,0,10,0,10,10,0.0,True
gsm8k,Modular Norm RandOpt,42,25,10,680,10,5-10,10,0,1,0,10,0,10,10,0.0,True
gsm8k,Modular Norm RandOpt,42,25,10,681,6,5-10,10,4,1,4,6,1,5,5,0.25,True
gsm8k,Modular Norm RandOpt,42,25,10,682,9,5-10,10,1,1,1,9,1,8,8,1.0,True
gsm8k,Modular Norm RandOpt,42,25,10,683,9,5-10,10,1,1,1,9,1,8,8,1.0,True
gsm8k,Modular Norm RandOpt,42,25,10,684,8,5-10,10,2,1,1,8,2,6,6,1.0,True
gsm8k,Modular Norm RandOpt,42,25,10,685,10,5-10,10,0,1,0,10,0,10,10,0.0,True
gsm8k,Modular Norm RandOpt,42,25,10,686,9,5-10,10,1,1,1,9,1,8,8,1.0,True
gsm8k,Modular Norm RandOpt,42,25,10,687,0,0,10,10,0,3,0,8,-8,-8,0.8,False
gsm8k,Modular Norm RandOpt,42,25,10,688,10,5-10,10,0,1,0,10,0,10,10,0.0,True
gsm8k,Modular Norm RandOpt,42,25,10,689,0,0,10,10,0,3,0,7,-7,-7,0.7,False
gsm8k,Modular Norm RandOpt,42,25,10,690,10,5-10,10,0,1,0,10,0,10,10,0.0,True
gsm8k,Modular Norm RandOpt,42,25,10,691,2,2-4,10,8,1,5,2,3,-1,-1,0.375,False
gsm8k,Modular Norm RandOpt,42,25,10,692,2,2-4,10,8,1,4,2,3,-1,-1,0.375,False
gsm8k,Modular Norm RandOpt,42,25,10,693,8,5-10,10,2,1,1,8,2,6,6,1.0,True
gsm8k,Modular Norm RandOpt,42,25,10,694,10,5-10,10,0,1,0,10,0,10,10,0.0,True
gsm8k,Modular Norm RandOpt,42,25,10,695,2,2-4,10,8,1,2,2,5,-3,-3,0.625,False
gsm8k,Modular Norm RandOpt,42,25,10,696,9,5-10,10,1,1,1,9,1,8,8,1.0,True
gsm8k,Modular Norm RandOpt,42,25,10,697,9,5-10,10,1,1,1,9,1,8,8,1.0,True
gsm8k,Modular Norm RandOpt,42,25,10,698,4,2-4,10,6,1,3,4,3,1,1,0.5,True
gsm8k,Modular Norm RandOpt,42,25,10,699,10,5-10,10,0,1,0,10,0,10,10,0.0,True
gsm8k,Modular Norm RandOpt,42,25,10,700,10,5-10,10,0,1,0,10,0,10,10,0.0,True
gsm8k,Modular Norm RandOpt,42,25,10,701,6,5-10,10,4,1,3,6,2,4,4,0.5,True
gsm8k,Modular Norm RandOpt,42,25,10,702,9,5-10,10,1,2,1,6,1,8,5,1.0,True
gsm8k,Modular Norm RandOpt,42,25,10,703,10,5-10,10,0,1,0,10,0,10,10,0.0,True
gsm8k,Modular Norm RandOpt,42,25,10,704,9,5-10,10,1,1,1,9,1,8,8,1.0,True
gsm8k,Modular Norm RandOpt,42,25,10,705,6,5-10,10,4,1,1,6,4,2,2,1.0,True
gsm8k,Modular Norm RandOpt,42,25,10,706,4,2-4,10,6,1,2,4,5,-1,-1,0.8333333333333334,False
gsm8k,Modular Norm RandOpt,42,25,10,707,5,5-10,10,5,1,3,5,3,2,2,0.6,True
gsm8k,Modular Norm RandOpt,42,25,10,708,4,2-4,10,6,1,2,4,4,0,0,0.6666666666666666,False
gsm8k,Modular Norm RandOpt,42,25,10,709,8,5-10,10,2,1,1,8,2,6,6,1.0,True
gsm8k,Modular Norm RandOpt,42,25,10,710,0,0,10,10,0,2,0,6,-6,-6,0.6,False
gsm8k,Modular Norm RandOpt,42,25,10,711,0,0,10,10,0,5,0,6,-6,-6,0.6,False
gsm8k,Modular Norm RandOpt,42,25,10,712,8,5-10,10,2,1,1,8,2,6,6,1.0,True
gsm8k,Modular Norm RandOpt,42,25,10,713,0,0,10,10,0,1,0,10,-10,-10,1.0,False
gsm8k,Modular Norm RandOpt,42,25,10,714,6,5-10,10,4,1,1,6,4,2,2,1.0,True
gsm8k,Modular Norm RandOpt,42,25,10,715,6,5-10,10,4,1,1,6,4,2,2,1.0,True
gsm8k,Modular Norm RandOpt,42,25,10,716,10,5-10,10,0,1,0,10,0,10,10,0.0,True
gsm8k,Modular Norm RandOpt,42,25,10,717,1,1,10,9,1,1,1,9,-8,-8,1.0,False
gsm8k,Modular Norm RandOpt,42,25,10,718,9,5-10,10,1,1,1,9,1,8,8,1.0,True
gsm8k,Modular Norm RandOpt,42,25,10,719,9,5-10,10,1,1,1,9,1,8,8,1.0,True
gsm8k,Modular Norm RandOpt,42,25,10,720,10,5-10,10,0,1,0,10,0,10,10,0.0,True
gsm8k,Modular Norm RandOpt,42,25,10,721,0,0,10,10,0,3,0,8,-8,-8,0.8,False
gsm8k,Modular Norm RandOpt,42,25,10,722,1,1,10,9,1,8,1,2,-1,-1,0.2222222222222222,False
gsm8k,Modular Norm RandOpt,42,25,10,723,8,5-10,10,2,1,1,8,2,6,6,1.0,True
gsm8k,Modular Norm RandOpt,42,25,10,724,4,2-4,10,6,1,6,4,1,3,3,0.16666666666666666,True
gsm8k,Modular Norm RandOpt,42,25,10,725,10,5-10,10,0,1,0,10,0,10,10,0.0,True
gsm8k,Modular Norm RandOpt,42,25,10,726,9,5-10,10,1,1,1,9,1,8,8,1.0,True
gsm8k,Modular Norm RandOpt,42,25,10,727,10,5-10,10,0,1,0,10,0,10,10,0.0,True
gsm8k,Modular Norm RandOpt,42,25,10,728,7,5-10,10,3,1,1,7,3,4,4,1.0,True
gsm8k,Modular Norm RandOpt,42,25,10,729,8,5-10,10,2,1,2,8,1,7,7,0.5,True
gsm8k,Modular Norm RandOpt,42,25,10,730,4,2-4,10,6,1,1,4,6,-2,-2,1.0,False
gsm8k,Modular Norm RandOpt,42,25,10,731,4,2-4,10,6,1,1,4,6,-2,-2,1.0,False
gsm8k,Modular Norm RandOpt,42,25,10,732,10,5-10,10,0,1,0,10,0,10,10,0.0,True
gsm8k,Modular Norm RandOpt,42,25,10,733,1,1,10,9,1,3,1,6,-5,-5,0.6666666666666666,False
gsm8k,Modular Norm RandOpt,42,25,10,734,10,5-10,10,0,1,0,10,0,10,10,0.0,True
gsm8k,Modular Norm RandOpt,42,25,10,735,10,5-10,10,0,1,0,10,0,10,10,0.0,True
gsm8k,Modular Norm RandOpt,42,25,10,736,8,5-10,10,2,1,2,8,1,7,7,0.5,True
gsm8k,Modular Norm RandOpt,42,25,10,737,10,5-10,10,0,1,0,10,0,10,10,0.0,True
gsm8k,Modular Norm RandOpt,42,25,10,738,10,5-10,10,0,1,0,10,0,10,10,0.0,True
gsm8k,Modular Norm RandOpt,42,25,10,739,5,5-10,10,5,1,1,5,5,0,0,1.0,False
gsm8k,Modular Norm RandOpt,42,25,10,740,8,5-10,10,2,1,1,8,2,6,6,1.0,True
gsm8k,Modular Norm RandOpt,42,25,10,741,10,5-10,10,0,1,0,10,0,10,10,0.0,True
gsm8k,Modular Norm RandOpt,42,25,10,742,8,5-10,10,2,1,1,8,2,6,6,1.0,True
gsm8k,Modular Norm RandOpt,42,25,10,743,6,5-10,10,4,1,2,6,3,3,3,0.75,True
gsm8k,Modular Norm RandOpt,42,25,10,744,9,5-10,10,1,1,1,9,1,8,8,1.0,True
gsm8k,Modular Norm RandOpt,42,25,10,745,9,5-10,10,1,1,1,9,1,8,8,1.0,True
gsm8k,Modular Norm RandOpt,42,25,10,746,10,5-10,10,0,1,0,10,0,10,10,0.0,True
gsm8k,Modular Norm RandOpt,42,25,10,747,8,5-10,10,2,1,2,8,1,7,7,0.5,True
gsm8k,Modular Norm RandOpt,42,25,10,748,10,5-10,10,0,1,0,10,0,10,10,0.0,True
gsm8k,Modular Norm RandOpt,42,25,10,749,6,5-10,10,4,1,4,6,1,5,5,0.25,True
gsm8k,Modular Norm RandOpt,42,25,10,750,5,5-10,10,5,1,1,5,5,0,0,1.0,True
gsm8k,Modular Norm RandOpt,42,25,10,751,4,2-4,10,6,1,1,4,6,-2,-2,1.0,False
gsm8k,Modular Norm RandOpt,42,25,10,752,0,0,10,10,0,1,0,10,-10,-10,1.0,False
gsm8k,Modular Norm RandOpt,42,25,10,753,6,5-10,10,4,1,1,6,4,2,2,1.0,True
gsm8k,Modular Norm RandOpt,42,25,10,754,0,0,10,10,0,6,0,4,-4,-4,0.4,False
gsm8k,Modular Norm RandOpt,42,25,10,755,10,5-10,10,0,1,0,10,0,10,10,0.0,True
gsm8k,Modular Norm RandOpt,42,25,10,756,10,5-10,10,0,1,0,10,0,10,10,0.0,True
gsm8k,Modular Norm RandOpt,42,25,10,757,10,5-10,10,0,1,0,10,0,10,10,0.0,True
gsm8k,Modular Norm RandOpt,42,25,10,758,5,5-10,10,5,1,1,5,5,0,0,1.0,False
gsm8k,Modular Norm RandOpt,42,25,10,759,9,5-10,10,1,2,1,5,1,8,4,1.0,True
gsm8k,Modular Norm RandOpt,42,25,10,760,7,5-10,10,3,1,2,7,2,5,5,0.6666666666666666,True
gsm8k,Modular Norm RandOpt,42,25,10,761,6,5-10,10,4,1,3,6,2,4,4,0.5,True
gsm8k,Modular Norm RandOpt,42,25,10,762,10,5-10,10,0,1,0,10,0,10,10,0.0,True
gsm8k,Modular Norm RandOpt,42,25,10,763,10,5-10,10,0,1,0,10,0,10,10,0.0,True
gsm8k,Modular Norm RandOpt,42,25,10,764,10,5-10,10,0,1,0,10,0,10,10,0.0,True
gsm8k,Modular Norm RandOpt,42,25,10,765,9,5-10,10,1,1,1,9,1,8,8,1.0,True
gsm8k,Modular Norm RandOpt,42,25,10,766,4,2-4,10,6,1,1,4,6,-2,-2,1.0,False
gsm8k,Modular Norm RandOpt,42,25,10,767,4,2-4,10,6,1,2,4,5,-1,-1,0.8333333333333334,False
gsm8k,Modular Norm RandOpt,42,25,10,768,1,1,10,9,1,3,1,7,-6,-6,0.7777777777777778,False
gsm8k,Modular Norm RandOpt,42,25,10,769,2,2-4,10,8,1,5,2,4,-2,-2,0.5,False
gsm8k,Modular Norm RandOpt,42,25,10,770,1,1,10,9,1,3,1,4,-3,-3,0.4444444444444444,False
gsm8k,Modular Norm RandOpt,42,25,10,771,4,2-4,10,6,1,3,4,3,1,1,0.5,True
gsm8k,Modular Norm RandOpt,42,25,10,772,10,5-10,10,0,1,0,10,0,10,10,0.0,True
gsm8k,Modular Norm RandOpt,42,25,10,773,10,5-10,10,0,1,0,10,0,10,10,0.0,True
gsm8k,Modular Norm RandOpt,42,25,10,774,8,5-10,10,2,1,2,8,1,7,7,0.5,True
gsm8k,Modular Norm RandOpt,42,25,10,775,10,5-10,10,0,1,0,10,0,10,10,0.0,True
gsm8k,Modular Norm RandOpt,42,25,10,776,8,5-10,10,2,1,1,8,2,6,6,1.0,True
gsm8k,Modular Norm RandOpt,42,25,10,777,1,1,10,9,1,8,1,2,-1,-1,0.2222222222222222,False
gsm8k,Modular Norm RandOpt,42,25,10,778,7,5-10,10,3,1,1,7,3,4,4,1.0,True
gsm8k,Modular Norm RandOpt,42,25,10,779,0,0,10,10,0,1,0,10,-10,-10,1.0,False
gsm8k,Modular Norm RandOpt,42,25,10,780,0,0,10,10,0,9,0,2,-2,-2,0.2,False
gsm8k,Modular Norm RandOpt,42,25,10,781,1,1,10,9,1,2,1,6,-5,-5,0.6666666666666666,False
gsm8k,Modular Norm RandOpt,42,25,10,782,0,0,10,10,0,3,0,8,-8,-8,0.8,False
gsm8k,Modular Norm RandOpt,42,25,10,783,2,2-4,10,8,1,7,2,2,0,0,0.25,True
gsm8k,Modular Norm RandOpt,42,25,10,784,10,5-10,10,0,1,0,10,0,10,10,0.0,True
gsm8k,Modular Norm RandOpt,42,25,10,785,8,5-10,10,2,1,1,8,2,6,6,1.0,True
gsm8k,Modular Norm RandOpt,42,25,10,786,10,5-10,10,0,1,0,10,0,10,10,0.0,True
gsm8k,Modular Norm RandOpt,42,25,10,787,10,5-10,10,0,1,0,10,0,10,10,0.0,True
gsm8k,Modular Norm RandOpt,42,25,10,788,2,2-4,10,8,1,4,2,4,-2,-2,0.5,False
gsm8k,Modular Norm RandOpt,42,25,10,789,9,5-10,10,1,1,1,9,1,8,8,1.0,True
gsm8k,Modular Norm RandOpt,42,25,10,790,0,0,10,10,0,1,0,10,-10,-10,1.0,False
gsm8k,Modular Norm RandOpt,42,25,10,791,4,2-4,10,6,1,3,4,3,1,1,0.5,True
gsm8k,Modular Norm RandOpt,42,25,10,792,6,5-10,10,4,1,1,6,4,2,2,1.0,True
gsm8k,Modular Norm RandOpt,42,25,10,793,8,5-10,10,2,1,1,8,2,6,6,1.0,True
gsm8k,Modular Norm RandOpt,42,25,10,794,10,5-10,10,0,1,0,10,0,10,10,0.0,True
gsm8k,Modular Norm RandOpt,42,25,10,795,8,5-10,10,2,1,2,8,1,7,7,0.5,True
gsm8k,Modular Norm RandOpt,42,25,10,796,0,0,10,10,0,4,0,7,-7,-7,0.7,False
gsm8k,Modular Norm RandOpt,42,25,10,797,1,1,10,9,1,1,1,9,-8,-8,1.0,False
gsm8k,Modular Norm RandOpt,42,25,10,798,5,5-10,10,5,1,2,5,3,2,2,0.6,True
gsm8k,Modular Norm RandOpt,42,25,10,799,5,5-10,10,5,1,1,5,5,0,0,1.0,False
gsm8k,Modular Norm RandOpt,42,25,10,800,9,5-10,10,1,1,1,9,1,8,8,1.0,True
gsm8k,Modular Norm RandOpt,42,25,10,801,10,5-10,10,0,1,0,10,0,10,10,0.0,True
gsm8k,Modular Norm RandOpt,42,25,10,802,5,5-10,10,5,1,3,5,3,2,2,0.6,True
gsm8k,Modular Norm RandOpt,42,25,10,803,10,5-10,10,0,1,0,10,0,10,10,0.0,True
gsm8k,Modular Norm RandOpt,42,25,10,804,10,5-10,10,0,1,0,10,0,10,10,0.0,True
gsm8k,Modular Norm RandOpt,42,25,10,805,3,2-4,10,7,1,1,3,7,-4,-4,1.0,False
gsm8k,Modular Norm RandOpt,42,25,10,806,1,1,10,9,1,5,1,4,-3,-3,0.4444444444444444,False
gsm8k,Modular Norm RandOpt,42,25,10,807,5,5-10,10,5,1,3,5,3,2,2,0.6,True
gsm8k,Modular Norm RandOpt,42,25,10,808,6,5-10,10,4,1,1,6,4,2,2,1.0,True
gsm8k,Modular Norm RandOpt,42,25,10,809,3,2-4,10,7,1,5,3,2,1,1,0.2857142857142857,True
gsm8k,Modular Norm RandOpt,42,25,10,810,4,2-4,10,6,1,2,4,5,-1,-1,0.8333333333333334,False
gsm8k,Modular Norm RandOpt,42,25,10,811,10,5-10,10,0,1,0,10,0,10,10,0.0,True
gsm8k,Modular Norm RandOpt,42,25,10,812,0,0,10,10,0,7,0,3,-3,-3,0.3,False
gsm8k,Modular Norm RandOpt,42,25,10,813,6,5-10,10,4,1,2,6,2,4,4,0.5,True
gsm8k,Modular Norm RandOpt,42,25,10,814,1,1,10,9,1,8,1,2,-1,-1,0.2222222222222222,False
gsm8k,Modular Norm RandOpt,42,25,10,815,1,1,10,9,1,5,1,2,-1,-1,0.2222222222222222,False
gsm8k,Modular Norm RandOpt,42,25,10,816,0,0,10,10,0,1,0,10,-10,-10,1.0,False
gsm8k,Modular Norm RandOpt,42,25,10,817,8,5-10,10,2,1,1,8,2,6,6,1.0,True
gsm8k,Modular Norm RandOpt,42,25,10,818,10,5-10,10,0,1,0,10,0,10,10,0.0,True
gsm8k,Modular Norm RandOpt,42,25,10,819,4,2-4,10,6,2,1,3,6,-2,-3,1.0,False
gsm8k,Modular Norm RandOpt,42,25,10,820,10,5-10,10,0,1,0,10,0,10,10,0.0,True
gsm8k,Modular Norm RandOpt,42,25,10,821,8,5-10,10,2,1,1,8,2,6,6,1.0,True
gsm8k,Modular Norm RandOpt,42,25,10,822,6,5-10,10,4,1,2,6,3,3,3,0.75,True
gsm8k,Modular Norm RandOpt,42,25,10,823,0,0,10,10,0,1,0,10,-10,-10,1.0,False
gsm8k,Modular Norm RandOpt,42,25,10,824,9,5-10,10,1,1,1,9,1,8,8,1.0,True
gsm8k,Modular Norm RandOpt,42,25,10,825,10,5-10,10,0,1,0,10,0,10,10,0.0,True
gsm8k,Modular Norm RandOpt,42,25,10,826,10,5-10,10,0,1,0,10,0,10,10,0.0,True
gsm8k,Modular Norm RandOpt,42,25,10,827,1,1,10,9,1,5,1,3,-2,-2,0.3333333333333333,False
gsm8k,Modular Norm RandOpt,42,25,10,828,4,2-4,10,6,1,1,4,6,-2,-2,1.0,False
gsm8k,Modular Norm RandOpt,42,25,10,829,10,5-10,10,0,2,0,6,0,10,6,0.0,True
gsm8k,Modular Norm RandOpt,42,25,10,830,7,5-10,10,3,1,2,7,2,5,5,0.6666666666666666,True
gsm8k,Modular Norm RandOpt,42,25,10,831,0,0,10,10,0,7,0,3,-3,-3,0.3,False
gsm8k,Modular Norm RandOpt,42,25,10,832,2,2-4,10,8,1,2,2,4,-2,-2,0.5,False
gsm8k,Modular Norm RandOpt,42,25,10,833,9,5-10,10,1,1,1,9,1,8,8,1.0,True
gsm8k,Modular Norm RandOpt,42,25,10,834,10,5-10,10,0,1,0,10,0,10,10,0.0,True
gsm8k,Modular Norm RandOpt,42,25,10,835,0,0,10,10,0,4,0,5,-5,-5,0.5,False
gsm8k,Modular Norm RandOpt,42,25,10,836,8,5-10,10,2,1,1,8,2,6,6,1.0,True
gsm8k,Modular Norm RandOpt,42,25,10,837,1,1,10,9,1,6,1,4,-3,-3,0.4444444444444444,False
gsm8k,Modular Norm RandOpt,42,25,10,838,10,5-10,10,0,1,0,10,0,10,10,0.0,True
gsm8k,Modular Norm RandOpt,42,25,10,839,2,2-4,10,8,1,2,2,7,-5,-5,0.875,False
gsm8k,Modular Norm RandOpt,42,25,10,840,5,5-10,10,5,1,2,5,4,1,1,0.8,True
gsm8k,Modular Norm RandOpt,42,25,10,841,0,0,10,10,0,1,0,10,-10,-10,1.0,False
gsm8k,Modular Norm RandOpt,42,25,10,842,8,5-10,10,2,1,1,8,2,6,6,1.0,True
gsm8k,Modular Norm RandOpt,42,25,10,843,9,5-10,10,1,1,1,9,1,8,8,1.0,True
gsm8k,Modular Norm RandOpt,42,25,10,844,2,2-4,10,8,1,5,2,3,-1,-1,0.375,False
gsm8k,Modular Norm RandOpt,42,25,10,845,3,2-4,10,7,1,4,3,4,-1,-1,0.5714285714285714,False
gsm8k,Modular Norm RandOpt,42,25,10,846,0,0,10,10,0,2,0,9,-9,-9,0.9,False
gsm8k,Modular Norm RandOpt,42,25,10,847,4,2-4,10,6,1,3,4,4,0,0,0.6666666666666666,True
gsm8k,Modular Norm RandOpt,42,25,10,848,10,5-10,10,0,1,0,10,0,10,10,0.0,True
gsm8k,Modular Norm RandOpt,42,25,10,849,4,2-4,10,6,1,1,4,6,-2,-2,1.0,False
gsm8k,Modular Norm RandOpt,42,25,10,850,9,5-10,10,1,1,1,9,1,8,8,1.0,True
gsm8k,Modular Norm RandOpt,42,25,10,851,6,5-10,10,4,1,1,6,4,2,2,1.0,True
gsm8k,Modular Norm RandOpt,42,25,10,852,8,5-10,10,2,1,1,8,2,6,6,1.0,True
gsm8k,Modular Norm RandOpt,42,25,10,853,10,5-10,10,0,1,0,10,0,10,10,0.0,True
gsm8k,Modular Norm RandOpt,42,25,10,854,9,5-10,10,1,1,1,9,1,8,8,1.0,True
gsm8k,Modular Norm RandOpt,42,25,10,855,4,2-4,10,6,1,6,4,1,3,3,0.16666666666666666,True
gsm8k,Modular Norm RandOpt,42,25,10,856,9,5-10,10,1,1,1,9,1,8,8,1.0,True
gsm8k,Modular Norm RandOpt,42,25,10,857,6,5-10,10,4,1,3,6,2,4,4,0.5,True
gsm8k,Modular Norm RandOpt,42,25,10,858,7,5-10,10,3,1,2,7,2,5,5,0.6666666666666666,True
gsm8k,Modular Norm RandOpt,42,25,10,859,3,2-4,10,7,1,1,3,7,-4,-4,1.0,False
gsm8k,Modular Norm RandOpt,42,25,10,860,7,5-10,10,3,1,1,7,3,4,4,1.0,True
gsm8k,Modular Norm RandOpt,42,25,10,861,1,1,10,9,1,3,1,7,-6,-6,0.7777777777777778,False
gsm8k,Modular Norm RandOpt,42,25,10,862,9,5-10,10,1,1,1,9,1,8,8,1.0,True
gsm8k,Modular Norm RandOpt,42,25,10,863,10,5-10,10,0,1,0,10,0,10,10,0.0,True
gsm8k,Modular Norm RandOpt,42,25,10,864,2,2-4,10,8,1,5,2,2,0,0,0.25,False
gsm8k,Modular Norm RandOpt,42,25,10,865,7,5-10,10,3,1,2,7,2,5,5,0.6666666666666666,True
gsm8k,Modular Norm RandOpt,42,25,10,866,8,5-10,10,2,1,1,8,2,6,6,1.0,True
gsm8k,Modular Norm RandOpt,42,25,10,867,10,5-10,10,0,1,0,10,0,10,10,0.0,True
gsm8k,Modular Norm RandOpt,42,25,10,868,1,1,10,9,1,1,1,9,-8,-8,1.0,False
gsm8k,Modular Norm RandOpt,42,25,10,869,4,2-4,10,6,1,3,4,3,1,1,0.5,True
gsm8k,Modular Norm RandOpt,42,25,10,870,9,5-10,10,1,1,1,9,1,8,8,1.0,True
gsm8k,Modular Norm RandOpt,42,25,10,871,10,5-10,10,0,1,0,10,0,10,10,0.0,True
gsm8k,Modular Norm RandOpt,42,25,10,872,0,0,10,10,0,2,0,5,-5,-5,0.5,False
gsm8k,Modular Norm RandOpt,42,25,10,873,0,0,10,10,0,2,0,5,-5,-5,0.5,False
gsm8k,Modular Norm RandOpt,42,25,10,874,3,2-4,10,7,1,1,3,7,-4,-4,1.0,False
gsm8k,Modular Norm RandOpt,42,25,10,875,5,5-10,10,5,1,1,5,5,0,0,1.0,True
gsm8k,Modular Norm RandOpt,42,25,10,876,7,5-10,10,3,1,2,7,2,5,5,0.6666666666666666,True
gsm8k,Modular Norm RandOpt,42,25,10,877,7,5-10,10,3,1,1,7,3,4,4,1.0,True
gsm8k,Modular Norm RandOpt,42,25,10,878,9,5-10,10,1,1,1,9,1,8,8,1.0,True
gsm8k,Modular Norm RandOpt,42,25,10,879,9,5-10,10,1,1,1,9,1,8,8,1.0,True
gsm8k,Modular Norm RandOpt,42,25,10,880,2,2-4,10,8,1,4,2,5,-3,-3,0.625,False
gsm8k,Modular Norm RandOpt,42,25,10,881,8,5-10,10,2,1,2,8,1,7,7,0.5,True
gsm8k,Modular Norm RandOpt,42,25,10,882,2,2-4,10,8,1,4,2,3,-1,-1,0.375,False
gsm8k,Modular Norm RandOpt,42,25,10,883,3,2-4,10,7,1,2,3,5,-2,-2,0.7142857142857143,False
gsm8k,Modular Norm RandOpt,42,25,10,884,10,5-10,10,0,1,0,10,0,10,10,0.0,True
gsm8k,Modular Norm RandOpt,42,25,10,885,6,5-10,10,4,1,2,6,3,3,3,0.75,True
gsm8k,Modular Norm RandOpt,42,25,10,886,10,5-10,10,0,1,0,10,0,10,10,0.0,True
gsm8k,Modular Norm RandOpt,42,25,10,887,10,5-10,10,0,1,0,10,0,10,10,0.0,True
gsm8k,Modular Norm RandOpt,42,25,10,888,9,5-10,10,1,1,1,9,1,8,8,1.0,True
gsm8k,Modular Norm RandOpt,42,25,10,889,10,5-10,10,0,1,0,10,0,10,10,0.0,True
gsm8k,Modular Norm RandOpt,42,25,10,890,10,5-10,10,0,1,0,10,0,10,10,0.0,True
gsm8k,Modular Norm RandOpt,42,25,10,891,10,5-10,10,0,1,0,10,0,10,10,0.0,True
gsm8k,Modular Norm RandOpt,42,25,10,892,8,5-10,10,2,1,1,8,2,6,6,1.0,True
gsm8k,Modular Norm RandOpt,42,25,10,893,9,5-10,10,1,1,1,9,1,8,8,1.0,True
gsm8k,Modular Norm RandOpt,42,25,10,894,1,1,10,9,1,8,1,2,-1,-1,0.2222222222222222,False
gsm8k,Modular Norm RandOpt,42,25,10,895,10,5-10,10,0,1,0,10,0,10,10,0.0,True
gsm8k,Modular Norm RandOpt,42,25,10,896,10,5-10,10,0,1,0,10,0,10,10,0.0,True
gsm8k,Modular Norm RandOpt,42,25,10,897,5,5-10,10,5,1,3,5,2,3,3,0.4,True
gsm8k,Modular Norm RandOpt,42,25,10,898,10,5-10,10,0,1,0,10,0,10,10,0.0,True
gsm8k,Modular Norm RandOpt,42,25,10,899,10,5-10,10,0,1,0,10,0,10,10,0.0,True
gsm8k,Modular Norm RandOpt,42,25,10,900,10,5-10,10,0,1,0,10,0,10,10,0.0,True
gsm8k,Modular Norm RandOpt,42,25,10,901,4,2-4,10,6,1,4,4,3,1,1,0.5,True
gsm8k,Modular Norm RandOpt,42,25,10,902,0,0,10,10,0,2,0,9,-9,-9,0.9,False
gsm8k,Modular Norm RandOpt,42,25,10,903,7,5-10,10,3,1,1,7,3,4,4,1.0,True
gsm8k,Modular Norm RandOpt,42,25,10,904,8,5-10,10,2,1,1,8,2,6,6,1.0,True
gsm8k,Modular Norm RandOpt,42,25,10,905,9,5-10,10,1,1,1,9,1,8,8,1.0,True
gsm8k,Modular Norm RandOpt,42,25,10,906,8,5-10,10,2,1,1,8,2,6,6,1.0,True
gsm8k,Modular Norm RandOpt,42,25,10,907,5,5-10,10,5,1,1,5,5,0,0,1.0,True
gsm8k,Modular Norm RandOpt,42,25,10,908,9,5-10,10,1,1,1,9,1,8,8,1.0,True
gsm8k,Modular Norm RandOpt,42,25,10,909,0,0,10,10,0,1,0,10,-10,-10,1.0,False
gsm8k,Modular Norm RandOpt,42,25,10,910,10,5-10,10,0,1,0,10,0,10,10,0.0,True
gsm8k,Modular Norm RandOpt,42,25,10,911,9,5-10,10,1,1,1,9,1,8,8,1.0,True
gsm8k,Modular Norm RandOpt,42,25,10,912,9,5-10,10,1,1,1,9,1,8,8,1.0,True
gsm8k,Modular Norm RandOpt,42,25,10,913,8,5-10,10,2,1,2,8,1,7,7,0.5,True
gsm8k,Modular Norm RandOpt,42,25,10,914,6,5-10,10,4,1,1,6,4,2,2,1.0,True
gsm8k,Modular Norm RandOpt,42,25,10,915,10,5-10,10,0,1,0,10,0,10,10,0.0,True
gsm8k,Modular Norm RandOpt,42,25,10,916,5,5-10,10,5,1,5,5,1,4,4,0.2,True
gsm8k,Modular Norm RandOpt,42,25,10,917,8,5-10,10,2,1,1,8,2,6,6,1.0,True
gsm8k,Modular Norm RandOpt,42,25,10,918,9,5-10,10,1,1,1,9,1,8,8,1.0,True
gsm8k,Modular Norm RandOpt,42,25,10,919,10,5-10,10,0,1,0,10,0,10,10,0.0,True
gsm8k,Modular Norm RandOpt,42,25,10,920,2,2-4,10,8,1,3,2,4,-2,-2,0.5,False
gsm8k,Modular Norm RandOpt,42,25,10,921,10,5-10,10,0,1,0,10,0,10,10,0.0,True
gsm8k,Modular Norm RandOpt,42,25,10,922,7,5-10,10,3,1,2,7,2,5,5,0.6666666666666666,True
gsm8k,Modular Norm RandOpt,42,25,10,923,2,2-4,10,8,1,4,2,4,-2,-2,0.5,False
gsm8k,Modular Norm RandOpt,42,25,10,924,3,2-4,10,7,1,4,3,3,0,0,0.42857142857142855,False
gsm8k,Modular Norm RandOpt,42,25,10,925,10,5-10,10,0,1,0,10,0,10,10,0.0,True
gsm8k,Modular Norm RandOpt,42,25,10,926,0,0,10,10,0,8,0,2,-2,-2,0.2,False
gsm8k,Modular Norm RandOpt,42,25,10,927,0,0,10,10,0,2,0,8,-8,-8,0.8,False
gsm8k,Modular Norm RandOpt,42,25,10,928,9,5-10,10,1,1,1,9,1,8,8,1.0,True
gsm8k,Modular Norm RandOpt,42,25,10,929,10,5-10,10,0,1,0,10,0,10,10,0.0,True
gsm8k,Modular Norm RandOpt,42,25,10,930,8,5-10,10,2,1,2,8,1,7,7,0.5,True
gsm8k,Modular Norm RandOpt,42,25,10,931,6,5-10,10,4,1,4,6,1,5,5,0.25,True
gsm8k,Modular Norm RandOpt,42,25,10,932,7,5-10,10,3,1,2,7,2,5,5,0.6666666666666666,True
gsm8k,Modular Norm RandOpt,42,25,10,933,7,5-10,10,3,1,2,7,2,5,5,0.6666666666666666,True
gsm8k,Modular Norm RandOpt,42,25,10,934,1,1,10,9,1,5,1,2,-1,-1,0.2222222222222222,False
gsm8k,Modular Norm RandOpt,42,25,10,935,0,0,10,10,0,3,0,6,-6,-6,0.6,False
gsm8k,Modular Norm RandOpt,42,25,10,936,1,1,10,9,1,7,1,2,-1,-1,0.2222222222222222,False
gsm8k,Modular Norm RandOpt,42,25,10,937,10,5-10,10,0,1,0,10,0,10,10,0.0,True
gsm8k,Modular Norm RandOpt,42,25,10,938,5,5-10,10,5,1,3,5,3,2,2,0.6,True
gsm8k,Modular Norm RandOpt,42,25,10,939,10,5-10,10,0,1,0,10,0,10,10,0.0,True
gsm8k,Modular Norm RandOpt,42,25,10,940,5,5-10,10,5,1,3,5,2,3,3,0.4,True
gsm8k,Modular Norm RandOpt,42,25,10,941,9,5-10,10,1,1,1,9,1,8,8,1.0,True
gsm8k,Modular Norm RandOpt,42,25,10,942,0,0,10,10,0,3,0,8,-8,-8,0.8,False
gsm8k,Modular Norm RandOpt,42,25,10,943,0,0,10,10,0,3,0,7,-7,-7,0.7,False
gsm8k,Modular Norm RandOpt,42,25,10,944,6,5-10,10,4,1,1,6,4,2,2,1.0,True
gsm8k,Modular Norm RandOpt,42,25,10,945,10,5-10,10,0,1,0,10,0,10,10,0.0,True
gsm8k,Modular Norm RandOpt,42,25,10,946,10,5-10,10,0,1,0,10,0,10,10,0.0,True
gsm8k,Modular Norm RandOpt,42,25,10,947,4,2-4,10,6,1,1,4,6,-2,-2,1.0,False
gsm8k,Modular Norm RandOpt,42,25,10,948,2,2-4,10,8,1,5,2,3,-1,-1,0.375,False
gsm8k,Modular Norm RandOpt,42,25,10,949,6,5-10,10,4,1,1,6,4,2,2,1.0,True
gsm8k,Modular Norm RandOpt,42,25,10,950,7,5-10,10,3,1,2,7,2,5,5,0.6666666666666666,True
gsm8k,Modular Norm RandOpt,42,25,10,951,2,2-4,10,8,1,4,2,4,-2,-2,0.5,False
gsm8k,Modular Norm RandOpt,42,25,10,952,0,0,10,10,0,2,0,9,-9,-9,0.9,False
gsm8k,Modular Norm RandOpt,42,25,10,953,2,2-4,10,8,1,7,2,2,0,0,0.25,True
gsm8k,Modular Norm RandOpt,42,25,10,954,10,5-10,10,0,1,0,10,0,10,10,0.0,True
gsm8k,Modular Norm RandOpt,42,25,10,955,6,5-10,10,4,1,3,6,2,4,4,0.5,True
gsm8k,Modular Norm RandOpt,42,25,10,956,1,1,10,9,1,1,1,9,-8,-8,1.0,False
gsm8k,Modular Norm RandOpt,42,25,10,957,9,5-10,10,1,1,1,9,1,8,8,1.0,True
gsm8k,Modular Norm RandOpt,42,25,10,958,6,5-10,10,4,1,4,6,1,5,5,0.25,True
gsm8k,Modular Norm RandOpt,42,25,10,959,4,2-4,10,6,1,2,4,5,-1,-1,0.8333333333333334,False
gsm8k,Modular Norm RandOpt,42,25,10,960,1,1,10,9,1,3,1,7,-6,-6,0.7777777777777778,False
gsm8k,Modular Norm RandOpt,42,25,10,961,0,0,10,10,0,7,0,3,-3,-3,0.3,False
gsm8k,Modular Norm RandOpt,42,25,10,962,4,2-4,10,6,1,1,4,6,-2,-2,1.0,False
gsm8k,Modular Norm RandOpt,42,25,10,963,4,2-4,10,6,1,3,4,3,1,1,0.5,True
gsm8k,Modular Norm RandOpt,42,25,10,964,9,5-10,10,1,1,1,9,1,8,8,1.0,True
gsm8k,Modular Norm RandOpt,42,25,10,965,0,0,10,10,0,2,0,9,-9,-9,0.9,False
gsm8k,Modular Norm RandOpt,42,25,10,966,4,2-4,10,6,1,5,4,2,2,2,0.3333333333333333,True
gsm8k,Modular Norm RandOpt,42,25,10,967,9,5-10,10,1,1,1,9,1,8,8,1.0,True
gsm8k,Modular Norm RandOpt,42,25,10,968,9,5-10,10,1,1,1,9,1,8,8,1.0,True
gsm8k,Modular Norm RandOpt,42,25,10,969,2,2-4,10,8,1,6,2,3,-1,-1,0.375,False
gsm8k,Modular Norm RandOpt,42,25,10,970,6,5-10,10,4,1,1,6,4,2,2,1.0,True
gsm8k,Modular Norm RandOpt,42,25,10,971,5,5-10,10,5,1,1,5,5,0,0,1.0,False
gsm8k,Modular Norm RandOpt,42,25,10,972,2,2-4,10,8,1,4,2,3,-1,-1,0.375,False
gsm8k,Modular Norm RandOpt,42,25,10,973,2,2-4,10,8,1,3,2,4,-2,-2,0.5,False
gsm8k,Modular Norm RandOpt,42,25,10,974,8,5-10,10,2,1,1,8,2,6,6,1.0,True
gsm8k,Modular Norm RandOpt,42,25,10,975,10,5-10,10,0,1,0,10,0,10,10,0.0,True
gsm8k,Modular Norm RandOpt,42,25,10,976,3,2-4,10,7,1,3,3,4,-1,-1,0.5714285714285714,False
gsm8k,Modular Norm RandOpt,42,25,10,977,10,5-10,10,0,1,0,10,0,10,10,0.0,True
gsm8k,Modular Norm RandOpt,42,25,10,978,5,5-10,10,5,1,1,5,5,0,0,1.0,False
gsm8k,Modular Norm RandOpt,42,25,10,979,3,2-4,10,7,1,3,3,4,-1,-1,0.5714285714285714,False
gsm8k,Modular Norm RandOpt,42,25,10,980,5,5-10,10,5,1,1,5,5,0,0,1.0,False
gsm8k,Modular Norm RandOpt,42,25,10,981,9,5-10,10,1,1,1,9,1,8,8,1.0,True
gsm8k,Modular Norm RandOpt,42,25,10,982,8,5-10,10,2,1,2,8,1,7,7,0.5,True
gsm8k,Modular Norm RandOpt,42,25,10,983,2,2-4,10,8,1,1,2,8,-6,-6,1.0,False
gsm8k,Modular Norm RandOpt,42,25,10,984,0,0,10,10,0,8,0,3,-3,-3,0.3,False
gsm8k,Modular Norm RandOpt,42,25,10,985,10,5-10,10,0,1,0,10,0,10,10,0.0,True
gsm8k,Modular Norm RandOpt,42,25,10,986,4,2-4,10,6,1,2,4,3,1,1,0.5,True
gsm8k,Modular Norm RandOpt,42,25,10,987,10,5-10,10,0,1,0,10,0,10,10,0.0,True
gsm8k,Modular Norm RandOpt,42,25,10,988,7,5-10,10,3,1,1,7,3,4,4,1.0,True
gsm8k,Modular Norm RandOpt,42,25,10,989,2,2-4,10,8,1,1,2,8,-6,-6,1.0,False
gsm8k,Modular Norm RandOpt,42,25,10,990,3,2-4,10,7,1,2,3,4,-1,-1,0.5714285714285714,False
gsm8k,Modular Norm RandOpt,42,25,10,991,4,2-4,10,6,1,2,4,5,-1,-1,0.8333333333333334,False
gsm8k,Modular Norm RandOpt,42,25,10,992,3,2-4,10,7,1,4,3,3,0,0,0.42857142857142855,False
gsm8k,Modular Norm RandOpt,42,25,10,993,6,5-10,10,4,1,3,6,2,4,4,0.5,True
gsm8k,Modular Norm RandOpt,42,25,10,994,10,5-10,10,0,1,0,10,0,10,10,0.0,True
gsm8k,Modular Norm RandOpt,42,25,10,995,1,1,10,9,1,6,1,3,-2,-2,0.3333333333333333,False
gsm8k,Modular Norm RandOpt,42,25,10,996,8,5-10,10,2,1,2,8,1,7,7,0.5,True
gsm8k,Modular Norm RandOpt,42,25,10,997,1,1,10,9,1,3,1,6,-5,-5,0.6666666666666666,False
gsm8k,Modular Norm RandOpt,42,25,10,998,6,5-10,10,4,1,1,6,4,2,2,1.0,True
gsm8k,Modular Norm RandOpt,42,25,10,999,5,5-10,10,5,1,4,5,2,3,3,0.4,True
gsm8k,Modular Norm RandOpt,42,25,10,1000,10,5-10,10,0,1,0,10,0,10,10,0.0,True
gsm8k,Modular Norm RandOpt,42,25,10,1001,1,1,10,9,1,6,1,2,-1,-1,0.2222222222222222,False
gsm8k,Modular Norm RandOpt,42,25,10,1002,9,5-10,10,1,1,1,9,1,8,8,1.0,True
gsm8k,Modular Norm RandOpt,42,25,10,1003,1,1,10,9,1,6,1,2,-1,-1,0.2222222222222222,False
gsm8k,Modular Norm RandOpt,42,25,10,1004,10,5-10,10,0,1,0,10,0,10,10,0.0,True
gsm8k,Modular Norm RandOpt,42,25,10,1005,10,5-10,10,0,1,0,10,0,10,10,0.0,True
gsm8k,Modular Norm RandOpt,42,25,10,1006,0,0,10,10,0,5,0,5,-5,-5,0.5,False
gsm8k,Modular Norm RandOpt,42,25,10,1007,8,5-10,10,2,1,1,8,2,6,6,1.0,True
gsm8k,Modular Norm RandOpt,42,25,10,1008,10,5-10,10,0,1,0,10,0,10,10,0.0,True
gsm8k,Modular Norm RandOpt,42,25,10,1009,7,5-10,10,3,1,2,7,2,5,5,0.6666666666666666,True
gsm8k,Modular Norm RandOpt,42,25,10,1010,10,5-10,10,0,1,0,10,0,10,10,0.0,True
gsm8k,Modular Norm RandOpt,42,25,10,1011,5,5-10,10,5,1,3,5,2,3,3,0.4,True
gsm8k,Modular Norm RandOpt,42,25,10,1012,0,0,10,10,0,10,0,1,-1,-1,0.1,False
gsm8k,Modular Norm RandOpt,42,25,10,1013,7,5-10,10,3,1,3,7,1,6,6,0.3333333333333333,True
gsm8k,Modular Norm RandOpt,42,25,10,1014,8,5-10,10,2,1,2,8,1,7,7,0.5,True
gsm8k,Modular Norm RandOpt,42,25,10,1015,9,5-10,10,1,1,1,9,1,8,8,1.0,True
gsm8k,Modular Norm RandOpt,42,25,10,1016,0,0,10,10,0,2,0,8,-8,-8,0.8,False
gsm8k,Modular Norm RandOpt,42,25,10,1017,9,5-10,10,1,1,1,9,1,8,8,1.0,True
gsm8k,Modular Norm RandOpt,42,25,10,1018,8,5-10,10,2,1,1,8,2,6,6,1.0,True
gsm8k,Modular Norm RandOpt,42,25,10,1019,6,5-10,10,4,1,3,6,2,4,4,0.5,True
gsm8k,Modular Norm RandOpt,42,25,10,1020,5,5-10,10,5,1,1,5,5,0,0,1.0,True
gsm8k,Modular Norm RandOpt,42,25,10,1021,8,5-10,10,2,1,2,8,1,7,7,0.5,True
gsm8k,Modular Norm RandOpt,42,25,10,1022,6,5-10,10,4,1,2,6,3,3,3,0.75,True
gsm8k,Modular Norm RandOpt,42,25,10,1023,10,5-10,10,0,1,0,10,0,10,10,0.0,True
gsm8k,Modular Norm RandOpt,42,25,10,1024,8,5-10,10,2,1,1,8,2,6,6,1.0,True
gsm8k,Modular Norm RandOpt,42,25,10,1025,8,5-10,10,2,1,1,8,2,6,6,1.0,True
gsm8k,Modular Norm RandOpt,42,25,10,1026,10,5-10,10,0,1,0,10,0,10,10,0.0,True
gsm8k,Modular Norm RandOpt,42,25,10,1027,8,5-10,10,2,1,1,8,2,6,6,1.0,True
gsm8k,Modular Norm RandOpt,42,25,10,1028,10,5-10,10,0,1,0,10,0,10,10,0.0,True
gsm8k,Modular Norm RandOpt,42,25,10,1029,1,1,10,9,1,2,1,6,-5,-5,0.6666666666666666,False
gsm8k,Modular Norm RandOpt,42,25,10,1030,0,0,10,10,0,9,0,2,-2,-2,0.2,False
gsm8k,Modular Norm RandOpt,42,25,10,1031,9,5-10,10,1,1,1,9,1,8,8,1.0,True
gsm8k,Modular Norm RandOpt,42,25,10,1032,3,2-4,10,7,1,1,3,7,-4,-4,1.0,False
gsm8k,Modular Norm RandOpt,42,25,10,1033,7,5-10,10,3,1,3,7,1,6,6,0.3333333333333333,True
gsm8k,Modular Norm RandOpt,42,25,10,1034,9,5-10,10,1,1,1,9,1,8,8,1.0,True
gsm8k,Modular Norm RandOpt,42,25,10,1035,2,2-4,10,8,1,1,2,8,-6,-6,1.0,False
gsm8k,Modular Norm RandOpt,42,25,10,1036,10,5-10,10,0,1,0,10,0,10,10,0.0,True
gsm8k,Modular Norm RandOpt,42,25,10,1037,9,5-10,10,1,1,1,9,1,8,8,1.0,True
gsm8k,Modular Norm RandOpt,42,25,10,1038,3,2-4,10,7,1,6,3,2,1,1,0.2857142857142857,True
gsm8k,Modular Norm RandOpt,42,25,10,1039,10,5-10,10,0,1,0,10,0,10,10,0.0,True
gsm8k,Modular Norm RandOpt,42,25,10,1040,10,5-10,10,0,1,0,10,0,10,10,0.0,True
gsm8k,Modular Norm RandOpt,42,25,10,1041,4,2-4,10,6,1,1,4,6,-2,-2,1.0,False
gsm8k,Modular Norm RandOpt,42,25,10,1042,0,0,10,10,0,3,0,6,-6,-6,0.6,False
gsm8k,Modular Norm RandOpt,42,25,10,1043,8,5-10,10,2,2,2,4,1,7,3,0.5,True
gsm8k,Modular Norm RandOpt,42,25,10,1044,9,5-10,10,1,1,1,9,1,8,8,1.0,True
gsm8k,Modular Norm RandOpt,42,25,10,1045,9,5-10,10,1,1,1,9,1,8,8,1.0,True
gsm8k,Modular Norm RandOpt,42,25,10,1046,0,0,10,10,0,5,0,4,-4,-4,0.4,False
gsm8k,Modular Norm RandOpt,42,25,10,1047,10,5-10,10,0,1,0,10,0,10,10,0.0,True
gsm8k,Modular Norm RandOpt,42,25,10,1048,0,0,10,10,0,10,0,1,-1,-1,0.1,False
gsm8k,Modular Norm RandOpt,42,25,10,1049,10,5-10,10,0,1,0,10,0,10,10,0.0,True
gsm8k,Modular Norm RandOpt,42,25,10,1050,1,1,10,9,1,1,1,9,-8,-8,1.0,False
gsm8k,Modular Norm RandOpt,42,25,10,1051,6,5-10,10,4,1,1,6,4,2,2,1.0,True
gsm8k,Modular Norm RandOpt,42,25,10,1052,8,5-10,10,2,1,2,8,1,7,7,0.5,True
gsm8k,Modular Norm RandOpt,42,25,10,1053,9,5-10,10,1,1,1,9,1,8,8,1.0,True
gsm8k,Modular Norm RandOpt,42,25,10,1054,5,5-10,10,5,1,1,5,5,0,0,1.0,False
gsm8k,Modular Norm RandOpt,42,25,10,1055,9,5-10,10,1,1,1,9,1,8,8,1.0,True
gsm8k,Modular Norm RandOpt,42,25,10,1056,4,2-4,10,6,1,5,4,2,2,2,0.3333333333333333,True
gsm8k,Modular Norm RandOpt,42,25,10,1057,9,5-10,10,1,1,1,9,1,8,8,1.0,True
gsm8k,Modular Norm RandOpt,42,25,10,1058,9,5-10,10,1,1,1,9,1,8,8,1.0,True
gsm8k,Modular Norm RandOpt,42,25,10,1059,8,5-10,10,2,1,1,8,2,6,6,1.0,True
gsm8k,Modular Norm RandOpt,42,25,10,1060,10,5-10,10,0,1,0,10,0,10,10,0.0,True
gsm8k,Modular Norm RandOpt,42,25,10,1061,10,5-10,10,0,1,0,10,0,10,10,0.0,True
gsm8k,Modular Norm RandOpt,42,25,10,1062,3,2-4,10,7,1,3,3,4,-1,-1,0.5714285714285714,False
gsm8k,Modular Norm RandOpt,42,25,10,1063,9,5-10,10,1,1,1,9,1,8,8,1.0,True
gsm8k,Modular Norm RandOpt,42,25,10,1064,9,5-10,10,1,1,1,9,1,8,8,1.0,True
gsm8k,Modular Norm RandOpt,42,25,10,1065,10,5-10,10,0,1,0,10,0,10,10,0.0,True
gsm8k,Modular Norm RandOpt,42,25,10,1066,10,5-10,10,0,1,0,10,0,10,10,0.0,True
gsm8k,Modular Norm RandOpt,42,25,10,1067,10,5-10,10,0,1,0,10,0,10,10,0.0,True
gsm8k,Modular Norm RandOpt,42,25,10,1068,5,5-10,10,5,1,2,5,3,2,2,0.6,True
gsm8k,Modular Norm RandOpt,42,25,10,1069,5,5-10,10,5,1,2,5,4,1,1,0.8,True
gsm8k,Modular Norm RandOpt,42,25,10,1070,0,0,10,10,0,7,0,3,-3,-3,0.3,False
gsm8k,Modular Norm RandOpt,42,25,10,1071,0,0,10,10,0,5,0,5,-5,-5,0.5,False
gsm8k,Modular Norm RandOpt,42,25,10,1072,10,5-10,10,0,1,0,10,0,10,10,0.0,True
gsm8k,Modular Norm RandOpt,42,25,10,1073,1,1,10,9,1,4,1,4,-3,-3,0.4444444444444444,False
gsm8k,Modular Norm RandOpt,42,25,10,1074,5,5-10,10,5,1,2,5,4,1,1,0.8,True
gsm8k,Modular Norm RandOpt,42,25,10,1075,0,0,10,10,0,4,0,5,-5,-5,0.5,False
gsm8k,Modular Norm RandOpt,42,25,10,1076,2,2-4,10,8,1,2,2,5,-3,-3,0.625,False
gsm8k,Modular Norm RandOpt,42,25,10,1077,0,0,10,10,0,8,0,2,-2,-2,0.2,False
gsm8k,Modular Norm RandOpt,42,25,10,1078,0,0,10,10,0,1,0,10,-10,-10,1.0,False
gsm8k,Modular Norm RandOpt,42,25,10,1079,10,5-10,10,0,1,0,10,0,10,10,0.0,True
gsm8k,Modular Norm RandOpt,42,25,10,1080,10,5-10,10,0,1,0,10,0,10,10,0.0,True
gsm8k,Modular Norm RandOpt,42,25,10,1081,6,5-10,10,4,1,1,6,4,2,2,1.0,True
gsm8k,Modular Norm RandOpt,42,25,10,1082,2,2-4,10,8,1,4,2,5,-3,-3,0.625,False
gsm8k,Modular Norm RandOpt,42,25,10,1083,3,2-4,10,7,1,3,3,4,-1,-1,0.5714285714285714,False
gsm8k,Modular Norm RandOpt,42,25,10,1084,1,1,10,9,1,3,1,7,-6,-6,0.7777777777777778,False
gsm8k,Modular Norm RandOpt,42,25,10,1085,3,2-4,10,7,1,2,3,4,-1,-1,0.5714285714285714,False
gsm8k,Modular Norm RandOpt,42,25,10,1086,9,5-10,10,1,2,1,5,1,8,4,1.0,True
gsm8k,Modular Norm RandOpt,42,25,10,1087,10,5-10,10,0,1,0,10,0,10,10,0.0,True
gsm8k,Modular Norm RandOpt,42,25,10,1088,3,2-4,10,7,1,5,3,2,1,1,0.2857142857142857,True
gsm8k,Modular Norm RandOpt,42,25,10,1089,9,5-10,10,1,1,1,9,1,8,8,1.0,True
gsm8k,Modular Norm RandOpt,42,25,10,1090,8,5-10,10,2,1,2,8,1,7,7,0.5,True
gsm8k,Modular Norm RandOpt,42,25,10,1091,8,5-10,10,2,1,1,8,2,6,6,1.0,True
gsm8k,Modular Norm RandOpt,42,25,10,1092,5,5-10,10,5,1,2,5,3,2,2,0.6,True
gsm8k,Modular Norm RandOpt,42,25,10,1093,4,2-4,10,6,1,2,4,4,0,0,0.6666666666666666,False
gsm8k,Modular Norm RandOpt,42,25,10,1094,0,0,10,10,0,10,0,1,-1,-1,0.1,False
gsm8k,Modular Norm RandOpt,42,25,10,1095,10,5-10,10,0,1,0,10,0,10,10,0.0,True
gsm8k,Modular Norm RandOpt,42,25,10,1096,9,5-10,10,1,1,1,9,1,8,8,1.0,True
gsm8k,Modular Norm RandOpt,42,25,10,1097,8,5-10,10,2,1,1,8,2,6,6,1.0,True
gsm8k,Modular Norm RandOpt,42,25,10,1098,10,5-10,10,0,1,0,10,0,10,10,0.0,True
gsm8k,Modular Norm RandOpt,42,25,10,1099,10,5-10,10,0,1,0,10,0,10,10,0.0,True
gsm8k,Modular Norm RandOpt,42,25,10,1100,7,5-10,10,3,1,3,7,1,6,6,0.3333333333333333,True
gsm8k,Modular Norm RandOpt,42,25,10,1101,10,5-10,10,0,1,0,10,0,10,10,0.0,True
gsm8k,Modular Norm RandOpt,42,25,10,1102,0,0,10,10,0,4,0,6,-6,-6,0.6,False
gsm8k,Modular Norm RandOpt,42,25,10,1103,8,5-10,10,2,1,2,8,1,7,7,0.5,True
gsm8k,Modular Norm RandOpt,42,25,10,1104,10,5-10,10,0,1,0,10,0,10,10,0.0,True
gsm8k,Modular Norm RandOpt,42,25,10,1105,1,1,10,9,1,7,1,3,-2,-2,0.3333333333333333,False
gsm8k,Modular Norm RandOpt,42,25,10,1106,10,5-10,10,0,1,0,10,0,10,10,0.0,True
gsm8k,Modular Norm RandOpt,42,25,10,1107,8,5-10,10,2,1,2,8,1,7,7,0.5,True
gsm8k,Modular Norm RandOpt,42,25,10,1108,6,5-10,10,4,1,1,6,4,2,2,1.0,True
gsm8k,Modular Norm RandOpt,42,25,10,1109,10,5-10,10,0,1,0,10,0,10,10,0.0,True
gsm8k,Modular Norm RandOpt,42,25,10,1110,4,2-4,10,6,1,6,4,1,3,3,0.16666666666666666,True
gsm8k,Modular Norm RandOpt,42,25,10,1111,10,5-10,10,0,1,0,10,0,10,10,0.0,True
gsm8k,Modular Norm RandOpt,42,25,10,1112,10,5-10,10,0,1,0,10,0,10,10,0.0,True
gsm8k,Modular Norm RandOpt,42,25,10,1113,10,5-10,10,0,1,0,10,0,10,10,0.0,True
gsm8k,Modular Norm RandOpt,42,25,10,1114,5,5-10,10,5,1,1,5,5,0,0,1.0,False
gsm8k,Modular Norm RandOpt,42,25,10,1115,0,0,10,10,0,4,0,4,-4,-4,0.4,False
gsm8k,Modular Norm RandOpt,42,25,10,1116,10,5-10,10,0,1,0,10,0,10,10,0.0,True
gsm8k,Modular Norm RandOpt,42,25,10,1117,5,5-10,10,5,1,2,5,4,1,1,0.8,True
gsm8k,Modular Norm RandOpt,42,25,10,1118,1,1,10,9,1,1,1,9,-8,-8,1.0,False
gsm8k,Modular Norm RandOpt,42,25,10,1119,5,5-10,10,5,1,3,5,3,2,2,0.6,True
gsm8k,Modular Norm RandOpt,42,25,10,1120,7,5-10,10,3,1,1,7,3,4,4,1.0,True
gsm8k,Modular Norm RandOpt,42,25,10,1121,10,5-10,10,0,1,0,10,0,10,10,0.0,True
gsm8k,Modular Norm RandOpt,42,25,10,1122,1,1,10,9,1,5,1,3,-2,-2,0.3333333333333333,False
gsm8k,Modular Norm RandOpt,42,25,10,1123,4,2-4,10,6,1,2,4,4,0,0,0.6666666666666666,True
gsm8k,Modular Norm RandOpt,42,25,10,1124,4,2-4,10,6,1,5,4,2,2,2,0.3333333333333333,True
gsm8k,Modular Norm RandOpt,42,25,10,1125,7,5-10,10,3,1,2,7,2,5,5,0.6666666666666666,True
gsm8k,Modular Norm RandOpt,42,25,10,1126,10,5-10,10,0,1,0,10,0,10,10,0.0,True
gsm8k,Modular Norm RandOpt,42,25,10,1127,10,5-10,10,0,1,0,10,0,10,10,0.0,True
gsm8k,Modular Norm RandOpt,42,25,10,1128,10,5-10,10,0,1,0,10,0,10,10,0.0,True
gsm8k,Modular Norm RandOpt,42,25,10,1129,2,2-4,10,8,1,4,2,5,-3,-3,0.625,False
gsm8k,Modular Norm RandOpt,42,25,10,1130,9,5-10,10,1,1,1,9,1,8,8,1.0,True
gsm8k,Modular Norm RandOpt,42,25,10,1131,2,2-4,10,8,1,4,2,4,-2,-2,0.5,False
gsm8k,Modular Norm RandOpt,42,25,10,1132,7,5-10,10,3,1,1,7,3,4,4,1.0,True
gsm8k,Modular Norm RandOpt,42,25,10,1133,0,0,10,10,0,5,0,5,-5,-5,0.5,False
gsm8k,Modular Norm RandOpt,42,25,10,1134,0,0,10,10,0,1,0,10,-10,-10,1.0,False
gsm8k,Modular Norm RandOpt,42,25,10,1135,9,5-10,10,1,1,1,9,1,8,8,1.0,True
gsm8k,Modular Norm RandOpt,42,25,10,1136,10,5-10,10,0,1,0,10,0,10,10,0.0,True
gsm8k,Modular Norm RandOpt,42,25,10,1137,2,2-4,10,8,1,6,2,3,-1,-1,0.375,False
gsm8k,Modular Norm RandOpt,42,25,10,1138,9,5-10,10,1,1,1,9,1,8,8,1.0,True
gsm8k,Modular Norm RandOpt,42,25,10,1139,0,0,10,10,0,2,0,8,-8,-8,0.8,False
gsm8k,Modular Norm RandOpt,42,25,10,1140,4,2-4,10,6,1,4,4,3,1,1,0.5,True
gsm8k,Modular Norm RandOpt,42,25,10,1141,8,5-10,10,2,1,1,8,2,6,6,1.0,True
gsm8k,Modular Norm RandOpt,42,25,10,1142,9,5-10,10,1,1,1,9,1,8,8,1.0,True
gsm8k,Modular Norm RandOpt,42,25,10,1143,9,5-10,10,1,1,1,9,1,8,8,1.0,True
gsm8k,Modular Norm RandOpt,42,25,10,1144,9,5-10,10,1,1,1,9,1,8,8,1.0,True
gsm8k,Modular Norm RandOpt,42,25,10,1145,2,2-4,10,8,1,6,2,3,-1,-1,0.375,False
gsm8k,Modular Norm RandOpt,42,25,10,1146,2,2-4,10,8,1,8,2,1,1,1,0.125,True
gsm8k,Modular Norm RandOpt,42,25,10,1147,4,2-4,10,6,1,1,4,6,-2,-2,1.0,False
gsm8k,Modular Norm RandOpt,42,25,10,1148,10,5-10,10,0,1,0,10,0,10,10,0.0,True
gsm8k,Modular Norm RandOpt,42,25,10,1149,7,5-10,10,3,1,3,7,1,6,6,0.3333333333333333,True
gsm8k,Modular Norm RandOpt,42,25,10,1150,5,5-10,10,5,1,1,5,5,0,0,1.0,True
gsm8k,Modular Norm RandOpt,42,25,10,1151,4,2-4,10,6,1,1,4,6,-2,-2,1.0,False
gsm8k,Modular Norm RandOpt,42,25,10,1152,10,5-10,10,0,1,0,10,0,10,10,0.0,True
gsm8k,Modular Norm RandOpt,42,25,10,1153,10,5-10,10,0,1,0,10,0,10,10,0.0,True
gsm8k,Modular Norm RandOpt,42,25,10,1154,10,5-10,10,0,1,0,10,0,10,10,0.0,True
gsm8k,Modular Norm RandOpt,42,25,10,1155,8,5-10,10,2,1,1,8,2,6,6,1.0,True
gsm8k,Modular Norm RandOpt,42,25,10,1156,5,5-10,10,5,1,2,5,3,2,2,0.6,True
gsm8k,Modular Norm RandOpt,42,25,10,1157,10,5-10,10,0,1,0,10,0,10,10,0.0,True
gsm8k,Modular Norm RandOpt,42,25,10,1158,0,0,10,10,0,2,0,8,-8,-8,0.8,False
gsm8k,Modular Norm RandOpt,42,25,10,1159,5,5-10,10,5,1,2,5,3,2,2,0.6,True
gsm8k,Modular Norm RandOpt,42,25,10,1160,8,5-10,10,2,1,1,8,2,6,6,1.0,True
gsm8k,Modular Norm RandOpt,42,25,10,1161,0,0,10,10,0,2,0,8,-8,-8,0.8,False
gsm8k,Modular Norm RandOpt,42,25,10,1162,10,5-10,10,0,1,0,10,0,10,10,0.0,True
gsm8k,Modular Norm RandOpt,42,25,10,1163,4,2-4,10,6,1,1,4,6,-2,-2,1.0,False
gsm8k,Modular Norm RandOpt,42,25,10,1164,0,0,10,10,0,1,0,10,-10,-10,1.0,False
gsm8k,Modular Norm RandOpt,42,25,10,1165,3,2-4,10,7,1,1,3,7,-4,-4,1.0,False
gsm8k,Modular Norm RandOpt,42,25,10,1166,1,1,10,9,1,6,1,3,-2,-2,0.3333333333333333,False
gsm8k,Modular Norm RandOpt,42,25,10,1167,9,5-10,10,1,1,1,9,1,8,8,1.0,True
gsm8k,Modular Norm RandOpt,42,25,10,1168,10,5-10,10,0,1,0,10,0,10,10,0.0,True
gsm8k,Modular Norm RandOpt,42,25,10,1169,9,5-10,10,1,1,1,9,1,8,8,1.0,True
gsm8k,Modular Norm RandOpt,42,25,10,1170,5,5-10,10,5,1,4,5,2,3,3,0.4,True
gsm8k,Modular Norm RandOpt,42,25,10,1171,10,5-10,10,0,1,0,10,0,10,10,0.0,True
gsm8k,Modular Norm RandOpt,42,25,10,1172,10,5-10,10,0,1,0,10,0,10,10,0.0,True
gsm8k,Modular Norm RandOpt,42,25,10,1173,1,1,10,9,1,4,1,4,-3,-3,0.4444444444444444,False
gsm8k,Modular Norm RandOpt,42,25,10,1174,0,0,10,10,0,2,0,8,-8,-8,0.8,False
gsm8k,Modular Norm RandOpt,42,25,10,1175,0,0,10,10,0,2,0,9,-9,-9,0.9,False
gsm8k,Modular Norm RandOpt,42,25,10,1176,1,1,10,9,1,7,1,2,-1,-1,0.2222222222222222,False
gsm8k,Modular Norm RandOpt,42,25,10,1177,9,5-10,10,1,1,1,9,1,8,8,1.0,True
gsm8k,Modular Norm RandOpt,42,25,10,1178,10,5-10,10,0,1,0,10,0,10,10,0.0,True
gsm8k,Modular Norm RandOpt,42,25,10,1179,10,5-10,10,0,1,0,10,0,10,10,0.0,True
gsm8k,Modular Norm RandOpt,42,25,10,1180,3,2-4,10,7,1,4,3,2,1,1,0.2857142857142857,True
gsm8k,Modular Norm RandOpt,42,25,10,1181,9,5-10,10,1,1,1,9,1,8,8,1.0,True
gsm8k,Modular Norm RandOpt,42,25,10,1182,9,5-10,10,1,1,1,9,1,8,8,1.0,True
gsm8k,Modular Norm RandOpt,42,25,10,1183,2,2-4,10,8,1,5,2,3,-1,-1,0.375,False
gsm8k,Modular Norm RandOpt,42,25,10,1184,4,2-4,10,6,1,1,4,6,-2,-2,1.0,False
gsm8k,Modular Norm RandOpt,42,25,10,1185,1,1,10,9,1,5,1,5,-4,-4,0.5555555555555556,False
gsm8k,Modular Norm RandOpt,42,25,10,1186,10,5-10,10,0,1,0,10,0,10,10,0.0,True
gsm8k,Modular Norm RandOpt,42,25,10,1187,0,0,10,10,0,4,0,7,-7,-7,0.7,False
gsm8k,Modular Norm RandOpt,42,25,10,1188,2,2-4,10,8,1,3,2,5,-3,-3,0.625,False
gsm8k,Modular Norm RandOpt,42,25,10,1189,10,5-10,10,0,1,0,10,0,10,10,0.0,True
gsm8k,Modular Norm RandOpt,42,25,10,1190,0,0,10,10,0,9,0,2,-2,-2,0.2,False
gsm8k,Modular Norm RandOpt,42,25,10,1191,9,5-10,10,1,1,1,9,1,8,8,1.0,True
gsm8k,Modular Norm RandOpt,42,25,10,1192,4,2-4,10,6,1,4,4,3,1,1,0.5,True
gsm8k,Modular Norm RandOpt,42,25,10,1193,0,0,10,10,0,3,0,7,-7,-7,0.7,False
gsm8k,Modular Norm RandOpt,42,25,10,1194,10,5-10,10,0,1,0,10,0,10,10,0.0,True
gsm8k,Modular Norm RandOpt,42,25,10,1195,4,2-4,10,6,1,4,4,3,1,1,0.5,True
gsm8k,Modular Norm RandOpt,42,25,10,1196,10,5-10,10,0,1,0,10,0,10,10,0.0,True
gsm8k,Modular Norm RandOpt,42,25,10,1197,10,5-10,10,0,1,0,10,0,10,10,0.0,True
gsm8k,Modular Norm RandOpt,42,25,10,1198,1,1,10,9,1,1,1,9,-8,-8,1.0,False
gsm8k,Modular Norm RandOpt,42,25,10,1199,3,2-4,10,7,1,2,3,4,-1,-1,0.5714285714285714,False
gsm8k,Modular Norm RandOpt,42,25,10,1200,8,5-10,10,2,1,1,8,2,6,6,1.0,True
gsm8k,Modular Norm RandOpt,42,25,10,1201,8,5-10,10,2,1,1,8,2,6,6,1.0,True
gsm8k,Modular Norm RandOpt,42,25,10,1202,2,2-4,10,8,1,3,2,4,-2,-2,0.5,False
gsm8k,Modular Norm RandOpt,42,25,10,1203,8,5-10,10,2,1,2,8,1,7,7,0.5,True
gsm8k,Modular Norm RandOpt,42,25,10,1204,10,5-10,10,0,1,0,10,0,10,10,0.0,True
gsm8k,Modular Norm RandOpt,42,25,10,1205,7,5-10,10,3,1,1,7,3,4,4,1.0,True
gsm8k,Modular Norm RandOpt,42,25,10,1206,6,5-10,10,4,1,3,6,2,4,4,0.5,True
gsm8k,Modular Norm RandOpt,42,25,10,1207,6,5-10,10,4,1,1,6,4,2,2,1.0,True
gsm8k,Modular Norm RandOpt,42,25,10,1208,6,5-10,10,4,1,1,6,4,2,2,1.0,True
gsm8k,Modular Norm RandOpt,42,25,10,1209,9,5-10,10,1,1,1,9,1,8,8,1.0,True
gsm8k,Modular Norm RandOpt,42,25,10,1210,9,5-10,10,1,1,1,9,1,8,8,1.0,True
gsm8k,Modular Norm RandOpt,42,25,10,1211,10,5-10,10,0,1,0,10,0,10,10,0.0,True
gsm8k,Modular Norm RandOpt,42,25,10,1212,8,5-10,10,2,1,1,8,2,6,6,1.0,True
gsm8k,Modular Norm RandOpt,42,25,10,1213,9,5-10,10,1,1,1,9,1,8,8,1.0,True
gsm8k,Modular Norm RandOpt,42,25,10,1214,10,5-10,10,0,1,0,10,0,10,10,0.0,True
gsm8k,Modular Norm RandOpt,42,25,10,1215,2,2-4,10,8,1,6,2,2,0,0,0.25,False
gsm8k,Modular Norm RandOpt,42,25,10,1216,1,1,10,9,1,6,1,2,-1,-1,0.2222222222222222,False
gsm8k,Modular Norm RandOpt,42,25,10,1217,2,2-4,10,8,1,2,2,7,-5,-5,0.875,False
gsm8k,Modular Norm RandOpt,42,25,10,1218,7,5-10,10,3,1,3,7,1,6,6,0.3333333333333333,True
gsm8k,Modular Norm RandOpt,42,25,10,1219,0,0,10,10,0,1,0,10,-10,-10,1.0,False
gsm8k,Modular Norm RandOpt,42,25,10,1220,10,5-10,10,0,1,0,10,0,10,10,0.0,True
gsm8k,Modular Norm RandOpt,42,25,10,1221,2,2-4,10,8,1,1,2,8,-6,-6,1.0,False
gsm8k,Modular Norm RandOpt,42,25,10,1222,9,5-10,10,1,1,1,9,1,8,8,1.0,True
gsm8k,Modular Norm RandOpt,42,25,10,1223,3,2-4,10,7,1,1,3,7,-4,-4,1.0,False
gsm8k,Modular Norm RandOpt,42,25,10,1224,6,5-10,10,4,1,1,6,4,2,2,1.0,True
gsm8k,Modular Norm RandOpt,42,25,10,1225,9,5-10,10,1,1,1,9,1,8,8,1.0,True
gsm8k,Modular Norm RandOpt,42,25,10,1226,4,2-4,10,6,1,2,4,4,0,0,0.6666666666666666,False
gsm8k,Modular Norm RandOpt,42,25,10,1227,5,5-10,10,5,1,2,5,4,1,1,0.8,True
gsm8k,Modular Norm RandOpt,42,25,10,1228,10,5-10,10,0,1,0,10,0,10,10,0.0,True
gsm8k,Modular Norm RandOpt,42,25,10,1229,9,5-10,10,1,1,1,9,1,8,8,1.0,True
gsm8k,Modular Norm RandOpt,42,25,10,1230,6,5-10,10,4,1,2,6,3,3,3,0.75,True
gsm8k,Modular Norm RandOpt,42,25,10,1231,8,5-10,10,2,1,1,8,2,6,6,1.0,True
gsm8k,Modular Norm RandOpt,42,25,10,1232,10,5-10,10,0,1,0,10,0,10,10,0.0,True
gsm8k,Modular Norm RandOpt,42,25,10,1233,9,5-10,10,1,1,1,9,1,8,8,1.0,True
gsm8k,Modular Norm RandOpt,42,25,10,1234,10,5-10,10,0,1,0,10,0,10,10,0.0,True
gsm8k,Modular Norm RandOpt,42,25,10,1235,0,0,10,10,0,1,0,10,-10,-10,1.0,False
gsm8k,Modular Norm RandOpt,42,25,10,1236,7,5-10,10,3,1,3,7,1,6,6,0.3333333333333333,True
gsm8k,Modular Norm RandOpt,42,25,10,1237,0,0,10,10,0,4,0,5,-5,-5,0.5,False
gsm8k,Modular Norm RandOpt,42,25,10,1238,8,5-10,10,2,1,1,8,2,6,6,1.0,True
gsm8k,Modular Norm RandOpt,42,25,10,1239,6,5-10,10,4,1,1,6,4,2,2,1.0,True
gsm8k,Modular Norm RandOpt,42,25,10,1240,0,0,10,10,0,4,0,6,-6,-6,0.6,False
gsm8k,Modular Norm RandOpt,42,25,10,1241,3,2-4,10,7,1,4,3,4,-1,-1,0.5714285714285714,False
gsm8k,Modular Norm RandOpt,42,25,10,1242,10,5-10,10,0,1,0,10,0,10,10,0.0,True
gsm8k,Modular Norm RandOpt,42,25,10,1243,10,5-10,10,0,1,0,10,0,10,10,0.0,True
gsm8k,Modular Norm RandOpt,42,25,10,1244,0,0,10,10,0,3,0,8,-8,-8,0.8,False
gsm8k,Modular Norm RandOpt,42,25,10,1245,10,5-10,10,0,1,0,10,0,10,10,0.0,True
gsm8k,Modular Norm RandOpt,42,25,10,1246,9,5-10,10,1,1,1,9,1,8,8,1.0,True
gsm8k,Modular Norm RandOpt,42,25,10,1247,8,5-10,10,2,1,2,8,1,7,7,0.5,True
gsm8k,Modular Norm RandOpt,42,25,10,1248,1,1,10,9,1,3,1,7,-6,-6,0.7777777777777778,False
gsm8k,Modular Norm RandOpt,42,25,10,1249,3,2-4,10,7,1,3,3,4,-1,-1,0.5714285714285714,False
gsm8k,Modular Norm RandOpt,42,25,10,1250,10,5-10,10,0,1,0,10,0,10,10,0.0,True
gsm8k,Modular Norm RandOpt,42,25,10,1251,3,2-4,10,7,1,6,3,2,1,1,0.2857142857142857,True
gsm8k,Modular Norm RandOpt,42,25,10,1252,8,5-10,10,2,1,1,8,2,6,6,1.0,True
gsm8k,Modular Norm RandOpt,42,25,10,1253,10,5-10,10,0,1,0,10,0,10,10,0.0,True
gsm8k,Modular Norm RandOpt,42,25,10,1254,2,2-4,10,8,1,1,2,8,-6,-6,1.0,False
gsm8k,Modular Norm RandOpt,42,25,10,1255,10,5-10,10,0,1,0,10,0,10,10,0.0,True
gsm8k,Modular Norm RandOpt,42,25,10,1256,7,5-10,10,3,1,1,7,3,4,4,1.0,True
gsm8k,Modular Norm RandOpt,42,25,10,1257,5,5-10,10,5,1,2,5,4,1,1,0.8,True
gsm8k,Modular Norm RandOpt,42,25,10,1258,6,5-10,10,4,1,4,6,1,5,5,0.25,True
gsm8k,Modular Norm RandOpt,42,25,10,1259,9,5-10,10,1,1,1,9,1,8,8,1.0,True
gsm8k,Modular Norm RandOpt,42,25,10,1260,10,5-10,10,0,1,0,10,0,10,10,0.0,True
gsm8k,Modular Norm RandOpt,42,25,10,1261,0,0,10,10,0,5,0,6,-6,-6,0.6,False
gsm8k,Modular Norm RandOpt,42,25,10,1262,1,1,10,9,1,3,1,7,-6,-6,0.7777777777777778,False
gsm8k,Modular Norm RandOpt,42,25,10,1263,2,2-4,10,8,1,6,2,3,-1,-1,0.375,False
gsm8k,Modular Norm RandOpt,42,25,10,1264,2,2-4,10,8,1,3,2,5,-3,-3,0.625,False
gsm8k,Modular Norm RandOpt,42,25,10,1265,4,2-4,10,6,1,4,4,2,2,2,0.3333333333333333,True
gsm8k,Modular Norm RandOpt,42,25,10,1266,10,5-10,10,0,1,0,10,0,10,10,0.0,True
gsm8k,Modular Norm RandOpt,42,25,10,1267,10,5-10,10,0,1,0,10,0,10,10,0.0,True
gsm8k,Modular Norm RandOpt,42,25,10,1268,10,5-10,10,0,1,0,10,0,10,10,0.0,True
gsm8k,Modular Norm RandOpt,42,25,10,1269,0,0,10,10,0,1,0,10,-10,-10,1.0,False
gsm8k,Modular Norm RandOpt,42,25,10,1270,10,5-10,10,0,1,0,10,0,10,10,0.0,True
gsm8k,Modular Norm RandOpt,42,25,10,1271,9,5-10,10,1,1,1,9,1,8,8,1.0,True
gsm8k,Modular Norm RandOpt,42,25,10,1272,9,5-10,10,1,1,1,9,1,8,8,1.0,True
gsm8k,Modular Norm RandOpt,42,25,10,1273,1,1,10,9,1,4,1,5,-4,-4,0.5555555555555556,False
gsm8k,Modular Norm RandOpt,42,25,10,1274,2,2-4,10,8,1,1,2,8,-6,-6,1.0,False
gsm8k,Modular Norm RandOpt,42,25,10,1275,10,5-10,10,0,1,0,10,0,10,10,0.0,True
gsm8k,Modular Norm RandOpt,42,25,10,1276,10,5-10,10,0,1,0,10,0,10,10,0.0,True
gsm8k,Modular Norm RandOpt,42,25,10,1277,6,5-10,10,4,1,2,6,3,3,3,0.75,True
gsm8k,Modular Norm RandOpt,42,25,10,1278,8,5-10,10,2,1,1,8,2,6,6,1.0,True
gsm8k,Modular Norm RandOpt,42,25,10,1279,0,0,10,10,0,4,0,4,-4,-4,0.4,False
gsm8k,Modular Norm RandOpt,42,25,10,1280,10,5-10,10,0,1,0,10,0,10,10,0.0,True
gsm8k,Modular Norm RandOpt,42,25,10,1281,10,5-10,10,0,1,0,10,0,10,10,0.0,True
gsm8k,Modular Norm RandOpt,42,25,10,1282,10,5-10,10,0,1,0,10,0,10,10,0.0,True
gsm8k,Modular Norm RandOpt,42,25,10,1283,0,0,10,10,0,1,0,10,-10,-10,1.0,False
gsm8k,Modular Norm RandOpt,42,25,10,1284,2,2-4,10,8,1,4,2,4,-2,-2,0.5,False
gsm8k,Modular Norm RandOpt,42,25,10,1285,5,5-10,10,5,2,1,4,5,0,-1,1.0,False
gsm8k,Modular Norm RandOpt,42,25,10,1286,8,5-10,10,2,1,2,8,1,7,7,0.5,True
gsm8k,Modular Norm RandOpt,42,25,10,1287,7,5-10,10,3,1,2,7,2,5,5,0.6666666666666666,True
gsm8k,Modular Norm RandOpt,42,25,10,1288,0,0,10,10,0,4,0,4,-4,-4,0.4,False
gsm8k,Modular Norm RandOpt,42,25,10,1289,10,5-10,10,0,1,0,10,0,10,10,0.0,True
gsm8k,Modular Norm RandOpt,42,25,10,1290,8,5-10,10,2,1,1,8,2,6,6,1.0,True
gsm8k,Modular Norm RandOpt,42,25,10,1291,10,5-10,10,0,1,0,10,0,10,10,0.0,True
gsm8k,Modular Norm RandOpt,42,25,10,1292,6,5-10,10,4,1,2,6,3,3,3,0.75,True
gsm8k,Modular Norm RandOpt,42,25,10,1293,10,5-10,10,0,2,0,7,0,10,7,0.0,True
gsm8k,Modular Norm RandOpt,42,25,10,1294,5,5-10,10,5,1,4,5,2,3,3,0.4,True
gsm8k,Modular Norm RandOpt,42,25,10,1295,10,5-10,10,0,1,0,10,0,10,10,0.0,True
gsm8k,Modular Norm RandOpt,42,25,10,1296,6,5-10,10,4,1,1,6,4,2,2,1.0,True
gsm8k,Modular Norm RandOpt,42,25,10,1297,10,5-10,10,0,1,0,10,0,10,10,0.0,True
gsm8k,Modular Norm RandOpt,42,25,10,1298,3,2-4,10,7,1,2,3,6,-3,-3,0.8571428571428571,False
gsm8k,Modular Norm RandOpt,42,25,10,1299,1,1,10,9,1,3,1,4,-3,-3,0.4444444444444444,False
gsm8k,Modular Norm RandOpt,42,25,10,1300,6,5-10,10,4,1,2,6,3,3,3,0.75,True
gsm8k,Modular Norm RandOpt,42,25,10,1301,2,2-4,10,8,1,5,2,3,-1,-1,0.375,False
gsm8k,Modular Norm RandOpt,42,25,10,1302,9,5-10,10,1,1,1,9,1,8,8,1.0,True
gsm8k,Modular Norm RandOpt,42,25,10,1303,3,2-4,10,7,1,7,3,1,2,2,0.14285714285714285,True
gsm8k,Modular Norm RandOpt,42,25,10,1304,10,5-10,10,0,1,0,10,0,10,10,0.0,True
gsm8k,Modular Norm RandOpt,42,25,10,1305,8,5-10,10,2,1,1,8,2,6,6,1.0,True
gsm8k,Modular Norm RandOpt,42,25,10,1306,5,5-10,10,5,1,4,5,2,3,3,0.4,True
gsm8k,Modular Norm RandOpt,42,25,10,1307,6,5-10,10,4,1,1,6,4,2,2,1.0,True
gsm8k,Modular Norm RandOpt,42,25,10,1308,10,5-10,10,0,1,0,10,0,10,10,0.0,True
gsm8k,Modular Norm RandOpt,42,25,10,1309,3,2-4,10,7,1,2,3,6,-3,-3,0.8571428571428571,False
gsm8k,Modular Norm RandOpt,42,25,10,1310,1,1,10,9,1,3,1,4,-3,-3,0.4444444444444444,False
gsm8k,Modular Norm RandOpt,42,25,10,1311,2,2-4,10,8,1,3,2,3,-1,-1,0.375,False
gsm8k,Modular Norm RandOpt,42,25,10,1312,0,0,10,10,0,6,0,5,-5,-5,0.5,False
gsm8k,Modular Norm RandOpt,42,25,10,1313,4,2-4,10,6,1,5,4,2,2,2,0.3333333333333333,True
gsm8k,Modular Norm RandOpt,42,25,10,1314,6,5-10,10,4,1,3,6,2,4,4,0.5,True
gsm8k,Modular Norm RandOpt,42,25,10,1315,9,5-10,10,1,1,1,9,1,8,8,1.0,True
gsm8k,Modular Norm RandOpt,42,25,10,1316,7,5-10,10,3,1,1,7,3,4,4,1.0,True
gsm8k,Modular Norm RandOpt,42,25,10,1317,10,5-10,10,0,1,0,10,0,10,10,0.0,True
gsm8k,Modular Norm RandOpt,42,25,10,1318,10,5-10,10,0,1,0,10,0,10,10,0.0,True
gsm8k,Modular Norm RandOpt,43,25,10,0,9,5-10,10,1,1,1,9,1,8,8,1.0,True
gsm8k,Modular Norm RandOpt,43,25,10,1,9,5-10,10,1,1,1,9,1,8,8,1.0,True
gsm8k,Modular Norm RandOpt,43,25,10,2,4,2-4,10,6,2,3,2,3,1,-1,0.5,False
gsm8k,Modular Norm RandOpt,43,25,10,3,8,5-10,10,2,1,2,8,1,7,7,0.5,True
gsm8k,Modular Norm RandOpt,43,25,10,4,3,2-4,10,7,1,3,3,3,0,0,0.42857142857142855,True
gsm8k,Modular Norm RandOpt,43,25,10,5,1,1,10,9,1,9,1,1,0,0,0.1111111111111111,False
gsm8k,Modular Norm RandOpt,43,25,10,6,10,5-10,10,0,1,0,10,0,10,10,0.0,True
gsm8k,Modular Norm RandOpt,43,25,10,7,0,0,10,10,0,2,0,8,-8,-8,0.8,False
gsm8k,Modular Norm RandOpt,43,25,10,8,0,0,10,10,0,5,0,4,-4,-4,0.4,False
gsm8k,Modular Norm RandOpt,43,25,10,9,10,5-10,10,0,1,0,10,0,10,10,0.0,True
gsm8k,Modular Norm RandOpt,43,25,10,10,5,5-10,10,5,1,3,5,3,2,2,0.6,True
gsm8k,Modular Norm RandOpt,43,25,10,11,2,2-4,10,8,1,2,2,7,-5,-5,0.875,False
gsm8k,Modular Norm RandOpt,43,25,10,12,0,0,10,10,0,3,0,8,-8,-8,0.8,False
gsm8k,Modular Norm RandOpt,43,25,10,13,1,1,10,9,1,2,1,7,-6,-6,0.7777777777777778,False
gsm8k,Modular Norm RandOpt,43,25,10,14,9,5-10,10,1,1,1,9,1,8,8,1.0,True
gsm8k,Modular Norm RandOpt,43,25,10,15,1,1,10,9,1,7,1,2,-1,-1,0.2222222222222222,False
gsm8k,Modular Norm RandOpt,43,25,10,16,3,2-4,10,7,1,1,3,7,-4,-4,1.0,False
gsm8k,Modular Norm RandOpt,43,25,10,17,10,5-10,10,0,2,0,8,0,10,8,0.0,True
gsm8k,Modular Norm RandOpt,43,25,10,18,4,2-4,10,6,1,2,4,5,-1,-1,0.8333333333333334,False
gsm8k,Modular Norm RandOpt,43,25,10,19,2,2-4,10,8,1,1,2,8,-6,-6,1.0,False
gsm8k,Modular Norm RandOpt,43,25,10,20,3,2-4,10,7,1,4,3,3,0,0,0.42857142857142855,False
gsm8k,Modular Norm RandOpt,43,25,10,21,0,0,10,10,0,5,0,5,-5,-5,0.5,False
gsm8k,Modular Norm RandOpt,43,25,10,22,10,5-10,10,0,1,0,10,0,10,10,0.0,True
gsm8k,Modular Norm RandOpt,43,25,10,23,6,5-10,10,4,1,2,6,2,4,4,0.5,True
gsm8k,Modular Norm RandOpt,43,25,10,24,3,2-4,10,7,1,4,3,2,1,1,0.2857142857142857,True
gsm8k,Modular Norm RandOpt,43,25,10,25,10,5-10,10,0,1,0,10,0,10,10,0.0,True
gsm8k,Modular Norm RandOpt,43,25,10,26,7,5-10,10,3,1,2,7,2,5,5,0.6666666666666666,True
gsm8k,Modular Norm RandOpt,43,25,10,27,6,5-10,10,4,1,1,6,4,2,2,1.0,True
gsm8k,Modular Norm RandOpt,43,25,10,28,4,2-4,10,6,1,3,4,3,1,1,0.5,True
gsm8k,Modular Norm RandOpt,43,25,10,29,5,5-10,10,5,1,4,5,2,3,3,0.4,True
gsm8k,Modular Norm RandOpt,43,25,10,30,10,5-10,10,0,1,0,10,0,10,10,0.0,True
gsm8k,Modular Norm RandOpt,43,25,10,31,7,5-10,10,3,1,1,7,3,4,4,1.0,True
gsm8k,Modular Norm RandOpt,43,25,10,32,10,5-10,10,0,1,0,10,0,10,10,0.0,True
gsm8k,Modular Norm RandOpt,43,25,10,33,10,5-10,10,0,1,0,10,0,10,10,0.0,True
gsm8k,Modular Norm RandOpt,43,25,10,34,10,5-10,10,0,1,0,10,0,10,10,0.0,True
gsm8k,Modular Norm RandOpt,43,25,10,35,9,5-10,10,1,1,1,9,1,8,8,1.0,True
gsm8k,Modular Norm RandOpt,43,25,10,36,0,0,10,10,0,2,0,9,-9,-9,0.9,False
gsm8k,Modular Norm RandOpt,43,25,10,37,1,1,10,9,1,7,1,3,-2,-2,0.3333333333333333,False
gsm8k,Modular Norm RandOpt,43,25,10,38,9,5-10,10,1,1,1,9,1,8,8,1.0,True
gsm8k,Modular Norm RandOpt,43,25,10,39,6,5-10,10,4,1,3,6,2,4,4,0.5,True
gsm8k,Modular Norm RandOpt,43,25,10,40,9,5-10,10,1,1,1,9,1,8,8,1.0,True
gsm8k,Modular Norm RandOpt,43,25,10,41,7,5-10,10,3,1,2,7,2,5,5,0.6666666666666666,True
gsm8k,Modular Norm RandOpt,43,25,10,42,10,5-10,10,0,1,0,10,0,10,10,0.0,True
gsm8k,Modular Norm RandOpt,43,25,10,43,0,0,10,10,0,7,0,3,-3,-3,0.3,False
gsm8k,Modular Norm RandOpt,43,25,10,44,0,0,10,10,0,7,0,4,-4,-4,0.4,False
gsm8k,Modular Norm RandOpt,43,25,10,45,10,5-10,10,0,1,0,10,0,10,10,0.0,True
gsm8k,Modular Norm RandOpt,43,25,10,46,2,2-4,10,8,1,8,2,1,1,1,0.125,True
gsm8k,Modular Norm RandOpt,43,25,10,47,4,2-4,10,6,1,1,4,6,-2,-2,1.0,False
gsm8k,Modular Norm RandOpt,43,25,10,48,10,5-10,10,0,1,0,10,0,10,10,0.0,True
gsm8k,Modular Norm RandOpt,43,25,10,49,10,5-10,10,0,1,0,10,0,10,10,0.0,True
gsm8k,Modular Norm RandOpt,43,25,10,50,9,5-10,10,1,1,1,9,1,8,8,1.0,True
gsm8k,Modular Norm RandOpt,43,25,10,51,2,2-4,10,8,1,4,2,3,-1,-1,0.375,False
gsm8k,Modular Norm RandOpt,43,25,10,52,9,5-10,10,1,1,1,9,1,8,8,1.0,True
gsm8k,Modular Norm RandOpt,43,25,10,53,10,5-10,10,0,1,0,10,0,10,10,0.0,True
gsm8k,Modular Norm RandOpt,43,25,10,54,2,2-4,10,8,1,7,2,2,0,0,0.25,True
gsm8k,Modular Norm RandOpt,43,25,10,55,5,5-10,10,5,1,1,5,5,0,0,1.0,False
gsm8k,Modular Norm RandOpt,43,25,10,56,9,5-10,10,1,1,1,9,1,8,8,1.0,True
gsm8k,Modular Norm RandOpt,43,25,10,57,10,5-10,10,0,1,0,10,0,10,10,0.0,True
gsm8k,Modular Norm RandOpt,43,25,10,58,0,0,10,10,0,6,0,4,-4,-4,0.4,False
gsm8k,Modular Norm RandOpt,43,25,10,59,8,5-10,10,2,1,1,8,2,6,6,1.0,True
gsm8k,Modular Norm RandOpt,43,25,10,60,3,2-4,10,7,1,2,3,6,-3,-3,0.8571428571428571,False
gsm8k,Modular Norm RandOpt,43,25,10,61,9,5-10,10,1,1,1,9,1,8,8,1.0,True
gsm8k,Modular Norm RandOpt,43,25,10,62,0,0,10,10,0,6,0,5,-5,-5,0.5,False
gsm8k,Modular Norm RandOpt,43,25,10,63,10,5-10,10,0,1,0,10,0,10,10,0.0,True
gsm8k,Modular Norm RandOpt,43,25,10,64,10,5-10,10,0,1,0,10,0,10,10,0.0,True
gsm8k,Modular Norm RandOpt,43,25,10,65,10,5-10,10,0,1,0,10,0,10,10,0.0,True
gsm8k,Modular Norm RandOpt,43,25,10,66,7,5-10,10,3,1,3,7,1,6,6,0.3333333333333333,True
gsm8k,Modular Norm RandOpt,43,25,10,67,10,5-10,10,0,1,0,10,0,10,10,0.0,True
gsm8k,Modular Norm RandOpt,43,25,10,68,10,5-10,10,0,1,0,10,0,10,10,0.0,True
gsm8k,Modular Norm RandOpt,43,25,10,69,3,2-4,10,7,1,1,3,7,-4,-4,1.0,False
gsm8k,Modular Norm RandOpt,43,25,10,70,4,2-4,10,6,1,2,4,5,-1,-1,0.8333333333333334,False
gsm8k,Modular Norm RandOpt,43,25,10,71,10,5-10,10,0,1,0,10,0,10,10,0.0,True
gsm8k,Modular Norm RandOpt,43,25,10,72,2,2-4,10,8,1,1,2,8,-6,-6,1.0,False
gsm8k,Modular Norm RandOpt,43,25,10,73,6,5-10,10,4,1,1,6,4,2,2,1.0,True
gsm8k,Modular Norm RandOpt,43,25,10,74,3,2-4,10,7,1,3,3,3,0,0,0.42857142857142855,False
gsm8k,Modular Norm RandOpt,43,25,10,75,0,0,10,10,0,1,0,10,-10,-10,1.0,False
gsm8k,Modular Norm RandOpt,43,25,10,76,10,5-10,10,0,1,0,10,0,10,10,0.0,True
gsm8k,Modular Norm RandOpt,43,25,10,77,10,5-10,10,0,1,0,10,0,10,10,0.0,True
gsm8k,Modular Norm RandOpt,43,25,10,78,1,1,10,9,1,2,1,7,-6,-6,0.7777777777777778,False
gsm8k,Modular Norm RandOpt,43,25,10,79,6,5-10,10,4,1,1,6,4,2,2,1.0,True
gsm8k,Modular Norm RandOpt,43,25,10,80,10,5-10,10,0,1,0,10,0,10,10,0.0,True
gsm8k,Modular Norm RandOpt,43,25,10,81,8,5-10,10,2,1,1,8,2,6,6,1.0,True
gsm8k,Modular Norm RandOpt,43,25,10,82,10,5-10,10,0,1,0,10,0,10,10,0.0,True
gsm8k,Modular Norm RandOpt,43,25,10,83,7,5-10,10,3,1,1,7,3,4,4,1.0,True
gsm8k,Modular Norm RandOpt,43,25,10,84,10,5-10,10,0,1,0,10,0,10,10,0.0,True
gsm8k,Modular Norm RandOpt,43,25,10,85,6,5-10,10,4,1,3,6,2,4,4,0.5,True
gsm8k,Modular Norm RandOpt,43,25,10,86,10,5-10,10,0,1,0,10,0,10,10,0.0,True
gsm8k,Modular Norm RandOpt,43,25,10,87,0,0,10,10,0,9,0,2,-2,-2,0.2,False
gsm8k,Modular Norm RandOpt,43,25,10,88,10,5-10,10,0,2,0,8,0,10,8,0.0,True
gsm8k,Modular Norm RandOpt,43,25,10,89,0,0,10,10,0,1,0,10,-10,-10,1.0,False
gsm8k,Modular Norm RandOpt,43,25,10,90,10,5-10,10,0,1,0,10,0,10,10,0.0,True
gsm8k,Modular Norm RandOpt,43,25,10,91,8,5-10,10,2,1,1,8,2,6,6,1.0,True
gsm8k,Modular Norm RandOpt,43,25,10,92,8,5-10,10,2,1,2,8,1,7,7,0.5,True
gsm8k,Modular Norm RandOpt,43,25,10,93,5,5-10,10,5,1,5,5,1,4,4,0.2,True
gsm8k,Modular Norm RandOpt,43,25,10,94,9,5-10,10,1,1,1,9,1,8,8,1.0,True
gsm8k,Modular Norm RandOpt,43,25,10,95,10,5-10,10,0,1,0,10,0,10,10,0.0,True
gsm8k,Modular Norm RandOpt,43,25,10,96,10,5-10,10,0,1,0,10,0,10,10,0.0,True
gsm8k,Modular Norm RandOpt,43,25,10,97,6,5-10,10,4,1,3,6,2,4,4,0.5,True
gsm8k,Modular Norm RandOpt,43,25,10,98,1,1,10,9,1,7,1,3,-2,-2,0.3333333333333333,False
gsm8k,Modular Norm RandOpt,43,25,10,99,8,5-10,10,2,1,2,8,1,7,7,0.5,True
gsm8k,Modular Norm RandOpt,43,25,10,100,9,5-10,10,1,1,1,9,1,8,8,1.0,True
gsm8k,Modular Norm RandOpt,43,25,10,101,0,0,10,10,0,2,0,8,-8,-8,0.8,False
gsm8k,Modular Norm RandOpt,43,25,10,102,0,0,10,10,0,6,0,4,-4,-4,0.4,False
gsm8k,Modular Norm RandOpt,43,25,10,103,10,5-10,10,0,1,0,10,0,10,10,0.0,True
gsm8k,Modular Norm RandOpt,43,25,10,104,10,5-10,10,0,1,0,10,0,10,10,0.0,True
gsm8k,Modular Norm RandOpt,43,25,10,105,10,5-10,10,0,1,0,10,0,10,10,0.0,True
gsm8k,Modular Norm RandOpt,43,25,10,106,10,5-10,10,0,1,0,10,0,10,10,0.0,True
gsm8k,Modular Norm RandOpt,43,25,10,107,4,2-4,10,6,1,1,4,6,-2,-2,1.0,False
gsm8k,Modular Norm RandOpt,43,25,10,108,10,5-10,10,0,1,0,10,0,10,10,0.0,True
gsm8k,Modular Norm RandOpt,43,25,10,109,2,2-4,10,8,1,2,2,5,-3,-3,0.625,False
gsm8k,Modular Norm RandOpt,43,25,10,110,7,5-10,10,3,1,1,7,3,4,4,1.0,True
gsm8k,Modular Norm RandOpt,43,25,10,111,2,2-4,10,8,1,5,2,3,-1,-1,0.375,False
gsm8k,Modular Norm RandOpt,43,25,10,112,10,5-10,10,0,1,0,10,0,10,10,0.0,True
gsm8k,Modular Norm RandOpt,43,25,10,113,10,5-10,10,0,1,0,10,0,10,10,0.0,True
gsm8k,Modular Norm RandOpt,43,25,10,114,6,5-10,10,4,1,3,6,2,4,4,0.5,True
gsm8k,Modular Norm RandOpt,43,25,10,115,1,1,10,9,1,2,1,8,-7,-7,0.8888888888888888,False
gsm8k,Modular Norm RandOpt,43,25,10,116,4,2-4,10,6,1,4,4,2,2,2,0.3333333333333333,True
gsm8k,Modular Norm RandOpt,43,25,10,117,8,5-10,10,2,1,1,8,2,6,6,1.0,True
gsm8k,Modular Norm RandOpt,43,25,10,118,10,5-10,10,0,1,0,10,0,10,10,0.0,True
gsm8k,Modular Norm RandOpt,43,25,10,119,0,0,10,10,0,8,0,3,-3,-3,0.3,False
gsm8k,Modular Norm RandOpt,43,25,10,120,10,5-10,10,0,1,0,10,0,10,10,0.0,True
gsm8k,Modular Norm RandOpt,43,25,10,121,10,5-10,10,0,1,0,10,0,10,10,0.0,True
gsm8k,Modular Norm RandOpt,43,25,10,122,2,2-4,10,8,1,6,2,2,0,0,0.25,False
gsm8k,Modular Norm RandOpt,43,25,10,123,10,5-10,10,0,1,0,10,0,10,10,0.0,True
gsm8k,Modular Norm RandOpt,43,25,10,124,6,5-10,10,4,1,3,6,2,4,4,0.5,True
gsm8k,Modular Norm RandOpt,43,25,10,125,4,2-4,10,6,1,4,4,3,1,1,0.5,True
gsm8k,Modular Norm RandOpt,43,25,10,126,7,5-10,10,3,1,1,7,3,4,4,1.0,True
gsm8k,Modular Norm RandOpt,43,25,10,127,8,5-10,10,2,1,1,8,2,6,6,1.0,True
gsm8k,Modular Norm RandOpt,43,25,10,128,10,5-10,10,0,1,0,10,0,10,10,0.0,True
gsm8k,Modular Norm RandOpt,43,25,10,129,2,2-4,10,8,1,1,2,8,-6,-6,1.0,False
gsm8k,Modular Norm RandOpt,43,25,10,130,9,5-10,10,1,1,1,9,1,8,8,1.0,True
gsm8k,Modular Norm RandOpt,43,25,10,131,2,2-4,10,8,1,1,2,8,-6,-6,1.0,False
gsm8k,Modular Norm RandOpt,43,25,10,132,8,5-10,10,2,1,2,8,1,7,7,0.5,True
gsm8k,Modular Norm RandOpt,43,25,10,133,7,5-10,10,3,1,1,7,3,4,4,1.0,True
gsm8k,Modular Norm RandOpt,43,25,10,134,9,5-10,10,1,1,1,9,1,8,8,1.0,True
gsm8k,Modular Norm RandOpt,43,25,10,135,6,5-10,10,4,1,2,6,3,3,3,0.75,True
gsm8k,Modular Norm RandOpt,43,25,10,136,10,5-10,10,0,1,0,10,0,10,10,0.0,True
gsm8k,Modular Norm RandOpt,43,25,10,137,0,0,10,10,0,2,0,9,-9,-9,0.9,False
gsm8k,Modular Norm RandOpt,43,25,10,138,9,5-10,10,1,1,1,9,1,8,8,1.0,True
gsm8k,Modular Norm RandOpt,43,25,10,139,10,5-10,10,0,1,0,10,0,10,10,0.0,True
gsm8k,Modular Norm RandOpt,43,25,10,140,10,5-10,10,0,1,0,10,0,10,10,0.0,True
gsm8k,Modular Norm RandOpt,43,25,10,141,7,5-10,10,3,1,1,7,3,4,4,1.0,True
gsm8k,Modular Norm RandOpt,43,25,10,142,10,5-10,10,0,1,0,10,0,10,10,0.0,True
gsm8k,Modular Norm RandOpt,43,25,10,143,0,0,10,10,0,7,0,2,-2,-2,0.2,False
gsm8k,Modular Norm RandOpt,43,25,10,144,7,5-10,10,3,1,1,7,3,4,4,1.0,True
gsm8k,Modular Norm RandOpt,43,25,10,145,10,5-10,10,0,1,0,10,0,10,10,0.0,True
gsm8k,Modular Norm RandOpt,43,25,10,146,5,5-10,10,5,1,2,5,4,1,1,0.8,True
gsm8k,Modular Norm RandOpt,43,25,10,147,3,2-4,10,7,1,5,3,3,0,0,0.42857142857142855,False
gsm8k,Modular Norm RandOpt,43,25,10,148,4,2-4,10,6,1,3,4,2,2,2,0.3333333333333333,True
gsm8k,Modular Norm RandOpt,43,25,10,149,10,5-10,10,0,1,0,10,0,10,10,0.0,True
gsm8k,Modular Norm RandOpt,43,25,10,150,6,5-10,10,4,1,2,6,3,3,3,0.75,True
gsm8k,Modular Norm RandOpt,43,25,10,151,5,5-10,10,5,1,2,5,4,1,1,0.8,True
gsm8k,Modular Norm RandOpt,43,25,10,152,8,5-10,10,2,1,1,8,2,6,6,1.0,True
gsm8k,Modular Norm RandOpt,43,25,10,153,2,2-4,10,8,1,8,2,1,1,1,0.125,True
gsm8k,Modular Norm RandOpt,43,25,10,154,4,2-4,10,6,1,2,4,5,-1,-1,0.8333333333333334,False
gsm8k,Modular Norm RandOpt,43,25,10,155,10,5-10,10,0,1,0,10,0,10,10,0.0,True
gsm8k,Modular Norm RandOpt,43,25,10,156,0,0,10,10,0,1,0,10,-10,-10,1.0,False
gsm8k,Modular Norm RandOpt,43,25,10,157,0,0,10,10,0,8,0,2,-2,-2,0.2,False
gsm8k,Modular Norm RandOpt,43,25,10,158,8,5-10,10,2,1,1,8,2,6,6,1.0,True
gsm8k,Modular Norm RandOpt,43,25,10,159,0,0,10,10,0,3,0,5,-5,-5,0.5,False
gsm8k,Modular Norm RandOpt,43,25,10,160,10,5-10,10,0,1,0,10,0,10,10,0.0,True
gsm8k,Modular Norm RandOpt,43,25,10,161,6,5-10,10,4,1,1,6,4,2,2,1.0,True
gsm8k,Modular Norm RandOpt,43,25,10,162,0,0,10,10,0,10,0,1,-1,-1,0.1,False
gsm8k,Modular Norm RandOpt,43,25,10,163,0,0,10,10,0,6,0,4,-4,-4,0.4,False
gsm8k,Modular Norm RandOpt,43,25,10,164,7,5-10,10,3,1,2,7,2,5,5,0.6666666666666666,True
gsm8k,Modular Norm RandOpt,43,25,10,165,4,2-4,10,6,1,2,4,4,0,0,0.6666666666666666,True
gsm8k,Modular Norm RandOpt,43,25,10,166,5,5-10,10,5,1,1,5,5,0,0,1.0,True
gsm8k,Modular Norm RandOpt,43,25,10,167,10,5-10,10,0,1,0,10,0,10,10,0.0,True
gsm8k,Modular Norm RandOpt,43,25,10,168,8,5-10,10,2,1,1,8,2,6,6,1.0,True
gsm8k,Modular Norm RandOpt,43,25,10,169,10,5-10,10,0,1,0,10,0,10,10,0.0,True
gsm8k,Modular Norm RandOpt,43,25,10,170,8,5-10,10,2,1,1,8,2,6,6,1.0,True
gsm8k,Modular Norm RandOpt,43,25,10,171,0,0,10,10,0,1,0,10,-10,-10,1.0,False
gsm8k,Modular Norm RandOpt,43,25,10,172,10,5-10,10,0,1,0,10,0,10,10,0.0,True
gsm8k,Modular Norm RandOpt,43,25,10,173,3,2-4,10,7,1,6,3,2,1,1,0.2857142857142857,True
gsm8k,Modular Norm RandOpt,43,25,10,174,10,5-10,10,0,1,0,10,0,10,10,0.0,True
gsm8k,Modular Norm RandOpt,43,25,10,175,5,5-10,10,5,1,5,5,1,4,4,0.2,True
gsm8k,Modular Norm RandOpt,43,25,10,176,10,5-10,10,0,1,0,10,0,10,10,0.0,True
gsm8k,Modular Norm RandOpt,43,25,10,177,8,5-10,10,2,1,1,8,2,6,6,1.0,True
gsm8k,Modular Norm RandOpt,43,25,10,178,10,5-10,10,0,1,0,10,0,10,10,0.0,True
gsm8k,Modular Norm RandOpt,43,25,10,179,1,1,10,9,1,1,1,9,-8,-8,1.0,False
gsm8k,Modular Norm RandOpt,43,25,10,180,8,5-10,10,2,1,1,8,2,6,6,1.0,True
gsm8k,Modular Norm RandOpt,43,25,10,181,5,5-10,10,5,1,1,5,5,0,0,1.0,True
gsm8k,Modular Norm RandOpt,43,25,10,182,6,5-10,10,4,1,3,6,2,4,4,0.5,True
gsm8k,Modular Norm RandOpt,43,25,10,183,10,5-10,10,0,1,0,10,0,10,10,0.0,True
gsm8k,Modular Norm RandOpt,43,25,10,184,2,2-4,10,8,1,4,2,3,-1,-1,0.375,False
gsm8k,Modular Norm RandOpt,43,25,10,185,10,5-10,10,0,1,0,10,0,10,10,0.0,True
gsm8k,Modular Norm RandOpt,43,25,10,186,2,2-4,10,8,1,6,2,2,0,0,0.25,False
gsm8k,Modular Norm RandOpt,43,25,10,187,3,2-4,10,7,1,4,3,3,0,0,0.42857142857142855,True
gsm8k,Modular Norm RandOpt,43,25,10,188,5,5-10,10,5,1,5,5,1,4,4,0.2,True
gsm8k,Modular Norm RandOpt,43,25,10,189,4,2-4,10,6,1,3,4,3,1,1,0.5,True
gsm8k,Modular Norm RandOpt,43,25,10,190,10,5-10,10,0,1,0,10,0,10,10,0.0,True
gsm8k,Modular Norm RandOpt,43,25,10,191,10,5-10,10,0,1,0,10,0,10,10,0.0,True
gsm8k,Modular Norm RandOpt,43,25,10,192,10,5-10,10,0,1,0,10,0,10,10,0.0,True
gsm8k,Modular Norm RandOpt,43,25,10,193,3,2-4,10,7,1,2,3,6,-3,-3,0.8571428571428571,False
gsm8k,Modular Norm RandOpt,43,25,10,194,6,5-10,10,4,1,1,6,4,2,2,1.0,True
gsm8k,Modular Norm RandOpt,43,25,10,195,0,0,10,10,0,1,0,10,-10,-10,1.0,False
gsm8k,Modular Norm RandOpt,43,25,10,196,10,5-10,10,0,1,0,10,0,10,10,0.0,True
gsm8k,Modular Norm RandOpt,43,25,10,197,8,5-10,10,2,1,1,8,2,6,6,1.0,True
gsm8k,Modular Norm RandOpt,43,25,10,198,9,5-10,10,1,1,1,9,1,8,8,1.0,True
gsm8k,Modular Norm RandOpt,43,25,10,199,4,2-4,10,6,1,2,4,4,0,0,0.6666666666666666,False
gsm8k,Modular Norm RandOpt,43,25,10,200,10,5-10,10,0,1,0,10,0,10,10,0.0,True
gsm8k,Modular Norm RandOpt,43,25,10,201,4,2-4,10,6,2,6,3,1,3,2,0.16666666666666666,True
gsm8k,Modular Norm RandOpt,43,25,10,202,10,5-10,10,0,1,0,10,0,10,10,0.0,True
gsm8k,Modular Norm RandOpt,43,25,10,203,10,5-10,10,0,1,0,10,0,10,10,0.0,True
gsm8k,Modular Norm RandOpt,43,25,10,204,10,5-10,10,0,1,0,10,0,10,10,0.0,True
gsm8k,Modular Norm RandOpt,43,25,10,205,0,0,10,10,0,2,0,9,-9,-9,0.9,False
gsm8k,Modular Norm RandOpt,43,25,10,206,9,5-10,10,1,1,1,9,1,8,8,1.0,True
gsm8k,Modular Norm RandOpt,43,25,10,207,10,5-10,10,0,1,0,10,0,10,10,0.0,True
gsm8k,Modular Norm RandOpt,43,25,10,208,10,5-10,10,0,1,0,10,0,10,10,0.0,True
gsm8k,Modular Norm RandOpt,43,25,10,209,5,5-10,10,5,1,4,5,2,3,3,0.4,True
gsm8k,Modular Norm RandOpt,43,25,10,210,3,2-4,10,7,1,4,3,3,0,0,0.42857142857142855,True
gsm8k,Modular Norm RandOpt,43,25,10,211,10,5-10,10,0,1,0,10,0,10,10,0.0,True
gsm8k,Modular Norm RandOpt,43,25,10,212,10,5-10,10,0,1,0,10,0,10,10,0.0,True
gsm8k,Modular Norm RandOpt,43,25,10,213,9,5-10,10,1,1,1,9,1,8,8,1.0,True
gsm8k,Modular Norm RandOpt,43,25,10,214,3,2-4,10,7,1,3,3,4,-1,-1,0.5714285714285714,False
gsm8k,Modular Norm RandOpt,43,25,10,215,9,5-10,10,1,1,1,9,1,8,8,1.0,True
gsm8k,Modular Norm RandOpt,43,25,10,216,7,5-10,10,3,1,2,7,2,5,5,0.6666666666666666,True
gsm8k,Modular Norm RandOpt,43,25,10,217,6,5-10,10,4,1,1,6,4,2,2,1.0,True
gsm8k,Modular Norm RandOpt,43,25,10,218,9,5-10,10,1,1,1,9,1,8,8,1.0,True
gsm8k,Modular Norm RandOpt,43,25,10,219,10,5-10,10,0,1,0,10,0,10,10,0.0,True
gsm8k,Modular Norm RandOpt,43,25,10,220,10,5-10,10,0,1,0,10,0,10,10,0.0,True
gsm8k,Modular Norm RandOpt,43,25,10,221,10,5-10,10,0,1,0,10,0,10,10,0.0,True
gsm8k,Modular Norm RandOpt,43,25,10,222,8,5-10,10,2,1,1,8,2,6,6,1.0,True
gsm8k,Modular Norm RandOpt,43,25,10,223,7,5-10,10,3,2,1,6,3,4,3,1.0,True
gsm8k,Modular Norm RandOpt,43,25,10,224,10,5-10,10,0,1,0,10,0,10,10,0.0,True
gsm8k,Modular Norm RandOpt,43,25,10,225,4,2-4,10,6,1,2,4,4,0,0,0.6666666666666666,True
gsm8k,Modular Norm RandOpt,43,25,10,226,10,5-10,10,0,1,0,10,0,10,10,0.0,True
gsm8k,Modular Norm RandOpt,43,25,10,227,0,0,10,10,0,5,0,6,-6,-6,0.6,False
gsm8k,Modular Norm RandOpt,43,25,10,228,10,5-10,10,0,1,0,10,0,10,10,0.0,True
gsm8k,Modular Norm RandOpt,43,25,10,229,9,5-10,10,1,1,1,9,1,8,8,1.0,True
gsm8k,Modular Norm RandOpt,43,25,10,230,6,5-10,10,4,1,1,6,4,2,2,1.0,True
gsm8k,Modular Norm RandOpt,43,25,10,231,9,5-10,10,1,1,1,9,1,8,8,1.0,True
gsm8k,Modular Norm RandOpt,43,25,10,232,9,5-10,10,1,1,1,9,1,8,8,1.0,True
gsm8k,Modular Norm RandOpt,43,25,10,233,10,5-10,10,0,1,0,10,0,10,10,0.0,True
gsm8k,Modular Norm RandOpt,43,25,10,234,3,2-4,10,7,1,3,3,4,-1,-1,0.5714285714285714,False
gsm8k,Modular Norm RandOpt,43,25,10,235,5,5-10,10,5,1,1,5,5,0,0,1.0,False
gsm8k,Modular Norm RandOpt,43,25,10,236,0,0,10,10,0,4,0,6,-6,-6,0.6,False
gsm8k,Modular Norm RandOpt,43,25,10,237,8,5-10,10,2,1,1,8,2,6,6,1.0,True
gsm8k,Modular Norm RandOpt,43,25,10,238,10,5-10,10,0,1,0,10,0,10,10,0.0,True
gsm8k,Modular Norm RandOpt,43,25,10,239,10,5-10,10,0,1,0,10,0,10,10,0.0,True
gsm8k,Modular Norm RandOpt,43,25,10,240,10,5-10,10,0,1,0,10,0,10,10,0.0,True
gsm8k,Modular Norm RandOpt,43,25,10,241,6,5-10,10,4,1,2,6,3,3,3,0.75,True
gsm8k,Modular Norm RandOpt,43,25,10,242,6,5-10,10,4,1,2,6,3,3,3,0.75,True
gsm8k,Modular Norm RandOpt,43,25,10,243,10,5-10,10,0,1,0,10,0,10,10,0.0,True
gsm8k,Modular Norm RandOpt,43,25,10,244,5,5-10,10,5,1,2,5,4,1,1,0.8,True
gsm8k,Modular Norm RandOpt,43,25,10,245,1,1,10,9,1,1,1,9,-8,-8,1.0,False
gsm8k,Modular Norm RandOpt,43,25,10,246,9,5-10,10,1,2,1,7,1,8,6,1.0,True
gsm8k,Modular Norm RandOpt,43,25,10,247,4,2-4,10,6,1,1,4,6,-2,-2,1.0,False
gsm8k,Modular Norm RandOpt,43,25,10,248,9,5-10,10,1,1,1,9,1,8,8,1.0,True
gsm8k,Modular Norm RandOpt,43,25,10,249,4,2-4,10,6,1,2,4,5,-1,-1,0.8333333333333334,False
gsm8k,Modular Norm RandOpt,43,25,10,250,3,2-4,10,7,1,5,3,2,1,1,0.2857142857142857,True
gsm8k,Modular Norm RandOpt,43,25,10,251,2,2-4,10,8,1,1,2,8,-6,-6,1.0,False
gsm8k,Modular Norm RandOpt,43,25,10,252,0,0,10,10,0,1,0,10,-10,-10,1.0,False
gsm8k,Modular Norm RandOpt,43,25,10,253,8,5-10,10,2,1,1,8,2,6,6,1.0,True
gsm8k,Modular Norm RandOpt,43,25,10,254,10,5-10,10,0,1,0,10,0,10,10,0.0,True
gsm8k,Modular Norm RandOpt,43,25,10,255,0,0,10,10,0,2,0,9,-9,-9,0.9,False
gsm8k,Modular Norm RandOpt,43,25,10,256,8,5-10,10,2,1,1,8,2,6,6,1.0,True
gsm8k,Modular Norm RandOpt,43,25,10,257,9,5-10,10,1,1,1,9,1,8,8,1.0,True
gsm8k,Modular Norm RandOpt,43,25,10,258,1,1,10,9,1,3,1,4,-3,-3,0.4444444444444444,False
gsm8k,Modular Norm RandOpt,43,25,10,259,5,5-10,10,5,1,4,5,2,3,3,0.4,True
gsm8k,Modular Norm RandOpt,43,25,10,260,10,5-10,10,0,1,0,10,0,10,10,0.0,True
gsm8k,Modular Norm RandOpt,43,25,10,261,8,5-10,10,2,1,1,8,2,6,6,1.0,True
gsm8k,Modular Norm RandOpt,43,25,10,262,10,5-10,10,0,1,0,10,0,10,10,0.0,True
gsm8k,Modular Norm RandOpt,43,25,10,263,10,5-10,10,0,1,0,10,0,10,10,0.0,True
gsm8k,Modular Norm RandOpt,43,25,10,264,4,2-4,10,6,1,2,4,5,-1,-1,0.8333333333333334,False
gsm8k,Modular Norm RandOpt,43,25,10,265,9,5-10,10,1,2,1,7,1,8,6,1.0,True
gsm8k,Modular Norm RandOpt,43,25,10,266,1,1,10,9,1,4,1,5,-4,-4,0.5555555555555556,False
gsm8k,Modular Norm RandOpt,43,25,10,267,1,1,10,9,1,3,1,5,-4,-4,0.5555555555555556,False
gsm8k,Modular Norm RandOpt,43,25,10,268,8,5-10,10,2,2,1,5,2,6,3,1.0,True
gsm8k,Modular Norm RandOpt,43,25,10,269,10,5-10,10,0,1,0,10,0,10,10,0.0,True
gsm8k,Modular Norm RandOpt,43,25,10,270,8,5-10,10,2,1,1,8,2,6,6,1.0,True
gsm8k,Modular Norm RandOpt,43,25,10,271,5,5-10,10,5,1,2,5,4,1,1,0.8,True
gsm8k,Modular Norm RandOpt,43,25,10,272,0,0,10,10,0,2,0,5,-5,-5,0.5,False
gsm8k,Modular Norm RandOpt,43,25,10,273,9,5-10,10,1,1,1,9,1,8,8,1.0,True
gsm8k,Modular Norm RandOpt,43,25,10,274,9,5-10,10,1,1,1,9,1,8,8,1.0,True
gsm8k,Modular Norm RandOpt,43,25,10,275,9,5-10,10,1,1,1,9,1,8,8,1.0,True
gsm8k,Modular Norm RandOpt,43,25,10,276,8,5-10,10,2,1,2,8,1,7,7,0.5,True
gsm8k,Modular Norm RandOpt,43,25,10,277,10,5-10,10,0,1,0,10,0,10,10,0.0,True
gsm8k,Modular Norm RandOpt,43,25,10,278,10,5-10,10,0,1,0,10,0,10,10,0.0,True
gsm8k,Modular Norm RandOpt,43,25,10,279,10,5-10,10,0,1,0,10,0,10,10,0.0,True
gsm8k,Modular Norm RandOpt,43,25,10,280,1,1,10,9,1,2,1,8,-7,-7,0.8888888888888888,False
gsm8k,Modular Norm RandOpt,43,25,10,281,4,2-4,10,6,1,3,4,4,0,0,0.6666666666666666,True
gsm8k,Modular Norm RandOpt,43,25,10,282,6,5-10,10,4,1,2,6,2,4,4,0.5,True
gsm8k,Modular Norm RandOpt,43,25,10,283,10,5-10,10,0,1,0,10,0,10,10,0.0,True
gsm8k,Modular Norm RandOpt,43,25,10,284,10,5-10,10,0,1,0,10,0,10,10,0.0,True
gsm8k,Modular Norm RandOpt,43,25,10,285,5,5-10,10,5,1,1,5,5,0,0,1.0,True
gsm8k,Modular Norm RandOpt,43,25,10,286,9,5-10,10,1,1,1,9,1,8,8,1.0,True
gsm8k,Modular Norm RandOpt,43,25,10,287,7,5-10,10,3,1,3,7,1,6,6,0.3333333333333333,True
gsm8k,Modular Norm RandOpt,43,25,10,288,10,5-10,10,0,1,0,10,0,10,10,0.0,True
gsm8k,Modular Norm RandOpt,43,25,10,289,7,5-10,10,3,1,2,7,2,5,5,0.6666666666666666,True
gsm8k,Modular Norm RandOpt,43,25,10,290,10,5-10,10,0,1,0,10,0,10,10,0.0,True
gsm8k,Modular Norm RandOpt,43,25,10,291,10,5-10,10,0,1,0,10,0,10,10,0.0,True
gsm8k,Modular Norm RandOpt,43,25,10,292,6,5-10,10,4,1,2,6,3,3,3,0.75,True
gsm8k,Modular Norm RandOpt,43,25,10,293,5,5-10,10,5,1,2,5,3,2,2,0.6,True
gsm8k,Modular Norm RandOpt,43,25,10,294,10,5-10,10,0,1,0,10,0,10,10,0.0,True
gsm8k,Modular Norm RandOpt,43,25,10,295,8,5-10,10,2,1,1,8,2,6,6,1.0,True
gsm8k,Modular Norm RandOpt,43,25,10,296,2,2-4,10,8,1,2,2,5,-3,-3,0.625,False
gsm8k,Modular Norm RandOpt,43,25,10,297,2,2-4,10,8,1,3,2,4,-2,-2,0.5,False
gsm8k,Modular Norm RandOpt,43,25,10,298,0,0,10,10,0,6,0,4,-4,-4,0.4,False
gsm8k,Modular Norm RandOpt,43,25,10,299,0,0,10,10,0,8,0,3,-3,-3,0.3,False
gsm8k,Modular Norm RandOpt,43,25,10,300,2,2-4,10,8,1,1,2,8,-6,-6,1.0,False
gsm8k,Modular Norm RandOpt,43,25,10,301,0,0,10,10,0,6,0,4,-4,-4,0.4,False
gsm8k,Modular Norm RandOpt,43,25,10,302,10,5-10,10,0,1,0,10,0,10,10,0.0,True
gsm8k,Modular Norm RandOpt,43,25,10,303,0,0,10,10,0,9,0,2,-2,-2,0.2,False
gsm8k,Modular Norm RandOpt,43,25,10,304,6,5-10,10,4,1,3,6,2,4,4,0.5,True
gsm8k,Modular Norm RandOpt,43,25,10,305,10,5-10,10,0,1,0,10,0,10,10,0.0,True
gsm8k,Modular Norm RandOpt,43,25,10,306,8,5-10,10,2,1,2,8,1,7,7,0.5,True
gsm8k,Modular Norm RandOpt,43,25,10,307,0,0,10,10,0,1,0,10,-10,-10,1.0,False
gsm8k,Modular Norm RandOpt,43,25,10,308,3,2-4,10,7,1,3,3,3,0,0,0.42857142857142855,False
gsm8k,Modular Norm RandOpt,43,25,10,309,10,5-10,10,0,1,0,10,0,10,10,0.0,True
gsm8k,Modular Norm RandOpt,43,25,10,310,1,1,10,9,1,7,1,2,-1,-1,0.2222222222222222,False
gsm8k,Modular Norm RandOpt,43,25,10,311,10,5-10,10,0,1,0,10,0,10,10,0.0,True
gsm8k,Modular Norm RandOpt,43,25,10,312,10,5-10,10,0,1,0,10,0,10,10,0.0,True
gsm8k,Modular Norm RandOpt,43,25,10,313,2,2-4,10,8,1,6,2,2,0,0,0.25,False
gsm8k,Modular Norm RandOpt,43,25,10,314,10,5-10,10,0,1,0,10,0,10,10,0.0,True
gsm8k,Modular Norm RandOpt,43,25,10,315,8,5-10,10,2,1,2,8,1,7,7,0.5,True
gsm8k,Modular Norm RandOpt,43,25,10,316,6,5-10,10,4,1,1,6,4,2,2,1.0,True
gsm8k,Modular Norm RandOpt,43,25,10,317,8,5-10,10,2,1,1,8,2,6,6,1.0,True
gsm8k,Modular Norm RandOpt,43,25,10,318,6,5-10,10,4,1,1,6,4,2,2,1.0,True
gsm8k,Modular Norm RandOpt,43,25,10,319,8,5-10,10,2,1,2,8,1,7,7,0.5,True
gsm8k,Modular Norm RandOpt,43,25,10,320,5,5-10,10,5,1,5,5,1,4,4,0.2,True
gsm8k,Modular Norm RandOpt,43,25,10,321,8,5-10,10,2,1,1,8,2,6,6,1.0,True
gsm8k,Modular Norm RandOpt,43,25,10,322,4,2-4,10,6,1,4,4,3,1,1,0.5,True
gsm8k,Modular Norm RandOpt,43,25,10,323,6,5-10,10,4,1,2,6,3,3,3,0.75,True
gsm8k,Modular Norm RandOpt,43,25,10,324,2,2-4,10,8,1,5,2,4,-2,-2,0.5,False
gsm8k,Modular Norm RandOpt,43,25,10,325,9,5-10,10,1,2,1,7,1,8,6,1.0,True
gsm8k,Modular Norm RandOpt,43,25,10,326,10,5-10,10,0,1,0,10,0,10,10,0.0,True
gsm8k,Modular Norm RandOpt,43,25,10,327,7,5-10,10,3,1,1,7,3,4,4,1.0,True
gsm8k,Modular Norm RandOpt,43,25,10,328,10,5-10,10,0,1,0,10,0,10,10,0.0,True
gsm8k,Modular Norm RandOpt,43,25,10,329,7,5-10,10,3,1,1,7,3,4,4,1.0,True
gsm8k,Modular Norm RandOpt,43,25,10,330,1,1,10,9,1,8,1,2,-1,-1,0.2222222222222222,False
gsm8k,Modular Norm RandOpt,43,25,10,331,9,5-10,10,1,2,1,8,1,8,7,1.0,True
gsm8k,Modular Norm RandOpt,43,25,10,332,10,5-10,10,0,1,0,10,0,10,10,0.0,True
gsm8k,Modular Norm RandOpt,43,25,10,333,6,5-10,10,4,1,1,6,4,2,2,1.0,True
gsm8k,Modular Norm RandOpt,43,25,10,334,10,5-10,10,0,1,0,10,0,10,10,0.0,True
gsm8k,Modular Norm RandOpt,43,25,10,335,8,5-10,10,2,1,1,8,2,6,6,1.0,True
gsm8k,Modular Norm RandOpt,43,25,10,336,9,5-10,10,1,1,1,9,1,8,8,1.0,True
gsm8k,Modular Norm RandOpt,43,25,10,337,10,5-10,10,0,1,0,10,0,10,10,0.0,True
gsm8k,Modular Norm RandOpt,43,25,10,338,2,2-4,10,8,1,4,2,4,-2,-2,0.5,False
gsm8k,Modular Norm RandOpt,43,25,10,339,8,5-10,10,2,1,2,8,1,7,7,0.5,True
gsm8k,Modular Norm RandOpt,43,25,10,340,3,2-4,10,7,1,4,3,3,0,0,0.42857142857142855,True
gsm8k,Modular Norm RandOpt,43,25,10,341,3,2-4,10,7,1,5,3,2,1,1,0.2857142857142857,True
gsm8k,Modular Norm RandOpt,43,25,10,342,7,5-10,10,3,1,2,7,2,5,5,0.6666666666666666,True
gsm8k,Modular Norm RandOpt,43,25,10,343,5,5-10,10,5,1,1,5,5,0,0,1.0,True
gsm8k,Modular Norm RandOpt,43,25,10,344,10,5-10,10,0,1,0,10,0,10,10,0.0,True
gsm8k,Modular Norm RandOpt,43,25,10,345,9,5-10,10,1,1,1,9,1,8,8,1.0,True
gsm8k,Modular Norm RandOpt,43,25,10,346,7,5-10,10,3,1,1,7,3,4,4,1.0,True
gsm8k,Modular Norm RandOpt,43,25,10,347,5,5-10,10,5,1,2,5,4,1,1,0.8,True
gsm8k,Modular Norm RandOpt,43,25,10,348,10,5-10,10,0,1,0,10,0,10,10,0.0,True
gsm8k,Modular Norm RandOpt,43,25,10,349,10,5-10,10,0,1,0,10,0,10,10,0.0,True
gsm8k,Modular Norm RandOpt,43,25,10,350,9,5-10,10,1,1,1,9,1,8,8,1.0,True
gsm8k,Modular Norm RandOpt,43,25,10,351,10,5-10,10,0,1,0,10,0,10,10,0.0,True
gsm8k,Modular Norm RandOpt,43,25,10,352,7,5-10,10,3,1,3,7,1,6,6,0.3333333333333333,True
gsm8k,Modular Norm RandOpt,43,25,10,353,5,5-10,10,5,1,1,5,5,0,0,1.0,False
gsm8k,Modular Norm RandOpt,43,25,10,354,1,1,10,9,1,2,1,6,-5,-5,0.6666666666666666,False
gsm8k,Modular Norm RandOpt,43,25,10,355,10,5-10,10,0,1,0,10,0,10,10,0.0,True
gsm8k,Modular Norm RandOpt,43,25,10,356,2,2-4,10,8,1,4,2,3,-1,-1,0.375,False
gsm8k,Modular Norm RandOpt,43,25,10,357,0,0,10,10,0,4,0,7,-7,-7,0.7,False
gsm8k,Modular Norm RandOpt,43,25,10,358,6,5-10,10,4,1,3,6,2,4,4,0.5,True
gsm8k,Modular Norm RandOpt,43,25,10,359,10,5-10,10,0,1,0,10,0,10,10,0.0,True
gsm8k,Modular Norm RandOpt,43,25,10,360,10,5-10,10,0,1,0,10,0,10,10,0.0,True
gsm8k,Modular Norm RandOpt,43,25,10,361,5,5-10,10,5,1,4,5,2,3,3,0.4,True
gsm8k,Modular Norm RandOpt,43,25,10,362,6,5-10,10,4,1,1,6,4,2,2,1.0,True
gsm8k,Modular Norm RandOpt,43,25,10,363,4,2-4,10,6,1,3,4,4,0,0,0.6666666666666666,True
gsm8k,Modular Norm RandOpt,43,25,10,364,9,5-10,10,1,1,1,9,1,8,8,1.0,True
gsm8k,Modular Norm RandOpt,43,25,10,365,9,5-10,10,1,1,1,9,1,8,8,1.0,True
gsm8k,Modular Norm RandOpt,43,25,10,366,10,5-10,10,0,1,0,10,0,10,10,0.0,True
gsm8k,Modular Norm RandOpt,43,25,10,367,5,5-10,10,5,1,4,5,2,3,3,0.4,True
gsm8k,Modular Norm RandOpt,43,25,10,368,0,0,10,10,0,3,0,8,-8,-8,0.8,False
gsm8k,Modular Norm RandOpt,43,25,10,369,1,1,10,9,1,7,1,2,-1,-1,0.2222222222222222,False
gsm8k,Modular Norm RandOpt,43,25,10,370,6,5-10,10,4,1,1,6,4,2,2,1.0,True
gsm8k,Modular Norm RandOpt,43,25,10,371,10,5-10,10,0,1,0,10,0,10,10,0.0,True
gsm8k,Modular Norm RandOpt,43,25,10,372,10,5-10,10,0,1,0,10,0,10,10,0.0,True
gsm8k,Modular Norm RandOpt,43,25,10,373,7,5-10,10,3,1,1,7,3,4,4,1.0,True
gsm8k,Modular Norm RandOpt,43,25,10,374,5,5-10,10,5,1,2,5,4,1,1,0.8,True
gsm8k,Modular Norm RandOpt,43,25,10,375,5,5-10,10,5,1,1,5,5,0,0,1.0,False
gsm8k,Modular Norm RandOpt,43,25,10,376,10,5-10,10,0,1,0,10,0,10,10,0.0,True
gsm8k,Modular Norm RandOpt,43,25,10,377,9,5-10,10,1,1,1,9,1,8,8,1.0,True
gsm8k,Modular Norm RandOpt,43,25,10,378,10,5-10,10,0,1,0,10,0,10,10,0.0,True
gsm8k,Modular Norm RandOpt,43,25,10,379,4,2-4,10,6,1,1,4,6,-2,-2,1.0,False
gsm8k,Modular Norm RandOpt,43,25,10,380,0,0,10,10,0,6,0,5,-5,-5,0.5,False
gsm8k,Modular Norm RandOpt,43,25,10,381,10,5-10,10,0,1,0,10,0,10,10,0.0,True
gsm8k,Modular Norm RandOpt,43,25,10,382,7,5-10,10,3,1,2,7,2,5,5,0.6666666666666666,True
gsm8k,Modular Norm RandOpt,43,25,10,383,5,5-10,10,5,1,2,5,3,2,2,0.6,True
gsm8k,Modular Norm RandOpt,43,25,10,384,10,5-10,10,0,1,0,10,0,10,10,0.0,True
gsm8k,Modular Norm RandOpt,43,25,10,385,6,5-10,10,4,1,3,6,2,4,4,0.5,True
gsm8k,Modular Norm RandOpt,43,25,10,386,6,5-10,10,4,1,2,6,2,4,4,0.5,True
gsm8k,Modular Norm RandOpt,43,25,10,387,8,5-10,10,2,1,1,8,2,6,6,1.0,True
gsm8k,Modular Norm RandOpt,43,25,10,388,9,5-10,10,1,1,1,9,1,8,8,1.0,True
gsm8k,Modular Norm RandOpt,43,25,10,389,1,1,10,9,1,5,1,3,-2,-2,0.3333333333333333,False
gsm8k,Modular Norm RandOpt,43,25,10,390,10,5-10,10,0,1,0,10,0,10,10,0.0,True
gsm8k,Modular Norm RandOpt,43,25,10,391,9,5-10,10,1,1,1,9,1,8,8,1.0,True
gsm8k,Modular Norm RandOpt,43,25,10,392,5,5-10,10,5,1,4,5,2,3,3,0.4,True
gsm8k,Modular Norm RandOpt,43,25,10,393,10,5-10,10,0,1,0,10,0,10,10,0.0,True
gsm8k,Modular Norm RandOpt,43,25,10,394,1,1,10,9,1,7,1,3,-2,-2,0.3333333333333333,False
gsm8k,Modular Norm RandOpt,43,25,10,395,1,1,10,9,1,4,1,6,-5,-5,0.6666666666666666,False
gsm8k,Modular Norm RandOpt,43,25,10,396,7,5-10,10,3,1,2,7,2,5,5,0.6666666666666666,True
gsm8k,Modular Norm RandOpt,43,25,10,397,6,5-10,10,4,1,2,6,3,3,3,0.75,True
gsm8k,Modular Norm RandOpt,43,25,10,398,10,5-10,10,0,1,0,10,0,10,10,0.0,True
gsm8k,Modular Norm RandOpt,43,25,10,399,10,5-10,10,0,1,0,10,0,10,10,0.0,True
gsm8k,Modular Norm RandOpt,43,25,10,400,10,5-10,10,0,1,0,10,0,10,10,0.0,True
gsm8k,Modular Norm RandOpt,43,25,10,401,10,5-10,10,0,2,0,7,0,10,7,0.0,True
gsm8k,Modular Norm RandOpt,43,25,10,402,10,5-10,10,0,1,0,10,0,10,10,0.0,True
gsm8k,Modular Norm RandOpt,43,25,10,403,0,0,10,10,0,3,0,7,-7,-7,0.7,False
gsm8k,Modular Norm RandOpt,43,25,10,404,1,1,10,9,1,4,1,4,-3,-3,0.4444444444444444,False
gsm8k,Modular Norm RandOpt,43,25,10,405,1,1,10,9,1,2,1,5,-4,-4,0.5555555555555556,False
gsm8k,Modular Norm RandOpt,43,25,10,406,0,0,10,10,0,6,0,4,-4,-4,0.4,False
gsm8k,Modular Norm RandOpt,43,25,10,407,4,2-4,10,6,2,4,3,3,1,0,0.5,False
gsm8k,Modular Norm RandOpt,43,25,10,408,8,5-10,10,2,1,2,8,1,7,7,0.5,True
gsm8k,Modular Norm RandOpt,43,25,10,409,3,2-4,10,7,2,7,2,1,2,1,0.14285714285714285,True
gsm8k,Modular Norm RandOpt,43,25,10,410,3,2-4,10,7,1,4,3,3,0,0,0.42857142857142855,True
gsm8k,Modular Norm RandOpt,43,25,10,411,5,5-10,10,5,1,1,5,5,0,0,1.0,True
gsm8k,Modular Norm RandOpt,43,25,10,412,10,5-10,10,0,1,0,10,0,10,10,0.0,True
gsm8k,Modular Norm RandOpt,43,25,10,413,0,0,10,10,0,8,0,2,-2,-2,0.2,False
gsm8k,Modular Norm RandOpt,43,25,10,414,8,5-10,10,2,1,1,8,2,6,6,1.0,True
gsm8k,Modular Norm RandOpt,43,25,10,415,8,5-10,10,2,1,2,8,1,7,7,0.5,True
gsm8k,Modular Norm RandOpt,43,25,10,416,9,5-10,10,1,1,1,9,1,8,8,1.0,True
gsm8k,Modular Norm RandOpt,43,25,10,417,9,5-10,10,1,1,1,9,1,8,8,1.0,True
gsm8k,Modular Norm RandOpt,43,25,10,418,10,5-10,10,0,1,0,10,0,10,10,0.0,True
gsm8k,Modular Norm RandOpt,43,25,10,419,0,0,10,10,0,2,0,7,-7,-7,0.7,False
gsm8k,Modular Norm RandOpt,43,25,10,420,10,5-10,10,0,1,0,10,0,10,10,0.0,True
gsm8k,Modular Norm RandOpt,43,25,10,421,9,5-10,10,1,1,1,9,1,8,8,1.0,True
gsm8k,Modular Norm RandOpt,43,25,10,422,0,0,10,10,0,5,0,4,-4,-4,0.4,False
gsm8k,Modular Norm RandOpt,43,25,10,423,0,0,10,10,0,2,0,9,-9,-9,0.9,False
gsm8k,Modular Norm RandOpt,43,25,10,424,10,5-10,10,0,1,0,10,0,10,10,0.0,True
gsm8k,Modular Norm RandOpt,43,25,10,425,9,5-10,10,1,1,1,9,1,8,8,1.0,True
gsm8k,Modular Norm RandOpt,43,25,10,426,10,5-10,10,0,1,0,10,0,10,10,0.0,True
gsm8k,Modular Norm RandOpt,43,25,10,427,0,0,10,10,0,8,0,2,-2,-2,0.2,False
gsm8k,Modular Norm RandOpt,43,25,10,428,0,0,10,10,0,6,0,3,-3,-3,0.3,False
gsm8k,Modular Norm RandOpt,43,25,10,429,10,5-10,10,0,1,0,10,0,10,10,0.0,True
gsm8k,Modular Norm RandOpt,43,25,10,430,1,1,10,9,1,3,1,6,-5,-5,0.6666666666666666,False
gsm8k,Modular Norm RandOpt,43,25,10,431,2,2-4,10,8,1,2,2,4,-2,-2,0.5,False
gsm8k,Modular Norm RandOpt,43,25,10,432,9,5-10,10,1,1,1,9,1,8,8,1.0,True
gsm8k,Modular Norm RandOpt,43,25,10,433,9,5-10,10,1,1,1,9,1,8,8,1.0,True
gsm8k,Modular Norm RandOpt,43,25,10,434,6,5-10,10,4,1,2,6,2,4,4,0.5,True
gsm8k,Modular Norm RandOpt,43,25,10,435,6,5-10,10,4,1,1,6,4,2,2,1.0,True
gsm8k,Modular Norm RandOpt,43,25,10,436,6,5-10,10,4,1,3,6,2,4,4,0.5,True
gsm8k,Modular Norm RandOpt,43,25,10,437,7,5-10,10,3,1,3,7,1,6,6,0.3333333333333333,True
gsm8k,Modular Norm RandOpt,43,25,10,438,7,5-10,10,3,1,2,7,2,5,5,0.6666666666666666,True
gsm8k,Modular Norm RandOpt,43,25,10,439,1,1,10,9,1,5,1,5,-4,-4,0.5555555555555556,False
gsm8k,Modular Norm RandOpt,43,25,10,440,10,5-10,10,0,1,0,10,0,10,10,0.0,True
gsm8k,Modular Norm RandOpt,43,25,10,441,9,5-10,10,1,1,1,9,1,8,8,1.0,True
gsm8k,Modular Norm RandOpt,43,25,10,442,6,5-10,10,4,1,1,6,4,2,2,1.0,True
gsm8k,Modular Norm RandOpt,43,25,10,443,1,1,10,9,1,5,1,4,-3,-3,0.4444444444444444,False
gsm8k,Modular Norm RandOpt,43,25,10,444,10,5-10,10,0,1,0,10,0,10,10,0.0,True
gsm8k,Modular Norm RandOpt,43,25,10,445,8,5-10,10,2,1,2,8,1,7,7,0.5,True
gsm8k,Modular Norm RandOpt,43,25,10,446,10,5-10,10,0,1,0,10,0,10,10,0.0,True
gsm8k,Modular Norm RandOpt,43,25,10,447,10,5-10,10,0,1,0,10,0,10,10,0.0,True
gsm8k,Modular Norm RandOpt,43,25,10,448,5,5-10,10,5,1,1,5,5,0,0,1.0,True
gsm8k,Modular Norm RandOpt,43,25,10,449,9,5-10,10,1,1,1,9,1,8,8,1.0,True
gsm8k,Modular Norm RandOpt,43,25,10,450,0,0,10,10,0,9,0,2,-2,-2,0.2,False
gsm8k,Modular Norm RandOpt,43,25,10,451,5,5-10,10,5,1,3,5,3,2,2,0.6,True
gsm8k,Modular Norm RandOpt,43,25,10,452,10,5-10,10,0,1,0,10,0,10,10,0.0,True
gsm8k,Modular Norm RandOpt,43,25,10,453,2,2-4,10,8,1,5,2,4,-2,-2,0.5,False
gsm8k,Modular Norm RandOpt,43,25,10,454,0,0,10,10,0,2,0,9,-9,-9,0.9,False
gsm8k,Modular Norm RandOpt,43,25,10,455,9,5-10,10,1,2,1,8,1,8,7,1.0,True
gsm8k,Modular Norm RandOpt,43,25,10,456,10,5-10,10,0,1,0,10,0,10,10,0.0,True
gsm8k,Modular Norm RandOpt,43,25,10,457,8,5-10,10,2,1,1,8,2,6,6,1.0,True
gsm8k,Modular Norm RandOpt,43,25,10,458,10,5-10,10,0,1,0,10,0,10,10,0.0,True
gsm8k,Modular Norm RandOpt,43,25,10,459,9,5-10,10,1,1,1,9,1,8,8,1.0,True
gsm8k,Modular Norm RandOpt,43,25,10,460,10,5-10,10,0,1,0,10,0,10,10,0.0,True
gsm8k,Modular Norm RandOpt,43,25,10,461,10,5-10,10,0,1,0,10,0,10,10,0.0,True
gsm8k,Modular Norm RandOpt,43,25,10,462,7,5-10,10,3,1,1,7,3,4,4,1.0,True
gsm8k,Modular Norm RandOpt,43,25,10,463,8,5-10,10,2,1,1,8,2,6,6,1.0,True
gsm8k,Modular Norm RandOpt,43,25,10,464,4,2-4,10,6,1,3,4,4,0,0,0.6666666666666666,True
gsm8k,Modular Norm RandOpt,43,25,10,465,10,5-10,10,0,1,0,10,0,10,10,0.0,True
gsm8k,Modular Norm RandOpt,43,25,10,466,4,2-4,10,6,1,3,4,3,1,1,0.5,True
gsm8k,Modular Norm RandOpt,43,25,10,467,10,5-10,10,0,1,0,10,0,10,10,0.0,True
gsm8k,Modular Norm RandOpt,43,25,10,468,9,5-10,10,1,1,1,9,1,8,8,1.0,True
gsm8k,Modular Norm RandOpt,43,25,10,469,10,5-10,10,0,1,0,10,0,10,10,0.0,True
gsm8k,Modular Norm RandOpt,43,25,10,470,10,5-10,10,0,1,0,10,0,10,10,0.0,True
gsm8k,Modular Norm RandOpt,43,25,10,471,4,2-4,10,6,1,1,4,6,-2,-2,1.0,False
gsm8k,Modular Norm RandOpt,43,25,10,472,8,5-10,10,2,1,1,8,2,6,6,1.0,True
gsm8k,Modular Norm RandOpt,43,25,10,473,9,5-10,10,1,1,1,9,1,8,8,1.0,True
gsm8k,Modular Norm RandOpt,43,25,10,474,9,5-10,10,1,1,1,9,1,8,8,1.0,True
gsm8k,Modular Norm RandOpt,43,25,10,475,1,1,10,9,1,7,1,3,-2,-2,0.3333333333333333,False
gsm8k,Modular Norm RandOpt,43,25,10,476,10,5-10,10,0,1,0,10,0,10,10,0.0,True
gsm8k,Modular Norm RandOpt,43,25,10,477,10,5-10,10,0,1,0,10,0,10,10,0.0,True
gsm8k,Modular Norm RandOpt,43,25,10,478,6,5-10,10,4,1,2,6,3,3,3,0.75,True
gsm8k,Modular Norm RandOpt,43,25,10,479,6,5-10,10,4,2,3,4,2,4,2,0.5,True
gsm8k,Modular Norm RandOpt,43,25,10,480,10,5-10,10,0,1,0,10,0,10,10,0.0,True
gsm8k,Modular Norm RandOpt,43,25,10,481,10,5-10,10,0,1,0,10,0,10,10,0.0,True
gsm8k,Modular Norm RandOpt,43,25,10,482,10,5-10,10,0,1,0,10,0,10,10,0.0,True
gsm8k,Modular Norm RandOpt,43,25,10,483,3,2-4,10,7,1,3,3,4,-1,-1,0.5714285714285714,False
gsm8k,Modular Norm RandOpt,43,25,10,484,10,5-10,10,0,1,0,10,0,10,10,0.0,True
gsm8k,Modular Norm RandOpt,43,25,10,485,6,5-10,10,4,1,1,6,4,2,2,1.0,True
gsm8k,Modular Norm RandOpt,43,25,10,486,10,5-10,10,0,1,0,10,0,10,10,0.0,True
gsm8k,Modular Norm RandOpt,43,25,10,487,10,5-10,10,0,1,0,10,0,10,10,0.0,True
gsm8k,Modular Norm RandOpt,43,25,10,488,8,5-10,10,2,1,1,8,2,6,6,1.0,True
gsm8k,Modular Norm RandOpt,43,25,10,489,8,5-10,10,2,1,1,8,2,6,6,1.0,True
gsm8k,Modular Norm RandOpt,43,25,10,490,10,5-10,10,0,1,0,10,0,10,10,0.0,True
gsm8k,Modular Norm RandOpt,43,25,10,491,10,5-10,10,0,1,0,10,0,10,10,0.0,True
gsm8k,Modular Norm RandOpt,43,25,10,492,8,5-10,10,2,1,1,8,2,6,6,1.0,True
gsm8k,Modular Norm RandOpt,43,25,10,493,4,2-4,10,6,1,6,4,1,3,3,0.16666666666666666,True
gsm8k,Modular Norm RandOpt,43,25,10,494,0,0,10,10,0,8,0,2,-2,-2,0.2,False
gsm8k,Modular Norm RandOpt,43,25,10,495,9,5-10,10,1,1,1,9,1,8,8,1.0,True
gsm8k,Modular Norm RandOpt,43,25,10,496,10,5-10,10,0,1,0,10,0,10,10,0.0,True
gsm8k,Modular Norm RandOpt,43,25,10,497,1,1,10,9,1,1,1,9,-8,-8,1.0,False
gsm8k,Modular Norm RandOpt,43,25,10,498,10,5-10,10,0,1,0,10,0,10,10,0.0,True
gsm8k,Modular Norm RandOpt,43,25,10,499,0,0,10,10,0,4,0,5,-5,-5,0.5,False
gsm8k,Modular Norm RandOpt,43,25,10,500,6,5-10,10,4,1,3,6,2,4,4,0.5,True
gsm8k,Modular Norm RandOpt,43,25,10,501,10,5-10,10,0,1,0,10,0,10,10,0.0,True
gsm8k,Modular Norm RandOpt,43,25,10,502,10,5-10,10,0,1,0,10,0,10,10,0.0,True
gsm8k,Modular Norm RandOpt,43,25,10,503,10,5-10,10,0,1,0,10,0,10,10,0.0,True
gsm8k,Modular Norm RandOpt,43,25,10,504,2,2-4,10,8,1,4,2,4,-2,-2,0.5,False
gsm8k,Modular Norm RandOpt,43,25,10,505,1,1,10,9,1,6,1,3,-2,-2,0.3333333333333333,False
gsm8k,Modular Norm RandOpt,43,25,10,506,3,2-4,10,7,1,1,3,7,-4,-4,1.0,False
gsm8k,Modular Norm RandOpt,43,25,10,507,3,2-4,10,7,1,4,3,3,0,0,0.42857142857142855,False
gsm8k,Modular Norm RandOpt,43,25,10,508,1,1,10,9,1,4,1,4,-3,-3,0.4444444444444444,False
gsm8k,Modular Norm RandOpt,43,25,10,509,7,5-10,10,3,1,3,7,1,6,6,0.3333333333333333,True
gsm8k,Modular Norm RandOpt,43,25,10,510,0,0,10,10,0,2,0,9,-9,-9,0.9,False
gsm8k,Modular Norm RandOpt,43,25,10,511,8,5-10,10,2,1,1,8,2,6,6,1.0,True
gsm8k,Modular Norm RandOpt,43,25,10,512,10,5-10,10,0,1,0,10,0,10,10,0.0,True
gsm8k,Modular Norm RandOpt,43,25,10,513,7,5-10,10,3,1,1,7,3,4,4,1.0,True
gsm8k,Modular Norm RandOpt,43,25,10,514,3,2-4,10,7,2,1,2,7,-4,-5,1.0,False
gsm8k,Modular Norm RandOpt,43,25,10,515,0,0,10,10,0,2,0,9,-9,-9,0.9,False
gsm8k,Modular Norm RandOpt,43,25,10,516,10,5-10,10,0,1,0,10,0,10,10,0.0,True
gsm8k,Modular Norm RandOpt,43,25,10,517,10,5-10,10,0,1,0,10,0,10,10,0.0,True
gsm8k,Modular Norm RandOpt,43,25,10,518,9,5-10,10,1,1,1,9,1,8,8,1.0,True
gsm8k,Modular Norm RandOpt,43,25,10,519,10,5-10,10,0,1,0,10,0,10,10,0.0,True
gsm8k,Modular Norm RandOpt,43,25,10,520,9,5-10,10,1,1,1,9,1,8,8,1.0,True
gsm8k,Modular Norm RandOpt,43,25,10,521,9,5-10,10,1,1,1,9,1,8,8,1.0,True
gsm8k,Modular Norm RandOpt,43,25,10,522,10,5-10,10,0,1,0,10,0,10,10,0.0,True
gsm8k,Modular Norm RandOpt,43,25,10,523,0,0,10,10,0,2,0,8,-8,-8,0.8,False
gsm8k,Modular Norm RandOpt,43,25,10,524,10,5-10,10,0,1,0,10,0,10,10,0.0,True
gsm8k,Modular Norm RandOpt,43,25,10,525,0,0,10,10,0,2,0,8,-8,-8,0.8,False
gsm8k,Modular Norm RandOpt,43,25,10,526,3,2-4,10,7,1,4,3,4,-1,-1,0.5714285714285714,False
gsm8k,Modular Norm RandOpt,43,25,10,527,5,5-10,10,5,1,5,5,1,4,4,0.2,True
gsm8k,Modular Norm RandOpt,43,25,10,528,1,1,10,9,1,7,1,2,-1,-1,0.2222222222222222,False
gsm8k,Modular Norm RandOpt,43,25,10,529,2,2-4,10,8,1,4,2,3,-1,-1,0.375,False
gsm8k,Modular Norm RandOpt,43,25,10,530,0,0,10,10,0,6,0,3,-3,-3,0.3,False
gsm8k,Modular Norm RandOpt,43,25,10,531,6,5-10,10,4,1,2,6,3,3,3,0.75,True
gsm8k,Modular Norm RandOpt,43,25,10,532,6,5-10,10,4,1,2,6,2,4,4,0.5,True
gsm8k,Modular Norm RandOpt,43,25,10,533,3,2-4,10,7,1,4,3,4,-1,-1,0.5714285714285714,False
gsm8k,Modular Norm RandOpt,43,25,10,534,2,2-4,10,8,1,6,2,2,0,0,0.25,False
gsm8k,Modular Norm RandOpt,43,25,10,535,8,5-10,10,2,1,2,8,1,7,7,0.5,True
gsm8k,Modular Norm RandOpt,43,25,10,536,6,5-10,10,4,1,1,6,4,2,2,1.0,True
gsm8k,Modular Norm RandOpt,43,25,10,537,10,5-10,10,0,1,0,10,0,10,10,0.0,True
gsm8k,Modular Norm RandOpt,43,25,10,538,10,5-10,10,0,1,0,10,0,10,10,0.0,True
gsm8k,Modular Norm RandOpt,43,25,10,539,0,0,10,10,0,5,0,4,-4,-4,0.4,False
gsm8k,Modular Norm RandOpt,43,25,10,540,5,5-10,10,5,1,1,5,5,0,0,1.0,False
gsm8k,Modular Norm RandOpt,43,25,10,541,4,2-4,10,6,1,3,4,4,0,0,0.6666666666666666,True
gsm8k,Modular Norm RandOpt,43,25,10,542,0,0,10,10,0,1,0,10,-10,-10,1.0,False
gsm8k,Modular Norm RandOpt,43,25,10,543,10,5-10,10,0,1,0,10,0,10,10,0.0,True
gsm8k,Modular Norm RandOpt,43,25,10,544,10,5-10,10,0,1,0,10,0,10,10,0.0,True
gsm8k,Modular Norm RandOpt,43,25,10,545,10,5-10,10,0,1,0,10,0,10,10,0.0,True
gsm8k,Modular Norm RandOpt,43,25,10,546,0,0,10,10,0,4,0,7,-7,-7,0.7,False
gsm8k,Modular Norm RandOpt,43,25,10,547,2,2-4,10,8,1,1,2,8,-6,-6,1.0,False
gsm8k,Modular Norm RandOpt,43,25,10,548,0,0,10,10,0,1,0,10,-10,-10,1.0,False
gsm8k,Modular Norm RandOpt,43,25,10,549,8,5-10,10,2,1,1,8,2,6,6,1.0,True
gsm8k,Modular Norm RandOpt,43,25,10,550,1,1,10,9,1,4,1,3,-2,-2,0.3333333333333333,False
gsm8k,Modular Norm RandOpt,43,25,10,551,2,2-4,10,8,1,1,2,8,-6,-6,1.0,False
gsm8k,Modular Norm RandOpt,43,25,10,552,5,5-10,10,5,1,2,5,4,1,1,0.8,True
gsm8k,Modular Norm RandOpt,43,25,10,553,10,5-10,10,0,1,0,10,0,10,10,0.0,True
gsm8k,Modular Norm RandOpt,43,25,10,554,2,2-4,10,8,1,1,2,8,-6,-6,1.0,False
gsm8k,Modular Norm RandOpt,43,25,10,555,2,2-4,10,8,1,1,2,8,-6,-6,1.0,False
gsm8k,Modular Norm RandOpt,43,25,10,556,4,2-4,10,6,1,1,4,6,-2,-2,1.0,False
gsm8k,Modular Norm RandOpt,43,25,10,557,9,5-10,10,1,1,1,9,1,8,8,1.0,True
gsm8k,Modular Norm RandOpt,43,25,10,558,10,5-10,10,0,1,0,10,0,10,10,0.0,True
gsm8k,Modular Norm RandOpt,43,25,10,559,0,0,10,10,0,4,0,4,-4,-4,0.4,False
gsm8k,Modular Norm RandOpt,43,25,10,560,6,5-10,10,4,1,1,6,4,2,2,1.0,True
gsm8k,Modular Norm RandOpt,43,25,10,561,10,5-10,10,0,1,0,10,0,10,10,0.0,True
gsm8k,Modular Norm RandOpt,43,25,10,562,10,5-10,10,0,1,0,10,0,10,10,0.0,True
gsm8k,Modular Norm RandOpt,43,25,10,563,8,5-10,10,2,1,1,8,2,6,6,1.0,True
gsm8k,Modular Norm RandOpt,43,25,10,564,3,2-4,10,7,1,7,3,1,2,2,0.14285714285714285,True
gsm8k,Modular Norm RandOpt,43,25,10,565,10,5-10,10,0,1,0,10,0,10,10,0.0,True
gsm8k,Modular Norm RandOpt,43,25,10,566,7,5-10,10,3,1,3,7,1,6,6,0.3333333333333333,True
gsm8k,Modular Norm RandOpt,43,25,10,567,0,0,10,10,0,3,0,7,-7,-7,0.7,False
gsm8k,Modular Norm RandOpt,43,25,10,568,10,5-10,10,0,1,0,10,0,10,10,0.0,True
gsm8k,Modular Norm RandOpt,43,25,10,569,10,5-10,10,0,1,0,10,0,10,10,0.0,True
gsm8k,Modular Norm RandOpt,43,25,10,570,1,1,10,9,1,7,1,3,-2,-2,0.3333333333333333,False
gsm8k,Modular Norm RandOpt,43,25,10,571,7,5-10,10,3,1,2,7,2,5,5,0.6666666666666666,True
gsm8k,Modular Norm RandOpt,43,25,10,572,2,2-4,10,8,1,5,2,3,-1,-1,0.375,False
gsm8k,Modular Norm RandOpt,43,25,10,573,10,5-10,10,0,1,0,10,0,10,10,0.0,True
gsm8k,Modular Norm RandOpt,43,25,10,574,2,2-4,10,8,1,6,2,3,-1,-1,0.375,False
gsm8k,Modular Norm RandOpt,43,25,10,575,3,2-4,10,7,1,1,3,7,-4,-4,1.0,False
gsm8k,Modular Norm RandOpt,43,25,10,576,1,1,10,9,1,4,1,5,-4,-4,0.5555555555555556,False
gsm8k,Modular Norm RandOpt,43,25,10,577,0,0,10,10,0,5,0,3,-3,-3,0.3,False
gsm8k,Modular Norm RandOpt,43,25,10,578,10,5-10,10,0,1,0,10,0,10,10,0.0,True
gsm8k,Modular Norm RandOpt,43,25,10,579,6,5-10,10,4,1,1,6,4,2,2,1.0,True
gsm8k,Modular Norm RandOpt,43,25,10,580,1,1,10,9,1,4,1,6,-5,-5,0.6666666666666666,False
gsm8k,Modular Norm RandOpt,43,25,10,581,7,5-10,10,3,1,2,7,2,5,5,0.6666666666666666,True
gsm8k,Modular Norm RandOpt,43,25,10,582,4,2-4,10,6,2,2,2,5,-1,-3,0.8333333333333334,False
gsm8k,Modular Norm RandOpt,43,25,10,583,7,5-10,10,3,1,2,7,2,5,5,0.6666666666666666,True
gsm8k,Modular Norm RandOpt,43,25,10,584,0,0,10,10,0,9,0,2,-2,-2,0.2,False
gsm8k,Modular Norm RandOpt,43,25,10,585,5,5-10,10,5,1,3,5,3,2,2,0.6,True
gsm8k,Modular Norm RandOpt,43,25,10,586,10,5-10,10,0,1,0,10,0,10,10,0.0,True
gsm8k,Modular Norm RandOpt,43,25,10,587,8,5-10,10,2,1,2,8,1,7,7,0.5,True
gsm8k,Modular Norm RandOpt,43,25,10,588,10,5-10,10,0,1,0,10,0,10,10,0.0,True
gsm8k,Modular Norm RandOpt,43,25,10,589,0,0,10,10,0,1,0,10,-10,-10,1.0,False
gsm8k,Modular Norm RandOpt,43,25,10,590,1,1,10,9,1,4,1,4,-3,-3,0.4444444444444444,False
gsm8k,Modular Norm RandOpt,43,25,10,591,10,5-10,10,0,1,0,10,0,10,10,0.0,True
gsm8k,Modular Norm RandOpt,43,25,10,592,10,5-10,10,0,1,0,10,0,10,10,0.0,True
gsm8k,Modular Norm RandOpt,43,25,10,593,9,5-10,10,1,1,1,9,1,8,8,1.0,True
gsm8k,Modular Norm RandOpt,43,25,10,594,4,2-4,10,6,1,5,4,2,2,2,0.3333333333333333,True
gsm8k,Modular Norm RandOpt,43,25,10,595,2,2-4,10,8,1,1,2,8,-6,-6,1.0,False
gsm8k,Modular Norm RandOpt,43,25,10,596,10,5-10,10,0,1,0,10,0,10,10,0.0,True
gsm8k,Modular Norm RandOpt,43,25,10,597,10,5-10,10,0,1,0,10,0,10,10,0.0,True
gsm8k,Modular Norm RandOpt,43,25,10,598,7,5-10,10,3,1,1,7,3,4,4,1.0,True
gsm8k,Modular Norm RandOpt,43,25,10,599,10,5-10,10,0,1,0,10,0,10,10,0.0,True
gsm8k,Modular Norm RandOpt,43,25,10,600,10,5-10,10,0,1,0,10,0,10,10,0.0,True
gsm8k,Modular Norm RandOpt,43,25,10,601,5,5-10,10,5,1,5,5,1,4,4,0.2,True
gsm8k,Modular Norm RandOpt,43,25,10,602,10,5-10,10,0,1,0,10,0,10,10,0.0,True
gsm8k,Modular Norm RandOpt,43,25,10,603,0,0,10,10,0,1,0,10,-10,-10,1.0,False
gsm8k,Modular Norm RandOpt,43,25,10,604,9,5-10,10,1,1,1,9,1,8,8,1.0,True
gsm8k,Modular Norm RandOpt,43,25,10,605,7,5-10,10,3,1,3,7,1,6,6,0.3333333333333333,True
gsm8k,Modular Norm RandOpt,43,25,10,606,4,2-4,10,6,1,4,4,3,1,1,0.5,True
gsm8k,Modular Norm RandOpt,43,25,10,607,1,1,10,9,1,4,1,4,-3,-3,0.4444444444444444,False
gsm8k,Modular Norm RandOpt,43,25,10,608,10,5-10,10,0,1,0,10,0,10,10,0.0,True
gsm8k,Modular Norm RandOpt,43,25,10,609,7,5-10,10,3,1,2,7,2,5,5,0.6666666666666666,True
gsm8k,Modular Norm RandOpt,43,25,10,610,3,2-4,10,7,2,5,2,2,1,0,0.2857142857142857,True
gsm8k,Modular Norm RandOpt,43,25,10,611,0,0,10,10,0,10,0,1,-1,-1,0.1,False
gsm8k,Modular Norm RandOpt,43,25,10,612,10,5-10,10,0,1,0,10,0,10,10,0.0,True
gsm8k,Modular Norm RandOpt,43,25,10,613,10,5-10,10,0,2,0,7,0,10,7,0.0,True
gsm8k,Modular Norm RandOpt,43,25,10,614,8,5-10,10,2,1,1,8,2,6,6,1.0,True
gsm8k,Modular Norm RandOpt,43,25,10,615,0,0,10,10,0,2,0,8,-8,-8,0.8,False
gsm8k,Modular Norm RandOpt,43,25,10,616,10,5-10,10,0,1,0,10,0,10,10,0.0,True
gsm8k,Modular Norm RandOpt,43,25,10,617,10,5-10,10,0,1,0,10,0,10,10,0.0,True
gsm8k,Modular Norm RandOpt,43,25,10,618,10,5-10,10,0,1,0,10,0,10,10,0.0,True
gsm8k,Modular Norm RandOpt,43,25,10,619,9,5-10,10,1,1,1,9,1,8,8,1.0,True
gsm8k,Modular Norm RandOpt,43,25,10,620,4,2-4,10,6,1,4,4,3,1,1,0.5,True
gsm8k,Modular Norm RandOpt,43,25,10,621,4,2-4,10,6,2,2,3,5,-1,-2,0.8333333333333334,False
gsm8k,Modular Norm RandOpt,43,25,10,622,8,5-10,10,2,1,2,8,1,7,7,0.5,True
gsm8k,Modular Norm RandOpt,43,25,10,623,7,5-10,10,3,1,1,7,3,4,4,1.0,True
gsm8k,Modular Norm RandOpt,43,25,10,624,10,5-10,10,0,1,0,10,0,10,10,0.0,True
gsm8k,Modular Norm RandOpt,43,25,10,625,10,5-10,10,0,1,0,10,0,10,10,0.0,True
gsm8k,Modular Norm RandOpt,43,25,10,626,7,5-10,10,3,1,3,7,1,6,6,0.3333333333333333,True
gsm8k,Modular Norm RandOpt,43,25,10,627,10,5-10,10,0,1,0,10,0,10,10,0.0,True
gsm8k,Modular Norm RandOpt,43,25,10,628,9,5-10,10,1,1,1,9,1,8,8,1.0,True
gsm8k,Modular Norm RandOpt,43,25,10,629,2,2-4,10,8,1,4,2,4,-2,-2,0.5,False
gsm8k,Modular Norm RandOpt,43,25,10,630,6,5-10,10,4,1,2,6,3,3,3,0.75,True
gsm8k,Modular Norm RandOpt,43,25,10,631,10,5-10,10,0,1,0,10,0,10,10,0.0,True
gsm8k,Modular Norm RandOpt,43,25,10,632,9,5-10,10,1,1,1,9,1,8,8,1.0,True
gsm8k,Modular Norm RandOpt,43,25,10,633,10,5-10,10,0,1,0,10,0,10,10,0.0,True
gsm8k,Modular Norm RandOpt,43,25,10,634,10,5-10,10,0,1,0,10,0,10,10,0.0,True
gsm8k,Modular Norm RandOpt,43,25,10,635,3,2-4,10,7,1,4,3,3,0,0,0.42857142857142855,False
gsm8k,Modular Norm RandOpt,43,25,10,636,9,5-10,10,1,1,1,9,1,8,8,1.0,True
gsm8k,Modular Norm RandOpt,43,25,10,637,7,5-10,10,3,1,1,7,3,4,4,1.0,True
gsm8k,Modular Norm RandOpt,43,25,10,638,0,0,10,10,0,3,0,7,-7,-7,0.7,False
gsm8k,Modular Norm RandOpt,43,25,10,639,0,0,10,10,0,3,0,6,-6,-6,0.6,False
gsm8k,Modular Norm RandOpt,43,25,10,640,8,5-10,10,2,2,2,5,1,7,4,0.5,True
gsm8k,Modular Norm RandOpt,43,25,10,641,1,1,10,9,1,5,1,3,-2,-2,0.3333333333333333,False
gsm8k,Modular Norm RandOpt,43,25,10,642,6,5-10,10,4,1,2,6,3,3,3,0.75,True
gsm8k,Modular Norm RandOpt,43,25,10,643,8,5-10,10,2,1,1,8,2,6,6,1.0,True
gsm8k,Modular Norm RandOpt,43,25,10,644,5,5-10,10,5,1,2,5,3,2,2,0.6,True
gsm8k,Modular Norm RandOpt,43,25,10,645,10,5-10,10,0,1,0,10,0,10,10,0.0,True
gsm8k,Modular Norm RandOpt,43,25,10,646,10,5-10,10,0,1,0,10,0,10,10,0.0,True
gsm8k,Modular Norm RandOpt,43,25,10,647,10,5-10,10,0,1,0,10,0,10,10,0.0,True
gsm8k,Modular Norm RandOpt,43,25,10,648,6,5-10,10,4,1,4,6,1,5,5,0.25,True
gsm8k,Modular Norm RandOpt,43,25,10,649,2,2-4,10,8,1,1,2,8,-6,-6,1.0,False
gsm8k,Modular Norm RandOpt,43,25,10,650,7,5-10,10,3,1,3,7,1,6,6,0.3333333333333333,True
gsm8k,Modular Norm RandOpt,43,25,10,651,4,2-4,10,6,1,4,4,2,2,2,0.3333333333333333,True
gsm8k,Modular Norm RandOpt,43,25,10,652,0,0,10,10,0,3,0,7,-7,-7,0.7,False
gsm8k,Modular Norm RandOpt,43,25,10,653,8,5-10,10,2,1,2,8,1,7,7,0.5,True
gsm8k,Modular Norm RandOpt,43,25,10,654,10,5-10,10,0,1,0,10,0,10,10,0.0,True
gsm8k,Modular Norm RandOpt,43,25,10,655,10,5-10,10,0,1,0,10,0,10,10,0.0,True
gsm8k,Modular Norm RandOpt,43,25,10,656,6,5-10,10,4,1,2,6,3,3,3,0.75,True
gsm8k,Modular Norm RandOpt,43,25,10,657,7,5-10,10,3,2,2,5,2,5,3,0.6666666666666666,True
gsm8k,Modular Norm RandOpt,43,25,10,658,9,5-10,10,1,1,1,9,1,8,8,1.0,True
gsm8k,Modular Norm RandOpt,43,25,10,659,10,5-10,10,0,1,0,10,0,10,10,0.0,True
gsm8k,Modular Norm RandOpt,43,25,10,660,10,5-10,10,0,1,0,10,0,10,10,0.0,True
gsm8k,Modular Norm RandOpt,43,25,10,661,10,5-10,10,0,1,0,10,0,10,10,0.0,True
gsm8k,Modular Norm RandOpt,43,25,10,662,0,0,10,10,0,1,0,10,-10,-10,1.0,False
gsm8k,Modular Norm RandOpt,43,25,10,663,9,5-10,10,1,1,1,9,1,8,8,1.0,True
gsm8k,Modular Norm RandOpt,43,25,10,664,9,5-10,10,1,1,1,9,1,8,8,1.0,True
gsm8k,Modular Norm RandOpt,43,25,10,665,10,5-10,10,0,1,0,10,0,10,10,0.0,True
gsm8k,Modular Norm RandOpt,43,25,10,666,3,2-4,10,7,1,1,3,7,-4,-4,1.0,False
gsm8k,Modular Norm RandOpt,43,25,10,667,4,2-4,10,6,1,2,4,5,-1,-1,0.8333333333333334,False
gsm8k,Modular Norm RandOpt,43,25,10,668,7,5-10,10,3,1,1,7,3,4,4,1.0,True
gsm8k,Modular Norm RandOpt,43,25,10,669,5,5-10,10,5,1,1,5,5,0,0,1.0,False
gsm8k,Modular Norm RandOpt,43,25,10,670,10,5-10,10,0,1,0,10,0,10,10,0.0,True
gsm8k,Modular Norm RandOpt,43,25,10,671,7,5-10,10,3,1,1,7,3,4,4,1.0,True
gsm8k,Modular Norm RandOpt,43,25,10,672,0,0,10,10,0,8,0,2,-2,-2,0.2,False
gsm8k,Modular Norm RandOpt,43,25,10,673,10,5-10,10,0,1,0,10,0,10,10,0.0,True
gsm8k,Modular Norm RandOpt,43,25,10,674,1,1,10,9,1,1,1,9,-8,-8,1.0,False
gsm8k,Modular Norm RandOpt,43,25,10,675,1,1,10,9,1,7,1,2,-1,-1,0.2222222222222222,False
gsm8k,Modular Norm RandOpt,43,25,10,676,4,2-4,10,6,1,1,4,6,-2,-2,1.0,False
gsm8k,Modular Norm RandOpt,43,25,10,677,2,2-4,10,8,1,1,2,8,-6,-6,1.0,False
gsm8k,Modular Norm RandOpt,43,25,10,678,9,5-10,10,1,1,1,9,1,8,8,1.0,True
gsm8k,Modular Norm RandOpt,43,25,10,679,10,5-10,10,0,1,0,10,0,10,10,0.0,True
gsm8k,Modular Norm RandOpt,43,25,10,680,10,5-10,10,0,1,0,10,0,10,10,0.0,True
gsm8k,Modular Norm RandOpt,43,25,10,681,5,5-10,10,5,1,2,5,4,1,1,0.8,True
gsm8k,Modular Norm RandOpt,43,25,10,682,8,5-10,10,2,1,1,8,2,6,6,1.0,True
gsm8k,Modular Norm RandOpt,43,25,10,683,9,5-10,10,1,1,1,9,1,8,8,1.0,True
gsm8k,Modular Norm RandOpt,43,25,10,684,8,5-10,10,2,1,2,8,1,7,7,0.5,True
gsm8k,Modular Norm RandOpt,43,25,10,685,10,5-10,10,0,1,0,10,0,10,10,0.0,True
gsm8k,Modular Norm RandOpt,43,25,10,686,9,5-10,10,1,1,1,9,1,8,8,1.0,True
gsm8k,Modular Norm RandOpt,43,25,10,687,0,0,10,10,0,4,0,7,-7,-7,0.7,False
gsm8k,Modular Norm RandOpt,43,25,10,688,10,5-10,10,0,1,0,10,0,10,10,0.0,True
gsm8k,Modular Norm RandOpt,43,25,10,689,0,0,10,10,0,6,0,5,-5,-5,0.5,False
gsm8k,Modular Norm RandOpt,43,25,10,690,10,5-10,10,0,1,0,10,0,10,10,0.0,True
gsm8k,Modular Norm RandOpt,43,25,10,691,2,2-4,10,8,1,5,2,3,-1,-1,0.375,False
gsm8k,Modular Norm RandOpt,43,25,10,692,0,0,10,10,0,4,0,6,-6,-6,0.6,False
gsm8k,Modular Norm RandOpt,43,25,10,693,8,5-10,10,2,1,1,8,2,6,6,1.0,True
gsm8k,Modular Norm RandOpt,43,25,10,694,10,5-10,10,0,1,0,10,0,10,10,0.0,True
gsm8k,Modular Norm RandOpt,43,25,10,695,6,5-10,10,4,1,2,6,2,4,4,0.5,True
gsm8k,Modular Norm RandOpt,43,25,10,696,10,5-10,10,0,1,0,10,0,10,10,0.0,True
gsm8k,Modular Norm RandOpt,43,25,10,697,7,5-10,10,3,1,3,7,1,6,6,0.3333333333333333,True
gsm8k,Modular Norm RandOpt,43,25,10,698,4,2-4,10,6,1,3,4,4,0,0,0.6666666666666666,False
gsm8k,Modular Norm RandOpt,43,25,10,699,10,5-10,10,0,1,0,10,0,10,10,0.0,True
gsm8k,Modular Norm RandOpt,43,25,10,700,9,5-10,10,1,1,1,9,1,8,8,1.0,True
gsm8k,Modular Norm RandOpt,43,25,10,701,6,5-10,10,4,1,3,6,2,4,4,0.5,True
gsm8k,Modular Norm RandOpt,43,25,10,702,9,5-10,10,1,2,1,5,1,8,4,1.0,True
gsm8k,Modular Norm RandOpt,43,25,10,703,10,5-10,10,0,1,0,10,0,10,10,0.0,True
gsm8k,Modular Norm RandOpt,43,25,10,704,7,5-10,10,3,1,2,7,2,5,5,0.6666666666666666,True
gsm8k,Modular Norm RandOpt,43,25,10,705,4,2-4,10,6,1,1,4,6,-2,-2,1.0,False
gsm8k,Modular Norm RandOpt,43,25,10,706,5,5-10,10,5,1,2,5,4,1,1,0.8,True
gsm8k,Modular Norm RandOpt,43,25,10,707,4,2-4,10,6,1,2,4,4,0,0,0.6666666666666666,False
gsm8k,Modular Norm RandOpt,43,25,10,708,4,2-4,10,6,1,1,4,6,-2,-2,1.0,False
gsm8k,Modular Norm RandOpt,43,25,10,709,10,5-10,10,0,1,0,10,0,10,10,0.0,True
gsm8k,Modular Norm RandOpt,43,25,10,710,0,0,10,10,0,2,0,6,-6,-6,0.6,False
gsm8k,Modular Norm RandOpt,43,25,10,711,1,1,10,9,1,3,1,6,-5,-5,0.6666666666666666,False
gsm8k,Modular Norm RandOpt,43,25,10,712,8,5-10,10,2,1,1,8,2,6,6,1.0,True
gsm8k,Modular Norm RandOpt,43,25,10,713,0,0,10,10,0,1,0,10,-10,-10,1.0,False
gsm8k,Modular Norm RandOpt,43,25,10,714,6,5-10,10,4,1,2,6,3,3,3,0.75,True
gsm8k,Modular Norm RandOpt,43,25,10,715,7,5-10,10,3,2,1,5,3,4,2,1.0,True
gsm8k,Modular Norm RandOpt,43,25,10,716,10,5-10,10,0,1,0,10,0,10,10,0.0,True
gsm8k,Modular Norm RandOpt,43,25,10,717,3,2-4,10,7,1,1,3,7,-4,-4,1.0,False
gsm8k,Modular Norm RandOpt,43,25,10,718,9,5-10,10,1,1,1,9,1,8,8,1.0,True
gsm8k,Modular Norm RandOpt,43,25,10,719,10,5-10,10,0,1,0,10,0,10,10,0.0,True
gsm8k,Modular Norm RandOpt,43,25,10,720,10,5-10,10,0,1,0,10,0,10,10,0.0,True
gsm8k,Modular Norm RandOpt,43,25,10,721,1,1,10,9,1,4,1,4,-3,-3,0.4444444444444444,False
gsm8k,Modular Norm RandOpt,43,25,10,722,1,1,10,9,1,8,1,2,-1,-1,0.2222222222222222,False
gsm8k,Modular Norm RandOpt,43,25,10,723,9,5-10,10,1,1,1,9,1,8,8,1.0,True
gsm8k,Modular Norm RandOpt,43,25,10,724,5,5-10,10,5,1,5,5,1,4,4,0.2,True
gsm8k,Modular Norm RandOpt,43,25,10,725,10,5-10,10,0,1,0,10,0,10,10,0.0,True
gsm8k,Modular Norm RandOpt,43,25,10,726,10,5-10,10,0,1,0,10,0,10,10,0.0,True
gsm8k,Modular Norm RandOpt,43,25,10,727,10,5-10,10,0,1,0,10,0,10,10,0.0,True
gsm8k,Modular Norm RandOpt,43,25,10,728,7,5-10,10,3,1,2,7,2,5,5,0.6666666666666666,True
gsm8k,Modular Norm RandOpt,43,25,10,729,5,5-10,10,5,1,2,5,4,1,1,0.8,True
gsm8k,Modular Norm RandOpt,43,25,10,730,7,5-10,10,3,1,1,7,3,4,4,1.0,True
gsm8k,Modular Norm RandOpt,43,25,10,731,2,2-4,10,8,1,1,2,8,-6,-6,1.0,False
gsm8k,Modular Norm RandOpt,43,25,10,732,10,5-10,10,0,1,0,10,0,10,10,0.0,True
gsm8k,Modular Norm RandOpt,43,25,10,733,0,0,10,10,0,5,0,6,-6,-6,0.6,False
gsm8k,Modular Norm RandOpt,43,25,10,734,10,5-10,10,0,1,0,10,0,10,10,0.0,True
gsm8k,Modular Norm RandOpt,43,25,10,735,8,5-10,10,2,1,1,8,2,6,6,1.0,True
gsm8k,Modular Norm RandOpt,43,25,10,736,9,5-10,10,1,1,1,9,1,8,8,1.0,True
gsm8k,Modular Norm RandOpt,43,25,10,737,10,5-10,10,0,1,0,10,0,10,10,0.0,True
gsm8k,Modular Norm RandOpt,43,25,10,738,10,5-10,10,0,1,0,10,0,10,10,0.0,True
gsm8k,Modular Norm RandOpt,43,25,10,739,4,2-4,10,6,1,1,4,6,-2,-2,1.0,False
gsm8k,Modular Norm RandOpt,43,25,10,740,8,5-10,10,2,1,2,8,1,7,7,0.5,True
gsm8k,Modular Norm RandOpt,43,25,10,741,9,5-10,10,1,1,1,9,1,8,8,1.0,True
gsm8k,Modular Norm RandOpt,43,25,10,742,9,5-10,10,1,1,1,9,1,8,8,1.0,True
gsm8k,Modular Norm RandOpt,43,25,10,743,4,2-4,10,6,1,1,4,6,-2,-2,1.0,False
gsm8k,Modular Norm RandOpt,43,25,10,744,10,5-10,10,0,1,0,10,0,10,10,0.0,True
gsm8k,Modular Norm RandOpt,43,25,10,745,10,5-10,10,0,1,0,10,0,10,10,0.0,True
gsm8k,Modular Norm RandOpt,43,25,10,746,10,5-10,10,0,1,0,10,0,10,10,0.0,True
gsm8k,Modular Norm RandOpt,43,25,10,747,9,5-10,10,1,1,1,9,1,8,8,1.0,True
gsm8k,Modular Norm RandOpt,43,25,10,748,8,5-10,10,2,1,1,8,2,6,6,1.0,True
gsm8k,Modular Norm RandOpt,43,25,10,749,1,1,10,9,1,3,1,4,-3,-3,0.4444444444444444,False
gsm8k,Modular Norm RandOpt,43,25,10,750,4,2-4,10,6,1,2,4,3,1,1,0.5,True
gsm8k,Modular Norm RandOpt,43,25,10,751,9,5-10,10,1,1,1,9,1,8,8,1.0,True
gsm8k,Modular Norm RandOpt,43,25,10,752,0,0,10,10,0,1,0,10,-10,-10,1.0,False
gsm8k,Modular Norm RandOpt,43,25,10,753,7,5-10,10,3,1,2,7,2,5,5,0.6666666666666666,True
gsm8k,Modular Norm RandOpt,43,25,10,754,0,0,10,10,0,8,0,3,-3,-3,0.3,False
gsm8k,Modular Norm RandOpt,43,25,10,755,10,5-10,10,0,1,0,10,0,10,10,0.0,True
gsm8k,Modular Norm RandOpt,43,25,10,756,10,5-10,10,0,1,0,10,0,10,10,0.0,True
gsm8k,Modular Norm RandOpt,43,25,10,757,10,5-10,10,0,1,0,10,0,10,10,0.0,True
gsm8k,Modular Norm RandOpt,43,25,10,758,5,5-10,10,5,1,1,5,5,0,0,1.0,False
gsm8k,Modular Norm RandOpt,43,25,10,759,10,5-10,10,0,2,0,6,0,10,6,0.0,True
gsm8k,Modular Norm RandOpt,43,25,10,760,5,5-10,10,5,1,3,5,3,2,2,0.6,True
gsm8k,Modular Norm RandOpt,43,25,10,761,8,5-10,10,2,1,2,8,1,7,7,0.5,True
gsm8k,Modular Norm RandOpt,43,25,10,762,9,5-10,10,1,1,1,9,1,8,8,1.0,True
gsm8k,Modular Norm RandOpt,43,25,10,763,10,5-10,10,0,1,0,10,0,10,10,0.0,True
gsm8k,Modular Norm RandOpt,43,25,10,764,10,5-10,10,0,1,0,10,0,10,10,0.0,True
gsm8k,Modular Norm RandOpt,43,25,10,765,9,5-10,10,1,1,1,9,1,8,8,1.0,True
gsm8k,Modular Norm RandOpt,43,25,10,766,7,5-10,10,3,1,1,7,3,4,4,1.0,True
gsm8k,Modular Norm RandOpt,43,25,10,767,7,5-10,10,3,1,1,7,3,4,4,1.0,True
gsm8k,Modular Norm RandOpt,43,25,10,768,0,0,10,10,0,2,0,9,-9,-9,0.9,False
gsm8k,Modular Norm RandOpt,43,25,10,769,1,1,10,9,1,5,1,4,-3,-3,0.4444444444444444,False
gsm8k,Modular Norm RandOpt,43,25,10,770,2,2-4,10,8,1,4,2,3,-1,-1,0.375,False
gsm8k,Modular Norm RandOpt,43,25,10,771,1,1,10,9,1,2,1,6,-5,-5,0.6666666666666666,False
gsm8k,Modular Norm RandOpt,43,25,10,772,9,5-10,10,1,1,1,9,1,8,8,1.0,True
gsm8k,Modular Norm RandOpt,43,25,10,773,10,5-10,10,0,1,0,10,0,10,10,0.0,True
gsm8k,Modular Norm RandOpt,43,25,10,774,8,5-10,10,2,1,1,8,2,6,6,1.0,True
gsm8k,Modular Norm RandOpt,43,25,10,775,9,5-10,10,1,1,1,9,1,8,8,1.0,True
gsm8k,Modular Norm RandOpt,43,25,10,776,7,5-10,10,3,1,1,7,3,4,4,1.0,True
gsm8k,Modular Norm RandOpt,43,25,10,777,1,1,10,9,1,8,1,2,-1,-1,0.2222222222222222,False
gsm8k,Modular Norm RandOpt,43,25,10,778,3,2-4,10,7,1,1,3,7,-4,-4,1.0,False
gsm8k,Modular Norm RandOpt,43,25,10,779,0,0,10,10,0,1,0,10,-10,-10,1.0,False
gsm8k,Modular Norm RandOpt,43,25,10,780,0,0,10,10,0,9,0,2,-2,-2,0.2,False
gsm8k,Modular Norm RandOpt,43,25,10,781,0,0,10,10,0,2,0,7,-7,-7,0.7,False
gsm8k,Modular Norm RandOpt,43,25,10,782,0,0,10,10,0,3,0,8,-8,-8,0.8,False
gsm8k,Modular Norm RandOpt,43,25,10,783,1,1,10,9,1,7,1,3,-2,-2,0.3333333333333333,False
gsm8k,Modular Norm RandOpt,43,25,10,784,10,5-10,10,0,1,0,10,0,10,10,0.0,True
gsm8k,Modular Norm RandOpt,43,25,10,785,6,5-10,10,4,1,2,6,3,3,3,0.75,True
gsm8k,Modular Norm RandOpt,43,25,10,786,9,5-10,10,1,1,1,9,1,8,8,1.0,True
gsm8k,Modular Norm RandOpt,43,25,10,787,10,5-10,10,0,1,0,10,0,10,10,0.0,True
gsm8k,Modular Norm RandOpt,43,25,10,788,2,2-4,10,8,1,5,2,3,-1,-1,0.375,False
gsm8k,Modular Norm RandOpt,43,25,10,789,9,5-10,10,1,1,1,9,1,8,8,1.0,True
gsm8k,Modular Norm RandOpt,43,25,10,790,0,0,10,10,0,1,0,10,-10,-10,1.0,False
gsm8k,Modular Norm RandOpt,43,25,10,791,5,5-10,10,5,1,2,5,4,1,1,0.8,True
gsm8k,Modular Norm RandOpt,43,25,10,792,7,5-10,10,3,1,2,7,2,5,5,0.6666666666666666,True
gsm8k,Modular Norm RandOpt,43,25,10,793,8,5-10,10,2,1,2,8,1,7,7,0.5,True
gsm8k,Modular Norm RandOpt,43,25,10,794,10,5-10,10,0,1,0,10,0,10,10,0.0,True
gsm8k,Modular Norm RandOpt,43,25,10,795,6,5-10,10,4,1,3,6,2,4,4,0.5,True
gsm8k,Modular Norm RandOpt,43,25,10,796,0,0,10,10,0,3,0,8,-8,-8,0.8,False
gsm8k,Modular Norm RandOpt,43,25,10,797,2,2-4,10,8,1,1,2,8,-6,-6,1.0,False
gsm8k,Modular Norm RandOpt,43,25,10,798,3,2-4,10,7,1,2,3,6,-3,-3,0.8571428571428571,False
gsm8k,Modular Norm RandOpt,43,25,10,799,3,2-4,10,7,1,2,3,6,-3,-3,0.8571428571428571,False
gsm8k,Modular Norm RandOpt,43,25,10,800,10,5-10,10,0,1,0,10,0,10,10,0.0,True
gsm8k,Modular Norm RandOpt,43,25,10,801,10,5-10,10,0,1,0,10,0,10,10,0.0,True
gsm8k,Modular Norm RandOpt,43,25,10,802,5,5-10,10,5,1,3,5,3,2,2,0.6,True
gsm8k,Modular Norm RandOpt,43,25,10,803,10,5-10,10,0,1,0,10,0,10,10,0.0,True
gsm8k,Modular Norm RandOpt,43,25,10,804,10,5-10,10,0,1,0,10,0,10,10,0.0,True
gsm8k,Modular Norm RandOpt,43,25,10,805,5,5-10,10,5,1,1,5,5,0,0,1.0,True
gsm8k,Modular Norm RandOpt,43,25,10,806,0,0,10,10,0,9,0,2,-2,-2,0.2,False
gsm8k,Modular Norm RandOpt,43,25,10,807,1,1,10,9,1,2,1,8,-7,-7,0.8888888888888888,False
gsm8k,Modular Norm RandOpt,43,25,10,808,8,5-10,10,2,1,1,8,2,6,6,1.0,True
gsm8k,Modular Norm RandOpt,43,25,10,809,2,2-4,10,8,1,5,2,3,-1,-1,0.375,False
gsm8k,Modular Norm RandOpt,43,25,10,810,2,2-4,10,8,1,3,2,6,-4,-4,0.75,False
gsm8k,Modular Norm RandOpt,43,25,10,811,10,5-10,10,0,1,0,10,0,10,10,0.0,True
gsm8k,Modular Norm RandOpt,43,25,10,812,0,0,10,10,0,6,0,3,-3,-3,0.3,False
gsm8k,Modular Norm RandOpt,43,25,10,813,5,5-10,10,5,1,3,5,3,2,2,0.6,True
gsm8k,Modular Norm RandOpt,43,25,10,814,0,0,10,10,0,9,0,2,-2,-2,0.2,False
gsm8k,Modular Norm RandOpt,43,25,10,815,2,2-4,10,8,1,5,2,3,-1,-1,0.375,False
gsm8k,Modular Norm RandOpt,43,25,10,816,1,1,10,9,1,1,1,9,-8,-8,1.0,False
gsm8k,Modular Norm RandOpt,43,25,10,817,9,5-10,10,1,1,1,9,1,8,8,1.0,True
gsm8k,Modular Norm RandOpt,43,25,10,818,10,5-10,10,0,1,0,10,0,10,10,0.0,True
gsm8k,Modular Norm RandOpt,43,25,10,819,3,2-4,10,7,1,1,3,7,-4,-4,1.0,False
gsm8k,Modular Norm RandOpt,43,25,10,820,10,5-10,10,0,1,0,10,0,10,10,0.0,True
gsm8k,Modular Norm RandOpt,43,25,10,821,10,5-10,10,0,1,0,10,0,10,10,0.0,True
gsm8k,Modular Norm RandOpt,43,25,10,822,6,5-10,10,4,1,2,6,3,3,3,0.75,True
gsm8k,Modular Norm RandOpt,43,25,10,823,0,0,10,10,0,1,0,10,-10,-10,1.0,False
gsm8k,Modular Norm RandOpt,43,25,10,824,8,5-10,10,2,1,1,8,2,6,6,1.0,True
gsm8k,Modular Norm RandOpt,43,25,10,825,10,5-10,10,0,1,0,10,0,10,10,0.0,True
gsm8k,Modular Norm RandOpt,43,25,10,826,10,5-10,10,0,1,0,10,0,10,10,0.0,True
gsm8k,Modular Norm RandOpt,43,25,10,827,0,0,10,10,0,7,0,2,-2,-2,0.2,False
gsm8k,Modular Norm RandOpt,43,25,10,828,6,5-10,10,4,1,1,6,4,2,2,1.0,True
gsm8k,Modular Norm RandOpt,43,25,10,829,9,5-10,10,1,2,1,6,1,8,5,1.0,True
gsm8k,Modular Norm RandOpt,43,25,10,830,6,5-10,10,4,1,1,6,4,2,2,1.0,True
gsm8k,Modular Norm RandOpt,43,25,10,831,0,0,10,10,0,6,0,5,-5,-5,0.5,False
gsm8k,Modular Norm RandOpt,43,25,10,832,3,2-4,10,7,1,2,3,5,-2,-2,0.7142857142857143,False
gsm8k,Modular Norm RandOpt,43,25,10,833,10,5-10,10,0,1,0,10,0,10,10,0.0,True
gsm8k,Modular Norm RandOpt,43,25,10,834,10,5-10,10,0,1,0,10,0,10,10,0.0,True
gsm8k,Modular Norm RandOpt,43,25,10,835,0,0,10,10,0,5,0,5,-5,-5,0.5,False
gsm8k,Modular Norm RandOpt,43,25,10,836,7,5-10,10,3,1,1,7,3,4,4,1.0,True
gsm8k,Modular Norm RandOpt,43,25,10,837,1,1,10,9,1,6,1,2,-1,-1,0.2222222222222222,False
gsm8k,Modular Norm RandOpt,43,25,10,838,10,5-10,10,0,1,0,10,0,10,10,0.0,True
gsm8k,Modular Norm RandOpt,43,25,10,839,0,0,10,10,0,2,0,9,-9,-9,0.9,False
gsm8k,Modular Norm RandOpt,43,25,10,840,1,1,10,9,1,2,1,8,-7,-7,0.8888888888888888,False
gsm8k,Modular Norm RandOpt,43,25,10,841,0,0,10,10,0,1,0,10,-10,-10,1.0,False
gsm8k,Modular Norm RandOpt,43,25,10,842,8,5-10,10,2,1,1,8,2,6,6,1.0,True
gsm8k,Modular Norm RandOpt,43,25,10,843,9,5-10,10,1,1,1,9,1,8,8,1.0,True
gsm8k,Modular Norm RandOpt,43,25,10,844,4,2-4,10,6,1,4,4,3,1,1,0.5,True
gsm8k,Modular Norm RandOpt,43,25,10,845,8,5-10,10,2,1,2,8,1,7,7,0.5,True
gsm8k,Modular Norm RandOpt,43,25,10,846,1,1,10,9,1,2,1,8,-7,-7,0.8888888888888888,False
gsm8k,Modular Norm RandOpt,43,25,10,847,1,1,10,9,1,6,1,3,-2,-2,0.3333333333333333,False
gsm8k,Modular Norm RandOpt,43,25,10,848,10,5-10,10,0,1,0,10,0,10,10,0.0,True
gsm8k,Modular Norm RandOpt,43,25,10,849,9,5-10,10,1,1,1,9,1,8,8,1.0,True
gsm8k,Modular Norm RandOpt,43,25,10,850,10,5-10,10,0,1,0,10,0,10,10,0.0,True
gsm8k,Modular Norm RandOpt,43,25,10,851,7,5-10,10,3,1,1,7,3,4,4,1.0,True
gsm8k,Modular Norm RandOpt,43,25,10,852,4,2-4,10,6,1,2,4,5,-1,-1,0.8333333333333334,False
gsm8k,Modular Norm RandOpt,43,25,10,853,10,5-10,10,0,1,0,10,0,10,10,0.0,True
gsm8k,Modular Norm RandOpt,43,25,10,854,10,5-10,10,0,1,0,10,0,10,10,0.0,True
gsm8k,Modular Norm RandOpt,43,25,10,855,2,2-4,10,8,1,8,2,1,1,1,0.125,True
gsm8k,Modular Norm RandOpt,43,25,10,856,6,5-10,10,4,1,2,6,2,4,4,0.5,True
gsm8k,Modular Norm RandOpt,43,25,10,857,9,5-10,10,1,1,1,9,1,8,8,1.0,True
gsm8k,Modular Norm RandOpt,43,25,10,858,8,5-10,10,2,1,2,8,1,7,7,0.5,True
gsm8k,Modular Norm RandOpt,43,25,10,859,3,2-4,10,7,1,1,3,7,-4,-4,1.0,False
gsm8k,Modular Norm RandOpt,43,25,10,860,8,5-10,10,2,1,1,8,2,6,6,1.0,True
gsm8k,Modular Norm RandOpt,43,25,10,861,2,2-4,10,8,1,3,2,4,-2,-2,0.5,False
gsm8k,Modular Norm RandOpt,43,25,10,862,9,5-10,10,1,1,1,9,1,8,8,1.0,True
gsm8k,Modular Norm RandOpt,43,25,10,863,10,5-10,10,0,1,0,10,0,10,10,0.0,True
gsm8k,Modular Norm RandOpt,43,25,10,864,0,0,10,10,0,6,0,3,-3,-3,0.3,False
gsm8k,Modular Norm RandOpt,43,25,10,865,9,5-10,10,1,1,1,9,1,8,8,1.0,True
gsm8k,Modular Norm RandOpt,43,25,10,866,8,5-10,10,2,1,2,8,1,7,7,0.5,True
gsm8k,Modular Norm RandOpt,43,25,10,867,10,5-10,10,0,1,0,10,0,10,10,0.0,True
gsm8k,Modular Norm RandOpt,43,25,10,868,5,5-10,10,5,1,1,5,5,0,0,1.0,True
gsm8k,Modular Norm RandOpt,43,25,10,869,7,5-10,10,3,1,2,7,2,5,5,0.6666666666666666,True
gsm8k,Modular Norm RandOpt,43,25,10,870,9,5-10,10,1,1,1,9,1,8,8,1.0,True
gsm8k,Modular Norm RandOpt,43,25,10,871,10,5-10,10,0,1,0,10,0,10,10,0.0,True
gsm8k,Modular Norm RandOpt,43,25,10,872,0,0,10,10,0,2,0,6,-6,-6,0.6,False
gsm8k,Modular Norm RandOpt,43,25,10,873,0,0,10,10,0,2,0,8,-8,-8,0.8,False
gsm8k,Modular Norm RandOpt,43,25,10,874,2,2-4,10,8,1,2,2,6,-4,-4,0.75,False
gsm8k,Modular Norm RandOpt,43,25,10,875,8,5-10,10,2,1,1,8,2,6,6,1.0,True
gsm8k,Modular Norm RandOpt,43,25,10,876,10,5-10,10,0,1,0,10,0,10,10,0.0,True
gsm8k,Modular Norm RandOpt,43,25,10,877,3,2-4,10,7,1,4,3,2,1,1,0.2857142857142857,True
gsm8k,Modular Norm RandOpt,43,25,10,878,9,5-10,10,1,1,1,9,1,8,8,1.0,True
gsm8k,Modular Norm RandOpt,43,25,10,879,9,5-10,10,1,1,1,9,1,8,8,1.0,True
gsm8k,Modular Norm RandOpt,43,25,10,880,8,5-10,10,2,1,2,8,1,7,7,0.5,True
gsm8k,Modular Norm RandOpt,43,25,10,881,9,5-10,10,1,1,1,9,1,8,8,1.0,True
gsm8k,Modular Norm RandOpt,43,25,10,882,1,1,10,9,1,2,1,8,-7,-7,0.8888888888888888,False
gsm8k,Modular Norm RandOpt,43,25,10,883,6,5-10,10,4,1,3,6,2,4,4,0.5,True
gsm8k,Modular Norm RandOpt,43,25,10,884,10,5-10,10,0,1,0,10,0,10,10,0.0,True
gsm8k,Modular Norm RandOpt,43,25,10,885,9,5-10,10,1,1,1,9,1,8,8,1.0,True
gsm8k,Modular Norm RandOpt,43,25,10,886,10,5-10,10,0,1,0,10,0,10,10,0.0,True
gsm8k,Modular Norm RandOpt,43,25,10,887,10,5-10,10,0,1,0,10,0,10,10,0.0,True
gsm8k,Modular Norm RandOpt,43,25,10,888,8,5-10,10,2,1,1,8,2,6,6,1.0,True
gsm8k,Modular Norm RandOpt,43,25,10,889,10,5-10,10,0,1,0,10,0,10,10,0.0,True
gsm8k,Modular Norm RandOpt,43,25,10,890,10,5-10,10,0,1,0,10,0,10,10,0.0,True
gsm8k,Modular Norm RandOpt,43,25,10,891,10,5-10,10,0,1,0,10,0,10,10,0.0,True
gsm8k,Modular Norm RandOpt,43,25,10,892,7,5-10,10,3,1,1,7,3,4,4,1.0,True
gsm8k,Modular Norm RandOpt,43,25,10,893,8,5-10,10,2,1,1,8,2,6,6,1.0,True
gsm8k,Modular Norm RandOpt,43,25,10,894,0,0,10,10,0,7,0,3,-3,-3,0.3,False
gsm8k,Modular Norm RandOpt,43,25,10,895,10,5-10,10,0,1,0,10,0,10,10,0.0,True
gsm8k,Modular Norm RandOpt,43,25,10,896,9,5-10,10,1,1,1,9,1,8,8,1.0,True
gsm8k,Modular Norm RandOpt,43,25,10,897,7,5-10,10,3,1,3,7,1,6,6,0.3333333333333333,True
gsm8k,Modular Norm RandOpt,43,25,10,898,10,5-10,10,0,1,0,10,0,10,10,0.0,True
gsm8k,Modular Norm RandOpt,43,25,10,899,10,5-10,10,0,1,0,10,0,10,10,0.0,True
gsm8k,Modular Norm RandOpt,43,25,10,900,9,5-10,10,1,1,1,9,1,8,8,1.0,True
gsm8k,Modular Norm RandOpt,43,25,10,901,3,2-4,10,7,1,4,3,3,0,0,0.42857142857142855,True
gsm8k,Modular Norm RandOpt,43,25,10,902,0,0,10,10,0,1,0,10,-10,-10,1.0,False
gsm8k,Modular Norm RandOpt,43,25,10,903,7,5-10,10,3,1,1,7,3,4,4,1.0,True
gsm8k,Modular Norm RandOpt,43,25,10,904,10,5-10,10,0,1,0,10,0,10,10,0.0,True
gsm8k,Modular Norm RandOpt,43,25,10,905,7,5-10,10,3,1,2,7,2,5,5,0.6666666666666666,True
gsm8k,Modular Norm RandOpt,43,25,10,906,8,5-10,10,2,1,1,8,2,6,6,1.0,True
gsm8k,Modular Norm RandOpt,43,25,10,907,8,5-10,10,2,1,1,8,2,6,6,1.0,True
gsm8k,Modular Norm RandOpt,43,25,10,908,9,5-10,10,1,1,1,9,1,8,8,1.0,True
gsm8k,Modular Norm RandOpt,43,25,10,909,1,1,10,9,1,1,1,9,-8,-8,1.0,False
gsm8k,Modular Norm RandOpt,43,25,10,910,10,5-10,10,0,1,0,10,0,10,10,0.0,True
gsm8k,Modular Norm RandOpt,43,25,10,911,7,5-10,10,3,1,1,7,3,4,4,1.0,True
gsm8k,Modular Norm RandOpt,43,25,10,912,10,5-10,10,0,1,0,10,0,10,10,0.0,True
gsm8k,Modular Norm RandOpt,43,25,10,913,9,5-10,10,1,1,1,9,1,8,8,1.0,True
gsm8k,Modular Norm RandOpt,43,25,10,914,6,5-10,10,4,1,1,6,4,2,2,1.0,True
gsm8k,Modular Norm RandOpt,43,25,10,915,10,5-10,10,0,1,0,10,0,10,10,0.0,True
gsm8k,Modular Norm RandOpt,43,25,10,916,9,5-10,10,1,1,1,9,1,8,8,1.0,True
gsm8k,Modular Norm RandOpt,43,25,10,917,9,5-10,10,1,1,1,9,1,8,8,1.0,True
gsm8k,Modular Norm RandOpt,43,25,10,918,10,5-10,10,0,1,0,10,0,10,10,0.0,True
gsm8k,Modular Norm RandOpt,43,25,10,919,8,5-10,10,2,1,2,8,1,7,7,0.5,True
gsm8k,Modular Norm RandOpt,43,25,10,920,4,2-4,10,6,1,4,4,3,1,1,0.5,True
gsm8k,Modular Norm RandOpt,43,25,10,921,10,5-10,10,0,1,0,10,0,10,10,0.0,True
gsm8k,Modular Norm RandOpt,43,25,10,922,4,2-4,10,6,1,2,4,5,-1,-1,0.8333333333333334,False
gsm8k,Modular Norm RandOpt,43,25,10,923,2,2-4,10,8,1,4,2,5,-3,-3,0.625,False
gsm8k,Modular Norm RandOpt,43,25,10,924,5,5-10,10,5,1,4,5,2,3,3,0.4,True
gsm8k,Modular Norm RandOpt,43,25,10,925,10,5-10,10,0,2,0,9,0,10,9,0.0,True
gsm8k,Modular Norm RandOpt,43,25,10,926,2,2-4,10,8,1,6,2,2,0,0,0.25,False
gsm8k,Modular Norm RandOpt,43,25,10,927,2,2-4,10,8,2,2,1,7,-5,-6,0.875,False
gsm8k,Modular Norm RandOpt,43,25,10,928,9,5-10,10,1,1,1,9,1,8,8,1.0,True
gsm8k,Modular Norm RandOpt,43,25,10,929,10,5-10,10,0,1,0,10,0,10,10,0.0,True
gsm8k,Modular Norm RandOpt,43,25,10,930,10,5-10,10,0,1,0,10,0,10,10,0.0,True
gsm8k,Modular Norm RandOpt,43,25,10,931,9,5-10,10,1,1,1,9,1,8,8,1.0,True
gsm8k,Modular Norm RandOpt,43,25,10,932,7,5-10,10,3,1,3,7,1,6,6,0.3333333333333333,True
gsm8k,Modular Norm RandOpt,43,25,10,933,8,5-10,10,2,1,2,8,1,7,7,0.5,True
gsm8k,Modular Norm RandOpt,43,25,10,934,1,1,10,9,1,6,1,3,-2,-2,0.3333333333333333,False
gsm8k,Modular Norm RandOpt,43,25,10,935,0,0,10,10,0,3,0,8,-8,-8,0.8,False
gsm8k,Modular Norm RandOpt,43,25,10,936,0,0,10,10,0,7,0,4,-4,-4,0.4,False
gsm8k,Modular Norm RandOpt,43,25,10,937,10,5-10,10,0,1,0,10,0,10,10,0.0,True
gsm8k,Modular Norm RandOpt,43,25,10,938,5,5-10,10,5,1,4,5,2,3,3,0.4,True
gsm8k,Modular Norm RandOpt,43,25,10,939,10,5-10,10,0,1,0,10,0,10,10,0.0,True
gsm8k,Modular Norm RandOpt,43,25,10,940,5,5-10,10,5,1,3,5,3,2,2,0.6,True
gsm8k,Modular Norm RandOpt,43,25,10,941,7,5-10,10,3,1,3,7,1,6,6,0.3333333333333333,True
gsm8k,Modular Norm RandOpt,43,25,10,942,0,0,10,10,0,5,0,5,-5,-5,0.5,False
gsm8k,Modular Norm RandOpt,43,25,10,943,0,0,10,10,0,4,0,7,-7,-7,0.7,False
gsm8k,Modular Norm RandOpt,43,25,10,944,7,5-10,10,3,1,1,7,3,4,4,1.0,True
gsm8k,Modular Norm RandOpt,43,25,10,945,10,5-10,10,0,1,0,10,0,10,10,0.0,True
gsm8k,Modular Norm RandOpt,43,25,10,946,10,5-10,10,0,1,0,10,0,10,10,0.0,True
gsm8k,Modular Norm RandOpt,43,25,10,947,2,2-4,10,8,1,1,2,8,-6,-6,1.0,False
gsm8k,Modular Norm RandOpt,43,25,10,948,4,2-4,10,6,1,5,4,2,2,2,0.3333333333333333,True
gsm8k,Modular Norm RandOpt,43,25,10,949,10,5-10,10,0,1,0,10,0,10,10,0.0,True
gsm8k,Modular Norm RandOpt,43,25,10,950,7,5-10,10,3,1,3,7,1,6,6,0.3333333333333333,True
gsm8k,Modular Norm RandOpt,43,25,10,951,1,1,10,9,1,6,1,4,-3,-3,0.4444444444444444,False
gsm8k,Modular Norm RandOpt,43,25,10,952,1,1,10,9,1,2,1,8,-7,-7,0.8888888888888888,False
gsm8k,Modular Norm RandOpt,43,25,10,953,1,1,10,9,1,8,1,2,-1,-1,0.2222222222222222,False
gsm8k,Modular Norm RandOpt,43,25,10,954,10,5-10,10,0,1,0,10,0,10,10,0.0,True
gsm8k,Modular Norm RandOpt,43,25,10,955,4,2-4,10,6,1,5,4,2,2,2,0.3333333333333333,True
gsm8k,Modular Norm RandOpt,43,25,10,956,2,2-4,10,8,1,1,2,8,-6,-6,1.0,False
gsm8k,Modular Norm RandOpt,43,25,10,957,10,5-10,10,0,1,0,10,0,10,10,0.0,True
gsm8k,Modular Norm RandOpt,43,25,10,958,4,2-4,10,6,1,5,4,2,2,2,0.3333333333333333,True
gsm8k,Modular Norm RandOpt,43,25,10,959,5,5-10,10,5,1,1,5,5,0,0,1.0,True
gsm8k,Modular Norm RandOpt,43,25,10,960,3,2-4,10,7,1,5,3,2,1,1,0.2857142857142857,True
gsm8k,Modular Norm RandOpt,43,25,10,961,4,2-4,10,6,1,5,4,2,2,2,0.3333333333333333,True
gsm8k,Modular Norm RandOpt,43,25,10,962,5,5-10,10,5,1,1,5,5,0,0,1.0,False
gsm8k,Modular Norm RandOpt,43,25,10,963,9,5-10,10,1,1,1,9,1,8,8,1.0,True
gsm8k,Modular Norm RandOpt,43,25,10,964,7,5-10,10,3,1,1,7,3,4,4,1.0,True
gsm8k,Modular Norm RandOpt,43,25,10,965,0,0,10,10,0,2,0,9,-9,-9,0.9,False
gsm8k,Modular Norm RandOpt,43,25,10,966,4,2-4,10,6,1,5,4,2,2,2,0.3333333333333333,True
gsm8k,Modular Norm RandOpt,43,25,10,967,7,5-10,10,3,1,2,7,2,5,5,0.6666666666666666,True
gsm8k,Modular Norm RandOpt,43,25,10,968,10,5-10,10,0,1,0,10,0,10,10,0.0,True
gsm8k,Modular Norm RandOpt,43,25,10,969,1,1,10,9,1,6,1,3,-2,-2,0.3333333333333333,False
gsm8k,Modular Norm RandOpt,43,25,10,970,5,5-10,10,5,1,1,5,5,0,0,1.0,True
gsm8k,Modular Norm RandOpt,43,25,10,971,5,5-10,10,5,1,1,5,5,0,0,1.0,False
gsm8k,Modular Norm RandOpt,43,25,10,972,1,1,10,9,1,6,1,2,-1,-1,0.2222222222222222,False
gsm8k,Modular Norm RandOpt,43,25,10,973,8,5-10,10,2,1,2,8,1,7,7,0.5,True
gsm8k,Modular Norm RandOpt,43,25,10,974,7,5-10,10,3,1,1,7,3,4,4,1.0,True
gsm8k,Modular Norm RandOpt,43,25,10,975,10,5-10,10,0,1,0,10,0,10,10,0.0,True
gsm8k,Modular Norm RandOpt,43,25,10,976,4,2-4,10,6,1,3,4,4,0,0,0.6666666666666666,False
gsm8k,Modular Norm RandOpt,43,25,10,977,10,5-10,10,0,1,0,10,0,10,10,0.0,True
gsm8k,Modular Norm RandOpt,43,25,10,978,2,2-4,10,8,1,1,2,8,-6,-6,1.0,False
gsm8k,Modular Norm RandOpt,43,25,10,979,2,2-4,10,8,1,5,2,3,-1,-1,0.375,False
gsm8k,Modular Norm RandOpt,43,25,10,980,7,5-10,10,3,1,1,7,3,4,4,1.0,True
gsm8k,Modular Norm RandOpt,43,25,10,981,10,5-10,10,0,1,0,10,0,10,10,0.0,True
gsm8k,Modular Norm RandOpt,43,25,10,982,6,5-10,10,4,1,2,6,2,4,4,0.5,True
gsm8k,Modular Norm RandOpt,43,25,10,983,4,2-4,10,6,1,1,4,6,-2,-2,1.0,False
gsm8k,Modular Norm RandOpt,43,25,10,984,1,1,10,9,1,7,1,2,-1,-1,0.2222222222222222,False
gsm8k,Modular Norm RandOpt,43,25,10,985,10,5-10,10,0,1,0,10,0,10,10,0.0,True
gsm8k,Modular Norm RandOpt,43,25,10,986,3,2-4,10,7,1,2,3,4,-1,-1,0.5714285714285714,False
gsm8k,Modular Norm RandOpt,43,25,10,987,10,5-10,10,0,1,0,10,0,10,10,0.0,True
gsm8k,Modular Norm RandOpt,43,25,10,988,8,5-10,10,2,1,1,8,2,6,6,1.0,True
gsm8k,Modular Norm RandOpt,43,25,10,989,4,2-4,10,6,1,1,4,6,-2,-2,1.0,False
gsm8k,Modular Norm RandOpt,43,25,10,990,4,2-4,10,6,1,2,4,5,-1,-1,0.8333333333333334,False
gsm8k,Modular Norm RandOpt,43,25,10,991,6,5-10,10,4,1,4,6,1,5,5,0.25,True
gsm8k,Modular Norm RandOpt,43,25,10,992,2,2-4,10,8,1,6,2,2,0,0,0.25,True
gsm8k,Modular Norm RandOpt,43,25,10,993,4,2-4,10,6,1,5,4,2,2,2,0.3333333333333333,True
gsm8k,Modular Norm RandOpt,43,25,10,994,10,5-10,10,0,1,0,10,0,10,10,0.0,True
gsm8k,Modular Norm RandOpt,43,25,10,995,6,5-10,10,4,1,3,6,2,4,4,0.5,True
gsm8k,Modular Norm RandOpt,43,25,10,996,8,5-10,10,2,1,1,8,2,6,6,1.0,True
gsm8k,Modular Norm RandOpt,43,25,10,997,1,1,10,9,1,4,1,4,-3,-3,0.4444444444444444,False
gsm8k,Modular Norm RandOpt,43,25,10,998,8,5-10,10,2,1,1,8,2,6,6,1.0,True
gsm8k,Modular Norm RandOpt,43,25,10,999,6,5-10,10,4,1,4,6,1,5,5,0.25,True
gsm8k,Modular Norm RandOpt,43,25,10,1000,9,5-10,10,1,1,1,9,1,8,8,1.0,True
gsm8k,Modular Norm RandOpt,43,25,10,1001,1,1,10,9,1,5,1,3,-2,-2,0.3333333333333333,False
gsm8k,Modular Norm RandOpt,43,25,10,1002,9,5-10,10,1,1,1,9,1,8,8,1.0,True
gsm8k,Modular Norm RandOpt,43,25,10,1003,3,2-4,10,7,1,6,3,2,1,1,0.2857142857142857,True
gsm8k,Modular Norm RandOpt,43,25,10,1004,10,5-10,10,0,1,0,10,0,10,10,0.0,True
gsm8k,Modular Norm RandOpt,43,25,10,1005,10,5-10,10,0,1,0,10,0,10,10,0.0,True
gsm8k,Modular Norm RandOpt,43,25,10,1006,1,1,10,9,1,3,1,5,-4,-4,0.5555555555555556,False
gsm8k,Modular Norm RandOpt,43,25,10,1007,9,5-10,10,1,1,1,9,1,8,8,1.0,True
gsm8k,Modular Norm RandOpt,43,25,10,1008,10,5-10,10,0,1,0,10,0,10,10,0.0,True
gsm8k,Modular Norm RandOpt,43,25,10,1009,7,5-10,10,3,1,1,7,3,4,4,1.0,True
gsm8k,Modular Norm RandOpt,43,25,10,1010,9,5-10,10,1,1,1,9,1,8,8,1.0,True
gsm8k,Modular Norm RandOpt,43,25,10,1011,3,2-4,10,7,1,1,3,7,-4,-4,1.0,False
gsm8k,Modular Norm RandOpt,43,25,10,1012,2,2-4,10,8,1,8,2,1,1,1,0.125,True
gsm8k,Modular Norm RandOpt,43,25,10,1013,6,5-10,10,4,1,2,6,3,3,3,0.75,True
gsm8k,Modular Norm RandOpt,43,25,10,1014,8,5-10,10,2,1,2,8,1,7,7,0.5,True
gsm8k,Modular Norm RandOpt,43,25,10,1015,10,5-10,10,0,1,0,10,0,10,10,0.0,True
gsm8k,Modular Norm RandOpt,43,25,10,1016,1,1,10,9,1,3,1,7,-6,-6,0.7777777777777778,False
gsm8k,Modular Norm RandOpt,43,25,10,1017,8,5-10,10,2,1,1,8,2,6,6,1.0,True
gsm8k,Modular Norm RandOpt,43,25,10,1018,9,5-10,10,1,1,1,9,1,8,8,1.0,True
gsm8k,Modular Norm RandOpt,43,25,10,1019,4,2-4,10,6,1,4,4,2,2,2,0.3333333333333333,True
gsm8k,Modular Norm RandOpt,43,25,10,1020,8,5-10,10,2,1,1,8,2,6,6,1.0,True
gsm8k,Modular Norm RandOpt,43,25,10,1021,6,5-10,10,4,1,4,6,1,5,5,0.25,True
gsm8k,Modular Norm RandOpt,43,25,10,1022,6,5-10,10,4,1,1,6,4,2,2,1.0,True
gsm8k,Modular Norm RandOpt,43,25,10,1023,9,5-10,10,1,1,1,9,1,8,8,1.0,True
gsm8k,Modular Norm RandOpt,43,25,10,1024,6,5-10,10,4,1,1,6,4,2,2,1.0,True
gsm8k,Modular Norm RandOpt,43,25,10,1025,10,5-10,10,0,1,0,10,0,10,10,0.0,True
gsm8k,Modular Norm RandOpt,43,25,10,1026,9,5-10,10,1,2,1,8,1,8,7,1.0,True
gsm8k,Modular Norm RandOpt,43,25,10,1027,7,5-10,10,3,1,1,7,3,4,4,1.0,True
gsm8k,Modular Norm RandOpt,43,25,10,1028,10,5-10,10,0,1,0,10,0,10,10,0.0,True
gsm8k,Modular Norm RandOpt,43,25,10,1029,0,0,10,10,0,4,0,6,-6,-6,0.6,False
gsm8k,Modular Norm RandOpt,43,25,10,1030,0,0,10,10,0,10,0,1,-1,-1,0.1,False
gsm8k,Modular Norm RandOpt,43,25,10,1031,10,5-10,10,0,1,0,10,0,10,10,0.0,True
gsm8k,Modular Norm RandOpt,43,25,10,1032,3,2-4,10,7,1,1,3,7,-4,-4,1.0,False
gsm8k,Modular Norm RandOpt,43,25,10,1033,7,5-10,10,3,1,1,7,3,4,4,1.0,True
gsm8k,Modular Norm RandOpt,43,25,10,1034,8,5-10,10,2,1,1,8,2,6,6,1.0,True
gsm8k,Modular Norm RandOpt,43,25,10,1035,1,1,10,9,1,1,1,9,-8,-8,1.0,False
gsm8k,Modular Norm RandOpt,43,25,10,1036,10,5-10,10,0,1,0,10,0,10,10,0.0,True
gsm8k,Modular Norm RandOpt,43,25,10,1037,8,5-10,10,2,1,1,8,2,6,6,1.0,True
gsm8k,Modular Norm RandOpt,43,25,10,1038,5,5-10,10,5,1,5,5,1,4,4,0.2,True
gsm8k,Modular Norm RandOpt,43,25,10,1039,10,5-10,10,0,1,0,10,0,10,10,0.0,True
gsm8k,Modular Norm RandOpt,43,25,10,1040,10,5-10,10,0,1,0,10,0,10,10,0.0,True
gsm8k,Modular Norm RandOpt,43,25,10,1041,7,5-10,10,3,1,1,7,3,4,4,1.0,True
gsm8k,Modular Norm RandOpt,43,25,10,1042,0,0,10,10,0,2,0,7,-7,-7,0.7,False
gsm8k,Modular Norm RandOpt,43,25,10,1043,9,5-10,10,1,2,1,6,1,8,5,1.0,True
gsm8k,Modular Norm RandOpt,43,25,10,1044,7,5-10,10,3,1,3,7,1,6,6,0.3333333333333333,True
gsm8k,Modular Norm RandOpt,43,25,10,1045,8,5-10,10,2,1,1,8,2,6,6,1.0,True
gsm8k,Modular Norm RandOpt,43,25,10,1046,0,0,10,10,0,7,0,4,-4,-4,0.4,False
gsm8k,Modular Norm RandOpt,43,25,10,1047,10,5-10,10,0,1,0,10,0,10,10,0.0,True
gsm8k,Modular Norm RandOpt,43,25,10,1048,0,0,10,10,0,9,0,2,-2,-2,0.2,False
gsm8k,Modular Norm RandOpt,43,25,10,1049,8,5-10,10,2,1,1,8,2,6,6,1.0,True
gsm8k,Modular Norm RandOpt,43,25,10,1050,0,0,10,10,0,1,0,10,-10,-10,1.0,False
gsm8k,Modular Norm RandOpt,43,25,10,1051,3,2-4,10,7,1,1,3,7,-4,-4,1.0,False
gsm8k,Modular Norm RandOpt,43,25,10,1052,5,5-10,10,5,1,1,5,5,0,0,1.0,True
gsm8k,Modular Norm RandOpt,43,25,10,1053,7,5-10,10,3,1,1,7,3,4,4,1.0,True
gsm8k,Modular Norm RandOpt,43,25,10,1054,6,5-10,10,4,1,1,6,4,2,2,1.0,True
gsm8k,Modular Norm RandOpt,43,25,10,1055,8,5-10,10,2,1,2,8,1,7,7,0.5,True
gsm8k,Modular Norm RandOpt,43,25,10,1056,6,5-10,10,4,1,4,6,1,5,5,0.25,True
gsm8k,Modular Norm RandOpt,43,25,10,1057,10,5-10,10,0,1,0,10,0,10,10,0.0,True
gsm8k,Modular Norm RandOpt,43,25,10,1058,10,5-10,10,0,1,0,10,0,10,10,0.0,True
gsm8k,Modular Norm RandOpt,43,25,10,1059,10,5-10,10,0,1,0,10,0,10,10,0.0,True
gsm8k,Modular Norm RandOpt,43,25,10,1060,10,5-10,10,0,1,0,10,0,10,10,0.0,True
gsm8k,Modular Norm RandOpt,43,25,10,1061,10,5-10,10,0,1,0,10,0,10,10,0.0,True
gsm8k,Modular Norm RandOpt,43,25,10,1062,0,0,10,10,0,4,0,6,-6,-6,0.6,False
gsm8k,Modular Norm RandOpt,43,25,10,1063,10,5-10,10,0,1,0,10,0,10,10,0.0,True
gsm8k,Modular Norm RandOpt,43,25,10,1064,9,5-10,10,1,1,1,9,1,8,8,1.0,True
gsm8k,Modular Norm RandOpt,43,25,10,1065,9,5-10,10,1,1,1,9,1,8,8,1.0,True
gsm8k,Modular Norm RandOpt,43,25,10,1066,9,5-10,10,1,1,1,9,1,8,8,1.0,True
gsm8k,Modular Norm RandOpt,43,25,10,1067,10,5-10,10,0,1,0,10,0,10,10,0.0,True
gsm8k,Modular Norm RandOpt,43,25,10,1068,4,2-4,10,6,1,3,4,3,1,1,0.5,True
gsm8k,Modular Norm RandOpt,43,25,10,1069,2,2-4,10,8,1,2,2,7,-5,-5,0.875,False
gsm8k,Modular Norm RandOpt,43,25,10,1070,0,0,10,10,0,6,0,5,-5,-5,0.5,False
gsm8k,Modular Norm RandOpt,43,25,10,1071,1,1,10,9,1,4,1,3,-2,-2,0.3333333333333333,False
gsm8k,Modular Norm RandOpt,43,25,10,1072,10,5-10,10,0,1,0,10,0,10,10,0.0,True
gsm8k,Modular Norm RandOpt,43,25,10,1073,4,2-4,10,6,1,4,4,2,2,2,0.3333333333333333,True
gsm8k,Modular Norm RandOpt,43,25,10,1074,8,5-10,10,2,1,2,8,1,7,7,0.5,True
gsm8k,Modular Norm RandOpt,43,25,10,1075,0,0,10,10,0,4,0,6,-6,-6,0.6,False
gsm8k,Modular Norm RandOpt,43,25,10,1076,3,2-4,10,7,1,1,3,7,-4,-4,1.0,False
gsm8k,Modular Norm RandOpt,43,25,10,1077,4,2-4,10,6,1,6,4,1,3,3,0.16666666666666666,True
gsm8k,Modular Norm RandOpt,43,25,10,1078,0,0,10,10,0,1,0,10,-10,-10,1.0,False
gsm8k,Modular Norm RandOpt,43,25,10,1079,10,5-10,10,0,1,0,10,0,10,10,0.0,True
gsm8k,Modular Norm RandOpt,43,25,10,1080,7,5-10,10,3,1,2,7,2,5,5,0.6666666666666666,True
gsm8k,Modular Norm RandOpt,43,25,10,1081,8,5-10,10,2,1,1,8,2,6,6,1.0,True
gsm8k,Modular Norm RandOpt,43,25,10,1082,1,1,10,9,1,4,1,6,-5,-5,0.6666666666666666,False
gsm8k,Modular Norm RandOpt,43,25,10,1083,3,2-4,10,7,1,2,3,6,-3,-3,0.8571428571428571,False
gsm8k,Modular Norm RandOpt,43,25,10,1084,3,2-4,10,7,1,2,3,4,-1,-1,0.5714285714285714,False
gsm8k,Modular Norm RandOpt,43,25,10,1085,3,2-4,10,7,1,2,3,4,-1,-1,0.5714285714285714,False
gsm8k,Modular Norm RandOpt,43,25,10,1086,10,5-10,10,0,2,0,8,0,10,8,0.0,True
gsm8k,Modular Norm RandOpt,43,25,10,1087,10,5-10,10,0,1,0,10,0,10,10,0.0,True
gsm8k,Modular Norm RandOpt,43,25,10,1088,2,2-4,10,8,1,7,2,2,0,0,0.25,True
gsm8k,Modular Norm RandOpt,43,25,10,1089,8,5-10,10,2,1,2,8,1,7,7,0.5,True
gsm8k,Modular Norm RandOpt,43,25,10,1090,10,5-10,10,0,1,0,10,0,10,10,0.0,True
gsm8k,Modular Norm RandOpt,43,25,10,1091,9,5-10,10,1,1,1,9,1,8,8,1.0,True
gsm8k,Modular Norm RandOpt,43,25,10,1092,4,2-4,10,6,1,3,4,4,0,0,0.6666666666666666,False
gsm8k,Modular Norm RandOpt,43,25,10,1093,7,5-10,10,3,1,2,7,2,5,5,0.6666666666666666,True
gsm8k,Modular Norm RandOpt,43,25,10,1094,1,1,10,9,1,7,1,3,-2,-2,0.3333333333333333,False
gsm8k,Modular Norm RandOpt,43,25,10,1095,10,5-10,10,0,1,0,10,0,10,10,0.0,True
gsm8k,Modular Norm RandOpt,43,25,10,1096,9,5-10,10,1,1,1,9,1,8,8,1.0,True
gsm8k,Modular Norm RandOpt,43,25,10,1097,8,5-10,10,2,1,1,8,2,6,6,1.0,True
gsm8k,Modular Norm RandOpt,43,25,10,1098,10,5-10,10,0,1,0,10,0,10,10,0.0,True
gsm8k,Modular Norm RandOpt,43,25,10,1099,10,5-10,10,0,1,0,10,0,10,10,0.0,True
gsm8k,Modular Norm RandOpt,43,25,10,1100,5,5-10,10,5,1,2,5,4,1,1,0.8,True
gsm8k,Modular Norm RandOpt,43,25,10,1101,10,5-10,10,0,1,0,10,0,10,10,0.0,True
gsm8k,Modular Norm RandOpt,43,25,10,1102,0,0,10,10,0,3,0,6,-6,-6,0.6,False
gsm8k,Modular Norm RandOpt,43,25,10,1103,9,5-10,10,1,1,1,9,1,8,8,1.0,True
gsm8k,Modular Norm RandOpt,43,25,10,1104,9,5-10,10,1,1,1,9,1,8,8,1.0,True
gsm8k,Modular Norm RandOpt,43,25,10,1105,1,1,10,9,1,4,1,5,-4,-4,0.5555555555555556,False
gsm8k,Modular Norm RandOpt,43,25,10,1106,10,5-10,10,0,1,0,10,0,10,10,0.0,True
gsm8k,Modular Norm RandOpt,43,25,10,1107,9,5-10,10,1,1,1,9,1,8,8,1.0,True
gsm8k,Modular Norm RandOpt,43,25,10,1108,7,5-10,10,3,1,1,7,3,4,4,1.0,True
gsm8k,Modular Norm RandOpt,43,25,10,1109,10,5-10,10,0,1,0,10,0,10,10,0.0,True
gsm8k,Modular Norm RandOpt,43,25,10,1110,2,2-4,10,8,1,7,2,2,0,0,0.25,False
gsm8k,Modular Norm RandOpt,43,25,10,1111,10,5-10,10,0,1,0,10,0,10,10,0.0,True
gsm8k,Modular Norm RandOpt,43,25,10,1112,10,5-10,10,0,1,0,10,0,10,10,0.0,True
gsm8k,Modular Norm RandOpt,43,25,10,1113,10,5-10,10,0,1,0,10,0,10,10,0.0,True
gsm8k,Modular Norm RandOpt,43,25,10,1114,5,5-10,10,5,1,1,5,5,0,0,1.0,True
gsm8k,Modular Norm RandOpt,43,25,10,1115,0,0,10,10,0,3,0,5,-5,-5,0.5,False
gsm8k,Modular Norm RandOpt,43,25,10,1116,10,5-10,10,0,1,0,10,0,10,10,0.0,True
gsm8k,Modular Norm RandOpt,43,25,10,1117,5,5-10,10,5,1,1,5,5,0,0,1.0,False
gsm8k,Modular Norm RandOpt,43,25,10,1118,1,1,10,9,1,1,1,9,-8,-8,1.0,False
gsm8k,Modular Norm RandOpt,43,25,10,1119,4,2-4,10,6,1,3,4,4,0,0,0.6666666666666666,True
gsm8k,Modular Norm RandOpt,43,25,10,1120,7,5-10,10,3,1,2,7,2,5,5,0.6666666666666666,True
gsm8k,Modular Norm RandOpt,43,25,10,1121,10,5-10,10,0,1,0,10,0,10,10,0.0,True
gsm8k,Modular Norm RandOpt,43,25,10,1122,2,2-4,10,8,1,6,2,2,0,0,0.25,False
gsm8k,Modular Norm RandOpt,43,25,10,1123,6,5-10,10,4,1,2,6,3,3,3,0.75,True
gsm8k,Modular Norm RandOpt,43,25,10,1124,3,2-4,10,7,1,6,3,2,1,1,0.2857142857142857,True
gsm8k,Modular Norm RandOpt,43,25,10,1125,7,5-10,10,3,1,3,7,1,6,6,0.3333333333333333,True
gsm8k,Modular Norm RandOpt,43,25,10,1126,10,5-10,10,0,1,0,10,0,10,10,0.0,True
gsm8k,Modular Norm RandOpt,43,25,10,1127,10,5-10,10,0,1,0,10,0,10,10,0.0,True
gsm8k,Modular Norm RandOpt,43,25,10,1128,10,5-10,10,0,1,0,10,0,10,10,0.0,True
gsm8k,Modular Norm RandOpt,43,25,10,1129,4,2-4,10,6,1,5,4,2,2,2,0.3333333333333333,True
gsm8k,Modular Norm RandOpt,43,25,10,1130,10,5-10,10,0,1,0,10,0,10,10,0.0,True
gsm8k,Modular Norm RandOpt,43,25,10,1131,1,1,10,9,1,4,1,3,-2,-2,0.3333333333333333,False
gsm8k,Modular Norm RandOpt,43,25,10,1132,8,5-10,10,2,1,1,8,2,6,6,1.0,True
gsm8k,Modular Norm RandOpt,43,25,10,1133,0,0,10,10,0,7,0,3,-3,-3,0.3,False
gsm8k,Modular Norm RandOpt,43,25,10,1134,2,2-4,10,8,1,1,2,8,-6,-6,1.0,False
gsm8k,Modular Norm RandOpt,43,25,10,1135,9,5-10,10,1,1,1,9,1,8,8,1.0,True
gsm8k,Modular Norm RandOpt,43,25,10,1136,9,5-10,10,1,1,1,9,1,8,8,1.0,True
gsm8k,Modular Norm RandOpt,43,25,10,1137,1,1,10,9,1,7,1,2,-1,-1,0.2222222222222222,False
gsm8k,Modular Norm RandOpt,43,25,10,1138,10,5-10,10,0,1,0,10,0,10,10,0.0,True
gsm8k,Modular Norm RandOpt,43,25,10,1139,1,1,10,9,1,2,1,8,-7,-7,0.8888888888888888,False
gsm8k,Modular Norm RandOpt,43,25,10,1140,7,5-10,10,3,1,2,7,2,5,5,0.6666666666666666,True
gsm8k,Modular Norm RandOpt,43,25,10,1141,3,2-4,10,7,1,1,3,7,-4,-4,1.0,False
gsm8k,Modular Norm RandOpt,43,25,10,1142,10,5-10,10,0,1,0,10,0,10,10,0.0,True
gsm8k,Modular Norm RandOpt,43,25,10,1143,9,5-10,10,1,1,1,9,1,8,8,1.0,True
gsm8k,Modular Norm RandOpt,43,25,10,1144,10,5-10,10,0,1,0,10,0,10,10,0.0,True
gsm8k,Modular Norm RandOpt,43,25,10,1145,1,1,10,9,1,5,1,3,-2,-2,0.3333333333333333,False
gsm8k,Modular Norm RandOpt,43,25,10,1146,7,5-10,10,3,1,2,7,2,5,5,0.6666666666666666,True
gsm8k,Modular Norm RandOpt,43,25,10,1147,5,5-10,10,5,1,1,5,5,0,0,1.0,True
gsm8k,Modular Norm RandOpt,43,25,10,1148,10,5-10,10,0,1,0,10,0,10,10,0.0,True
gsm8k,Modular Norm RandOpt,43,25,10,1149,4,2-4,10,6,1,2,4,5,-1,-1,0.8333333333333334,False
gsm8k,Modular Norm RandOpt,43,25,10,1150,4,2-4,10,6,1,1,4,6,-2,-2,1.0,False
gsm8k,Modular Norm RandOpt,43,25,10,1151,7,5-10,10,3,1,1,7,3,4,4,1.0,True
gsm8k,Modular Norm RandOpt,43,25,10,1152,10,5-10,10,0,1,0,10,0,10,10,0.0,True
gsm8k,Modular Norm RandOpt,43,25,10,1153,10,5-10,10,0,1,0,10,0,10,10,0.0,True
gsm8k,Modular Norm RandOpt,43,25,10,1154,10,5-10,10,0,1,0,10,0,10,10,0.0,True
gsm8k,Modular Norm RandOpt,43,25,10,1155,8,5-10,10,2,1,1,8,2,6,6,1.0,True
gsm8k,Modular Norm RandOpt,43,25,10,1156,6,5-10,10,4,1,3,6,2,4,4,0.5,True
gsm8k,Modular Norm RandOpt,43,25,10,1157,10,5-10,10,0,1,0,10,0,10,10,0.0,True
gsm8k,Modular Norm RandOpt,43,25,10,1158,0,0,10,10,0,3,0,7,-7,-7,0.7,False
gsm8k,Modular Norm RandOpt,43,25,10,1159,8,5-10,10,2,1,2,8,1,7,7,0.5,True
gsm8k,Modular Norm RandOpt,43,25,10,1160,9,5-10,10,1,1,1,9,1,8,8,1.0,True
gsm8k,Modular Norm RandOpt,43,25,10,1161,0,0,10,10,0,3,0,8,-8,-8,0.8,False
gsm8k,Modular Norm RandOpt,43,25,10,1162,10,5-10,10,0,1,0,10,0,10,10,0.0,True
gsm8k,Modular Norm RandOpt,43,25,10,1163,4,2-4,10,6,1,1,4,6,-2,-2,1.0,False
gsm8k,Modular Norm RandOpt,43,25,10,1164,0,0,10,10,0,1,0,10,-10,-10,1.0,False
gsm8k,Modular Norm RandOpt,43,25,10,1165,5,5-10,10,5,1,1,5,5,0,0,1.0,False
gsm8k,Modular Norm RandOpt,43,25,10,1166,2,2-4,10,8,1,5,2,3,-1,-1,0.375,False
gsm8k,Modular Norm RandOpt,43,25,10,1167,5,5-10,10,5,1,1,5,5,0,0,1.0,False
gsm8k,Modular Norm RandOpt,43,25,10,1168,9,5-10,10,1,1,1,9,1,8,8,1.0,True
gsm8k,Modular Norm RandOpt,43,25,10,1169,8,5-10,10,2,1,2,8,1,7,7,0.5,True
gsm8k,Modular Norm RandOpt,43,25,10,1170,4,2-4,10,6,1,3,4,4,0,0,0.6666666666666666,False
gsm8k,Modular Norm RandOpt,43,25,10,1171,10,5-10,10,0,1,0,10,0,10,10,0.0,True
gsm8k,Modular Norm RandOpt,43,25,10,1172,9,5-10,10,1,1,1,9,1,8,8,1.0,True
gsm8k,Modular Norm RandOpt,43,25,10,1173,3,2-4,10,7,1,3,3,3,0,0,0.42857142857142855,False
gsm8k,Modular Norm RandOpt,43,25,10,1174,0,0,10,10,0,4,0,4,-4,-4,0.4,False
gsm8k,Modular Norm RandOpt,43,25,10,1175,1,1,10,9,1,1,1,9,-8,-8,1.0,False
gsm8k,Modular Norm RandOpt,43,25,10,1176,0,0,10,10,0,8,0,2,-2,-2,0.2,False
gsm8k,Modular Norm RandOpt,43,25,10,1177,9,5-10,10,1,1,1,9,1,8,8,1.0,True
gsm8k,Modular Norm RandOpt,43,25,10,1178,9,5-10,10,1,1,1,9,1,8,8,1.0,True
gsm8k,Modular Norm RandOpt,43,25,10,1179,10,5-10,10,0,1,0,10,0,10,10,0.0,True
gsm8k,Modular Norm RandOpt,43,25,10,1180,5,5-10,10,5,2,5,3,1,4,2,0.2,True
gsm8k,Modular Norm RandOpt,43,25,10,1181,5,5-10,10,5,1,5,5,1,4,4,0.2,True
gsm8k,Modular Norm RandOpt,43,25,10,1182,8,5-10,10,2,2,2,7,1,7,6,0.5,True
gsm8k,Modular Norm RandOpt,43,25,10,1183,0,0,10,10,0,8,0,2,-2,-2,0.2,False
gsm8k,Modular Norm RandOpt,43,25,10,1184,4,2-4,10,6,1,1,4,6,-2,-2,1.0,False
gsm8k,Modular Norm RandOpt,43,25,10,1185,1,1,10,9,1,3,1,3,-2,-2,0.3333333333333333,False
gsm8k,Modular Norm RandOpt,43,25,10,1186,9,5-10,10,1,1,1,9,1,8,8,1.0,True
gsm8k,Modular Norm RandOpt,43,25,10,1187,2,2-4,10,8,1,2,2,7,-5,-5,0.875,False
gsm8k,Modular Norm RandOpt,43,25,10,1188,3,2-4,10,7,1,3,3,4,-1,-1,0.5714285714285714,False
gsm8k,Modular Norm RandOpt,43,25,10,1189,10,5-10,10,0,1,0,10,0,10,10,0.0,True
gsm8k,Modular Norm RandOpt,43,25,10,1190,0,0,10,10,0,9,0,2,-2,-2,0.2,False
gsm8k,Modular Norm RandOpt,43,25,10,1191,8,5-10,10,2,1,1,8,2,6,6,1.0,True
gsm8k,Modular Norm RandOpt,43,25,10,1192,3,2-4,10,7,1,3,3,5,-2,-2,0.7142857142857143,False
gsm8k,Modular Norm RandOpt,43,25,10,1193,0,0,10,10,0,4,0,6,-6,-6,0.6,False
gsm8k,Modular Norm RandOpt,43,25,10,1194,10,5-10,10,0,1,0,10,0,10,10,0.0,True
gsm8k,Modular Norm RandOpt,43,25,10,1195,3,2-4,10,7,1,4,3,2,1,1,0.2857142857142857,True
gsm8k,Modular Norm RandOpt,43,25,10,1196,10,5-10,10,0,1,0,10,0,10,10,0.0,True
gsm8k,Modular Norm RandOpt,43,25,10,1197,10,5-10,10,0,1,0,10,0,10,10,0.0,True
gsm8k,Modular Norm RandOpt,43,25,10,1198,3,2-4,10,7,1,1,3,7,-4,-4,1.0,False
gsm8k,Modular Norm RandOpt,43,25,10,1199,0,0,10,10,0,2,0,7,-7,-7,0.7,False
gsm8k,Modular Norm RandOpt,43,25,10,1200,9,5-10,10,1,1,1,9,1,8,8,1.0,True
gsm8k,Modular Norm RandOpt,43,25,10,1201,8,5-10,10,2,1,2,8,1,7,7,0.5,True
gsm8k,Modular Norm RandOpt,43,25,10,1202,3,2-4,10,7,1,3,3,3,0,0,0.42857142857142855,True
gsm8k,Modular Norm RandOpt,43,25,10,1203,9,5-10,10,1,1,1,9,1,8,8,1.0,True
gsm8k,Modular Norm RandOpt,43,25,10,1204,9,5-10,10,1,1,1,9,1,8,8,1.0,True
gsm8k,Modular Norm RandOpt,43,25,10,1205,4,2-4,10,6,1,2,4,4,0,0,0.6666666666666666,True
gsm8k,Modular Norm RandOpt,43,25,10,1206,5,5-10,10,5,2,2,3,4,1,-1,0.8,False
gsm8k,Modular Norm RandOpt,43,25,10,1207,4,2-4,10,6,1,1,4,6,-2,-2,1.0,False
gsm8k,Modular Norm RandOpt,43,25,10,1208,9,5-10,10,1,1,1,9,1,8,8,1.0,True
gsm8k,Modular Norm RandOpt,43,25,10,1209,10,5-10,10,0,1,0,10,0,10,10,0.0,True
gsm8k,Modular Norm RandOpt,43,25,10,1210,10,5-10,10,0,1,0,10,0,10,10,0.0,True
gsm8k,Modular Norm RandOpt,43,25,10,1211,10,5-10,10,0,1,0,10,0,10,10,0.0,True
gsm8k,Modular Norm RandOpt,43,25,10,1212,9,5-10,10,1,1,1,9,1,8,8,1.0,True
gsm8k,Modular Norm RandOpt,43,25,10,1213,10,5-10,10,0,1,0,10,0,10,10,0.0,True
gsm8k,Modular Norm RandOpt,43,25,10,1214,9,5-10,10,1,1,1,9,1,8,8,1.0,True
gsm8k,Modular Norm RandOpt,43,25,10,1215,3,2-4,10,7,1,6,3,2,1,1,0.2857142857142857,True
gsm8k,Modular Norm RandOpt,43,25,10,1216,1,1,10,9,1,6,1,4,-3,-3,0.4444444444444444,False
gsm8k,Modular Norm RandOpt,43,25,10,1217,2,2-4,10,8,1,4,2,5,-3,-3,0.625,False
gsm8k,Modular Norm RandOpt,43,25,10,1218,2,2-4,10,8,1,4,2,5,-3,-3,0.625,False
gsm8k,Modular Norm RandOpt,43,25,10,1219,0,0,10,10,0,1,0,10,-10,-10,1.0,False
gsm8k,Modular Norm RandOpt,43,25,10,1220,10,5-10,10,0,1,0,10,0,10,10,0.0,True
gsm8k,Modular Norm RandOpt,43,25,10,1221,1,1,10,9,1,2,1,7,-6,-6,0.7777777777777778,False
gsm8k,Modular Norm RandOpt,43,25,10,1222,9,5-10,10,1,1,1,9,1,8,8,1.0,True
gsm8k,Modular Norm RandOpt,43,25,10,1223,2,2-4,10,8,1,1,2,8,-6,-6,1.0,False
gsm8k,Modular Norm RandOpt,43,25,10,1224,7,5-10,10,3,1,1,7,3,4,4,1.0,True
gsm8k,Modular Norm RandOpt,43,25,10,1225,10,5-10,10,0,1,0,10,0,10,10,0.0,True
gsm8k,Modular Norm RandOpt,43,25,10,1226,1,1,10,9,1,4,1,4,-3,-3,0.4444444444444444,False
gsm8k,Modular Norm RandOpt,43,25,10,1227,9,5-10,10,1,1,1,9,1,8,8,1.0,True
gsm8k,Modular Norm RandOpt,43,25,10,1228,10,5-10,10,0,1,0,10,0,10,10,0.0,True
gsm8k,Modular Norm RandOpt,43,25,10,1229,8,5-10,10,2,1,2,8,1,7,7,0.5,True
gsm8k,Modular Norm RandOpt,43,25,10,1230,8,5-10,10,2,1,2,8,1,7,7,0.5,True
gsm8k,Modular Norm RandOpt,43,25,10,1231,8,5-10,10,2,1,1,8,2,6,6,1.0,True
gsm8k,Modular Norm RandOpt,43,25,10,1232,10,5-10,10,0,1,0,10,0,10,10,0.0,True
gsm8k,Modular Norm RandOpt,43,25,10,1233,9,5-10,10,1,1,1,9,1,8,8,1.0,True
gsm8k,Modular Norm RandOpt,43,25,10,1234,10,5-10,10,0,1,0,10,0,10,10,0.0,True
gsm8k,Modular Norm RandOpt,43,25,10,1235,2,2-4,10,8,1,1,2,8,-6,-6,1.0,False
gsm8k,Modular Norm RandOpt,43,25,10,1236,7,5-10,10,3,1,3,7,1,6,6,0.3333333333333333,True
gsm8k,Modular Norm RandOpt,43,25,10,1237,2,2-4,10,8,1,3,2,3,-1,-1,0.375,False
gsm8k,Modular Norm RandOpt,43,25,10,1238,2,2-4,10,8,1,1,2,8,-6,-6,1.0,False
gsm8k,Modular Norm RandOpt,43,25,10,1239,6,5-10,10,4,1,2,6,3,3,3,0.75,True
gsm8k,Modular Norm RandOpt,43,25,10,1240,3,2-4,10,7,1,4,3,4,-1,-1,0.5714285714285714,False
gsm8k,Modular Norm RandOpt,43,25,10,1241,2,2-4,10,8,1,6,2,3,-1,-1,0.375,False
gsm8k,Modular Norm RandOpt,43,25,10,1242,10,5-10,10,0,1,0,10,0,10,10,0.0,True
gsm8k,Modular Norm RandOpt,43,25,10,1243,10,5-10,10,0,1,0,10,0,10,10,0.0,True
gsm8k,Modular Norm RandOpt,43,25,10,1244,1,1,10,9,1,1,1,9,-8,-8,1.0,False
gsm8k,Modular Norm RandOpt,43,25,10,1245,9,5-10,10,1,1,1,9,1,8,8,1.0,True
gsm8k,Modular Norm RandOpt,43,25,10,1246,10,5-10,10,0,1,0,10,0,10,10,0.0,True
gsm8k,Modular Norm RandOpt,43,25,10,1247,8,5-10,10,2,1,2,8,1,7,7,0.5,True
gsm8k,Modular Norm RandOpt,43,25,10,1248,2,2-4,10,8,1,2,2,7,-5,-5,0.875,False
gsm8k,Modular Norm RandOpt,43,25,10,1249,2,2-4,10,8,1,3,2,4,-2,-2,0.5,False
gsm8k,Modular Norm RandOpt,43,25,10,1250,10,5-10,10,0,1,0,10,0,10,10,0.0,True
gsm8k,Modular Norm RandOpt,43,25,10,1251,4,2-4,10,6,1,5,4,2,2,2,0.3333333333333333,True
gsm8k,Modular Norm RandOpt,43,25,10,1252,8,5-10,10,2,1,1,8,2,6,6,1.0,True
gsm8k,Modular Norm RandOpt,43,25,10,1253,10,5-10,10,0,1,0,10,0,10,10,0.0,True
gsm8k,Modular Norm RandOpt,43,25,10,1254,4,2-4,10,6,1,1,4,6,-2,-2,1.0,False
gsm8k,Modular Norm RandOpt,43,25,10,1255,10,5-10,10,0,1,0,10,0,10,10,0.0,True
gsm8k,Modular Norm RandOpt,43,25,10,1256,8,5-10,10,2,1,1,8,2,6,6,1.0,True
gsm8k,Modular Norm RandOpt,43,25,10,1257,5,5-10,10,5,1,2,5,4,1,1,0.8,True
gsm8k,Modular Norm RandOpt,43,25,10,1258,4,2-4,10,6,1,4,4,2,2,2,0.3333333333333333,True
gsm8k,Modular Norm RandOpt,43,25,10,1259,9,5-10,10,1,1,1,9,1,8,8,1.0,True
gsm8k,Modular Norm RandOpt,43,25,10,1260,10,5-10,10,0,1,0,10,0,10,10,0.0,True
gsm8k,Modular Norm RandOpt,43,25,10,1261,1,1,10,9,1,2,1,8,-7,-7,0.8888888888888888,False
gsm8k,Modular Norm RandOpt,43,25,10,1262,1,1,10,9,1,1,1,9,-8,-8,1.0,False
gsm8k,Modular Norm RandOpt,43,25,10,1263,2,2-4,10,8,1,4,2,3,-1,-1,0.375,False
gsm8k,Modular Norm RandOpt,43,25,10,1264,3,2-4,10,7,1,3,3,5,-2,-2,0.7142857142857143,False
gsm8k,Modular Norm RandOpt,43,25,10,1265,7,5-10,10,3,1,2,7,2,5,5,0.6666666666666666,True
gsm8k,Modular Norm RandOpt,43,25,10,1266,10,5-10,10,0,1,0,10,0,10,10,0.0,True
gsm8k,Modular Norm RandOpt,43,25,10,1267,10,5-10,10,0,1,0,10,0,10,10,0.0,True
gsm8k,Modular Norm RandOpt,43,25,10,1268,9,5-10,10,1,1,1,9,1,8,8,1.0,True
gsm8k,Modular Norm RandOpt,43,25,10,1269,0,0,10,10,0,1,0,10,-10,-10,1.0,False
gsm8k,Modular Norm RandOpt,43,25,10,1270,9,5-10,10,1,1,1,9,1,8,8,1.0,True
gsm8k,Modular Norm RandOpt,43,25,10,1271,10,5-10,10,0,1,0,10,0,10,10,0.0,True
gsm8k,Modular Norm RandOpt,43,25,10,1272,9,5-10,10,1,1,1,9,1,8,8,1.0,True
gsm8k,Modular Norm RandOpt,43,25,10,1273,0,0,10,10,0,3,0,7,-7,-7,0.7,False
gsm8k,Modular Norm RandOpt,43,25,10,1274,6,5-10,10,4,1,1,6,4,2,2,1.0,True
gsm8k,Modular Norm RandOpt,43,25,10,1275,10,5-10,10,0,1,0,10,0,10,10,0.0,True
gsm8k,Modular Norm RandOpt,43,25,10,1276,10,5-10,10,0,1,0,10,0,10,10,0.0,True
gsm8k,Modular Norm RandOpt,43,25,10,1277,7,5-10,10,3,1,1,7,3,4,4,1.0,True
gsm8k,Modular Norm RandOpt,43,25,10,1278,9,5-10,10,1,1,1,9,1,8,8,1.0,True
gsm8k,Modular Norm RandOpt,43,25,10,1279,0,0,10,10,0,4,0,4,-4,-4,0.4,False
gsm8k,Modular Norm RandOpt,43,25,10,1280,10,5-10,10,0,1,0,10,0,10,10,0.0,True
gsm8k,Modular Norm RandOpt,43,25,10,1281,10,5-10,10,0,1,0,10,0,10,10,0.0,True
gsm8k,Modular Norm RandOpt,43,25,10,1282,10,5-10,10,0,1,0,10,0,10,10,0.0,True
gsm8k,Modular Norm RandOpt,43,25,10,1283,1,1,10,9,1,1,1,9,-8,-8,1.0,False
gsm8k,Modular Norm RandOpt,43,25,10,1284,1,1,10,9,1,2,1,8,-7,-7,0.8888888888888888,False
gsm8k,Modular Norm RandOpt,43,25,10,1285,7,5-10,10,3,2,1,5,3,4,2,1.0,True
gsm8k,Modular Norm RandOpt,43,25,10,1286,10,5-10,10,0,1,0,10,0,10,10,0.0,True
gsm8k,Modular Norm RandOpt,43,25,10,1287,8,5-10,10,2,1,2,8,1,7,7,0.5,True
gsm8k,Modular Norm RandOpt,43,25,10,1288,0,0,10,10,0,4,0,5,-5,-5,0.5,False
gsm8k,Modular Norm RandOpt,43,25,10,1289,10,5-10,10,0,1,0,10,0,10,10,0.0,True
gsm8k,Modular Norm RandOpt,43,25,10,1290,9,5-10,10,1,1,1,9,1,8,8,1.0,True
gsm8k,Modular Norm RandOpt,43,25,10,1291,10,5-10,10,0,1,0,10,0,10,10,0.0,True
gsm8k,Modular Norm RandOpt,43,25,10,1292,5,5-10,10,5,1,3,5,2,3,3,0.4,True
gsm8k,Modular Norm RandOpt,43,25,10,1293,10,5-10,10,0,1,0,10,0,10,10,0.0,True
gsm8k,Modular Norm RandOpt,43,25,10,1294,4,2-4,10,6,1,2,4,5,-1,-1,0.8333333333333334,False
gsm8k,Modular Norm RandOpt,43,25,10,1295,10,5-10,10,0,1,0,10,0,10,10,0.0,True
gsm8k,Modular Norm RandOpt,43,25,10,1296,8,5-10,10,2,1,1,8,2,6,6,1.0,True
gsm8k,Modular Norm RandOpt,43,25,10,1297,9,5-10,10,1,1,1,9,1,8,8,1.0,True
gsm8k,Modular Norm RandOpt,43,25,10,1298,5,5-10,10,5,1,3,5,2,3,3,0.4,True
gsm8k,Modular Norm RandOpt,43,25,10,1299,2,2-4,10,8,1,3,2,6,-4,-4,0.75,False
gsm8k,Modular Norm RandOpt,43,25,10,1300,5,5-10,10,5,1,2,5,4,1,1,0.8,True
gsm8k,Modular Norm RandOpt,43,25,10,1301,3,2-4,10,7,1,4,3,3,0,0,0.42857142857142855,True
gsm8k,Modular Norm RandOpt,43,25,10,1302,9,5-10,10,1,1,1,9,1,8,8,1.0,True
gsm8k,Modular Norm RandOpt,43,25,10,1303,4,2-4,10,6,1,6,4,1,3,3,0.16666666666666666,True
gsm8k,Modular Norm RandOpt,43,25,10,1304,10,5-10,10,0,1,0,10,0,10,10,0.0,True
gsm8k,Modular Norm RandOpt,43,25,10,1305,10,5-10,10,0,1,0,10,0,10,10,0.0,True
gsm8k,Modular Norm RandOpt,43,25,10,1306,4,2-4,10,6,1,6,4,1,3,3,0.16666666666666666,True
gsm8k,Modular Norm RandOpt,43,25,10,1307,7,5-10,10,3,1,1,7,3,4,4,1.0,True
gsm8k,Modular Norm RandOpt,43,25,10,1308,10,5-10,10,0,1,0,10,0,10,10,0.0,True
gsm8k,Modular Norm RandOpt,43,25,10,1309,0,0,10,10,0,3,0,8,-8,-8,0.8,False
gsm8k,Modular Norm RandOpt,43,25,10,1310,0,0,10,10,0,3,0,6,-6,-6,0.6,False
gsm8k,Modular Norm RandOpt,43,25,10,1311,2,2-4,10,8,1,4,2,3,-1,-1,0.375,False
gsm8k,Modular Norm RandOpt,43,25,10,1312,0,0,10,10,0,6,0,3,-3,-3,0.3,False
gsm8k,Modular Norm RandOpt,43,25,10,1313,6,5-10,10,4,1,4,6,1,5,5,0.25,True
gsm8k,Modular Norm RandOpt,43,25,10,1314,5,5-10,10,5,1,3,5,2,3,3,0.4,True
gsm8k,Modular Norm RandOpt,43,25,10,1315,4,2-4,10,6,1,1,4,6,-2,-2,1.0,False
gsm8k,Modular Norm RandOpt,43,25,10,1316,7,5-10,10,3,1,1,7,3,4,4,1.0,True
gsm8k,Modular Norm RandOpt,43,25,10,1317,10,5-10,10,0,1,0,10,0,10,10,0.0,True
gsm8k,Modular Norm RandOpt,43,25,10,1318,10,5-10,10,0,1,0,10,0,10,10,0.0,True
gsm8k,Modular Norm RandOpt,44,25,10,0,10,5-10,10,0,1,0,10,0,10,10,0.0,True
gsm8k,Modular Norm RandOpt,44,25,10,1,10,5-10,10,0,1,0,10,0,10,10,0.0,True
gsm8k,Modular Norm RandOpt,44,25,10,2,2,2-4,10,8,1,6,2,2,0,0,0.25,False
gsm8k,Modular Norm RandOpt,44,25,10,3,8,5-10,10,2,1,2,8,1,7,7,0.5,True
gsm8k,Modular Norm RandOpt,44,25,10,4,2,2-4,10,8,1,6,2,3,-1,-1,0.375,False
gsm8k,Modular Norm RandOpt,44,25,10,5,0,0,10,10,0,8,0,2,-2,-2,0.2,False
gsm8k,Modular Norm RandOpt,44,25,10,6,10,5-10,10,0,1,0,10,0,10,10,0.0,True
gsm8k,Modular Norm RandOpt,44,25,10,7,1,1,10,9,1,3,1,7,-6,-6,0.7777777777777778,False
gsm8k,Modular Norm RandOpt,44,25,10,8,0,0,10,10,0,2,0,6,-6,-6,0.6,False
gsm8k,Modular Norm RandOpt,44,25,10,9,10,5-10,10,0,1,0,10,0,10,10,0.0,True
gsm8k,Modular Norm RandOpt,44,25,10,10,8,5-10,10,2,1,1,8,2,6,6,1.0,True
gsm8k,Modular Norm RandOpt,44,25,10,11,4,2-4,10,6,1,1,4,6,-2,-2,1.0,False
gsm8k,Modular Norm RandOpt,44,25,10,12,1,1,10,9,1,4,1,5,-4,-4,0.5555555555555556,False
gsm8k,Modular Norm RandOpt,44,25,10,13,2,2-4,10,8,1,2,2,4,-2,-2,0.5,False
gsm8k,Modular Norm RandOpt,44,25,10,14,10,5-10,10,0,1,0,10,0,10,10,0.0,True
gsm8k,Modular Norm RandOpt,44,25,10,15,0,0,10,10,0,7,0,4,-4,-4,0.4,False
gsm8k,Modular Norm RandOpt,44,25,10,16,4,2-4,10,6,1,4,4,3,1,1,0.5,True
gsm8k,Modular Norm RandOpt,44,25,10,17,9,5-10,10,1,2,1,5,1,8,4,1.0,True
gsm8k,Modular Norm RandOpt,44,25,10,18,7,5-10,10,3,1,2,7,2,5,5,0.6666666666666666,True
gsm8k,Modular Norm RandOpt,44,25,10,19,1,1,10,9,1,3,1,7,-6,-6,0.7777777777777778,False
gsm8k,Modular Norm RandOpt,44,25,10,20,2,2-4,10,8,1,4,2,2,0,0,0.25,False
gsm8k,Modular Norm RandOpt,44,25,10,21,0,0,10,10,0,5,0,5,-5,-5,0.5,False
gsm8k,Modular Norm RandOpt,44,25,10,22,10,5-10,10,0,1,0,10,0,10,10,0.0,True
gsm8k,Modular Norm RandOpt,44,25,10,23,5,5-10,10,5,1,2,5,4,1,1,0.8,True
gsm8k,Modular Norm RandOpt,44,25,10,24,3,2-4,10,7,1,2,3,6,-3,-3,0.8571428571428571,False
gsm8k,Modular Norm RandOpt,44,25,10,25,10,5-10,10,0,1,0,10,0,10,10,0.0,True
gsm8k,Modular Norm RandOpt,44,25,10,26,8,5-10,10,2,1,2,8,1,7,7,0.5,True
gsm8k,Modular Norm RandOpt,44,25,10,27,6,5-10,10,4,1,1,6,4,2,2,1.0,True
gsm8k,Modular Norm RandOpt,44,25,10,28,8,5-10,10,2,1,1,8,2,6,6,1.0,True
gsm8k,Modular Norm RandOpt,44,25,10,29,8,5-10,10,2,1,1,8,2,6,6,1.0,True
gsm8k,Modular Norm RandOpt,44,25,10,30,9,5-10,10,1,1,1,9,1,8,8,1.0,True
gsm8k,Modular Norm RandOpt,44,25,10,31,8,5-10,10,2,1,1,8,2,6,6,1.0,True
gsm8k,Modular Norm RandOpt,44,25,10,32,6,5-10,10,4,1,2,6,3,3,3,0.75,True
gsm8k,Modular Norm RandOpt,44,25,10,33,10,5-10,10,0,1,0,10,0,10,10,0.0,True
gsm8k,Modular Norm RandOpt,44,25,10,34,10,5-10,10,0,1,0,10,0,10,10,0.0,True
gsm8k,Modular Norm RandOpt,44,25,10,35,10,5-10,10,0,1,0,10,0,10,10,0.0,True
gsm8k,Modular Norm RandOpt,44,25,10,36,1,1,10,9,1,2,1,8,-7,-7,0.8888888888888888,False
gsm8k,Modular Norm RandOpt,44,25,10,37,2,2-4,10,8,1,5,2,2,0,0,0.25,False
gsm8k,Modular Norm RandOpt,44,25,10,38,10,5-10,10,0,1,0,10,0,10,10,0.0,True
gsm8k,Modular Norm RandOpt,44,25,10,39,7,5-10,10,3,1,3,7,1,6,6,0.3333333333333333,True
gsm8k,Modular Norm RandOpt,44,25,10,40,10,5-10,10,0,1,0,10,0,10,10,0.0,True
gsm8k,Modular Norm RandOpt,44,25,10,41,5,5-10,10,5,1,2,5,4,1,1,0.8,True
gsm8k,Modular Norm RandOpt,44,25,10,42,9,5-10,10,1,1,1,9,1,8,8,1.0,True
gsm8k,Modular Norm RandOpt,44,25,10,43,0,0,10,10,0,2,0,9,-9,-9,0.9,False
gsm8k,Modular Norm RandOpt,44,25,10,44,0,0,10,10,0,4,0,4,-4,-4,0.4,False
gsm8k,Modular Norm RandOpt,44,25,10,45,10,5-10,10,0,1,0,10,0,10,10,0.0,True
gsm8k,Modular Norm RandOpt,44,25,10,46,2,2-4,10,8,1,5,2,3,-1,-1,0.375,False
gsm8k,Modular Norm RandOpt,44,25,10,47,5,5-10,10,5,1,1,5,5,0,0,1.0,False
gsm8k,Modular Norm RandOpt,44,25,10,48,9,5-10,10,1,1,1,9,1,8,8,1.0,True
gsm8k,Modular Norm RandOpt,44,25,10,49,10,5-10,10,0,1,0,10,0,10,10,0.0,True
gsm8k,Modular Norm RandOpt,44,25,10,50,9,5-10,10,1,1,1,9,1,8,8,1.0,True
gsm8k,Modular Norm RandOpt,44,25,10,51,4,2-4,10,6,1,5,4,2,2,2,0.3333333333333333,True
gsm8k,Modular Norm RandOpt,44,25,10,52,10,5-10,10,0,1,0,10,0,10,10,0.0,True
gsm8k,Modular Norm RandOpt,44,25,10,53,10,5-10,10,0,1,0,10,0,10,10,0.0,True
gsm8k,Modular Norm RandOpt,44,25,10,54,2,2-4,10,8,1,5,2,3,-1,-1,0.375,False
gsm8k,Modular Norm RandOpt,44,25,10,55,5,5-10,10,5,1,1,5,5,0,0,1.0,True
gsm8k,Modular Norm RandOpt,44,25,10,56,9,5-10,10,1,1,1,9,1,8,8,1.0,True
gsm8k,Modular Norm RandOpt,44,25,10,57,10,5-10,10,0,1,0,10,0,10,10,0.0,True
gsm8k,Modular Norm RandOpt,44,25,10,58,0,0,10,10,0,6,0,3,-3,-3,0.3,False
gsm8k,Modular Norm RandOpt,44,25,10,59,8,5-10,10,2,1,1,8,2,6,6,1.0,True
gsm8k,Modular Norm RandOpt,44,25,10,60,3,2-4,10,7,1,2,3,6,-3,-3,0.8571428571428571,False
gsm8k,Modular Norm RandOpt,44,25,10,61,9,5-10,10,1,1,1,9,1,8,8,1.0,True
gsm8k,Modular Norm RandOpt,44,25,10,62,0,0,10,10,0,9,0,2,-2,-2,0.2,False
gsm8k,Modular Norm RandOpt,44,25,10,63,5,5-10,10,5,1,2,5,4,1,1,0.8,True
gsm8k,Modular Norm RandOpt,44,25,10,64,8,5-10,10,2,1,2,8,1,7,7,0.5,True
gsm8k,Modular Norm RandOpt,44,25,10,65,9,5-10,10,1,1,1,9,1,8,8,1.0,True
gsm8k,Modular Norm RandOpt,44,25,10,66,10,5-10,10,0,1,0,10,0,10,10,0.0,True
gsm8k,Modular Norm RandOpt,44,25,10,67,10,5-10,10,0,1,0,10,0,10,10,0.0,True
gsm8k,Modular Norm RandOpt,44,25,10,68,9,5-10,10,1,1,1,9,1,8,8,1.0,True
gsm8k,Modular Norm RandOpt,44,25,10,69,1,1,10,9,1,1,1,9,-8,-8,1.0,False
gsm8k,Modular Norm RandOpt,44,25,10,70,7,5-10,10,3,1,2,7,2,5,5,0.6666666666666666,True
gsm8k,Modular Norm RandOpt,44,25,10,71,10,5-10,10,0,1,0,10,0,10,10,0.0,True
gsm8k,Modular Norm RandOpt,44,25,10,72,0,0,10,10,0,1,0,10,-10,-10,1.0,False
gsm8k,Modular Norm RandOpt,44,25,10,73,7,5-10,10,3,1,2,7,2,5,5,0.6666666666666666,True
gsm8k,Modular Norm RandOpt,44,25,10,74,4,2-4,10,6,1,3,4,3,1,1,0.5,True
gsm8k,Modular Norm RandOpt,44,25,10,75,0,0,10,10,0,1,0,10,-10,-10,1.0,False
gsm8k,Modular Norm RandOpt,44,25,10,76,10,5-10,10,0,1,0,10,0,10,10,0.0,True
gsm8k,Modular Norm RandOpt,44,25,10,77,10,5-10,10,0,1,0,10,0,10,10,0.0,True
gsm8k,Modular Norm RandOpt,44,25,10,78,0,0,10,10,0,2,0,9,-9,-9,0.9,False
gsm8k,Modular Norm RandOpt,44,25,10,79,8,5-10,10,2,1,1,8,2,6,6,1.0,True
gsm8k,Modular Norm RandOpt,44,25,10,80,10,5-10,10,0,1,0,10,0,10,10,0.0,True
gsm8k,Modular Norm RandOpt,44,25,10,81,8,5-10,10,2,1,1,8,2,6,6,1.0,True
gsm8k,Modular Norm RandOpt,44,25,10,82,10,5-10,10,0,1,0,10,0,10,10,0.0,True
gsm8k,Modular Norm RandOpt,44,25,10,83,9,5-10,10,1,1,1,9,1,8,8,1.0,True
gsm8k,Modular Norm RandOpt,44,25,10,84,10,5-10,10,0,1,0,10,0,10,10,0.0,True
gsm8k,Modular Norm RandOpt,44,25,10,85,9,5-10,10,1,1,1,9,1,8,8,1.0,True
gsm8k,Modular Norm RandOpt,44,25,10,86,10,5-10,10,0,1,0,10,0,10,10,0.0,True
gsm8k,Modular Norm RandOpt,44,25,10,87,0,0,10,10,0,8,0,2,-2,-2,0.2,False
gsm8k,Modular Norm RandOpt,44,25,10,88,10,5-10,10,0,2,0,8,0,10,8,0.0,True
gsm8k,Modular Norm RandOpt,44,25,10,89,0,0,10,10,0,1,0,10,-10,-10,1.0,False
gsm8k,Modular Norm RandOpt,44,25,10,90,10,5-10,10,0,1,0,10,0,10,10,0.0,True
gsm8k,Modular Norm RandOpt,44,25,10,91,8,5-10,10,2,1,1,8,2,6,6,1.0,True
gsm8k,Modular Norm RandOpt,44,25,10,92,9,5-10,10,1,1,1,9,1,8,8,1.0,True
gsm8k,Modular Norm RandOpt,44,25,10,93,2,2-4,10,8,1,7,2,2,0,0,0.25,True
gsm8k,Modular Norm RandOpt,44,25,10,94,8,5-10,10,2,1,1,8,2,6,6,1.0,True
gsm8k,Modular Norm RandOpt,44,25,10,95,8,5-10,10,2,1,1,8,2,6,6,1.0,True
gsm8k,Modular Norm RandOpt,44,25,10,96,10,5-10,10,0,1,0,10,0,10,10,0.0,True
gsm8k,Modular Norm RandOpt,44,25,10,97,4,2-4,10,6,1,5,4,2,2,2,0.3333333333333333,True
gsm8k,Modular Norm RandOpt,44,25,10,98,2,2-4,10,8,1,5,2,4,-2,-2,0.5,False
gsm8k,Modular Norm RandOpt,44,25,10,99,8,5-10,10,2,1,1,8,2,6,6,1.0,True
gsm8k,Modular Norm RandOpt,44,25,10,100,7,5-10,10,3,1,1,7,3,4,4,1.0,True
gsm8k,Modular Norm RandOpt,44,25,10,101,1,1,10,9,1,2,1,5,-4,-4,0.5555555555555556,False
gsm8k,Modular Norm RandOpt,44,25,10,102,0,0,10,10,0,7,0,3,-3,-3,0.3,False
gsm8k,Modular Norm RandOpt,44,25,10,103,10,5-10,10,0,1,0,10,0,10,10,0.0,True
gsm8k,Modular Norm RandOpt,44,25,10,104,10,5-10,10,0,1,0,10,0,10,10,0.0,True
gsm8k,Modular Norm RandOpt,44,25,10,105,9,5-10,10,1,1,1,9,1,8,8,1.0,True
gsm8k,Modular Norm RandOpt,44,25,10,106,10,5-10,10,0,1,0,10,0,10,10,0.0,True
gsm8k,Modular Norm RandOpt,44,25,10,107,5,5-10,10,5,1,1,5,5,0,0,1.0,True
gsm8k,Modular Norm RandOpt,44,25,10,108,10,5-10,10,0,1,0,10,0,10,10,0.0,True
gsm8k,Modular Norm RandOpt,44,25,10,109,0,0,10,10,0,2,0,8,-8,-8,0.8,False
gsm8k,Modular Norm RandOpt,44,25,10,110,4,2-4,10,6,1,1,4,6,-2,-2,1.0,False
gsm8k,Modular Norm RandOpt,44,25,10,111,0,0,10,10,0,7,0,2,-2,-2,0.2,False
gsm8k,Modular Norm RandOpt,44,25,10,112,9,5-10,10,1,1,1,9,1,8,8,1.0,True
gsm8k,Modular Norm RandOpt,44,25,10,113,10,5-10,10,0,1,0,10,0,10,10,0.0,True
gsm8k,Modular Norm RandOpt,44,25,10,114,7,5-10,10,3,1,2,7,2,5,5,0.6666666666666666,True
gsm8k,Modular Norm RandOpt,44,25,10,115,1,1,10,9,1,3,1,7,-6,-6,0.7777777777777778,False
gsm8k,Modular Norm RandOpt,44,25,10,116,5,5-10,10,5,1,5,5,1,4,4,0.2,True
gsm8k,Modular Norm RandOpt,44,25,10,117,7,5-10,10,3,1,1,7,3,4,4,1.0,True
gsm8k,Modular Norm RandOpt,44,25,10,118,10,5-10,10,0,1,0,10,0,10,10,0.0,True
gsm8k,Modular Norm RandOpt,44,25,10,119,1,1,10,9,1,8,1,2,-1,-1,0.2222222222222222,False
gsm8k,Modular Norm RandOpt,44,25,10,120,10,5-10,10,0,1,0,10,0,10,10,0.0,True
gsm8k,Modular Norm RandOpt,44,25,10,121,9,5-10,10,1,1,1,9,1,8,8,1.0,True
gsm8k,Modular Norm RandOpt,44,25,10,122,3,2-4,10,7,1,7,3,1,2,2,0.14285714285714285,True
gsm8k,Modular Norm RandOpt,44,25,10,123,10,5-10,10,0,1,0,10,0,10,10,0.0,True
gsm8k,Modular Norm RandOpt,44,25,10,124,2,2-4,10,8,1,5,2,2,0,0,0.25,False
gsm8k,Modular Norm RandOpt,44,25,10,125,6,5-10,10,4,1,4,6,1,5,5,0.25,True
gsm8k,Modular Norm RandOpt,44,25,10,126,7,5-10,10,3,1,1,7,3,4,4,1.0,True
gsm8k,Modular Norm RandOpt,44,25,10,127,8,5-10,10,2,1,1,8,2,6,6,1.0,True
gsm8k,Modular Norm RandOpt,44,25,10,128,9,5-10,10,1,1,1,9,1,8,8,1.0,True
gsm8k,Modular Norm RandOpt,44,25,10,129,5,5-10,10,5,2,1,4,5,0,-1,1.0,False
gsm8k,Modular Norm RandOpt,44,25,10,130,9,5-10,10,1,1,1,9,1,8,8,1.0,True
gsm8k,Modular Norm RandOpt,44,25,10,131,2,2-4,10,8,1,1,2,8,-6,-6,1.0,False
gsm8k,Modular Norm RandOpt,44,25,10,132,5,5-10,10,5,1,1,5,5,0,0,1.0,True
gsm8k,Modular Norm RandOpt,44,25,10,133,9,5-10,10,1,1,1,9,1,8,8,1.0,True
gsm8k,Modular Norm RandOpt,44,25,10,134,9,5-10,10,1,1,1,9,1,8,8,1.0,True
gsm8k,Modular Norm RandOpt,44,25,10,135,7,5-10,10,3,1,3,7,1,6,6,0.3333333333333333,True
gsm8k,Modular Norm RandOpt,44,25,10,136,10,5-10,10,0,1,0,10,0,10,10,0.0,True
gsm8k,Modular Norm RandOpt,44,25,10,137,0,0,10,10,0,3,0,7,-7,-7,0.7,False
gsm8k,Modular Norm RandOpt,44,25,10,138,9,5-10,10,1,1,1,9,1,8,8,1.0,True
gsm8k,Modular Norm RandOpt,44,25,10,139,8,5-10,10,2,1,1,8,2,6,6,1.0,True
gsm8k,Modular Norm RandOpt,44,25,10,140,9,5-10,10,1,1,1,9,1,8,8,1.0,True
gsm8k,Modular Norm RandOpt,44,25,10,141,6,5-10,10,4,1,1,6,4,2,2,1.0,True
gsm8k,Modular Norm RandOpt,44,25,10,142,10,5-10,10,0,1,0,10,0,10,10,0.0,True
gsm8k,Modular Norm RandOpt,44,25,10,143,0,0,10,10,0,7,0,3,-3,-3,0.3,False
gsm8k,Modular Norm RandOpt,44,25,10,144,10,5-10,10,0,1,0,10,0,10,10,0.0,True
gsm8k,Modular Norm RandOpt,44,25,10,145,9,5-10,10,1,1,1,9,1,8,8,1.0,True
gsm8k,Modular Norm RandOpt,44,25,10,146,3,2-4,10,7,1,2,3,6,-3,-3,0.8571428571428571,False
gsm8k,Modular Norm RandOpt,44,25,10,147,0,0,10,10,0,5,0,4,-4,-4,0.4,False
gsm8k,Modular Norm RandOpt,44,25,10,148,2,2-4,10,8,1,3,2,4,-2,-2,0.5,False
gsm8k,Modular Norm RandOpt,44,25,10,149,8,5-10,10,2,1,1,8,2,6,6,1.0,True
gsm8k,Modular Norm RandOpt,44,25,10,150,4,2-4,10,6,1,3,4,3,1,1,0.5,True
gsm8k,Modular Norm RandOpt,44,25,10,151,4,2-4,10,6,1,3,4,3,1,1,0.5,True
gsm8k,Modular Norm RandOpt,44,25,10,152,8,5-10,10,2,1,2,8,1,7,7,0.5,True
gsm8k,Modular Norm RandOpt,44,25,10,153,0,0,10,10,0,9,0,2,-2,-2,0.2,False
gsm8k,Modular Norm RandOpt,44,25,10,154,5,5-10,10,5,1,3,5,3,2,2,0.6,True
gsm8k,Modular Norm RandOpt,44,25,10,155,9,5-10,10,1,1,1,9,1,8,8,1.0,True
gsm8k,Modular Norm RandOpt,44,25,10,156,0,0,10,10,0,1,0,10,-10,-10,1.0,False
gsm8k,Modular Norm RandOpt,44,25,10,157,1,1,10,9,1,7,1,2,-1,-1,0.2222222222222222,False
gsm8k,Modular Norm RandOpt,44,25,10,158,9,5-10,10,1,1,1,9,1,8,8,1.0,True
gsm8k,Modular Norm RandOpt,44,25,10,159,2,2-4,10,8,1,3,2,3,-1,-1,0.375,False
gsm8k,Modular Norm RandOpt,44,25,10,160,10,5-10,10,0,1,0,10,0,10,10,0.0,True
gsm8k,Modular Norm RandOpt,44,25,10,161,6,5-10,10,4,1,1,6,4,2,2,1.0,True
gsm8k,Modular Norm RandOpt,44,25,10,162,0,0,10,10,0,9,0,2,-2,-2,0.2,False
gsm8k,Modular Norm RandOpt,44,25,10,163,0,0,10,10,0,3,0,8,-8,-8,0.8,False
gsm8k,Modular Norm RandOpt,44,25,10,164,7,5-10,10,3,1,1,7,3,4,4,1.0,True
gsm8k,Modular Norm RandOpt,44,25,10,165,4,2-4,10,6,1,5,4,2,2,2,0.3333333333333333,True
gsm8k,Modular Norm RandOpt,44,25,10,166,7,5-10,10,3,1,1,7,3,4,4,1.0,True
gsm8k,Modular Norm RandOpt,44,25,10,167,10,5-10,10,0,1,0,10,0,10,10,0.0,True
gsm8k,Modular Norm RandOpt,44,25,10,168,10,5-10,10,0,1,0,10,0,10,10,0.0,True
gsm8k,Modular Norm RandOpt,44,25,10,169,10,5-10,10,0,1,0,10,0,10,10,0.0,True
gsm8k,Modular Norm RandOpt,44,25,10,170,9,5-10,10,1,1,1,9,1,8,8,1.0,True
gsm8k,Modular Norm RandOpt,44,25,10,171,0,0,10,10,0,1,0,10,-10,-10,1.0,False
gsm8k,Modular Norm RandOpt,44,25,10,172,9,5-10,10,1,1,1,9,1,8,8,1.0,True
gsm8k,Modular Norm RandOpt,44,25,10,173,7,5-10,10,3,2,2,4,2,5,2,0.6666666666666666,True
gsm8k,Modular Norm RandOpt,44,25,10,174,10,5-10,10,0,1,0,10,0,10,10,0.0,True
gsm8k,Modular Norm RandOpt,44,25,10,175,5,5-10,10,5,1,3,5,3,2,2,0.6,True
gsm8k,Modular Norm RandOpt,44,25,10,176,10,5-10,10,0,1,0,10,0,10,10,0.0,True
gsm8k,Modular Norm RandOpt,44,25,10,177,8,5-10,10,2,1,1,8,2,6,6,1.0,True
gsm8k,Modular Norm RandOpt,44,25,10,178,10,5-10,10,0,1,0,10,0,10,10,0.0,True
gsm8k,Modular Norm RandOpt,44,25,10,179,0,0,10,10,0,1,0,10,-10,-10,1.0,False
gsm8k,Modular Norm RandOpt,44,25,10,180,7,5-10,10,3,1,1,7,3,4,4,1.0,True
gsm8k,Modular Norm RandOpt,44,25,10,181,8,5-10,10,2,1,1,8,2,6,6,1.0,True
gsm8k,Modular Norm RandOpt,44,25,10,182,5,5-10,10,5,1,5,5,1,4,4,0.2,True
gsm8k,Modular Norm RandOpt,44,25,10,183,10,5-10,10,0,1,0,10,0,10,10,0.0,True
gsm8k,Modular Norm RandOpt,44,25,10,184,4,2-4,10,6,1,4,4,2,2,2,0.3333333333333333,True
gsm8k,Modular Norm RandOpt,44,25,10,185,10,5-10,10,0,1,0,10,0,10,10,0.0,True
gsm8k,Modular Norm RandOpt,44,25,10,186,6,5-10,10,4,1,4,6,1,5,5,0.25,True
gsm8k,Modular Norm RandOpt,44,25,10,187,4,2-4,10,6,1,3,4,3,1,1,0.5,True
gsm8k,Modular Norm RandOpt,44,25,10,188,8,5-10,10,2,1,2,8,1,7,7,0.5,True
gsm8k,Modular Norm RandOpt,44,25,10,189,3,2-4,10,7,1,3,3,5,-2,-2,0.7142857142857143,False
gsm8k,Modular Norm RandOpt,44,25,10,190,10,5-10,10,0,1,0,10,0,10,10,0.0,True
gsm8k,Modular Norm RandOpt,44,25,10,191,10,5-10,10,0,1,0,10,0,10,10,0.0,True
gsm8k,Modular Norm RandOpt,44,25,10,192,10,5-10,10,0,1,0,10,0,10,10,0.0,True
gsm8k,Modular Norm RandOpt,44,25,10,193,4,2-4,10,6,1,3,4,3,1,1,0.5,True
gsm8k,Modular Norm RandOpt,44,25,10,194,8,5-10,10,2,1,1,8,2,6,6,1.0,True
gsm8k,Modular Norm RandOpt,44,25,10,195,1,1,10,9,1,1,1,9,-8,-8,1.0,False
gsm8k,Modular Norm RandOpt,44,25,10,196,10,5-10,10,0,1,0,10,0,10,10,0.0,True
gsm8k,Modular Norm RandOpt,44,25,10,197,6,5-10,10,4,1,2,6,3,3,3,0.75,True
gsm8k,Modular Norm RandOpt,44,25,10,198,10,5-10,10,0,1,0,10,0,10,10,0.0,True
gsm8k,Modular Norm RandOpt,44,25,10,199,6,5-10,10,4,1,2,6,3,3,3,0.75,True
gsm8k,Modular Norm RandOpt,44,25,10,200,10,5-10,10,0,1,0,10,0,10,10,0.0,True
gsm8k,Modular Norm RandOpt,44,25,10,201,6,5-10,10,4,1,4,6,1,5,5,0.25,True
gsm8k,Modular Norm RandOpt,44,25,10,202,10,5-10,10,0,1,0,10,0,10,10,0.0,True
gsm8k,Modular Norm RandOpt,44,25,10,203,9,5-10,10,1,1,1,9,1,8,8,1.0,True
gsm8k,Modular Norm RandOpt,44,25,10,204,10,5-10,10,0,1,0,10,0,10,10,0.0,True
gsm8k,Modular Norm RandOpt,44,25,10,205,0,0,10,10,0,1,0,10,-10,-10,1.0,False
gsm8k,Modular Norm RandOpt,44,25,10,206,10,5-10,10,0,1,0,10,0,10,10,0.0,True
gsm8k,Modular Norm RandOpt,44,25,10,207,9,5-10,10,1,1,1,9,1,8,8,1.0,True
gsm8k,Modular Norm RandOpt,44,25,10,208,10,5-10,10,0,1,0,10,0,10,10,0.0,True
gsm8k,Modular Norm RandOpt,44,25,10,209,5,5-10,10,5,1,5,5,1,4,4,0.2,True
gsm8k,Modular Norm RandOpt,44,25,10,210,2,2-4,10,8,1,3,2,3,-1,-1,0.375,False
gsm8k,Modular Norm RandOpt,44,25,10,211,10,5-10,10,0,1,0,10,0,10,10,0.0,True
gsm8k,Modular Norm RandOpt,44,25,10,212,10,5-10,10,0,1,0,10,0,10,10,0.0,True
gsm8k,Modular Norm RandOpt,44,25,10,213,9,5-10,10,1,1,1,9,1,8,8,1.0,True
gsm8k,Modular Norm RandOpt,44,25,10,214,2,2-4,10,8,1,7,2,2,0,0,0.25,False
gsm8k,Modular Norm RandOpt,44,25,10,215,10,5-10,10,0,1,0,10,0,10,10,0.0,True
gsm8k,Modular Norm RandOpt,44,25,10,216,6,5-10,10,4,1,3,6,2,4,4,0.5,True
gsm8k,Modular Norm RandOpt,44,25,10,217,3,2-4,10,7,1,1,3,7,-4,-4,1.0,False
gsm8k,Modular Norm RandOpt,44,25,10,218,6,5-10,10,4,1,4,6,1,5,5,0.25,True
gsm8k,Modular Norm RandOpt,44,25,10,219,10,5-10,10,0,1,0,10,0,10,10,0.0,True
gsm8k,Modular Norm RandOpt,44,25,10,220,10,5-10,10,0,1,0,10,0,10,10,0.0,True
gsm8k,Modular Norm RandOpt,44,25,10,221,10,5-10,10,0,1,0,10,0,10,10,0.0,True
gsm8k,Modular Norm RandOpt,44,25,10,222,7,5-10,10,3,1,1,7,3,4,4,1.0,True
gsm8k,Modular Norm RandOpt,44,25,10,223,9,5-10,10,1,1,1,9,1,8,8,1.0,True
gsm8k,Modular Norm RandOpt,44,25,10,224,10,5-10,10,0,1,0,10,0,10,10,0.0,True
gsm8k,Modular Norm RandOpt,44,25,10,225,3,2-4,10,7,1,4,3,3,0,0,0.42857142857142855,False
gsm8k,Modular Norm RandOpt,44,25,10,226,10,5-10,10,0,1,0,10,0,10,10,0.0,True
gsm8k,Modular Norm RandOpt,44,25,10,227,0,0,10,10,0,4,0,4,-4,-4,0.4,False
gsm8k,Modular Norm RandOpt,44,25,10,228,10,5-10,10,0,1,0,10,0,10,10,0.0,True
gsm8k,Modular Norm RandOpt,44,25,10,229,8,5-10,10,2,1,2,8,1,7,7,0.5,True
gsm8k,Modular Norm RandOpt,44,25,10,230,8,5-10,10,2,1,1,8,2,6,6,1.0,True
gsm8k,Modular Norm RandOpt,44,25,10,231,10,5-10,10,0,1,0,10,0,10,10,0.0,True
gsm8k,Modular Norm RandOpt,44,25,10,232,10,5-10,10,0,1,0,10,0,10,10,0.0,True
gsm8k,Modular Norm RandOpt,44,25,10,233,10,5-10,10,0,1,0,10,0,10,10,0.0,True
gsm8k,Modular Norm RandOpt,44,25,10,234,2,2-4,10,8,1,4,2,3,-1,-1,0.375,False
gsm8k,Modular Norm RandOpt,44,25,10,235,5,5-10,10,5,1,1,5,5,0,0,1.0,False
gsm8k,Modular Norm RandOpt,44,25,10,236,1,1,10,9,1,5,1,4,-3,-3,0.4444444444444444,False
gsm8k,Modular Norm RandOpt,44,25,10,237,9,5-10,10,1,1,1,9,1,8,8,1.0,True
gsm8k,Modular Norm RandOpt,44,25,10,238,10,5-10,10,0,1,0,10,0,10,10,0.0,True
gsm8k,Modular Norm RandOpt,44,25,10,239,9,5-10,10,1,1,1,9,1,8,8,1.0,True
gsm8k,Modular Norm RandOpt,44,25,10,240,10,5-10,10,0,1,0,10,0,10,10,0.0,True
gsm8k,Modular Norm RandOpt,44,25,10,241,4,2-4,10,6,1,3,4,4,0,0,0.6666666666666666,False
gsm8k,Modular Norm RandOpt,44,25,10,242,7,5-10,10,3,1,2,7,2,5,5,0.6666666666666666,True
gsm8k,Modular Norm RandOpt,44,25,10,243,10,5-10,10,0,1,0,10,0,10,10,0.0,True
gsm8k,Modular Norm RandOpt,44,25,10,244,8,5-10,10,2,1,1,8,2,6,6,1.0,True
gsm8k,Modular Norm RandOpt,44,25,10,245,0,0,10,10,0,2,0,9,-9,-9,0.9,False
gsm8k,Modular Norm RandOpt,44,25,10,246,8,5-10,10,2,2,1,5,2,6,3,1.0,True
gsm8k,Modular Norm RandOpt,44,25,10,247,6,5-10,10,4,1,1,6,4,2,2,1.0,True
gsm8k,Modular Norm RandOpt,44,25,10,248,10,5-10,10,0,1,0,10,0,10,10,0.0,True
gsm8k,Modular Norm RandOpt,44,25,10,249,3,2-4,10,7,1,3,3,5,-2,-2,0.7142857142857143,False
gsm8k,Modular Norm RandOpt,44,25,10,250,7,5-10,10,3,1,3,7,1,6,6,0.3333333333333333,True
gsm8k,Modular Norm RandOpt,44,25,10,251,5,5-10,10,5,1,1,5,5,0,0,1.0,False
gsm8k,Modular Norm RandOpt,44,25,10,252,0,0,10,10,0,4,0,7,-7,-7,0.7,False
gsm8k,Modular Norm RandOpt,44,25,10,253,10,5-10,10,0,1,0,10,0,10,10,0.0,True
gsm8k,Modular Norm RandOpt,44,25,10,254,9,5-10,10,1,1,1,9,1,8,8,1.0,True
gsm8k,Modular Norm RandOpt,44,25,10,255,0,0,10,10,0,3,0,7,-7,-7,0.7,False
gsm8k,Modular Norm RandOpt,44,25,10,256,9,5-10,10,1,1,1,9,1,8,8,1.0,True
gsm8k,Modular Norm RandOpt,44,25,10,257,10,5-10,10,0,1,0,10,0,10,10,0.0,True
gsm8k,Modular Norm RandOpt,44,25,10,258,0,0,10,10,0,4,0,6,-6,-6,0.6,False
gsm8k,Modular Norm RandOpt,44,25,10,259,3,2-4,10,7,1,7,3,1,2,2,0.14285714285714285,True
gsm8k,Modular Norm RandOpt,44,25,10,260,10,5-10,10,0,1,0,10,0,10,10,0.0,True
gsm8k,Modular Norm RandOpt,44,25,10,261,9,5-10,10,1,1,1,9,1,8,8,1.0,True
gsm8k,Modular Norm RandOpt,44,25,10,262,10,5-10,10,0,1,0,10,0,10,10,0.0,True
gsm8k,Modular Norm RandOpt,44,25,10,263,10,5-10,10,0,1,0,10,0,10,10,0.0,True
gsm8k,Modular Norm RandOpt,44,25,10,264,1,1,10,9,1,2,1,8,-7,-7,0.8888888888888888,False
gsm8k,Modular Norm RandOpt,44,25,10,265,7,5-10,10,3,2,3,5,1,6,4,0.3333333333333333,True
gsm8k,Modular Norm RandOpt,44,25,10,266,2,2-4,10,8,1,5,2,4,-2,-2,0.5,False
gsm8k,Modular Norm RandOpt,44,25,10,267,4,2-4,10,6,1,3,4,3,1,1,0.5,True
gsm8k,Modular Norm RandOpt,44,25,10,268,8,5-10,10,2,2,1,7,2,6,5,1.0,True
gsm8k,Modular Norm RandOpt,44,25,10,269,10,5-10,10,0,1,0,10,0,10,10,0.0,True
gsm8k,Modular Norm RandOpt,44,25,10,270,9,5-10,10,1,1,1,9,1,8,8,1.0,True
gsm8k,Modular Norm RandOpt,44,25,10,271,8,5-10,10,2,1,2,8,1,7,7,0.5,True
gsm8k,Modular Norm RandOpt,44,25,10,272,0,0,10,10,0,3,0,7,-7,-7,0.7,False
gsm8k,Modular Norm RandOpt,44,25,10,273,10,5-10,10,0,1,0,10,0,10,10,0.0,True
gsm8k,Modular Norm RandOpt,44,25,10,274,6,5-10,10,4,1,1,6,4,2,2,1.0,True
gsm8k,Modular Norm RandOpt,44,25,10,275,7,5-10,10,3,1,2,7,2,5,5,0.6666666666666666,True
gsm8k,Modular Norm RandOpt,44,25,10,276,10,5-10,10,0,1,0,10,0,10,10,0.0,True
gsm8k,Modular Norm RandOpt,44,25,10,277,9,5-10,10,1,1,1,9,1,8,8,1.0,True
gsm8k,Modular Norm RandOpt,44,25,10,278,5,5-10,10,5,1,2,5,4,1,1,0.8,True
gsm8k,Modular Norm RandOpt,44,25,10,279,10,5-10,10,0,1,0,10,0,10,10,0.0,True
gsm8k,Modular Norm RandOpt,44,25,10,280,5,5-10,10,5,1,1,5,5,0,0,1.0,True
gsm8k,Modular Norm RandOpt,44,25,10,281,4,2-4,10,6,1,2,4,5,-1,-1,0.8333333333333334,False
gsm8k,Modular Norm RandOpt,44,25,10,282,8,5-10,10,2,1,2,8,1,7,7,0.5,True
gsm8k,Modular Norm RandOpt,44,25,10,283,10,5-10,10,0,1,0,10,0,10,10,0.0,True
gsm8k,Modular Norm RandOpt,44,25,10,284,10,5-10,10,0,1,0,10,0,10,10,0.0,True
gsm8k,Modular Norm RandOpt,44,25,10,285,5,5-10,10,5,1,1,5,5,0,0,1.0,False
gsm8k,Modular Norm RandOpt,44,25,10,286,8,5-10,10,2,1,1,8,2,6,6,1.0,True
gsm8k,Modular Norm RandOpt,44,25,10,287,6,5-10,10,4,1,2,6,3,3,3,0.75,True
gsm8k,Modular Norm RandOpt,44,25,10,288,10,5-10,10,0,1,0,10,0,10,10,0.0,True
gsm8k,Modular Norm RandOpt,44,25,10,289,8,5-10,10,2,1,2,8,1,7,7,0.5,True
gsm8k,Modular Norm RandOpt,44,25,10,290,8,5-10,10,2,1,2,8,1,7,7,0.5,True
gsm8k,Modular Norm RandOpt,44,25,10,291,10,5-10,10,0,1,0,10,0,10,10,0.0,True
gsm8k,Modular Norm RandOpt,44,25,10,292,5,5-10,10,5,1,1,5,5,0,0,1.0,False
gsm8k,Modular Norm RandOpt,44,25,10,293,5,5-10,10,5,1,2,5,3,2,2,0.6,True
gsm8k,Modular Norm RandOpt,44,25,10,294,9,5-10,10,1,1,1,9,1,8,8,1.0,True
gsm8k,Modular Norm RandOpt,44,25,10,295,5,5-10,10,5,1,1,5,5,0,0,1.0,True
gsm8k,Modular Norm RandOpt,44,25,10,296,2,2-4,10,8,1,2,2,6,-4,-4,0.75,False
gsm8k,Modular Norm RandOpt,44,25,10,297,2,2-4,10,8,1,3,2,6,-4,-4,0.75,False
gsm8k,Modular Norm RandOpt,44,25,10,298,1,1,10,9,1,7,1,2,-1,-1,0.2222222222222222,False
gsm8k,Modular Norm RandOpt,44,25,10,299,1,1,10,9,1,9,1,1,0,0,0.1111111111111111,False
gsm8k,Modular Norm RandOpt,44,25,10,300,1,1,10,9,1,1,1,9,-8,-8,1.0,False
gsm8k,Modular Norm RandOpt,44,25,10,301,0,0,10,10,0,2,0,7,-7,-7,0.7,False
gsm8k,Modular Norm RandOpt,44,25,10,302,10,5-10,10,0,1,0,10,0,10,10,0.0,True
gsm8k,Modular Norm RandOpt,44,25,10,303,1,1,10,9,1,8,1,2,-1,-1,0.2222222222222222,False
gsm8k,Modular Norm RandOpt,44,25,10,304,6,5-10,10,4,1,1,6,4,2,2,1.0,True
gsm8k,Modular Norm RandOpt,44,25,10,305,10,5-10,10,0,1,0,10,0,10,10,0.0,True
gsm8k,Modular Norm RandOpt,44,25,10,306,8,5-10,10,2,1,1,8,2,6,6,1.0,True
gsm8k,Modular Norm RandOpt,44,25,10,307,0,0,10,10,0,1,0,10,-10,-10,1.0,False
gsm8k,Modular Norm RandOpt,44,25,10,308,3,2-4,10,7,1,2,3,6,-3,-3,0.8571428571428571,False
gsm8k,Modular Norm RandOpt,44,25,10,309,9,5-10,10,1,1,1,9,1,8,8,1.0,True
gsm8k,Modular Norm RandOpt,44,25,10,310,1,1,10,9,1,7,1,2,-1,-1,0.2222222222222222,False
gsm8k,Modular Norm RandOpt,44,25,10,311,10,5-10,10,0,1,0,10,0,10,10,0.0,True
gsm8k,Modular Norm RandOpt,44,25,10,312,10,5-10,10,0,1,0,10,0,10,10,0.0,True
gsm8k,Modular Norm RandOpt,44,25,10,313,2,2-4,10,8,1,7,2,2,0,0,0.25,False
gsm8k,Modular Norm RandOpt,44,25,10,314,10,5-10,10,0,1,0,10,0,10,10,0.0,True
gsm8k,Modular Norm RandOpt,44,25,10,315,7,5-10,10,3,1,3,7,1,6,6,0.3333333333333333,True
gsm8k,Modular Norm RandOpt,44,25,10,316,5,5-10,10,5,1,1,5,5,0,0,1.0,True
gsm8k,Modular Norm RandOpt,44,25,10,317,9,5-10,10,1,1,1,9,1,8,8,1.0,True
gsm8k,Modular Norm RandOpt,44,25,10,318,4,2-4,10,6,1,1,4,6,-2,-2,1.0,False
gsm8k,Modular Norm RandOpt,44,25,10,319,6,5-10,10,4,1,2,6,3,3,3,0.75,True
gsm8k,Modular Norm RandOpt,44,25,10,320,4,2-4,10,6,1,6,4,1,3,3,0.16666666666666666,True
gsm8k,Modular Norm RandOpt,44,25,10,321,7,5-10,10,3,1,1,7,3,4,4,1.0,True
gsm8k,Modular Norm RandOpt,44,25,10,322,2,2-4,10,8,1,7,2,2,0,0,0.25,False
gsm8k,Modular Norm RandOpt,44,25,10,323,5,5-10,10,5,1,3,5,3,2,2,0.6,True
gsm8k,Modular Norm RandOpt,44,25,10,324,4,2-4,10,6,1,5,4,2,2,2,0.3333333333333333,True
gsm8k,Modular Norm RandOpt,44,25,10,325,8,5-10,10,2,2,2,5,1,7,4,0.5,True
gsm8k,Modular Norm RandOpt,44,25,10,326,10,5-10,10,0,1,0,10,0,10,10,0.0,True
gsm8k,Modular Norm RandOpt,44,25,10,327,7,5-10,10,3,1,2,7,2,5,5,0.6666666666666666,True
gsm8k,Modular Norm RandOpt,44,25,10,328,8,5-10,10,2,1,2,8,1,7,7,0.5,True
gsm8k,Modular Norm RandOpt,44,25,10,329,9,5-10,10,1,1,1,9,1,8,8,1.0,True
gsm8k,Modular Norm RandOpt,44,25,10,330,2,2-4,10,8,1,8,2,1,1,1,0.125,True
gsm8k,Modular Norm RandOpt,44,25,10,331,7,5-10,10,3,1,3,7,1,6,6,0.3333333333333333,True
gsm8k,Modular Norm RandOpt,44,25,10,332,10,5-10,10,0,1,0,10,0,10,10,0.0,True
gsm8k,Modular Norm RandOpt,44,25,10,333,8,5-10,10,2,1,1,8,2,6,6,1.0,True
gsm8k,Modular Norm RandOpt,44,25,10,334,10,5-10,10,0,1,0,10,0,10,10,0.0,True
gsm8k,Modular Norm RandOpt,44,25,10,335,9,5-10,10,1,1,1,9,1,8,8,1.0,True
gsm8k,Modular Norm RandOpt,44,25,10,336,10,5-10,10,0,1,0,10,0,10,10,0.0,True
gsm8k,Modular Norm RandOpt,44,25,10,337,10,5-10,10,0,1,0,10,0,10,10,0.0,True
gsm8k,Modular Norm RandOpt,44,25,10,338,3,2-4,10,7,1,4,3,3,0,0,0.42857142857142855,True
gsm8k,Modular Norm RandOpt,44,25,10,339,9,5-10,10,1,1,1,9,1,8,8,1.0,True
gsm8k,Modular Norm RandOpt,44,25,10,340,0,0,10,10,0,6,0,2,-2,-2,0.2,False
gsm8k,Modular Norm RandOpt,44,25,10,341,6,5-10,10,4,1,3,6,2,4,4,0.5,True
gsm8k,Modular Norm RandOpt,44,25,10,342,8,5-10,10,2,1,1,8,2,6,6,1.0,True
gsm8k,Modular Norm RandOpt,44,25,10,343,4,2-4,10,6,1,1,4,6,-2,-2,1.0,False
gsm8k,Modular Norm RandOpt,44,25,10,344,10,5-10,10,0,1,0,10,0,10,10,0.0,True
gsm8k,Modular Norm RandOpt,44,25,10,345,8,5-10,10,2,1,1,8,2,6,6,1.0,True
gsm8k,Modular Norm RandOpt,44,25,10,346,7,5-10,10,3,1,2,7,2,5,5,0.6666666666666666,True
gsm8k,Modular Norm RandOpt,44,25,10,347,4,2-4,10,6,1,2,4,5,-1,-1,0.8333333333333334,False
gsm8k,Modular Norm RandOpt,44,25,10,348,8,5-10,10,2,1,2,8,1,7,7,0.5,True
gsm8k,Modular Norm RandOpt,44,25,10,349,10,5-10,10,0,1,0,10,0,10,10,0.0,True
gsm8k,Modular Norm RandOpt,44,25,10,350,9,5-10,10,1,1,1,9,1,8,8,1.0,True
gsm8k,Modular Norm RandOpt,44,25,10,351,10,5-10,10,0,1,0,10,0,10,10,0.0,True
gsm8k,Modular Norm RandOpt,44,25,10,352,8,5-10,10,2,1,2,8,1,7,7,0.5,True
gsm8k,Modular Norm RandOpt,44,25,10,353,7,5-10,10,3,1,2,7,2,5,5,0.6666666666666666,True
gsm8k,Modular Norm RandOpt,44,25,10,354,0,0,10,10,0,3,0,7,-7,-7,0.7,False
gsm8k,Modular Norm RandOpt,44,25,10,355,10,5-10,10,0,1,0,10,0,10,10,0.0,True
gsm8k,Modular Norm RandOpt,44,25,10,356,6,5-10,10,4,1,3,6,2,4,4,0.5,True
gsm8k,Modular Norm RandOpt,44,25,10,357,0,0,10,10,0,5,0,6,-6,-6,0.6,False
gsm8k,Modular Norm RandOpt,44,25,10,358,7,5-10,10,3,1,3,7,1,6,6,0.3333333333333333,True
gsm8k,Modular Norm RandOpt,44,25,10,359,5,5-10,10,5,1,4,5,2,3,3,0.4,True
gsm8k,Modular Norm RandOpt,44,25,10,360,10,5-10,10,0,1,0,10,0,10,10,0.0,True
gsm8k,Modular Norm RandOpt,44,25,10,361,5,5-10,10,5,1,5,5,1,4,4,0.2,True
gsm8k,Modular Norm RandOpt,44,25,10,362,8,5-10,10,2,1,1,8,2,6,6,1.0,True
gsm8k,Modular Norm RandOpt,44,25,10,363,4,2-4,10,6,1,2,4,4,0,0,0.6666666666666666,False
gsm8k,Modular Norm RandOpt,44,25,10,364,9,5-10,10,1,1,1,9,1,8,8,1.0,True
gsm8k,Modular Norm RandOpt,44,25,10,365,8,5-10,10,2,1,1,8,2,6,6,1.0,True
gsm8k,Modular Norm RandOpt,44,25,10,366,10,5-10,10,0,1,0,10,0,10,10,0.0,True
gsm8k,Modular Norm RandOpt,44,25,10,367,5,5-10,10,5,1,5,5,1,4,4,0.2,True
gsm8k,Modular Norm RandOpt,44,25,10,368,0,0,10,10,0,2,0,7,-7,-7,0.7,False
gsm8k,Modular Norm RandOpt,44,25,10,369,4,2-4,10,6,1,6,4,1,3,3,0.16666666666666666,True
gsm8k,Modular Norm RandOpt,44,25,10,370,8,5-10,10,2,1,1,8,2,6,6,1.0,True
gsm8k,Modular Norm RandOpt,44,25,10,371,6,5-10,10,4,1,3,6,2,4,4,0.5,True
gsm8k,Modular Norm RandOpt,44,25,10,372,10,5-10,10,0,1,0,10,0,10,10,0.0,True
gsm8k,Modular Norm RandOpt,44,25,10,373,4,2-4,10,6,2,4,2,3,1,-1,0.5,False
gsm8k,Modular Norm RandOpt,44,25,10,374,5,5-10,10,5,1,2,5,4,1,1,0.8,True
gsm8k,Modular Norm RandOpt,44,25,10,375,4,2-4,10,6,1,1,4,6,-2,-2,1.0,False
gsm8k,Modular Norm RandOpt,44,25,10,376,10,5-10,10,0,1,0,10,0,10,10,0.0,True
gsm8k,Modular Norm RandOpt,44,25,10,377,8,5-10,10,2,1,2,8,1,7,7,0.5,True
gsm8k,Modular Norm RandOpt,44,25,10,378,10,5-10,10,0,1,0,10,0,10,10,0.0,True
gsm8k,Modular Norm RandOpt,44,25,10,379,6,5-10,10,4,1,1,6,4,2,2,1.0,True
gsm8k,Modular Norm RandOpt,44,25,10,380,0,0,10,10,0,6,0,3,-3,-3,0.3,False
gsm8k,Modular Norm RandOpt,44,25,10,381,10,5-10,10,0,1,0,10,0,10,10,0.0,True
gsm8k,Modular Norm RandOpt,44,25,10,382,9,5-10,10,1,1,1,9,1,8,8,1.0,True
gsm8k,Modular Norm RandOpt,44,25,10,383,3,2-4,10,7,1,2,3,4,-1,-1,0.5714285714285714,False
gsm8k,Modular Norm RandOpt,44,25,10,384,10,5-10,10,0,1,0,10,0,10,10,0.0,True
gsm8k,Modular Norm RandOpt,44,25,10,385,5,5-10,10,5,1,2,5,4,1,1,0.8,True
gsm8k,Modular Norm RandOpt,44,25,10,386,6,5-10,10,4,1,1,6,4,2,2,1.0,True
gsm8k,Modular Norm RandOpt,44,25,10,387,7,5-10,10,3,1,1,7,3,4,4,1.0,True
gsm8k,Modular Norm RandOpt,44,25,10,388,10,5-10,10,0,1,0,10,0,10,10,0.0,True
gsm8k,Modular Norm RandOpt,44,25,10,389,2,2-4,10,8,1,7,2,2,0,0,0.25,True
gsm8k,Modular Norm RandOpt,44,25,10,390,10,5-10,10,0,1,0,10,0,10,10,0.0,True
gsm8k,Modular Norm RandOpt,44,25,10,391,9,5-10,10,1,1,1,9,1,8,8,1.0,True
gsm8k,Modular Norm RandOpt,44,25,10,392,5,5-10,10,5,1,3,5,3,2,2,0.6,True
gsm8k,Modular Norm RandOpt,44,25,10,393,10,5-10,10,0,1,0,10,0,10,10,0.0,True
gsm8k,Modular Norm RandOpt,44,25,10,394,2,2-4,10,8,1,5,2,3,-1,-1,0.375,False
gsm8k,Modular Norm RandOpt,44,25,10,395,0,0,10,10,0,3,0,8,-8,-8,0.8,False
gsm8k,Modular Norm RandOpt,44,25,10,396,9,5-10,10,1,1,1,9,1,8,8,1.0,True
gsm8k,Modular Norm RandOpt,44,25,10,397,5,5-10,10,5,1,2,5,3,2,2,0.6,True
gsm8k,Modular Norm RandOpt,44,25,10,398,10,5-10,10,0,1,0,10,0,10,10,0.0,True
gsm8k,Modular Norm RandOpt,44,25,10,399,10,5-10,10,0,1,0,10,0,10,10,0.0,True
gsm8k,Modular Norm RandOpt,44,25,10,400,10,5-10,10,0,1,0,10,0,10,10,0.0,True
gsm8k,Modular Norm RandOpt,44,25,10,401,10,5-10,10,0,2,0,7,0,10,7,0.0,True
gsm8k,Modular Norm RandOpt,44,25,10,402,10,5-10,10,0,1,0,10,0,10,10,0.0,True
gsm8k,Modular Norm RandOpt,44,25,10,403,0,0,10,10,0,1,0,10,-10,-10,1.0,False
gsm8k,Modular Norm RandOpt,44,25,10,404,4,2-4,10,6,1,4,4,2,2,2,0.3333333333333333,True
gsm8k,Modular Norm RandOpt,44,25,10,405,0,0,10,10,0,2,0,6,-6,-6,0.6,False
gsm8k,Modular Norm RandOpt,44,25,10,406,3,2-4,10,7,1,3,3,5,-2,-2,0.7142857142857143,False
gsm8k,Modular Norm RandOpt,44,25,10,407,6,5-10,10,4,2,3,3,2,4,1,0.5,True
gsm8k,Modular Norm RandOpt,44,25,10,408,8,5-10,10,2,1,1,8,2,6,6,1.0,True
gsm8k,Modular Norm RandOpt,44,25,10,409,1,1,10,9,1,9,1,1,0,0,0.1111111111111111,True
gsm8k,Modular Norm RandOpt,44,25,10,410,2,2-4,10,8,1,4,2,3,-1,-1,0.375,False
gsm8k,Modular Norm RandOpt,44,25,10,411,8,5-10,10,2,1,2,8,1,7,7,0.5,True
gsm8k,Modular Norm RandOpt,44,25,10,412,6,5-10,10,4,1,2,6,3,3,3,0.75,True
gsm8k,Modular Norm RandOpt,44,25,10,413,1,1,10,9,1,7,1,3,-2,-2,0.3333333333333333,False
gsm8k,Modular Norm RandOpt,44,25,10,414,10,5-10,10,0,1,0,10,0,10,10,0.0,True
gsm8k,Modular Norm RandOpt,44,25,10,415,8,5-10,10,2,1,2,8,1,7,7,0.5,True
gsm8k,Modular Norm RandOpt,44,25,10,416,6,5-10,10,4,1,4,6,1,5,5,0.25,True
gsm8k,Modular Norm RandOpt,44,25,10,417,4,2-4,10,6,1,2,4,5,-1,-1,0.8333333333333334,False
gsm8k,Modular Norm RandOpt,44,25,10,418,10,5-10,10,0,1,0,10,0,10,10,0.0,True
gsm8k,Modular Norm RandOpt,44,25,10,419,1,1,10,9,1,4,1,4,-3,-3,0.4444444444444444,False
gsm8k,Modular Norm RandOpt,44,25,10,420,9,5-10,10,1,1,1,9,1,8,8,1.0,True
gsm8k,Modular Norm RandOpt,44,25,10,421,4,2-4,10,6,1,1,4,6,-2,-2,1.0,False
gsm8k,Modular Norm RandOpt,44,25,10,422,0,0,10,10,0,8,0,2,-2,-2,0.2,False
gsm8k,Modular Norm RandOpt,44,25,10,423,0,0,10,10,0,5,0,4,-4,-4,0.4,False
gsm8k,Modular Norm RandOpt,44,25,10,424,10,5-10,10,0,1,0,10,0,10,10,0.0,True
gsm8k,Modular Norm RandOpt,44,25,10,425,7,5-10,10,3,1,2,7,2,5,5,0.6666666666666666,True
gsm8k,Modular Norm RandOpt,44,25,10,426,10,5-10,10,0,1,0,10,0,10,10,0.0,True
gsm8k,Modular Norm RandOpt,44,25,10,427,1,1,10,9,1,6,1,3,-2,-2,0.3333333333333333,False
gsm8k,Modular Norm RandOpt,44,25,10,428,0,0,10,10,0,6,0,3,-3,-3,0.3,False
gsm8k,Modular Norm RandOpt,44,25,10,429,9,5-10,10,1,1,1,9,1,8,8,1.0,True
gsm8k,Modular Norm RandOpt,44,25,10,430,0,0,10,10,0,2,0,6,-6,-6,0.6,False
gsm8k,Modular Norm RandOpt,44,25,10,431,2,2-4,10,8,1,1,2,8,-6,-6,1.0,False
gsm8k,Modular Norm RandOpt,44,25,10,432,10,5-10,10,0,1,0,10,0,10,10,0.0,True
gsm8k,Modular Norm RandOpt,44,25,10,433,10,5-10,10,0,1,0,10,0,10,10,0.0,True
gsm8k,Modular Norm RandOpt,44,25,10,434,4,2-4,10,6,1,3,4,4,0,0,0.6666666666666666,True
gsm8k,Modular Norm RandOpt,44,25,10,435,8,5-10,10,2,1,1,8,2,6,6,1.0,True
gsm8k,Modular Norm RandOpt,44,25,10,436,7,5-10,10,3,1,3,7,1,6,6,0.3333333333333333,True
gsm8k,Modular Norm RandOpt,44,25,10,437,7,5-10,10,3,1,3,7,1,6,6,0.3333333333333333,True
gsm8k,Modular Norm RandOpt,44,25,10,438,8,5-10,10,2,1,1,8,2,6,6,1.0,True
gsm8k,Modular Norm RandOpt,44,25,10,439,2,2-4,10,8,1,3,2,5,-3,-3,0.625,False
gsm8k,Modular Norm RandOpt,44,25,10,440,10,5-10,10,0,1,0,10,0,10,10,0.0,True
gsm8k,Modular Norm RandOpt,44,25,10,441,10,5-10,10,0,1,0,10,0,10,10,0.0,True
gsm8k,Modular Norm RandOpt,44,25,10,442,6,5-10,10,4,1,1,6,4,2,2,1.0,True
gsm8k,Modular Norm RandOpt,44,25,10,443,1,1,10,9,1,7,1,2,-1,-1,0.2222222222222222,False
gsm8k,Modular Norm RandOpt,44,25,10,444,10,5-10,10,0,1,0,10,0,10,10,0.0,True
gsm8k,Modular Norm RandOpt,44,25,10,445,7,5-10,10,3,1,2,7,2,5,5,0.6666666666666666,True
gsm8k,Modular Norm RandOpt,44,25,10,446,10,5-10,10,0,1,0,10,0,10,10,0.0,True
gsm8k,Modular Norm RandOpt,44,25,10,447,10,5-10,10,0,1,0,10,0,10,10,0.0,True
gsm8k,Modular Norm RandOpt,44,25,10,448,7,5-10,10,3,1,1,7,3,4,4,1.0,True
gsm8k,Modular Norm RandOpt,44,25,10,449,10,5-10,10,0,1,0,10,0,10,10,0.0,True
gsm8k,Modular Norm RandOpt,44,25,10,450,0,0,10,10,0,8,0,2,-2,-2,0.2,False
gsm8k,Modular Norm RandOpt,44,25,10,451,5,5-10,10,5,1,3,5,2,3,3,0.4,True
gsm8k,Modular Norm RandOpt,44,25,10,452,10,5-10,10,0,1,0,10,0,10,10,0.0,True
gsm8k,Modular Norm RandOpt,44,25,10,453,3,2-4,10,7,1,4,3,4,-1,-1,0.5714285714285714,False
gsm8k,Modular Norm RandOpt,44,25,10,454,0,0,10,10,0,2,0,8,-8,-8,0.8,False
gsm8k,Modular Norm RandOpt,44,25,10,455,10,5-10,10,0,2,0,9,0,10,9,0.0,True
gsm8k,Modular Norm RandOpt,44,25,10,456,10,5-10,10,0,1,0,10,0,10,10,0.0,True
gsm8k,Modular Norm RandOpt,44,25,10,457,9,5-10,10,1,1,1,9,1,8,8,1.0,True
gsm8k,Modular Norm RandOpt,44,25,10,458,10,5-10,10,0,1,0,10,0,10,10,0.0,True
gsm8k,Modular Norm RandOpt,44,25,10,459,10,5-10,10,0,1,0,10,0,10,10,0.0,True
gsm8k,Modular Norm RandOpt,44,25,10,460,10,5-10,10,0,1,0,10,0,10,10,0.0,True
gsm8k,Modular Norm RandOpt,44,25,10,461,10,5-10,10,0,1,0,10,0,10,10,0.0,True
gsm8k,Modular Norm RandOpt,44,25,10,462,6,5-10,10,4,1,1,6,4,2,2,1.0,True
gsm8k,Modular Norm RandOpt,44,25,10,463,7,5-10,10,3,1,1,7,3,4,4,1.0,True
gsm8k,Modular Norm RandOpt,44,25,10,464,2,2-4,10,8,1,3,2,5,-3,-3,0.625,False
gsm8k,Modular Norm RandOpt,44,25,10,465,10,5-10,10,0,1,0,10,0,10,10,0.0,True
gsm8k,Modular Norm RandOpt,44,25,10,466,2,2-4,10,8,1,3,2,5,-3,-3,0.625,False
gsm8k,Modular Norm RandOpt,44,25,10,467,10,5-10,10,0,1,0,10,0,10,10,0.0,True
gsm8k,Modular Norm RandOpt,44,25,10,468,8,5-10,10,2,1,2,8,1,7,7,0.5,True
gsm8k,Modular Norm RandOpt,44,25,10,469,10,5-10,10,0,1,0,10,0,10,10,0.0,True
gsm8k,Modular Norm RandOpt,44,25,10,470,10,5-10,10,0,1,0,10,0,10,10,0.0,True
gsm8k,Modular Norm RandOpt,44,25,10,471,2,2-4,10,8,1,1,2,8,-6,-6,1.0,False
gsm8k,Modular Norm RandOpt,44,25,10,472,7,5-10,10,3,1,1,7,3,4,4,1.0,True
gsm8k,Modular Norm RandOpt,44,25,10,473,7,5-10,10,3,1,1,7,3,4,4,1.0,True
gsm8k,Modular Norm RandOpt,44,25,10,474,9,5-10,10,1,1,1,9,1,8,8,1.0,True
gsm8k,Modular Norm RandOpt,44,25,10,475,6,5-10,10,4,1,4,6,1,5,5,0.25,True
gsm8k,Modular Norm RandOpt,44,25,10,476,10,5-10,10,0,1,0,10,0,10,10,0.0,True
gsm8k,Modular Norm RandOpt,44,25,10,477,10,5-10,10,0,1,0,10,0,10,10,0.0,True
gsm8k,Modular Norm RandOpt,44,25,10,478,7,5-10,10,3,1,2,7,2,5,5,0.6666666666666666,True
gsm8k,Modular Norm RandOpt,44,25,10,479,6,5-10,10,4,2,3,5,2,4,3,0.5,True
gsm8k,Modular Norm RandOpt,44,25,10,480,10,5-10,10,0,1,0,10,0,10,10,0.0,True
gsm8k,Modular Norm RandOpt,44,25,10,481,10,5-10,10,0,1,0,10,0,10,10,0.0,True
gsm8k,Modular Norm RandOpt,44,25,10,482,10,5-10,10,0,1,0,10,0,10,10,0.0,True
gsm8k,Modular Norm RandOpt,44,25,10,483,3,2-4,10,7,1,3,3,5,-2,-2,0.7142857142857143,False
gsm8k,Modular Norm RandOpt,44,25,10,484,10,5-10,10,0,1,0,10,0,10,10,0.0,True
gsm8k,Modular Norm RandOpt,44,25,10,485,4,2-4,10,6,1,1,4,6,-2,-2,1.0,False
gsm8k,Modular Norm RandOpt,44,25,10,486,9,5-10,10,1,1,1,9,1,8,8,1.0,True
gsm8k,Modular Norm RandOpt,44,25,10,487,9,5-10,10,1,1,1,9,1,8,8,1.0,True
gsm8k,Modular Norm RandOpt,44,25,10,488,10,5-10,10,0,1,0,10,0,10,10,0.0,True
gsm8k,Modular Norm RandOpt,44,25,10,489,8,5-10,10,2,1,1,8,2,6,6,1.0,True
gsm8k,Modular Norm RandOpt,44,25,10,490,10,5-10,10,0,1,0,10,0,10,10,0.0,True
gsm8k,Modular Norm RandOpt,44,25,10,491,10,5-10,10,0,1,0,10,0,10,10,0.0,True
gsm8k,Modular Norm RandOpt,44,25,10,492,10,5-10,10,0,1,0,10,0,10,10,0.0,True
gsm8k,Modular Norm RandOpt,44,25,10,493,3,2-4,10,7,1,5,3,2,1,1,0.2857142857142857,True
gsm8k,Modular Norm RandOpt,44,25,10,494,0,0,10,10,0,5,0,4,-4,-4,0.4,False
gsm8k,Modular Norm RandOpt,44,25,10,495,9,5-10,10,1,1,1,9,1,8,8,1.0,True
gsm8k,Modular Norm RandOpt,44,25,10,496,9,5-10,10,1,1,1,9,1,8,8,1.0,True
gsm8k,Modular Norm RandOpt,44,25,10,497,0,0,10,10,0,2,0,9,-9,-9,0.9,False
gsm8k,Modular Norm RandOpt,44,25,10,498,10,5-10,10,0,1,0,10,0,10,10,0.0,True
gsm8k,Modular Norm RandOpt,44,25,10,499,0,0,10,10,0,5,0,4,-4,-4,0.4,False
gsm8k,Modular Norm RandOpt,44,25,10,500,8,5-10,10,2,1,2,8,1,7,7,0.5,True
gsm8k,Modular Norm RandOpt,44,25,10,501,10,5-10,10,0,1,0,10,0,10,10,0.0,True
gsm8k,Modular Norm RandOpt,44,25,10,502,7,5-10,10,3,1,1,7,3,4,4,1.0,True
gsm8k,Modular Norm RandOpt,44,25,10,503,9,5-10,10,1,1,1,9,1,8,8,1.0,True
gsm8k,Modular Norm RandOpt,44,25,10,504,0,0,10,10,0,6,0,3,-3,-3,0.3,False
gsm8k,Modular Norm RandOpt,44,25,10,505,2,2-4,10,8,1,6,2,2,0,0,0.25,True
gsm8k,Modular Norm RandOpt,44,25,10,506,4,2-4,10,6,1,2,4,5,-1,-1,0.8333333333333334,False
gsm8k,Modular Norm RandOpt,44,25,10,507,4,2-4,10,6,1,3,4,3,1,1,0.5,True
gsm8k,Modular Norm RandOpt,44,25,10,508,5,5-10,10,5,1,3,5,3,2,2,0.6,True
gsm8k,Modular Norm RandOpt,44,25,10,509,9,5-10,10,1,1,1,9,1,8,8,1.0,True
gsm8k,Modular Norm RandOpt,44,25,10,510,0,0,10,10,0,5,0,6,-6,-6,0.6,False
gsm8k,Modular Norm RandOpt,44,25,10,511,8,5-10,10,2,1,1,8,2,6,6,1.0,True
gsm8k,Modular Norm RandOpt,44,25,10,512,10,5-10,10,0,1,0,10,0,10,10,0.0,True
gsm8k,Modular Norm RandOpt,44,25,10,513,8,5-10,10,2,1,1,8,2,6,6,1.0,True
gsm8k,Modular Norm RandOpt,44,25,10,514,6,5-10,10,4,1,1,6,4,2,2,1.0,True
gsm8k,Modular Norm RandOpt,44,25,10,515,0,0,10,10,0,3,0,5,-5,-5,0.5,False
gsm8k,Modular Norm RandOpt,44,25,10,516,10,5-10,10,0,1,0,10,0,10,10,0.0,True
gsm8k,Modular Norm RandOpt,44,25,10,517,10,5-10,10,0,1,0,10,0,10,10,0.0,True
gsm8k,Modular Norm RandOpt,44,25,10,518,10,5-10,10,0,1,0,10,0,10,10,0.0,True
gsm8k,Modular Norm RandOpt,44,25,10,519,10,5-10,10,0,1,0,10,0,10,10,0.0,True
gsm8k,Modular Norm RandOpt,44,25,10,520,9,5-10,10,1,1,1,9,1,8,8,1.0,True
gsm8k,Modular Norm RandOpt,44,25,10,521,9,5-10,10,1,1,1,9,1,8,8,1.0,True
gsm8k,Modular Norm RandOpt,44,25,10,522,10,5-10,10,0,1,0,10,0,10,10,0.0,True
gsm8k,Modular Norm RandOpt,44,25,10,523,0,0,10,10,0,2,0,8,-8,-8,0.8,False
gsm8k,Modular Norm RandOpt,44,25,10,524,10,5-10,10,0,1,0,10,0,10,10,0.0,True
gsm8k,Modular Norm RandOpt,44,25,10,525,0,0,10,10,0,4,0,7,-7,-7,0.7,False
gsm8k,Modular Norm RandOpt,44,25,10,526,1,1,10,9,1,4,1,6,-5,-5,0.6666666666666666,False
gsm8k,Modular Norm RandOpt,44,25,10,527,5,5-10,10,5,1,2,5,4,1,1,0.8,True
gsm8k,Modular Norm RandOpt,44,25,10,528,0,0,10,10,0,4,0,3,-3,-3,0.3,False
gsm8k,Modular Norm RandOpt,44,25,10,529,2,2-4,10,8,1,3,2,3,-1,-1,0.375,False
gsm8k,Modular Norm RandOpt,44,25,10,530,0,0,10,10,0,4,0,5,-5,-5,0.5,False
gsm8k,Modular Norm RandOpt,44,25,10,531,4,2-4,10,6,1,3,4,3,1,1,0.5,True
gsm8k,Modular Norm RandOpt,44,25,10,532,7,5-10,10,3,1,2,7,2,5,5,0.6666666666666666,True
gsm8k,Modular Norm RandOpt,44,25,10,533,8,5-10,10,2,1,1,8,2,6,6,1.0,True
gsm8k,Modular Norm RandOpt,44,25,10,534,1,1,10,9,1,5,1,5,-4,-4,0.5555555555555556,False
gsm8k,Modular Norm RandOpt,44,25,10,535,9,5-10,10,1,1,1,9,1,8,8,1.0,True
gsm8k,Modular Norm RandOpt,44,25,10,536,6,5-10,10,4,1,1,6,4,2,2,1.0,True
gsm8k,Modular Norm RandOpt,44,25,10,537,10,5-10,10,0,1,0,10,0,10,10,0.0,True
gsm8k,Modular Norm RandOpt,44,25,10,538,6,5-10,10,4,1,1,6,4,2,2,1.0,True
gsm8k,Modular Norm RandOpt,44,25,10,539,0,0,10,10,0,6,0,3,-3,-3,0.3,False
gsm8k,Modular Norm RandOpt,44,25,10,540,5,5-10,10,5,1,2,5,4,1,1,0.8,True
gsm8k,Modular Norm RandOpt,44,25,10,541,6,5-10,10,4,1,3,6,2,4,4,0.5,True
gsm8k,Modular Norm RandOpt,44,25,10,542,0,0,10,10,0,2,0,9,-9,-9,0.9,False
gsm8k,Modular Norm RandOpt,44,25,10,543,10,5-10,10,0,1,0,10,0,10,10,0.0,True
gsm8k,Modular Norm RandOpt,44,25,10,544,9,5-10,10,1,1,1,9,1,8,8,1.0,True
gsm8k,Modular Norm RandOpt,44,25,10,545,9,5-10,10,1,1,1,9,1,8,8,1.0,True
gsm8k,Modular Norm RandOpt,44,25,10,546,0,0,10,10,0,2,0,9,-9,-9,0.9,False
gsm8k,Modular Norm RandOpt,44,25,10,547,5,5-10,10,5,1,1,5,5,0,0,1.0,False
gsm8k,Modular Norm RandOpt,44,25,10,548,3,2-4,10,7,1,1,3,7,-4,-4,1.0,False
gsm8k,Modular Norm RandOpt,44,25,10,549,8,5-10,10,2,1,2,8,1,7,7,0.5,True
gsm8k,Modular Norm RandOpt,44,25,10,550,0,0,10,10,0,5,0,5,-5,-5,0.5,False
gsm8k,Modular Norm RandOpt,44,25,10,551,2,2-4,10,8,1,1,2,8,-6,-6,1.0,False
gsm8k,Modular Norm RandOpt,44,25,10,552,6,5-10,10,4,1,1,6,4,2,2,1.0,True
gsm8k,Modular Norm RandOpt,44,25,10,553,9,5-10,10,1,1,1,9,1,8,8,1.0,True
gsm8k,Modular Norm RandOpt,44,25,10,554,1,1,10,9,1,1,1,9,-8,-8,1.0,False
gsm8k,Modular Norm RandOpt,44,25,10,555,2,2-4,10,8,1,1,2,8,-6,-6,1.0,False
gsm8k,Modular Norm RandOpt,44,25,10,556,7,5-10,10,3,1,1,7,3,4,4,1.0,True
gsm8k,Modular Norm RandOpt,44,25,10,557,10,5-10,10,0,1,0,10,0,10,10,0.0,True
gsm8k,Modular Norm RandOpt,44,25,10,558,10,5-10,10,0,1,0,10,0,10,10,0.0,True
gsm8k,Modular Norm RandOpt,44,25,10,559,0,0,10,10,0,6,0,4,-4,-4,0.4,False
gsm8k,Modular Norm RandOpt,44,25,10,560,7,5-10,10,3,1,1,7,3,4,4,1.0,True
gsm8k,Modular Norm RandOpt,44,25,10,561,10,5-10,10,0,1,0,10,0,10,10,0.0,True
gsm8k,Modular Norm RandOpt,44,25,10,562,9,5-10,10,1,1,1,9,1,8,8,1.0,True
gsm8k,Modular Norm RandOpt,44,25,10,563,8,5-10,10,2,1,2,8,1,7,7,0.5,True
gsm8k,Modular Norm RandOpt,44,25,10,564,7,5-10,10,3,1,3,7,1,6,6,0.3333333333333333,True
gsm8k,Modular Norm RandOpt,44,25,10,565,10,5-10,10,0,1,0,10,0,10,10,0.0,True
gsm8k,Modular Norm RandOpt,44,25,10,566,6,5-10,10,4,1,2,6,3,3,3,0.75,True
gsm8k,Modular Norm RandOpt,44,25,10,567,0,0,10,10,0,4,0,6,-6,-6,0.6,False
gsm8k,Modular Norm RandOpt,44,25,10,568,8,5-10,10,2,1,2,8,1,7,7,0.5,True
gsm8k,Modular Norm RandOpt,44,25,10,569,10,5-10,10,0,1,0,10,0,10,10,0.0,True
gsm8k,Modular Norm RandOpt,44,25,10,570,0,0,10,10,0,5,0,3,-3,-3,0.3,False
gsm8k,Modular Norm RandOpt,44,25,10,571,8,5-10,10,2,1,1,8,2,6,6,1.0,True
gsm8k,Modular Norm RandOpt,44,25,10,572,3,2-4,10,7,1,6,3,2,1,1,0.2857142857142857,True
gsm8k,Modular Norm RandOpt,44,25,10,573,10,5-10,10,0,1,0,10,0,10,10,0.0,True
gsm8k,Modular Norm RandOpt,44,25,10,574,1,1,10,9,1,5,1,3,-2,-2,0.3333333333333333,False
gsm8k,Modular Norm RandOpt,44,25,10,575,4,2-4,10,6,1,1,4,6,-2,-2,1.0,False
gsm8k,Modular Norm RandOpt,44,25,10,576,2,2-4,10,8,1,5,2,4,-2,-2,0.5,False
gsm8k,Modular Norm RandOpt,44,25,10,577,0,0,10,10,0,5,0,4,-4,-4,0.4,False
gsm8k,Modular Norm RandOpt,44,25,10,578,10,5-10,10,0,1,0,10,0,10,10,0.0,True
gsm8k,Modular Norm RandOpt,44,25,10,579,5,5-10,10,5,1,1,5,5,0,0,1.0,False
gsm8k,Modular Norm RandOpt,44,25,10,580,2,2-4,10,8,1,5,2,3,-1,-1,0.375,False
gsm8k,Modular Norm RandOpt,44,25,10,581,7,5-10,10,3,1,2,7,2,5,5,0.6666666666666666,True
gsm8k,Modular Norm RandOpt,44,25,10,582,6,5-10,10,4,2,1,3,4,2,-1,1.0,False
gsm8k,Modular Norm RandOpt,44,25,10,583,8,5-10,10,2,1,2,8,1,7,7,0.5,True
gsm8k,Modular Norm RandOpt,44,25,10,584,0,0,10,10,0,7,0,2,-2,-2,0.2,False
gsm8k,Modular Norm RandOpt,44,25,10,585,7,5-10,10,3,1,1,7,3,4,4,1.0,True
gsm8k,Modular Norm RandOpt,44,25,10,586,10,5-10,10,0,1,0,10,0,10,10,0.0,True
gsm8k,Modular Norm RandOpt,44,25,10,587,6,5-10,10,4,1,2,6,3,3,3,0.75,True
gsm8k,Modular Norm RandOpt,44,25,10,588,10,5-10,10,0,1,0,10,0,10,10,0.0,True
gsm8k,Modular Norm RandOpt,44,25,10,589,0,0,10,10,0,1,0,10,-10,-10,1.0,False
gsm8k,Modular Norm RandOpt,44,25,10,590,0,0,10,10,0,3,0,4,-4,-4,0.4,False
gsm8k,Modular Norm RandOpt,44,25,10,591,10,5-10,10,0,1,0,10,0,10,10,0.0,True
gsm8k,Modular Norm RandOpt,44,25,10,592,10,5-10,10,0,1,0,10,0,10,10,0.0,True
gsm8k,Modular Norm RandOpt,44,25,10,593,10,5-10,10,0,1,0,10,0,10,10,0.0,True
gsm8k,Modular Norm RandOpt,44,25,10,594,8,5-10,10,2,1,2,8,1,7,7,0.5,True
gsm8k,Modular Norm RandOpt,44,25,10,595,0,0,10,10,0,1,0,10,-10,-10,1.0,False
gsm8k,Modular Norm RandOpt,44,25,10,596,10,5-10,10,0,1,0,10,0,10,10,0.0,True
gsm8k,Modular Norm RandOpt,44,25,10,597,10,5-10,10,0,1,0,10,0,10,10,0.0,True
gsm8k,Modular Norm RandOpt,44,25,10,598,5,5-10,10,5,1,1,5,5,0,0,1.0,True
gsm8k,Modular Norm RandOpt,44,25,10,599,9,5-10,10,1,1,1,9,1,8,8,1.0,True
gsm8k,Modular Norm RandOpt,44,25,10,600,10,5-10,10,0,1,0,10,0,10,10,0.0,True
gsm8k,Modular Norm RandOpt,44,25,10,601,1,1,10,9,1,9,1,1,0,0,0.1111111111111111,False
gsm8k,Modular Norm RandOpt,44,25,10,602,7,5-10,10,3,1,3,7,1,6,6,0.3333333333333333,True
gsm8k,Modular Norm RandOpt,44,25,10,603,1,1,10,9,1,2,1,8,-7,-7,0.8888888888888888,False
gsm8k,Modular Norm RandOpt,44,25,10,604,10,5-10,10,0,1,0,10,0,10,10,0.0,True
gsm8k,Modular Norm RandOpt,44,25,10,605,9,5-10,10,1,1,1,9,1,8,8,1.0,True
gsm8k,Modular Norm RandOpt,44,25,10,606,5,5-10,10,5,1,4,5,2,3,3,0.4,True
gsm8k,Modular Norm RandOpt,44,25,10,607,0,0,10,10,0,6,0,4,-4,-4,0.4,False
gsm8k,Modular Norm RandOpt,44,25,10,608,10,5-10,10,0,1,0,10,0,10,10,0.0,True
gsm8k,Modular Norm RandOpt,44,25,10,609,6,5-10,10,4,1,2,6,2,4,4,0.5,True
gsm8k,Modular Norm RandOpt,44,25,10,610,2,2-4,10,8,1,6,2,3,-1,-1,0.375,False
gsm8k,Modular Norm RandOpt,44,25,10,611,0,0,10,10,0,9,0,2,-2,-2,0.2,False
gsm8k,Modular Norm RandOpt,44,25,10,612,10,5-10,10,0,1,0,10,0,10,10,0.0,True
gsm8k,Modular Norm RandOpt,44,25,10,613,10,5-10,10,0,2,0,7,0,10,7,0.0,True
gsm8k,Modular Norm RandOpt,44,25,10,614,8,5-10,10,2,1,1,8,2,6,6,1.0,True
gsm8k,Modular Norm RandOpt,44,25,10,615,0,0,10,10,0,2,0,9,-9,-9,0.9,False
gsm8k,Modular Norm RandOpt,44,25,10,616,10,5-10,10,0,1,0,10,0,10,10,0.0,True
gsm8k,Modular Norm RandOpt,44,25,10,617,10,5-10,10,0,1,0,10,0,10,10,0.0,True
gsm8k,Modular Norm RandOpt,44,25,10,618,8,5-10,10,2,1,2,8,1,7,7,0.5,True
gsm8k,Modular Norm RandOpt,44,25,10,619,9,5-10,10,1,1,1,9,1,8,8,1.0,True
gsm8k,Modular Norm RandOpt,44,25,10,620,5,5-10,10,5,1,5,5,1,4,4,0.2,True
gsm8k,Modular Norm RandOpt,44,25,10,621,4,2-4,10,6,1,3,4,4,0,0,0.6666666666666666,False
gsm8k,Modular Norm RandOpt,44,25,10,622,10,5-10,10,0,1,0,10,0,10,10,0.0,True
gsm8k,Modular Norm RandOpt,44,25,10,623,9,5-10,10,1,1,1,9,1,8,8,1.0,True
gsm8k,Modular Norm RandOpt,44,25,10,624,10,5-10,10,0,1,0,10,0,10,10,0.0,True
gsm8k,Modular Norm RandOpt,44,25,10,625,9,5-10,10,1,1,1,9,1,8,8,1.0,True
gsm8k,Modular Norm RandOpt,44,25,10,626,10,5-10,10,0,1,0,10,0,10,10,0.0,True
gsm8k,Modular Norm RandOpt,44,25,10,627,10,5-10,10,0,1,0,10,0,10,10,0.0,True
gsm8k,Modular Norm RandOpt,44,25,10,628,7,5-10,10,3,1,2,7,2,5,5,0.6666666666666666,True
gsm8k,Modular Norm RandOpt,44,25,10,629,3,2-4,10,7,1,3,3,5,-2,-2,0.7142857142857143,False
gsm8k,Modular Norm RandOpt,44,25,10,630,9,5-10,10,1,1,1,9,1,8,8,1.0,True
gsm8k,Modular Norm RandOpt,44,25,10,631,8,5-10,10,2,1,1,8,2,6,6,1.0,True
gsm8k,Modular Norm RandOpt,44,25,10,632,9,5-10,10,1,1,1,9,1,8,8,1.0,True
gsm8k,Modular Norm RandOpt,44,25,10,633,10,5-10,10,0,1,0,10,0,10,10,0.0,True
gsm8k,Modular Norm RandOpt,44,25,10,634,10,5-10,10,0,1,0,10,0,10,10,0.0,True
gsm8k,Modular Norm RandOpt,44,25,10,635,1,1,10,9,1,4,1,6,-5,-5,0.6666666666666666,False
gsm8k,Modular Norm RandOpt,44,25,10,636,9,5-10,10,1,1,1,9,1,8,8,1.0,True
gsm8k,Modular Norm RandOpt,44,25,10,637,8,5-10,10,2,1,1,8,2,6,6,1.0,True
gsm8k,Modular Norm RandOpt,44,25,10,638,0,0,10,10,0,2,0,9,-9,-9,0.9,False
gsm8k,Modular Norm RandOpt,44,25,10,639,0,0,10,10,0,2,0,7,-7,-7,0.7,False
gsm8k,Modular Norm RandOpt,44,25,10,640,7,5-10,10,3,2,3,5,1,6,4,0.3333333333333333,True
gsm8k,Modular Norm RandOpt,44,25,10,641,1,1,10,9,1,4,1,3,-2,-2,0.3333333333333333,False
gsm8k,Modular Norm RandOpt,44,25,10,642,4,2-4,10,6,1,1,4,6,-2,-2,1.0,False
gsm8k,Modular Norm RandOpt,44,25,10,643,10,5-10,10,0,1,0,10,0,10,10,0.0,True
gsm8k,Modular Norm RandOpt,44,25,10,644,6,5-10,10,4,1,1,6,4,2,2,1.0,True
gsm8k,Modular Norm RandOpt,44,25,10,645,10,5-10,10,0,1,0,10,0,10,10,0.0,True
gsm8k,Modular Norm RandOpt,44,25,10,646,10,5-10,10,0,1,0,10,0,10,10,0.0,True
gsm8k,Modular Norm RandOpt,44,25,10,647,9,5-10,10,1,1,1,9,1,8,8,1.0,True
gsm8k,Modular Norm RandOpt,44,25,10,648,5,5-10,10,5,1,5,5,1,4,4,0.2,True
gsm8k,Modular Norm RandOpt,44,25,10,649,2,2-4,10,8,1,2,2,7,-5,-5,0.875,False
gsm8k,Modular Norm RandOpt,44,25,10,650,7,5-10,10,3,1,3,7,1,6,6,0.3333333333333333,True
gsm8k,Modular Norm RandOpt,44,25,10,651,3,2-4,10,7,1,6,3,2,1,1,0.2857142857142857,True
gsm8k,Modular Norm RandOpt,44,25,10,652,1,1,10,9,1,4,1,5,-4,-4,0.5555555555555556,False
gsm8k,Modular Norm RandOpt,44,25,10,653,8,5-10,10,2,1,1,8,2,6,6,1.0,True
gsm8k,Modular Norm RandOpt,44,25,10,654,10,5-10,10,0,1,0,10,0,10,10,0.0,True
gsm8k,Modular Norm RandOpt,44,25,10,655,9,5-10,10,1,1,1,9,1,8,8,1.0,True
gsm8k,Modular Norm RandOpt,44,25,10,656,8,5-10,10,2,1,1,8,2,6,6,1.0,True
gsm8k,Modular Norm RandOpt,44,25,10,657,9,5-10,10,1,2,1,8,1,8,7,1.0,True
gsm8k,Modular Norm RandOpt,44,25,10,658,10,5-10,10,0,1,0,10,0,10,10,0.0,True
gsm8k,Modular Norm RandOpt,44,25,10,659,9,5-10,10,1,1,1,9,1,8,8,1.0,True
gsm8k,Modular Norm RandOpt,44,25,10,660,10,5-10,10,0,1,0,10,0,10,10,0.0,True
gsm8k,Modular Norm RandOpt,44,25,10,661,9,5-10,10,1,1,1,9,1,8,8,1.0,True
gsm8k,Modular Norm RandOpt,44,25,10,662,0,0,10,10,0,2,0,9,-9,-9,0.9,False
gsm8k,Modular Norm RandOpt,44,25,10,663,9,5-10,10,1,1,1,9,1,8,8,1.0,True
gsm8k,Modular Norm RandOpt,44,25,10,664,9,5-10,10,1,1,1,9,1,8,8,1.0,True
gsm8k,Modular Norm RandOpt,44,25,10,665,10,5-10,10,0,1,0,10,0,10,10,0.0,True
gsm8k,Modular Norm RandOpt,44,25,10,666,6,5-10,10,4,1,1,6,4,2,2,1.0,True
gsm8k,Modular Norm RandOpt,44,25,10,667,1,1,10,9,1,3,1,7,-6,-6,0.7777777777777778,False
gsm8k,Modular Norm RandOpt,44,25,10,668,7,5-10,10,3,1,1,7,3,4,4,1.0,True
gsm8k,Modular Norm RandOpt,44,25,10,669,8,5-10,10,2,1,1,8,2,6,6,1.0,True
gsm8k,Modular Norm RandOpt,44,25,10,670,10,5-10,10,0,1,0,10,0,10,10,0.0,True
gsm8k,Modular Norm RandOpt,44,25,10,671,4,2-4,10,6,1,1,4,6,-2,-2,1.0,False
gsm8k,Modular Norm RandOpt,44,25,10,672,0,0,10,10,0,7,0,2,-2,-2,0.2,False
gsm8k,Modular Norm RandOpt,44,25,10,673,10,5-10,10,0,1,0,10,0,10,10,0.0,True
gsm8k,Modular Norm RandOpt,44,25,10,674,2,2-4,10,8,1,1,2,8,-6,-6,1.0,False
gsm8k,Modular Norm RandOpt,44,25,10,675,1,1,10,9,1,9,1,1,0,0,0.1111111111111111,False
gsm8k,Modular Norm RandOpt,44,25,10,676,3,2-4,10,7,1,1,3,7,-4,-4,1.0,False
gsm8k,Modular Norm RandOpt,44,25,10,677,1,1,10,9,1,2,1,8,-7,-7,0.8888888888888888,False
gsm8k,Modular Norm RandOpt,44,25,10,678,7,5-10,10,3,1,1,7,3,4,4,1.0,True
gsm8k,Modular Norm RandOpt,44,25,10,679,10,5-10,10,0,1,0,10,0,10,10,0.0,True
gsm8k,Modular Norm RandOpt,44,25,10,680,8,5-10,10,2,1,1,8,2,6,6,1.0,True
gsm8k,Modular Norm RandOpt,44,25,10,681,5,5-10,10,5,1,3,5,2,3,3,0.4,True
gsm8k,Modular Norm RandOpt,44,25,10,682,8,5-10,10,2,1,2,8,1,7,7,0.5,True
gsm8k,Modular Norm RandOpt,44,25,10,683,8,5-10,10,2,1,1,8,2,6,6,1.0,True
gsm8k,Modular Norm RandOpt,44,25,10,684,7,5-10,10,3,1,3,7,1,6,6,0.3333333333333333,True
gsm8k,Modular Norm RandOpt,44,25,10,685,10,5-10,10,0,1,0,10,0,10,10,0.0,True
gsm8k,Modular Norm RandOpt,44,25,10,686,10,5-10,10,0,1,0,10,0,10,10,0.0,True
gsm8k,Modular Norm RandOpt,44,25,10,687,0,0,10,10,0,3,0,8,-8,-8,0.8,False
gsm8k,Modular Norm RandOpt,44,25,10,688,8,5-10,10,2,1,2,8,1,7,7,0.5,True
gsm8k,Modular Norm RandOpt,44,25,10,689,0,0,10,10,0,4,0,5,-5,-5,0.5,False
gsm8k,Modular Norm RandOpt,44,25,10,690,8,5-10,10,2,1,1,8,2,6,6,1.0,True
gsm8k,Modular Norm RandOpt,44,25,10,691,2,2-4,10,8,1,4,2,3,-1,-1,0.375,False
gsm8k,Modular Norm RandOpt,44,25,10,692,1,1,10,9,1,4,1,6,-5,-5,0.6666666666666666,False
gsm8k,Modular Norm RandOpt,44,25,10,693,8,5-10,10,2,1,1,8,2,6,6,1.0,True
gsm8k,Modular Norm RandOpt,44,25,10,694,8,5-10,10,2,1,1,8,2,6,6,1.0,True
gsm8k,Modular Norm RandOpt,44,25,10,695,5,5-10,10,5,1,2,5,3,2,2,0.6,True
gsm8k,Modular Norm RandOpt,44,25,10,696,9,5-10,10,1,1,1,9,1,8,8,1.0,True
gsm8k,Modular Norm RandOpt,44,25,10,697,8,5-10,10,2,1,2,8,1,7,7,0.5,True
gsm8k,Modular Norm RandOpt,44,25,10,698,5,5-10,10,5,1,3,5,2,3,3,0.4,True
gsm8k,Modular Norm RandOpt,44,25,10,699,10,5-10,10,0,1,0,10,0,10,10,0.0,True
gsm8k,Modular Norm RandOpt,44,25,10,700,9,5-10,10,1,1,1,9,1,8,8,1.0,True
gsm8k,Modular Norm RandOpt,44,25,10,701,8,5-10,10,2,1,2,8,1,7,7,0.5,True
gsm8k,Modular Norm RandOpt,44,25,10,702,8,5-10,10,2,1,2,8,1,7,7,0.5,True
gsm8k,Modular Norm RandOpt,44,25,10,703,10,5-10,10,0,1,0,10,0,10,10,0.0,True
gsm8k,Modular Norm RandOpt,44,25,10,704,5,5-10,10,5,1,2,5,3,2,2,0.6,True
gsm8k,Modular Norm RandOpt,44,25,10,705,7,5-10,10,3,1,1,7,3,4,4,1.0,True
gsm8k,Modular Norm RandOpt,44,25,10,706,6,5-10,10,4,1,2,6,2,4,4,0.5,True
gsm8k,Modular Norm RandOpt,44,25,10,707,5,5-10,10,5,1,3,5,3,2,2,0.6,True
gsm8k,Modular Norm RandOpt,44,25,10,708,3,2-4,10,7,1,2,3,4,-1,-1,0.5714285714285714,False
gsm8k,Modular Norm RandOpt,44,25,10,709,10,5-10,10,0,1,0,10,0,10,10,0.0,True
gsm8k,Modular Norm RandOpt,44,25,10,710,0,0,10,10,0,2,0,6,-6,-6,0.6,False
gsm8k,Modular Norm RandOpt,44,25,10,711,0,0,10,10,0,2,0,9,-9,-9,0.9,False
gsm8k,Modular Norm RandOpt,44,25,10,712,9,5-10,10,1,1,1,9,1,8,8,1.0,True
gsm8k,Modular Norm RandOpt,44,25,10,713,0,0,10,10,0,1,0,10,-10,-10,1.0,False
gsm8k,Modular Norm RandOpt,44,25,10,714,7,5-10,10,3,1,2,7,2,5,5,0.6666666666666666,True
gsm8k,Modular Norm RandOpt,44,25,10,715,5,5-10,10,5,2,3,4,3,2,1,0.6,True
gsm8k,Modular Norm RandOpt,44,25,10,716,10,5-10,10,0,1,0,10,0,10,10,0.0,True
gsm8k,Modular Norm RandOpt,44,25,10,717,1,1,10,9,1,2,1,8,-7,-7,0.8888888888888888,False
gsm8k,Modular Norm RandOpt,44,25,10,718,10,5-10,10,0,1,0,10,0,10,10,0.0,True
gsm8k,Modular Norm RandOpt,44,25,10,719,9,5-10,10,1,1,1,9,1,8,8,1.0,True
gsm8k,Modular Norm RandOpt,44,25,10,720,10,5-10,10,0,1,0,10,0,10,10,0.0,True
gsm8k,Modular Norm RandOpt,44,25,10,721,1,1,10,9,1,4,1,4,-3,-3,0.4444444444444444,False
gsm8k,Modular Norm RandOpt,44,25,10,722,1,1,10,9,1,7,1,2,-1,-1,0.2222222222222222,False
gsm8k,Modular Norm RandOpt,44,25,10,723,9,5-10,10,1,1,1,9,1,8,8,1.0,True
gsm8k,Modular Norm RandOpt,44,25,10,724,3,2-4,10,7,1,6,3,2,1,1,0.2857142857142857,True
gsm8k,Modular Norm RandOpt,44,25,10,725,10,5-10,10,0,1,0,10,0,10,10,0.0,True
gsm8k,Modular Norm RandOpt,44,25,10,726,10,5-10,10,0,1,0,10,0,10,10,0.0,True
gsm8k,Modular Norm RandOpt,44,25,10,727,10,5-10,10,0,1,0,10,0,10,10,0.0,True
gsm8k,Modular Norm RandOpt,44,25,10,728,8,5-10,10,2,1,2,8,1,7,7,0.5,True
gsm8k,Modular Norm RandOpt,44,25,10,729,7,5-10,10,3,1,1,7,3,4,4,1.0,True
gsm8k,Modular Norm RandOpt,44,25,10,730,7,5-10,10,3,1,1,7,3,4,4,1.0,True
gsm8k,Modular Norm RandOpt,44,25,10,731,1,1,10,9,1,1,1,9,-8,-8,1.0,False
gsm8k,Modular Norm RandOpt,44,25,10,732,10,5-10,10,0,1,0,10,0,10,10,0.0,True
gsm8k,Modular Norm RandOpt,44,25,10,733,1,1,10,9,1,4,1,4,-3,-3,0.4444444444444444,False
gsm8k,Modular Norm RandOpt,44,25,10,734,10,5-10,10,0,1,0,10,0,10,10,0.0,True
gsm8k,Modular Norm RandOpt,44,25,10,735,10,5-10,10,0,1,0,10,0,10,10,0.0,True
gsm8k,Modular Norm RandOpt,44,25,10,736,10,5-10,10,0,1,0,10,0,10,10,0.0,True
gsm8k,Modular Norm RandOpt,44,25,10,737,10,5-10,10,0,1,0,10,0,10,10,0.0,True
gsm8k,Modular Norm RandOpt,44,25,10,738,10,5-10,10,0,1,0,10,0,10,10,0.0,True
gsm8k,Modular Norm RandOpt,44,25,10,739,3,2-4,10,7,1,1,3,7,-4,-4,1.0,False
gsm8k,Modular Norm RandOpt,44,25,10,740,8,5-10,10,2,1,2,8,1,7,7,0.5,True
gsm8k,Modular Norm RandOpt,44,25,10,741,7,5-10,10,3,1,1,7,3,4,4,1.0,True
gsm8k,Modular Norm RandOpt,44,25,10,742,8,5-10,10,2,1,2,8,1,7,7,0.5,True
gsm8k,Modular Norm RandOpt,44,25,10,743,5,5-10,10,5,1,1,5,5,0,0,1.0,True
gsm8k,Modular Norm RandOpt,44,25,10,744,9,5-10,10,1,1,1,9,1,8,8,1.0,True
gsm8k,Modular Norm RandOpt,44,25,10,745,8,5-10,10,2,1,1,8,2,6,6,1.0,True
gsm8k,Modular Norm RandOpt,44,25,10,746,10,5-10,10,0,1,0,10,0,10,10,0.0,True
gsm8k,Modular Norm RandOpt,44,25,10,747,5,5-10,10,5,1,1,5,5,0,0,1.0,True
gsm8k,Modular Norm RandOpt,44,25,10,748,8,5-10,10,2,1,1,8,2,6,6,1.0,True
gsm8k,Modular Norm RandOpt,44,25,10,749,2,2-4,10,8,1,3,2,4,-2,-2,0.5,False
gsm8k,Modular Norm RandOpt,44,25,10,750,5,5-10,10,5,1,2,5,4,1,1,0.8,True
gsm8k,Modular Norm RandOpt,44,25,10,751,9,5-10,10,1,1,1,9,1,8,8,1.0,True
gsm8k,Modular Norm RandOpt,44,25,10,752,0,0,10,10,0,1,0,10,-10,-10,1.0,False
gsm8k,Modular Norm RandOpt,44,25,10,753,7,5-10,10,3,1,2,7,2,5,5,0.6666666666666666,True
gsm8k,Modular Norm RandOpt,44,25,10,754,0,0,10,10,0,8,0,2,-2,-2,0.2,False
gsm8k,Modular Norm RandOpt,44,25,10,755,10,5-10,10,0,1,0,10,0,10,10,0.0,True
gsm8k,Modular Norm RandOpt,44,25,10,756,9,5-10,10,1,1,1,9,1,8,8,1.0,True
gsm8k,Modular Norm RandOpt,44,25,10,757,7,5-10,10,3,1,1,7,3,4,4,1.0,True
gsm8k,Modular Norm RandOpt,44,25,10,758,9,5-10,10,1,1,1,9,1,8,8,1.0,True
gsm8k,Modular Norm RandOpt,44,25,10,759,10,5-10,10,0,2,0,6,0,10,6,0.0,True
gsm8k,Modular Norm RandOpt,44,25,10,760,6,5-10,10,4,1,2,6,3,3,3,0.75,True
gsm8k,Modular Norm RandOpt,44,25,10,761,7,5-10,10,3,1,3,7,1,6,6,0.3333333333333333,True
gsm8k,Modular Norm RandOpt,44,25,10,762,9,5-10,10,1,1,1,9,1,8,8,1.0,True
gsm8k,Modular Norm RandOpt,44,25,10,763,8,5-10,10,2,1,2,8,1,7,7,0.5,True
gsm8k,Modular Norm RandOpt,44,25,10,764,9,5-10,10,1,1,1,9,1,8,8,1.0,True
gsm8k,Modular Norm RandOpt,44,25,10,765,10,5-10,10,0,1,0,10,0,10,10,0.0,True
gsm8k,Modular Norm RandOpt,44,25,10,766,8,5-10,10,2,1,1,8,2,6,6,1.0,True
gsm8k,Modular Norm RandOpt,44,25,10,767,1,1,10,9,1,2,1,8,-7,-7,0.8888888888888888,False
gsm8k,Modular Norm RandOpt,44,25,10,768,1,1,10,9,1,3,1,6,-5,-5,0.6666666666666666,False
gsm8k,Modular Norm RandOpt,44,25,10,769,1,1,10,9,1,6,1,4,-3,-3,0.4444444444444444,False
gsm8k,Modular Norm RandOpt,44,25,10,770,4,2-4,10,6,1,3,4,3,1,1,0.5,True
gsm8k,Modular Norm RandOpt,44,25,10,771,2,2-4,10,8,1,4,2,4,-2,-2,0.5,False
gsm8k,Modular Norm RandOpt,44,25,10,772,8,5-10,10,2,1,2,8,1,7,7,0.5,True
gsm8k,Modular Norm RandOpt,44,25,10,773,10,5-10,10,0,1,0,10,0,10,10,0.0,True
gsm8k,Modular Norm RandOpt,44,25,10,774,8,5-10,10,2,1,2,8,1,7,7,0.5,True
gsm8k,Modular Norm RandOpt,44,25,10,775,10,5-10,10,0,1,0,10,0,10,10,0.0,True
gsm8k,Modular Norm RandOpt,44,25,10,776,7,5-10,10,3,1,1,7,3,4,4,1.0,True
gsm8k,Modular Norm RandOpt,44,25,10,777,1,1,10,9,1,9,1,1,0,0,0.1111111111111111,False
gsm8k,Modular Norm RandOpt,44,25,10,778,7,5-10,10,3,1,1,7,3,4,4,1.0,True
gsm8k,Modular Norm RandOpt,44,25,10,779,0,0,10,10,0,1,0,10,-10,-10,1.0,False
gsm8k,Modular Norm RandOpt,44,25,10,780,0,0,10,10,0,10,0,1,-1,-1,0.1,False
gsm8k,Modular Norm RandOpt,44,25,10,781,0,0,10,10,0,2,0,7,-7,-7,0.7,False
gsm8k,Modular Norm RandOpt,44,25,10,782,0,0,10,10,0,4,0,7,-7,-7,0.7,False
gsm8k,Modular Norm RandOpt,44,25,10,783,2,2-4,10,8,1,4,2,5,-3,-3,0.625,False
gsm8k,Modular Norm RandOpt,44,25,10,784,10,5-10,10,0,1,0,10,0,10,10,0.0,True
gsm8k,Modular Norm RandOpt,44,25,10,785,8,5-10,10,2,1,2,8,1,7,7,0.5,True
gsm8k,Modular Norm RandOpt,44,25,10,786,8,5-10,10,2,1,1,8,2,6,6,1.0,True
gsm8k,Modular Norm RandOpt,44,25,10,787,10,5-10,10,0,1,0,10,0,10,10,0.0,True
gsm8k,Modular Norm RandOpt,44,25,10,788,4,2-4,10,6,1,5,4,2,2,2,0.3333333333333333,True
gsm8k,Modular Norm RandOpt,44,25,10,789,7,5-10,10,3,1,1,7,3,4,4,1.0,True
gsm8k,Modular Norm RandOpt,44,25,10,790,0,0,10,10,0,2,0,9,-9,-9,0.9,False
gsm8k,Modular Norm RandOpt,44,25,10,791,5,5-10,10,5,1,2,5,3,2,2,0.6,True
gsm8k,Modular Norm RandOpt,44,25,10,792,8,5-10,10,2,1,2,8,1,7,7,0.5,True
gsm8k,Modular Norm RandOpt,44,25,10,793,10,5-10,10,0,1,0,10,0,10,10,0.0,True
gsm8k,Modular Norm RandOpt,44,25,10,794,8,5-10,10,2,1,1,8,2,6,6,1.0,True
gsm8k,Modular Norm RandOpt,44,25,10,795,7,5-10,10,3,1,2,7,2,5,5,0.6666666666666666,True
gsm8k,Modular Norm RandOpt,44,25,10,796,0,0,10,10,0,5,0,5,-5,-5,0.5,False
gsm8k,Modular Norm RandOpt,44,25,10,797,5,5-10,10,5,1,1,5,5,0,0,1.0,False
gsm8k,Modular Norm RandOpt,44,25,10,798,7,5-10,10,3,1,1,7,3,4,4,1.0,True
gsm8k,Modular Norm RandOpt,44,25,10,799,3,2-4,10,7,1,2,3,6,-3,-3,0.8571428571428571,False
gsm8k,Modular Norm RandOpt,44,25,10,800,9,5-10,10,1,1,1,9,1,8,8,1.0,True
gsm8k,Modular Norm RandOpt,44,25,10,801,10,5-10,10,0,1,0,10,0,10,10,0.0,True
gsm8k,Modular Norm RandOpt,44,25,10,802,6,5-10,10,4,1,2,6,2,4,4,0.5,True
gsm8k,Modular Norm RandOpt,44,25,10,803,10,5-10,10,0,1,0,10,0,10,10,0.0,True
gsm8k,Modular Norm RandOpt,44,25,10,804,9,5-10,10,1,1,1,9,1,8,8,1.0,True
gsm8k,Modular Norm RandOpt,44,25,10,805,4,2-4,10,6,1,1,4,6,-2,-2,1.0,False
gsm8k,Modular Norm RandOpt,44,25,10,806,0,0,10,10,0,6,0,5,-5,-5,0.5,False
gsm8k,Modular Norm RandOpt,44,25,10,807,5,5-10,10,5,1,2,5,3,2,2,0.6,True
gsm8k,Modular Norm RandOpt,44,25,10,808,7,5-10,10,3,1,1,7,3,4,4,1.0,True
gsm8k,Modular Norm RandOpt,44,25,10,809,5,5-10,10,5,1,2,5,4,1,1,0.8,True
gsm8k,Modular Norm RandOpt,44,25,10,810,6,5-10,10,4,1,3,6,2,4,4,0.5,True
gsm8k,Modular Norm RandOpt,44,25,10,811,10,5-10,10,0,1,0,10,0,10,10,0.0,True
gsm8k,Modular Norm RandOpt,44,25,10,812,0,0,10,10,0,6,0,3,-3,-3,0.3,False
gsm8k,Modular Norm RandOpt,44,25,10,813,2,2-4,10,8,1,3,2,6,-4,-4,0.75,False
gsm8k,Modular Norm RandOpt,44,25,10,814,0,0,10,10,0,10,0,1,-1,-1,0.1,False
gsm8k,Modular Norm RandOpt,44,25,10,815,4,2-4,10,6,1,4,4,2,2,2,0.3333333333333333,True
gsm8k,Modular Norm RandOpt,44,25,10,816,0,0,10,10,0,1,0,10,-10,-10,1.0,False
gsm8k,Modular Norm RandOpt,44,25,10,817,10,5-10,10,0,1,0,10,0,10,10,0.0,True
gsm8k,Modular Norm RandOpt,44,25,10,818,10,5-10,10,0,1,0,10,0,10,10,0.0,True
gsm8k,Modular Norm RandOpt,44,25,10,819,0,0,10,10,0,1,0,10,-10,-10,1.0,False
gsm8k,Modular Norm RandOpt,44,25,10,820,10,5-10,10,0,1,0,10,0,10,10,0.0,True
gsm8k,Modular Norm RandOpt,44,25,10,821,10,5-10,10,0,1,0,10,0,10,10,0.0,True
gsm8k,Modular Norm RandOpt,44,25,10,822,7,5-10,10,3,1,2,7,2,5,5,0.6666666666666666,True
gsm8k,Modular Norm RandOpt,44,25,10,823,0,0,10,10,0,2,0,8,-8,-8,0.8,False
gsm8k,Modular Norm RandOpt,44,25,10,824,7,5-10,10,3,1,1,7,3,4,4,1.0,True
gsm8k,Modular Norm RandOpt,44,25,10,825,9,5-10,10,1,1,1,9,1,8,8,1.0,True
gsm8k,Modular Norm RandOpt,44,25,10,826,10,5-10,10,0,1,0,10,0,10,10,0.0,True
gsm8k,Modular Norm RandOpt,44,25,10,827,2,2-4,10,8,1,4,2,3,-1,-1,0.375,False
gsm8k,Modular Norm RandOpt,44,25,10,828,7,5-10,10,3,1,1,7,3,4,4,1.0,True
gsm8k,Modular Norm RandOpt,44,25,10,829,10,5-10,10,0,2,0,7,0,10,7,0.0,True
gsm8k,Modular Norm RandOpt,44,25,10,830,6,5-10,10,4,2,3,5,2,4,3,0.5,True
gsm8k,Modular Norm RandOpt,44,25,10,831,0,0,10,10,0,8,0,2,-2,-2,0.2,False
gsm8k,Modular Norm RandOpt,44,25,10,832,3,2-4,10,7,1,2,3,5,-2,-2,0.7142857142857143,False
gsm8k,Modular Norm RandOpt,44,25,10,833,9,5-10,10,1,1,1,9,1,8,8,1.0,True
gsm8k,Modular Norm RandOpt,44,25,10,834,10,5-10,10,0,1,0,10,0,10,10,0.0,True
gsm8k,Modular Norm RandOpt,44,25,10,835,0,0,10,10,0,6,0,4,-4,-4,0.4,False
gsm8k,Modular Norm RandOpt,44,25,10,836,9,5-10,10,1,1,1,9,1,8,8,1.0,True
gsm8k,Modular Norm RandOpt,44,25,10,837,1,1,10,9,1,5,1,3,-2,-2,0.3333333333333333,False
gsm8k,Modular Norm RandOpt,44,25,10,838,8,5-10,10,2,1,1,8,2,6,6,1.0,True
gsm8k,Modular Norm RandOpt,44,25,10,839,2,2-4,10,8,1,2,2,7,-5,-5,0.875,False
gsm8k,Modular Norm RandOpt,44,25,10,840,2,2-4,10,8,1,1,2,8,-6,-6,1.0,False
gsm8k,Modular Norm RandOpt,44,25,10,841,0,0,10,10,0,2,0,9,-9,-9,0.9,False
gsm8k,Modular Norm RandOpt,44,25,10,842,9,5-10,10,1,1,1,9,1,8,8,1.0,True
gsm8k,Modular Norm RandOpt,44,25,10,843,7,5-10,10,3,1,2,7,2,5,5,0.6666666666666666,True
gsm8k,Modular Norm RandOpt,44,25,10,844,5,5-10,10,5,1,3,5,2,3,3,0.4,True
gsm8k,Modular Norm RandOpt,44,25,10,845,3,2-4,10,7,1,3,3,5,-2,-2,0.7142857142857143,False
gsm8k,Modular Norm RandOpt,44,25,10,846,0,0,10,10,0,2,0,9,-9,-9,0.9,False
gsm8k,Modular Norm RandOpt,44,25,10,847,3,2-4,10,7,1,3,3,4,-1,-1,0.5714285714285714,False
gsm8k,Modular Norm RandOpt,44,25,10,848,10,5-10,10,0,1,0,10,0,10,10,0.0,True
gsm8k,Modular Norm RandOpt,44,25,10,849,7,5-10,10,3,1,1,7,3,4,4,1.0,True
gsm8k,Modular Norm RandOpt,44,25,10,850,9,5-10,10,1,1,1,9,1,8,8,1.0,True
gsm8k,Modular Norm RandOpt,44,25,10,851,8,5-10,10,2,1,1,8,2,6,6,1.0,True
gsm8k,Modular Norm RandOpt,44,25,10,852,8,5-10,10,2,1,1,8,2,6,6,1.0,True
gsm8k,Modular Norm RandOpt,44,25,10,853,10,5-10,10,0,1,0,10,0,10,10,0.0,True
gsm8k,Modular Norm RandOpt,44,25,10,854,10,5-10,10,0,1,0,10,0,10,10,0.0,True
gsm8k,Modular Norm RandOpt,44,25,10,855,2,2-4,10,8,1,7,2,2,0,0,0.25,True
gsm8k,Modular Norm RandOpt,44,25,10,856,7,5-10,10,3,1,2,7,2,5,5,0.6666666666666666,True
gsm8k,Modular Norm RandOpt,44,25,10,857,8,5-10,10,2,1,2,8,1,7,7,0.5,True
gsm8k,Modular Norm RandOpt,44,25,10,858,10,5-10,10,0,1,0,10,0,10,10,0.0,True
gsm8k,Modular Norm RandOpt,44,25,10,859,3,2-4,10,7,1,1,3,7,-4,-4,1.0,False
gsm8k,Modular Norm RandOpt,44,25,10,860,8,5-10,10,2,1,1,8,2,6,6,1.0,True
gsm8k,Modular Norm RandOpt,44,25,10,861,0,0,10,10,0,4,0,5,-5,-5,0.5,False
gsm8k,Modular Norm RandOpt,44,25,10,862,9,5-10,10,1,1,1,9,1,8,8,1.0,True
gsm8k,Modular Norm RandOpt,44,25,10,863,9,5-10,10,1,1,1,9,1,8,8,1.0,True
gsm8k,Modular Norm RandOpt,44,25,10,864,3,2-4,10,7,1,6,3,2,1,1,0.2857142857142857,True
gsm8k,Modular Norm RandOpt,44,25,10,865,9,5-10,10,1,1,1,9,1,8,8,1.0,True
gsm8k,Modular Norm RandOpt,44,25,10,866,8,5-10,10,2,1,1,8,2,6,6,1.0,True
gsm8k,Modular Norm RandOpt,44,25,10,867,10,5-10,10,0,1,0,10,0,10,10,0.0,True
gsm8k,Modular Norm RandOpt,44,25,10,868,4,2-4,10,6,1,1,4,6,-2,-2,1.0,False
gsm8k,Modular Norm RandOpt,44,25,10,869,3,2-4,10,7,1,1,3,7,-4,-4,1.0,False
gsm8k,Modular Norm RandOpt,44,25,10,870,8,5-10,10,2,1,1,8,2,6,6,1.0,True
gsm8k,Modular Norm RandOpt,44,25,10,871,10,5-10,10,0,1,0,10,0,10,10,0.0,True
gsm8k,Modular Norm RandOpt,44,25,10,872,0,0,10,10,0,2,0,7,-7,-7,0.7,False
gsm8k,Modular Norm RandOpt,44,25,10,873,0,0,10,10,0,2,0,6,-6,-6,0.6,False
gsm8k,Modular Norm RandOpt,44,25,10,874,3,2-4,10,7,1,1,3,7,-4,-4,1.0,False
gsm8k,Modular Norm RandOpt,44,25,10,875,8,5-10,10,2,1,1,8,2,6,6,1.0,True
gsm8k,Modular Norm RandOpt,44,25,10,876,8,5-10,10,2,1,1,8,2,6,6,1.0,True
gsm8k,Modular Norm RandOpt,44,25,10,877,6,5-10,10,4,1,2,6,3,3,3,0.75,True
gsm8k,Modular Norm RandOpt,44,25,10,878,8,5-10,10,2,1,2,8,1,7,7,0.5,True
gsm8k,Modular Norm RandOpt,44,25,10,879,9,5-10,10,1,1,1,9,1,8,8,1.0,True
gsm8k,Modular Norm RandOpt,44,25,10,880,4,2-4,10,6,1,4,4,2,2,2,0.3333333333333333,True
gsm8k,Modular Norm RandOpt,44,25,10,881,9,5-10,10,1,1,1,9,1,8,8,1.0,True
gsm8k,Modular Norm RandOpt,44,25,10,882,3,2-4,10,7,1,3,3,4,-1,-1,0.5714285714285714,False
gsm8k,Modular Norm RandOpt,44,25,10,883,4,2-4,10,6,1,3,4,3,1,1,0.5,True
gsm8k,Modular Norm RandOpt,44,25,10,884,9,5-10,10,1,1,1,9,1,8,8,1.0,True
gsm8k,Modular Norm RandOpt,44,25,10,885,7,5-10,10,3,1,2,7,2,5,5,0.6666666666666666,True
gsm8k,Modular Norm RandOpt,44,25,10,886,9,5-10,10,1,1,1,9,1,8,8,1.0,True
gsm8k,Modular Norm RandOpt,44,25,10,887,9,5-10,10,1,1,1,9,1,8,8,1.0,True
gsm8k,Modular Norm RandOpt,44,25,10,888,9,5-10,10,1,1,1,9,1,8,8,1.0,True
gsm8k,Modular Norm RandOpt,44,25,10,889,10,5-10,10,0,1,0,10,0,10,10,0.0,True
gsm8k,Modular Norm RandOpt,44,25,10,890,10,5-10,10,0,1,0,10,0,10,10,0.0,True
gsm8k,Modular Norm RandOpt,44,25,10,891,10,5-10,10,0,1,0,10,0,10,10,0.0,True
gsm8k,Modular Norm RandOpt,44,25,10,892,8,5-10,10,2,1,1,8,2,6,6,1.0,True
gsm8k,Modular Norm RandOpt,44,25,10,893,9,5-10,10,1,1,1,9,1,8,8,1.0,True
gsm8k,Modular Norm RandOpt,44,25,10,894,0,0,10,10,0,6,0,3,-3,-3,0.3,False
gsm8k,Modular Norm RandOpt,44,25,10,895,10,5-10,10,0,1,0,10,0,10,10,0.0,True
gsm8k,Modular Norm RandOpt,44,25,10,896,6,5-10,10,4,1,3,6,2,4,4,0.5,True
gsm8k,Modular Norm RandOpt,44,25,10,897,8,5-10,10,2,1,1,8,2,6,6,1.0,True
gsm8k,Modular Norm RandOpt,44,25,10,898,10,5-10,10,0,1,0,10,0,10,10,0.0,True
gsm8k,Modular Norm RandOpt,44,25,10,899,9,5-10,10,1,1,1,9,1,8,8,1.0,True
gsm8k,Modular Norm RandOpt,44,25,10,900,7,5-10,10,3,1,3,7,1,6,6,0.3333333333333333,True
gsm8k,Modular Norm RandOpt,44,25,10,901,3,2-4,10,7,1,4,3,3,0,0,0.42857142857142855,False
gsm8k,Modular Norm RandOpt,44,25,10,902,0,0,10,10,0,1,0,10,-10,-10,1.0,False
gsm8k,Modular Norm RandOpt,44,25,10,903,7,5-10,10,3,1,1,7,3,4,4,1.0,True
gsm8k,Modular Norm RandOpt,44,25,10,904,9,5-10,10,1,1,1,9,1,8,8,1.0,True
gsm8k,Modular Norm RandOpt,44,25,10,905,7,5-10,10,3,1,3,7,1,6,6,0.3333333333333333,True
gsm8k,Modular Norm RandOpt,44,25,10,906,10,5-10,10,0,1,0,10,0,10,10,0.0,True
gsm8k,Modular Norm RandOpt,44,25,10,907,10,5-10,10,0,1,0,10,0,10,10,0.0,True
gsm8k,Modular Norm RandOpt,44,25,10,908,9,5-10,10,1,1,1,9,1,8,8,1.0,True
gsm8k,Modular Norm RandOpt,44,25,10,909,1,1,10,9,1,1,1,9,-8,-8,1.0,False
gsm8k,Modular Norm RandOpt,44,25,10,910,10,5-10,10,0,1,0,10,0,10,10,0.0,True
gsm8k,Modular Norm RandOpt,44,25,10,911,9,5-10,10,1,1,1,9,1,8,8,1.0,True
gsm8k,Modular Norm RandOpt,44,25,10,912,9,5-10,10,1,1,1,9,1,8,8,1.0,True
gsm8k,Modular Norm RandOpt,44,25,10,913,8,5-10,10,2,1,2,8,1,7,7,0.5,True
gsm8k,Modular Norm RandOpt,44,25,10,914,8,5-10,10,2,1,1,8,2,6,6,1.0,True
gsm8k,Modular Norm RandOpt,44,25,10,915,10,5-10,10,0,1,0,10,0,10,10,0.0,True
gsm8k,Modular Norm RandOpt,44,25,10,916,4,2-4,10,6,1,6,4,1,3,3,0.16666666666666666,True
gsm8k,Modular Norm RandOpt,44,25,10,917,7,5-10,10,3,1,1,7,3,4,4,1.0,True
gsm8k,Modular Norm RandOpt,44,25,10,918,9,5-10,10,1,1,1,9,1,8,8,1.0,True
gsm8k,Modular Norm RandOpt,44,25,10,919,10,5-10,10,0,1,0,10,0,10,10,0.0,True
gsm8k,Modular Norm RandOpt,44,25,10,920,0,0,10,10,0,1,0,10,-10,-10,1.0,False
gsm8k,Modular Norm RandOpt,44,25,10,921,10,5-10,10,0,1,0,10,0,10,10,0.0,True
gsm8k,Modular Norm RandOpt,44,25,10,922,7,5-10,10,3,1,2,7,2,5,5,0.6666666666666666,True
gsm8k,Modular Norm RandOpt,44,25,10,923,1,1,10,9,1,3,1,5,-4,-4,0.5555555555555556,False
gsm8k,Modular Norm RandOpt,44,25,10,924,7,5-10,10,3,1,3,7,1,6,6,0.3333333333333333,True
gsm8k,Modular Norm RandOpt,44,25,10,925,10,5-10,10,0,2,0,8,0,10,8,0.0,True
gsm8k,Modular Norm RandOpt,44,25,10,926,2,2-4,10,8,1,4,2,3,-1,-1,0.375,False
gsm8k,Modular Norm RandOpt,44,25,10,927,3,2-4,10,7,2,3,2,5,-2,-3,0.7142857142857143,False
gsm8k,Modular Norm RandOpt,44,25,10,928,8,5-10,10,2,1,1,8,2,6,6,1.0,True
gsm8k,Modular Norm RandOpt,44,25,10,929,10,5-10,10,0,1,0,10,0,10,10,0.0,True
gsm8k,Modular Norm RandOpt,44,25,10,930,9,5-10,10,1,1,1,9,1,8,8,1.0,True
gsm8k,Modular Norm RandOpt,44,25,10,931,7,5-10,10,3,1,3,7,1,6,6,0.3333333333333333,True
gsm8k,Modular Norm RandOpt,44,25,10,932,6,5-10,10,4,1,3,6,2,4,4,0.5,True
gsm8k,Modular Norm RandOpt,44,25,10,933,7,5-10,10,3,1,3,7,1,6,6,0.3333333333333333,True
gsm8k,Modular Norm RandOpt,44,25,10,934,4,2-4,10,6,1,5,4,2,2,2,0.3333333333333333,True
gsm8k,Modular Norm RandOpt,44,25,10,935,1,1,10,9,1,1,1,9,-8,-8,1.0,False
gsm8k,Modular Norm RandOpt,44,25,10,936,0,0,10,10,0,2,0,9,-9,-9,0.9,False
gsm8k,Modular Norm RandOpt,44,25,10,937,10,5-10,10,0,1,0,10,0,10,10,0.0,True
gsm8k,Modular Norm RandOpt,44,25,10,938,6,5-10,10,4,1,2,6,3,3,3,0.75,True
gsm8k,Modular Norm RandOpt,44,25,10,939,10,5-10,10,0,1,0,10,0,10,10,0.0,True
gsm8k,Modular Norm RandOpt,44,25,10,940,8,5-10,10,2,1,2,8,1,7,7,0.5,True
gsm8k,Modular Norm RandOpt,44,25,10,941,8,5-10,10,2,1,2,8,1,7,7,0.5,True
gsm8k,Modular Norm RandOpt,44,25,10,942,0,0,10,10,0,2,0,8,-8,-8,0.8,False
gsm8k,Modular Norm RandOpt,44,25,10,943,0,0,10,10,0,5,0,6,-6,-6,0.6,False
gsm8k,Modular Norm RandOpt,44,25,10,944,9,5-10,10,1,1,1,9,1,8,8,1.0,True
gsm8k,Modular Norm RandOpt,44,25,10,945,9,5-10,10,1,1,1,9,1,8,8,1.0,True
gsm8k,Modular Norm RandOpt,44,25,10,946,10,5-10,10,0,1,0,10,0,10,10,0.0,True
gsm8k,Modular Norm RandOpt,44,25,10,947,7,5-10,10,3,1,1,7,3,4,4,1.0,True
gsm8k,Modular Norm RandOpt,44,25,10,948,4,2-4,10,6,1,4,4,2,2,2,0.3333333333333333,True
gsm8k,Modular Norm RandOpt,44,25,10,949,9,5-10,10,1,1,1,9,1,8,8,1.0,True
gsm8k,Modular Norm RandOpt,44,25,10,950,5,5-10,10,5,1,4,5,2,3,3,0.4,True
gsm8k,Modular Norm RandOpt,44,25,10,951,2,2-4,10,8,1,5,2,4,-2,-2,0.5,False
gsm8k,Modular Norm RandOpt,44,25,10,952,0,0,10,10,0,3,0,8,-8,-8,0.8,False
gsm8k,Modular Norm RandOpt,44,25,10,953,0,0,10,10,0,7,0,3,-3,-3,0.3,False
gsm8k,Modular Norm RandOpt,44,25,10,954,10,5-10,10,0,1,0,10,0,10,10,0.0,True
gsm8k,Modular Norm RandOpt,44,25,10,955,6,5-10,10,4,1,3,6,2,4,4,0.5,True
gsm8k,Modular Norm RandOpt,44,25,10,956,1,1,10,9,1,1,1,9,-8,-8,1.0,False
gsm8k,Modular Norm RandOpt,44,25,10,957,10,5-10,10,0,1,0,10,0,10,10,0.0,True
gsm8k,Modular Norm RandOpt,44,25,10,958,7,5-10,10,3,1,2,7,2,5,5,0.6666666666666666,True
gsm8k,Modular Norm RandOpt,44,25,10,959,7,5-10,10,3,1,2,7,2,5,5,0.6666666666666666,True
gsm8k,Modular Norm RandOpt,44,25,10,960,3,2-4,10,7,1,5,3,3,0,0,0.42857142857142855,False
gsm8k,Modular Norm RandOpt,44,25,10,961,2,2-4,10,8,1,5,2,3,-1,-1,0.375,False
gsm8k,Modular Norm RandOpt,44,25,10,962,7,5-10,10,3,1,1,7,3,4,4,1.0,True
gsm8k,Modular Norm RandOpt,44,25,10,963,6,5-10,10,4,1,4,6,1,5,5,0.25,True
gsm8k,Modular Norm RandOpt,44,25,10,964,7,5-10,10,3,1,3,7,1,6,6,0.3333333333333333,True
gsm8k,Modular Norm RandOpt,44,25,10,965,2,2-4,10,8,1,1,2,8,-6,-6,1.0,False
gsm8k,Modular Norm RandOpt,44,25,10,966,4,2-4,10,6,1,6,4,1,3,3,0.16666666666666666,True
gsm8k,Modular Norm RandOpt,44,25,10,967,9,5-10,10,1,1,1,9,1,8,8,1.0,True
gsm8k,Modular Norm RandOpt,44,25,10,968,9,5-10,10,1,1,1,9,1,8,8,1.0,True
gsm8k,Modular Norm RandOpt,44,25,10,969,2,2-4,10,8,1,5,2,3,-1,-1,0.375,False
gsm8k,Modular Norm RandOpt,44,25,10,970,7,5-10,10,3,1,1,7,3,4,4,1.0,True
gsm8k,Modular Norm RandOpt,44,25,10,971,5,5-10,10,5,1,1,5,5,0,0,1.0,False
gsm8k,Modular Norm RandOpt,44,25,10,972,0,0,10,10,0,3,0,6,-6,-6,0.6,False
gsm8k,Modular Norm RandOpt,44,25,10,973,4,2-4,10,6,1,4,4,3,1,1,0.5,True
gsm8k,Modular Norm RandOpt,44,25,10,974,3,2-4,10,7,1,1,3,7,-4,-4,1.0,False
gsm8k,Modular Norm RandOpt,44,25,10,975,9,5-10,10,1,1,1,9,1,8,8,1.0,True
gsm8k,Modular Norm RandOpt,44,25,10,976,4,2-4,10,6,1,2,4,5,-1,-1,0.8333333333333334,False
gsm8k,Modular Norm RandOpt,44,25,10,977,10,5-10,10,0,1,0,10,0,10,10,0.0,True
gsm8k,Modular Norm RandOpt,44,25,10,978,7,5-10,10,3,1,1,7,3,4,4,1.0,True
gsm8k,Modular Norm RandOpt,44,25,10,979,0,0,10,10,0,7,0,4,-4,-4,0.4,False
gsm8k,Modular Norm RandOpt,44,25,10,980,5,5-10,10,5,1,1,5,5,0,0,1.0,True
gsm8k,Modular Norm RandOpt,44,25,10,981,10,5-10,10,0,1,0,10,0,10,10,0.0,True
gsm8k,Modular Norm RandOpt,44,25,10,982,7,5-10,10,3,1,2,7,2,5,5,0.6666666666666666,True
gsm8k,Modular Norm RandOpt,44,25,10,983,1,1,10,9,1,1,1,9,-8,-8,1.0,False
gsm8k,Modular Norm RandOpt,44,25,10,984,0,0,10,10,0,10,0,1,-1,-1,0.1,False
gsm8k,Modular Norm RandOpt,44,25,10,985,8,5-10,10,2,1,1,8,2,6,6,1.0,True
gsm8k,Modular Norm RandOpt,44,25,10,986,8,5-10,10,2,1,2,8,1,7,7,0.5,True
gsm8k,Modular Norm RandOpt,44,25,10,987,10,5-10,10,0,1,0,10,0,10,10,0.0,True
gsm8k,Modular Norm RandOpt,44,25,10,988,9,5-10,10,1,1,1,9,1,8,8,1.0,True
gsm8k,Modular Norm RandOpt,44,25,10,989,3,2-4,10,7,1,2,3,6,-3,-3,0.8571428571428571,False
gsm8k,Modular Norm RandOpt,44,25,10,990,8,5-10,10,2,1,1,8,2,6,6,1.0,True
gsm8k,Modular Norm RandOpt,44,25,10,991,6,5-10,10,4,1,2,6,3,3,3,0.75,True
gsm8k,Modular Norm RandOpt,44,25,10,992,2,2-4,10,8,1,5,2,4,-2,-2,0.5,False
gsm8k,Modular Norm RandOpt,44,25,10,993,3,2-4,10,7,1,6,3,2,1,1,0.2857142857142857,True
gsm8k,Modular Norm RandOpt,44,25,10,994,10,5-10,10,0,1,0,10,0,10,10,0.0,True
gsm8k,Modular Norm RandOpt,44,25,10,995,6,5-10,10,4,1,4,6,1,5,5,0.25,True
gsm8k,Modular Norm RandOpt,44,25,10,996,7,5-10,10,3,1,2,7,2,5,5,0.6666666666666666,True
gsm8k,Modular Norm RandOpt,44,25,10,997,0,0,10,10,0,6,0,3,-3,-3,0.3,False
gsm8k,Modular Norm RandOpt,44,25,10,998,7,5-10,10,3,1,1,7,3,4,4,1.0,True
gsm8k,Modular Norm RandOpt,44,25,10,999,2,2-4,10,8,1,5,2,4,-2,-2,0.5,False
gsm8k,Modular Norm RandOpt,44,25,10,1000,6,5-10,10,4,1,2,6,3,3,3,0.75,True
gsm8k,Modular Norm RandOpt,44,25,10,1001,1,1,10,9,1,4,1,4,-3,-3,0.4444444444444444,False
gsm8k,Modular Norm RandOpt,44,25,10,1002,8,5-10,10,2,1,1,8,2,6,6,1.0,True
gsm8k,Modular Norm RandOpt,44,25,10,1003,2,2-4,10,8,1,6,2,2,0,0,0.25,True
gsm8k,Modular Norm RandOpt,44,25,10,1004,8,5-10,10,2,1,1,8,2,6,6,1.0,True
gsm8k,Modular Norm RandOpt,44,25,10,1005,10,5-10,10,0,1,0,10,0,10,10,0.0,True
gsm8k,Modular Norm RandOpt,44,25,10,1006,1,1,10,9,1,2,1,6,-5,-5,0.6666666666666666,False
gsm8k,Modular Norm RandOpt,44,25,10,1007,9,5-10,10,1,1,1,9,1,8,8,1.0,True
gsm8k,Modular Norm RandOpt,44,25,10,1008,10,5-10,10,0,1,0,10,0,10,10,0.0,True
gsm8k,Modular Norm RandOpt,44,25,10,1009,8,5-10,10,2,1,2,8,1,7,7,0.5,True
gsm8k,Modular Norm RandOpt,44,25,10,1010,8,5-10,10,2,1,1,8,2,6,6,1.0,True
gsm8k,Modular Norm RandOpt,44,25,10,1011,6,5-10,10,4,1,2,6,3,3,3,0.75,True
gsm8k,Modular Norm RandOpt,44,25,10,1012,0,0,10,10,0,9,0,2,-2,-2,0.2,False
gsm8k,Modular Norm RandOpt,44,25,10,1013,9,5-10,10,1,1,1,9,1,8,8,1.0,True
gsm8k,Modular Norm RandOpt,44,25,10,1014,8,5-10,10,2,1,1,8,2,6,6,1.0,True
gsm8k,Modular Norm RandOpt,44,25,10,1015,6,5-10,10,4,1,1,6,4,2,2,1.0,True
gsm8k,Modular Norm RandOpt,44,25,10,1016,0,0,10,10,0,3,0,8,-8,-8,0.8,False
gsm8k,Modular Norm RandOpt,44,25,10,1017,5,5-10,10,5,1,5,5,1,4,4,0.2,True
gsm8k,Modular Norm RandOpt,44,25,10,1018,10,5-10,10,0,1,0,10,0,10,10,0.0,True
gsm8k,Modular Norm RandOpt,44,25,10,1019,4,2-4,10,6,1,2,4,4,0,0,0.6666666666666666,False
gsm8k,Modular Norm RandOpt,44,25,10,1020,7,5-10,10,3,1,1,7,3,4,4,1.0,True
gsm8k,Modular Norm RandOpt,44,25,10,1021,5,5-10,10,5,1,2,5,4,1,1,0.8,True
gsm8k,Modular Norm RandOpt,44,25,10,1022,8,5-10,10,2,1,2,8,1,7,7,0.5,True
gsm8k,Modular Norm RandOpt,44,25,10,1023,9,5-10,10,1,1,1,9,1,8,8,1.0,True
gsm8k,Modular Norm RandOpt,44,25,10,1024,5,5-10,10,5,1,1,5,5,0,0,1.0,True
gsm8k,Modular Norm RandOpt,44,25,10,1025,9,5-10,10,1,1,1,9,1,8,8,1.0,True
gsm8k,Modular Norm RandOpt,44,25,10,1026,10,5-10,10,0,1,0,10,0,10,10,0.0,True
gsm8k,Modular Norm RandOpt,44,25,10,1027,9,5-10,10,1,1,1,9,1,8,8,1.0,True
gsm8k,Modular Norm RandOpt,44,25,10,1028,10,5-10,10,0,1,0,10,0,10,10,0.0,True
gsm8k,Modular Norm RandOpt,44,25,10,1029,1,1,10,9,1,4,1,5,-4,-4,0.5555555555555556,False
gsm8k,Modular Norm RandOpt,44,25,10,1030,0,0,10,10,0,10,0,1,-1,-1,0.1,False
gsm8k,Modular Norm RandOpt,44,25,10,1031,7,5-10,10,3,1,2,7,2,5,5,0.6666666666666666,True
gsm8k,Modular Norm RandOpt,44,25,10,1032,2,2-4,10,8,1,1,2,8,-6,-6,1.0,False
gsm8k,Modular Norm RandOpt,44,25,10,1033,6,5-10,10,4,1,4,6,1,5,5,0.25,True
gsm8k,Modular Norm RandOpt,44,25,10,1034,8,5-10,10,2,1,1,8,2,6,6,1.0,True
gsm8k,Modular Norm RandOpt,44,25,10,1035,0,0,10,10,0,1,0,10,-10,-10,1.0,False
gsm8k,Modular Norm RandOpt,44,25,10,1036,10,5-10,10,0,1,0,10,0,10,10,0.0,True
gsm8k,Modular Norm RandOpt,44,25,10,1037,8,5-10,10,2,1,1,8,2,6,6,1.0,True
gsm8k,Modular Norm RandOpt,44,25,10,1038,2,2-4,10,8,1,7,2,2,0,0,0.25,False
gsm8k,Modular Norm RandOpt,44,25,10,1039,10,5-10,10,0,1,0,10,0,10,10,0.0,True
gsm8k,Modular Norm RandOpt,44,25,10,1040,10,5-10,10,0,1,0,10,0,10,10,0.0,True
gsm8k,Modular Norm RandOpt,44,25,10,1041,8,5-10,10,2,1,1,8,2,6,6,1.0,True
gsm8k,Modular Norm RandOpt,44,25,10,1042,0,0,10,10,0,3,0,5,-5,-5,0.5,False
gsm8k,Modular Norm RandOpt,44,25,10,1043,9,5-10,10,1,2,1,7,1,8,6,1.0,True
gsm8k,Modular Norm RandOpt,44,25,10,1044,7,5-10,10,3,1,1,7,3,4,4,1.0,True
gsm8k,Modular Norm RandOpt,44,25,10,1045,8,5-10,10,2,1,1,8,2,6,6,1.0,True
gsm8k,Modular Norm RandOpt,44,25,10,1046,0,0,10,10,0,7,0,4,-4,-4,0.4,False
gsm8k,Modular Norm RandOpt,44,25,10,1047,10,5-10,10,0,1,0,10,0,10,10,0.0,True
gsm8k,Modular Norm RandOpt,44,25,10,1048,0,0,10,10,0,10,0,1,-1,-1,0.1,False
gsm8k,Modular Norm RandOpt,44,25,10,1049,10,5-10,10,0,1,0,10,0,10,10,0.0,True
gsm8k,Modular Norm RandOpt,44,25,10,1050,0,0,10,10,0,1,0,10,-10,-10,1.0,False
gsm8k,Modular Norm RandOpt,44,25,10,1051,7,5-10,10,3,1,1,7,3,4,4,1.0,True
gsm8k,Modular Norm RandOpt,44,25,10,1052,7,5-10,10,3,1,3,7,1,6,6,0.3333333333333333,True
gsm8k,Modular Norm RandOpt,44,25,10,1053,7,5-10,10,3,1,1,7,3,4,4,1.0,True
gsm8k,Modular Norm RandOpt,44,25,10,1054,5,5-10,10,5,1,2,5,4,1,1,0.8,True
gsm8k,Modular Norm RandOpt,44,25,10,1055,9,5-10,10,1,2,1,8,1,8,7,1.0,True
gsm8k,Modular Norm RandOpt,44,25,10,1056,4,2-4,10,6,1,5,4,2,2,2,0.3333333333333333,True
gsm8k,Modular Norm RandOpt,44,25,10,1057,10,5-10,10,0,1,0,10,0,10,10,0.0,True
gsm8k,Modular Norm RandOpt,44,25,10,1058,6,5-10,10,4,1,1,6,4,2,2,1.0,True
gsm8k,Modular Norm RandOpt,44,25,10,1059,10,5-10,10,0,1,0,10,0,10,10,0.0,True
gsm8k,Modular Norm RandOpt,44,25,10,1060,9,5-10,10,1,1,1,9,1,8,8,1.0,True
gsm8k,Modular Norm RandOpt,44,25,10,1061,10,5-10,10,0,1,0,10,0,10,10,0.0,True
gsm8k,Modular Norm RandOpt,44,25,10,1062,2,2-4,10,8,1,2,2,5,-3,-3,0.625,False
gsm8k,Modular Norm RandOpt,44,25,10,1063,10,5-10,10,0,1,0,10,0,10,10,0.0,True
gsm8k,Modular Norm RandOpt,44,25,10,1064,10,5-10,10,0,1,0,10,0,10,10,0.0,True
gsm8k,Modular Norm RandOpt,44,25,10,1065,9,5-10,10,1,1,1,9,1,8,8,1.0,True
gsm8k,Modular Norm RandOpt,44,25,10,1066,7,5-10,10,3,1,3,7,1,6,6,0.3333333333333333,True
gsm8k,Modular Norm RandOpt,44,25,10,1067,10,5-10,10,0,1,0,10,0,10,10,0.0,True
gsm8k,Modular Norm RandOpt,44,25,10,1068,3,2-4,10,7,1,2,3,5,-2,-2,0.7142857142857143,False
gsm8k,Modular Norm RandOpt,44,25,10,1069,2,2-4,10,8,1,3,2,6,-4,-4,0.75,False
gsm8k,Modular Norm RandOpt,44,25,10,1070,1,1,10,9,1,7,1,3,-2,-2,0.3333333333333333,False
gsm8k,Modular Norm RandOpt,44,25,10,1071,1,1,10,9,1,5,1,4,-3,-3,0.4444444444444444,False
gsm8k,Modular Norm RandOpt,44,25,10,1072,10,5-10,10,0,1,0,10,0,10,10,0.0,True
gsm8k,Modular Norm RandOpt,44,25,10,1073,4,2-4,10,6,1,6,4,1,3,3,0.16666666666666666,True
gsm8k,Modular Norm RandOpt,44,25,10,1074,5,5-10,10,5,1,1,5,5,0,0,1.0,True
gsm8k,Modular Norm RandOpt,44,25,10,1075,0,0,10,10,0,5,0,6,-6,-6,0.6,False
gsm8k,Modular Norm RandOpt,44,25,10,1076,4,2-4,10,6,1,3,4,3,1,1,0.5,True
gsm8k,Modular Norm RandOpt,44,25,10,1077,1,1,10,9,1,9,1,1,0,0,0.1111111111111111,False
gsm8k,Modular Norm RandOpt,44,25,10,1078,1,1,10,9,1,1,1,9,-8,-8,1.0,False
gsm8k,Modular Norm RandOpt,44,25,10,1079,10,5-10,10,0,1,0,10,0,10,10,0.0,True
gsm8k,Modular Norm RandOpt,44,25,10,1080,8,5-10,10,2,2,2,7,1,7,6,0.5,True
gsm8k,Modular Norm RandOpt,44,25,10,1081,1,1,10,9,1,1,1,9,-8,-8,1.0,False
gsm8k,Modular Norm RandOpt,44,25,10,1082,2,2-4,10,8,1,5,2,4,-2,-2,0.5,False
gsm8k,Modular Norm RandOpt,44,25,10,1083,2,2-4,10,8,1,3,2,6,-4,-4,0.75,False
gsm8k,Modular Norm RandOpt,44,25,10,1084,2,2-4,10,8,1,2,2,5,-3,-3,0.625,False
gsm8k,Modular Norm RandOpt,44,25,10,1085,6,5-10,10,4,1,2,6,3,3,3,0.75,True
gsm8k,Modular Norm RandOpt,44,25,10,1086,10,5-10,10,0,2,0,6,0,10,6,0.0,True
gsm8k,Modular Norm RandOpt,44,25,10,1087,10,5-10,10,0,1,0,10,0,10,10,0.0,True
gsm8k,Modular Norm RandOpt,44,25,10,1088,0,0,10,10,0,9,0,2,-2,-2,0.2,False
gsm8k,Modular Norm RandOpt,44,25,10,1089,8,5-10,10,2,1,2,8,1,7,7,0.5,True
gsm8k,Modular Norm RandOpt,44,25,10,1090,9,5-10,10,1,1,1,9,1,8,8,1.0,True
gsm8k,Modular Norm RandOpt,44,25,10,1091,9,5-10,10,1,1,1,9,1,8,8,1.0,True
gsm8k,Modular Norm RandOpt,44,25,10,1092,6,5-10,10,4,1,2,6,3,3,3,0.75,True
gsm8k,Modular Norm RandOpt,44,25,10,1093,7,5-10,10,3,1,3,7,1,6,6,0.3333333333333333,True
gsm8k,Modular Norm RandOpt,44,25,10,1094,0,0,10,10,0,9,0,2,-2,-2,0.2,False
gsm8k,Modular Norm RandOpt,44,25,10,1095,10,5-10,10,0,1,0,10,0,10,10,0.0,True
gsm8k,Modular Norm RandOpt,44,25,10,1096,9,5-10,10,1,1,1,9,1,8,8,1.0,True
gsm8k,Modular Norm RandOpt,44,25,10,1097,8,5-10,10,2,1,1,8,2,6,6,1.0,True
gsm8k,Modular Norm RandOpt,44,25,10,1098,10,5-10,10,0,1,0,10,0,10,10,0.0,True
gsm8k,Modular Norm RandOpt,44,25,10,1099,10,5-10,10,0,1,0,10,0,10,10,0.0,True
gsm8k,Modular Norm RandOpt,44,25,10,1100,7,5-10,10,3,1,3,7,1,6,6,0.3333333333333333,True
gsm8k,Modular Norm RandOpt,44,25,10,1101,10,5-10,10,0,1,0,10,0,10,10,0.0,True
gsm8k,Modular Norm RandOpt,44,25,10,1102,0,0,10,10,0,4,0,6,-6,-6,0.6,False
gsm8k,Modular Norm RandOpt,44,25,10,1103,9,5-10,10,1,1,1,9,1,8,8,1.0,True
gsm8k,Modular Norm RandOpt,44,25,10,1104,9,5-10,10,1,1,1,9,1,8,8,1.0,True
gsm8k,Modular Norm RandOpt,44,25,10,1105,2,2-4,10,8,1,4,2,4,-2,-2,0.5,False
gsm8k,Modular Norm RandOpt,44,25,10,1106,10,5-10,10,0,1,0,10,0,10,10,0.0,True
gsm8k,Modular Norm RandOpt,44,25,10,1107,8,5-10,10,2,1,1,8,2,6,6,1.0,True
gsm8k,Modular Norm RandOpt,44,25,10,1108,8,5-10,10,2,1,1,8,2,6,6,1.0,True
gsm8k,Modular Norm RandOpt,44,25,10,1109,10,5-10,10,0,1,0,10,0,10,10,0.0,True
gsm8k,Modular Norm RandOpt,44,25,10,1110,3,2-4,10,7,1,6,3,2,1,1,0.2857142857142857,True
gsm8k,Modular Norm RandOpt,44,25,10,1111,10,5-10,10,0,1,0,10,0,10,10,0.0,True
gsm8k,Modular Norm RandOpt,44,25,10,1112,10,5-10,10,0,1,0,10,0,10,10,0.0,True
gsm8k,Modular Norm RandOpt,44,25,10,1113,9,5-10,10,1,1,1,9,1,8,8,1.0,True
gsm8k,Modular Norm RandOpt,44,25,10,1114,6,5-10,10,4,1,1,6,4,2,2,1.0,True
gsm8k,Modular Norm RandOpt,44,25,10,1115,0,0,10,10,0,4,0,4,-4,-4,0.4,False
gsm8k,Modular Norm RandOpt,44,25,10,1116,10,5-10,10,0,1,0,10,0,10,10,0.0,True
gsm8k,Modular Norm RandOpt,44,25,10,1117,5,5-10,10,5,1,2,5,4,1,1,0.8,True
gsm8k,Modular Norm RandOpt,44,25,10,1118,0,0,10,10,0,1,0,10,-10,-10,1.0,False
gsm8k,Modular Norm RandOpt,44,25,10,1119,5,5-10,10,5,1,2,5,3,2,2,0.6,True
gsm8k,Modular Norm RandOpt,44,25,10,1120,5,5-10,10,5,1,1,5,5,0,0,1.0,False
gsm8k,Modular Norm RandOpt,44,25,10,1121,10,5-10,10,0,1,0,10,0,10,10,0.0,True
gsm8k,Modular Norm RandOpt,44,25,10,1122,0,0,10,10,0,6,0,3,-3,-3,0.3,False
gsm8k,Modular Norm RandOpt,44,25,10,1123,6,5-10,10,4,1,1,6,4,2,2,1.0,True
gsm8k,Modular Norm RandOpt,44,25,10,1124,4,2-4,10,6,1,4,4,2,2,2,0.3333333333333333,True
gsm8k,Modular Norm RandOpt,44,25,10,1125,10,5-10,10,0,1,0,10,0,10,10,0.0,True
gsm8k,Modular Norm RandOpt,44,25,10,1126,10,5-10,10,0,1,0,10,0,10,10,0.0,True
gsm8k,Modular Norm RandOpt,44,25,10,1127,10,5-10,10,0,1,0,10,0,10,10,0.0,True
gsm8k,Modular Norm RandOpt,44,25,10,1128,9,5-10,10,1,1,1,9,1,8,8,1.0,True
gsm8k,Modular Norm RandOpt,44,25,10,1129,1,1,10,9,1,6,1,4,-3,-3,0.4444444444444444,False
gsm8k,Modular Norm RandOpt,44,25,10,1130,10,5-10,10,0,1,0,10,0,10,10,0.0,True
gsm8k,Modular Norm RandOpt,44,25,10,1131,0,0,10,10,0,6,0,2,-2,-2,0.2,False
gsm8k,Modular Norm RandOpt,44,25,10,1132,8,5-10,10,2,1,1,8,2,6,6,1.0,True
gsm8k,Modular Norm RandOpt,44,25,10,1133,0,0,10,10,0,5,0,3,-3,-3,0.3,False
gsm8k,Modular Norm RandOpt,44,25,10,1134,0,0,10,10,0,1,0,10,-10,-10,1.0,False
gsm8k,Modular Norm RandOpt,44,25,10,1135,8,5-10,10,2,1,1,8,2,6,6,1.0,True
gsm8k,Modular Norm RandOpt,44,25,10,1136,9,5-10,10,1,1,1,9,1,8,8,1.0,True
gsm8k,Modular Norm RandOpt,44,25,10,1137,0,0,10,10,0,7,0,2,-2,-2,0.2,False
gsm8k,Modular Norm RandOpt,44,25,10,1138,10,5-10,10,0,1,0,10,0,10,10,0.0,True
gsm8k,Modular Norm RandOpt,44,25,10,1139,1,1,10,9,1,2,1,8,-7,-7,0.8888888888888888,False
gsm8k,Modular Norm RandOpt,44,25,10,1140,4,2-4,10,6,1,4,4,3,1,1,0.5,True
gsm8k,Modular Norm RandOpt,44,25,10,1141,5,5-10,10,5,1,1,5,5,0,0,1.0,False
gsm8k,Modular Norm RandOpt,44,25,10,1142,10,5-10,10,0,1,0,10,0,10,10,0.0,True
gsm8k,Modular Norm RandOpt,44,25,10,1143,10,5-10,10,0,1,0,10,0,10,10,0.0,True
gsm8k,Modular Norm RandOpt,44,25,10,1144,9,5-10,10,1,1,1,9,1,8,8,1.0,True
gsm8k,Modular Norm RandOpt,44,25,10,1145,1,1,10,9,1,7,1,2,-1,-1,0.2222222222222222,False
gsm8k,Modular Norm RandOpt,44,25,10,1146,6,5-10,10,4,1,4,6,1,5,5,0.25,True
gsm8k,Modular Norm RandOpt,44,25,10,1147,7,5-10,10,3,1,1,7,3,4,4,1.0,True
gsm8k,Modular Norm RandOpt,44,25,10,1148,10,5-10,10,0,1,0,10,0,10,10,0.0,True
gsm8k,Modular Norm RandOpt,44,25,10,1149,9,5-10,10,1,1,1,9,1,8,8,1.0,True
gsm8k,Modular Norm RandOpt,44,25,10,1150,3,2-4,10,7,1,1,3,7,-4,-4,1.0,False
gsm8k,Modular Norm RandOpt,44,25,10,1151,4,2-4,10,6,1,1,4,6,-2,-2,1.0,False
gsm8k,Modular Norm RandOpt,44,25,10,1152,10,5-10,10,0,1,0,10,0,10,10,0.0,True
gsm8k,Modular Norm RandOpt,44,25,10,1153,10,5-10,10,0,1,0,10,0,10,10,0.0,True
gsm8k,Modular Norm RandOpt,44,25,10,1154,10,5-10,10,0,1,0,10,0,10,10,0.0,True
gsm8k,Modular Norm RandOpt,44,25,10,1155,7,5-10,10,3,1,1,7,3,4,4,1.0,True
gsm8k,Modular Norm RandOpt,44,25,10,1156,9,5-10,10,1,1,1,9,1,8,8,1.0,True
gsm8k,Modular Norm RandOpt,44,25,10,1157,10,5-10,10,0,1,0,10,0,10,10,0.0,True
gsm8k,Modular Norm RandOpt,44,25,10,1158,0,0,10,10,0,4,0,4,-4,-4,0.4,False
gsm8k,Modular Norm RandOpt,44,25,10,1159,6,5-10,10,4,1,3,6,2,4,4,0.5,True
gsm8k,Modular Norm RandOpt,44,25,10,1160,10,5-10,10,0,1,0,10,0,10,10,0.0,True
gsm8k,Modular Norm RandOpt,44,25,10,1161,0,0,10,10,0,4,0,7,-7,-7,0.7,False
gsm8k,Modular Norm RandOpt,44,25,10,1162,10,5-10,10,0,1,0,10,0,10,10,0.0,True
gsm8k,Modular Norm RandOpt,44,25,10,1163,4,2-4,10,6,1,1,4,6,-2,-2,1.0,False
gsm8k,Modular Norm RandOpt,44,25,10,1164,0,0,10,10,0,2,0,9,-9,-9,0.9,False
gsm8k,Modular Norm RandOpt,44,25,10,1165,4,2-4,10,6,1,1,4,6,-2,-2,1.0,False
gsm8k,Modular Norm RandOpt,44,25,10,1166,1,1,10,9,1,9,1,1,0,0,0.1111111111111111,False
gsm8k,Modular Norm RandOpt,44,25,10,1167,6,5-10,10,4,1,1,6,4,2,2,1.0,True
gsm8k,Modular Norm RandOpt,44,25,10,1168,10,5-10,10,0,1,0,10,0,10,10,0.0,True
gsm8k,Modular Norm RandOpt,44,25,10,1169,10,5-10,10,0,1,0,10,0,10,10,0.0,True
gsm8k,Modular Norm RandOpt,44,25,10,1170,7,5-10,10,3,1,1,7,3,4,4,1.0,True
gsm8k,Modular Norm RandOpt,44,25,10,1171,9,5-10,10,1,1,1,9,1,8,8,1.0,True
gsm8k,Modular Norm RandOpt,44,25,10,1172,9,5-10,10,1,1,1,9,1,8,8,1.0,True
gsm8k,Modular Norm RandOpt,44,25,10,1173,3,2-4,10,7,1,3,3,4,-1,-1,0.5714285714285714,False
gsm8k,Modular Norm RandOpt,44,25,10,1174,0,0,10,10,0,3,0,6,-6,-6,0.6,False
gsm8k,Modular Norm RandOpt,44,25,10,1175,0,0,10,10,0,2,0,9,-9,-9,0.9,False
gsm8k,Modular Norm RandOpt,44,25,10,1176,2,2-4,10,8,1,6,2,2,0,0,0.25,True
gsm8k,Modular Norm RandOpt,44,25,10,1177,10,5-10,10,0,1,0,10,0,10,10,0.0,True
gsm8k,Modular Norm RandOpt,44,25,10,1178,9,5-10,10,1,1,1,9,1,8,8,1.0,True
gsm8k,Modular Norm RandOpt,44,25,10,1179,10,5-10,10,0,1,0,10,0,10,10,0.0,True
gsm8k,Modular Norm RandOpt,44,25,10,1180,6,5-10,10,4,2,2,3,3,3,0,0.75,True
gsm8k,Modular Norm RandOpt,44,25,10,1181,8,5-10,10,2,1,2,8,1,7,7,0.5,True
gsm8k,Modular Norm RandOpt,44,25,10,1182,10,5-10,10,0,1,0,10,0,10,10,0.0,True
gsm8k,Modular Norm RandOpt,44,25,10,1183,2,2-4,10,8,1,7,2,2,0,0,0.25,True
gsm8k,Modular Norm RandOpt,44,25,10,1184,4,2-4,10,6,1,1,4,6,-2,-2,1.0,False
gsm8k,Modular Norm RandOpt,44,25,10,1185,0,0,10,10,0,7,0,2,-2,-2,0.2,False
gsm8k,Modular Norm RandOpt,44,25,10,1186,9,5-10,10,1,1,1,9,1,8,8,1.0,True
gsm8k,Modular Norm RandOpt,44,25,10,1187,0,0,10,10,0,5,0,6,-6,-6,0.6,False
gsm8k,Modular Norm RandOpt,44,25,10,1188,7,5-10,10,3,1,2,7,2,5,5,0.6666666666666666,True
gsm8k,Modular Norm RandOpt,44,25,10,1189,9,5-10,10,1,1,1,9,1,8,8,1.0,True
gsm8k,Modular Norm RandOpt,44,25,10,1190,0,0,10,10,0,9,0,2,-2,-2,0.2,False
gsm8k,Modular Norm RandOpt,44,25,10,1191,9,5-10,10,1,1,1,9,1,8,8,1.0,True
gsm8k,Modular Norm RandOpt,44,25,10,1192,5,5-10,10,5,1,1,5,5,0,0,1.0,True
gsm8k,Modular Norm RandOpt,44,25,10,1193,2,2-4,10,8,1,4,2,4,-2,-2,0.5,False
gsm8k,Modular Norm RandOpt,44,25,10,1194,10,5-10,10,0,1,0,10,0,10,10,0.0,True
gsm8k,Modular Norm RandOpt,44,25,10,1195,8,5-10,10,2,1,2,8,1,7,7,0.5,True
gsm8k,Modular Norm RandOpt,44,25,10,1196,10,5-10,10,0,1,0,10,0,10,10,0.0,True
gsm8k,Modular Norm RandOpt,44,25,10,1197,10,5-10,10,0,1,0,10,0,10,10,0.0,True
gsm8k,Modular Norm RandOpt,44,25,10,1198,2,2-4,10,8,1,1,2,8,-6,-6,1.0,False
gsm8k,Modular Norm RandOpt,44,25,10,1199,0,0,10,10,0,2,0,7,-7,-7,0.7,False
gsm8k,Modular Norm RandOpt,44,25,10,1200,8,5-10,10,2,1,1,8,2,6,6,1.0,True
gsm8k,Modular Norm RandOpt,44,25,10,1201,9,5-10,10,1,1,1,9,1,8,8,1.0,True
gsm8k,Modular Norm RandOpt,44,25,10,1202,2,2-4,10,8,1,3,2,6,-4,-4,0.75,False
gsm8k,Modular Norm RandOpt,44,25,10,1203,7,5-10,10,3,1,1,7,3,4,4,1.0,True
gsm8k,Modular Norm RandOpt,44,25,10,1204,10,5-10,10,0,1,0,10,0,10,10,0.0,True
gsm8k,Modular Norm RandOpt,44,25,10,1205,8,5-10,10,2,1,2,8,1,7,7,0.5,True
gsm8k,Modular Norm RandOpt,44,25,10,1206,5,5-10,10,5,1,3,5,3,2,2,0.6,True
gsm8k,Modular Norm RandOpt,44,25,10,1207,10,5-10,10,0,1,0,10,0,10,10,0.0,True
gsm8k,Modular Norm RandOpt,44,25,10,1208,7,5-10,10,3,1,1,7,3,4,4,1.0,True
gsm8k,Modular Norm RandOpt,44,25,10,1209,10,5-10,10,0,1,0,10,0,10,10,0.0,True
gsm8k,Modular Norm RandOpt,44,25,10,1210,7,5-10,10,3,1,1,7,3,4,4,1.0,True
gsm8k,Modular Norm RandOpt,44,25,10,1211,10,5-10,10,0,1,0,10,0,10,10,0.0,True
gsm8k,Modular Norm RandOpt,44,25,10,1212,8,5-10,10,2,1,1,8,2,6,6,1.0,True
gsm8k,Modular Norm RandOpt,44,25,10,1213,7,5-10,10,3,1,3,7,1,6,6,0.3333333333333333,True
gsm8k,Modular Norm RandOpt,44,25,10,1214,10,5-10,10,0,1,0,10,0,10,10,0.0,True
gsm8k,Modular Norm RandOpt,44,25,10,1215,4,2-4,10,6,1,5,4,2,2,2,0.3333333333333333,True
gsm8k,Modular Norm RandOpt,44,25,10,1216,2,2-4,10,8,1,6,2,2,0,0,0.25,True
gsm8k,Modular Norm RandOpt,44,25,10,1217,1,1,10,9,1,1,1,9,-8,-8,1.0,False
gsm8k,Modular Norm RandOpt,44,25,10,1218,2,2-4,10,8,1,4,2,4,-2,-2,0.5,False
gsm8k,Modular Norm RandOpt,44,25,10,1219,0,0,10,10,0,1,0,10,-10,-10,1.0,False
gsm8k,Modular Norm RandOpt,44,25,10,1220,10,5-10,10,0,1,0,10,0,10,10,0.0,True
gsm8k,Modular Norm RandOpt,44,25,10,1221,2,2-4,10,8,1,1,2,8,-6,-6,1.0,False
gsm8k,Modular Norm RandOpt,44,25,10,1222,9,5-10,10,1,1,1,9,1,8,8,1.0,True
gsm8k,Modular Norm RandOpt,44,25,10,1223,5,5-10,10,5,1,2,5,4,1,1,0.8,True
gsm8k,Modular Norm RandOpt,44,25,10,1224,7,5-10,10,3,1,1,7,3,4,4,1.0,True
gsm8k,Modular Norm RandOpt,44,25,10,1225,10,5-10,10,0,1,0,10,0,10,10,0.0,True
gsm8k,Modular Norm RandOpt,44,25,10,1226,3,2-4,10,7,1,4,3,4,-1,-1,0.5714285714285714,False
gsm8k,Modular Norm RandOpt,44,25,10,1227,5,5-10,10,5,1,2,5,3,2,2,0.6,True
gsm8k,Modular Norm RandOpt,44,25,10,1228,10,5-10,10,0,1,0,10,0,10,10,0.0,True
gsm8k,Modular Norm RandOpt,44,25,10,1229,7,5-10,10,3,1,1,7,3,4,4,1.0,True
gsm8k,Modular Norm RandOpt,44,25,10,1230,7,5-10,10,3,1,2,7,2,5,5,0.6666666666666666,True
gsm8k,Modular Norm RandOpt,44,25,10,1231,9,5-10,10,1,1,1,9,1,8,8,1.0,True
gsm8k,Modular Norm RandOpt,44,25,10,1232,10,5-10,10,0,1,0,10,0,10,10,0.0,True
gsm8k,Modular Norm RandOpt,44,25,10,1233,10,5-10,10,0,1,0,10,0,10,10,0.0,True
gsm8k,Modular Norm RandOpt,44,25,10,1234,10,5-10,10,0,1,0,10,0,10,10,0.0,True
gsm8k,Modular Norm RandOpt,44,25,10,1235,1,1,10,9,1,2,1,8,-7,-7,0.8888888888888888,False
gsm8k,Modular Norm RandOpt,44,25,10,1236,7,5-10,10,3,1,3,7,1,6,6,0.3333333333333333,True
gsm8k,Modular Norm RandOpt,44,25,10,1237,2,2-4,10,8,1,2,2,5,-3,-3,0.625,False
gsm8k,Modular Norm RandOpt,44,25,10,1238,4,2-4,10,6,1,2,4,4,0,0,0.6666666666666666,False
gsm8k,Modular Norm RandOpt,44,25,10,1239,5,5-10,10,5,1,3,5,3,2,2,0.6,True
gsm8k,Modular Norm RandOpt,44,25,10,1240,1,1,10,9,1,4,1,4,-3,-3,0.4444444444444444,False
gsm8k,Modular Norm RandOpt,44,25,10,1241,2,2-4,10,8,1,5,2,3,-1,-1,0.375,False
gsm8k,Modular Norm RandOpt,44,25,10,1242,10,5-10,10,0,1,0,10,0,10,10,0.0,True
gsm8k,Modular Norm RandOpt,44,25,10,1243,10,5-10,10,0,1,0,10,0,10,10,0.0,True
gsm8k,Modular Norm RandOpt,44,25,10,1244,1,1,10,9,1,1,1,9,-8,-8,1.0,False
gsm8k,Modular Norm RandOpt,44,25,10,1245,6,5-10,10,4,1,2,6,3,3,3,0.75,True
gsm8k,Modular Norm RandOpt,44,25,10,1246,9,5-10,10,1,1,1,9,1,8,8,1.0,True
gsm8k,Modular Norm RandOpt,44,25,10,1247,7,5-10,10,3,1,2,7,2,5,5,0.6666666666666666,True
gsm8k,Modular Norm RandOpt,44,25,10,1248,2,2-4,10,8,1,3,2,6,-4,-4,0.75,False
gsm8k,Modular Norm RandOpt,44,25,10,1249,6,5-10,10,4,1,2,6,3,3,3,0.75,True
gsm8k,Modular Norm RandOpt,44,25,10,1250,10,5-10,10,0,1,0,10,0,10,10,0.0,True
gsm8k,Modular Norm RandOpt,44,25,10,1251,1,1,10,9,1,7,1,2,-1,-1,0.2222222222222222,False
gsm8k,Modular Norm RandOpt,44,25,10,1252,7,5-10,10,3,1,2,7,2,5,5,0.6666666666666666,True
gsm8k,Modular Norm RandOpt,44,25,10,1253,10,5-10,10,0,1,0,10,0,10,10,0.0,True
gsm8k,Modular Norm RandOpt,44,25,10,1254,2,2-4,10,8,1,1,2,8,-6,-6,1.0,False
gsm8k,Modular Norm RandOpt,44,25,10,1255,10,5-10,10,0,1,0,10,0,10,10,0.0,True
gsm8k,Modular Norm RandOpt,44,25,10,1256,7,5-10,10,3,1,2,7,2,5,5,0.6666666666666666,True
gsm8k,Modular Norm RandOpt,44,25,10,1257,3,2-4,10,7,1,2,3,5,-2,-2,0.7142857142857143,False
gsm8k,Modular Norm RandOpt,44,25,10,1258,7,5-10,10,3,1,3,7,1,6,6,0.3333333333333333,True
gsm8k,Modular Norm RandOpt,44,25,10,1259,9,5-10,10,1,1,1,9,1,8,8,1.0,True
gsm8k,Modular Norm RandOpt,44,25,10,1260,10,5-10,10,0,1,0,10,0,10,10,0.0,True
gsm8k,Modular Norm RandOpt,44,25,10,1261,0,0,10,10,0,4,0,6,-6,-6,0.6,False
gsm8k,Modular Norm RandOpt,44,25,10,1262,3,2-4,10,7,1,2,3,6,-3,-3,0.8571428571428571,False
gsm8k,Modular Norm RandOpt,44,25,10,1263,3,2-4,10,7,1,4,3,4,-1,-1,0.5714285714285714,False
gsm8k,Modular Norm RandOpt,44,25,10,1264,0,0,10,10,0,3,0,7,-7,-7,0.7,False
gsm8k,Modular Norm RandOpt,44,25,10,1265,4,2-4,10,6,1,3,4,3,1,1,0.5,True
gsm8k,Modular Norm RandOpt,44,25,10,1266,10,5-10,10,0,1,0,10,0,10,10,0.0,True
gsm8k,Modular Norm RandOpt,44,25,10,1267,10,5-10,10,0,1,0,10,0,10,10,0.0,True
gsm8k,Modular Norm RandOpt,44,25,10,1268,10,5-10,10,0,1,0,10,0,10,10,0.0,True
gsm8k,Modular Norm RandOpt,44,25,10,1269,0,0,10,10,0,1,0,10,-10,-10,1.0,False
gsm8k,Modular Norm RandOpt,44,25,10,1270,10,5-10,10,0,1,0,10,0,10,10,0.0,True
gsm8k,Modular Norm RandOpt,44,25,10,1271,9,5-10,10,1,1,1,9,1,8,8,1.0,True
gsm8k,Modular Norm RandOpt,44,25,10,1272,9,5-10,10,1,1,1,9,1,8,8,1.0,True
gsm8k,Modular Norm RandOpt,44,25,10,1273,0,0,10,10,0,4,0,4,-4,-4,0.4,False
gsm8k,Modular Norm RandOpt,44,25,10,1274,6,5-10,10,4,1,1,6,4,2,2,1.0,True
gsm8k,Modular Norm RandOpt,44,25,10,1275,10,5-10,10,0,1,0,10,0,10,10,0.0,True
gsm8k,Modular Norm RandOpt,44,25,10,1276,10,5-10,10,0,1,0,10,0,10,10,0.0,True
gsm8k,Modular Norm RandOpt,44,25,10,1277,6,5-10,10,4,1,2,6,2,4,4,0.5,True
gsm8k,Modular Norm RandOpt,44,25,10,1278,10,5-10,10,0,1,0,10,0,10,10,0.0,True
gsm8k,Modular Norm RandOpt,44,25,10,1279,0,0,10,10,0,5,0,3,-3,-3,0.3,False
gsm8k,Modular Norm RandOpt,44,25,10,1280,10,5-10,10,0,1,0,10,0,10,10,0.0,True
gsm8k,Modular Norm RandOpt,44,25,10,1281,10,5-10,10,0,1,0,10,0,10,10,0.0,True
gsm8k,Modular Norm RandOpt,44,25,10,1282,10,5-10,10,0,1,0,10,0,10,10,0.0,True
gsm8k,Modular Norm RandOpt,44,25,10,1283,0,0,10,10,0,1,0,10,-10,-10,1.0,False
gsm8k,Modular Norm RandOpt,44,25,10,1284,1,1,10,9,1,3,1,6,-5,-5,0.6666666666666666,False
gsm8k,Modular Norm RandOpt,44,25,10,1285,6,5-10,10,4,2,2,5,3,3,2,0.75,True
gsm8k,Modular Norm RandOpt,44,25,10,1286,9,5-10,10,1,1,1,9,1,8,8,1.0,True
gsm8k,Modular Norm RandOpt,44,25,10,1287,4,2-4,10,6,1,2,4,4,0,0,0.6666666666666666,True
gsm8k,Modular Norm RandOpt,44,25,10,1288,0,0,10,10,0,2,0,8,-8,-8,0.8,False
gsm8k,Modular Norm RandOpt,44,25,10,1289,10,5-10,10,0,1,0,10,0,10,10,0.0,True
gsm8k,Modular Norm RandOpt,44,25,10,1290,8,5-10,10,2,1,1,8,2,6,6,1.0,True
gsm8k,Modular Norm RandOpt,44,25,10,1291,10,5-10,10,0,1,0,10,0,10,10,0.0,True
gsm8k,Modular Norm RandOpt,44,25,10,1292,6,5-10,10,4,1,4,6,1,5,5,0.25,True
gsm8k,Modular Norm RandOpt,44,25,10,1293,10,5-10,10,0,2,0,8,0,10,8,0.0,True
gsm8k,Modular Norm RandOpt,44,25,10,1294,6,5-10,10,4,1,3,6,2,4,4,0.5,True
gsm8k,Modular Norm RandOpt,44,25,10,1295,10,5-10,10,0,1,0,10,0,10,10,0.0,True
gsm8k,Modular Norm RandOpt,44,25,10,1296,5,5-10,10,5,1,1,5,5,0,0,1.0,False
gsm8k,Modular Norm RandOpt,44,25,10,1297,10,5-10,10,0,1,0,10,0,10,10,0.0,True
gsm8k,Modular Norm RandOpt,44,25,10,1298,1,1,10,9,1,4,1,6,-5,-5,0.6666666666666666,False
gsm8k,Modular Norm RandOpt,44,25,10,1299,1,1,10,9,1,2,1,7,-6,-6,0.7777777777777778,False
gsm8k,Modular Norm RandOpt,44,25,10,1300,4,2-4,10,6,1,2,4,5,-1,-1,0.8333333333333334,False
gsm8k,Modular Norm RandOpt,44,25,10,1301,2,2-4,10,8,1,4,2,3,-1,-1,0.375,False
gsm8k,Modular Norm RandOpt,44,25,10,1302,7,5-10,10,3,1,1,7,3,4,4,1.0,True
gsm8k,Modular Norm RandOpt,44,25,10,1303,1,1,10,9,1,6,1,4,-3,-3,0.4444444444444444,False
gsm8k,Modular Norm RandOpt,44,25,10,1304,10,5-10,10,0,1,0,10,0,10,10,0.0,True
gsm8k,Modular Norm RandOpt,44,25,10,1305,10,5-10,10,0,1,0,10,0,10,10,0.0,True
gsm8k,Modular Norm RandOpt,44,25,10,1306,7,5-10,10,3,1,3,7,1,6,6,0.3333333333333333,True
gsm8k,Modular Norm RandOpt,44,25,10,1307,9,5-10,10,1,1,1,9,1,8,8,1.0,True
gsm8k,Modular Norm RandOpt,44,25,10,1308,10,5-10,10,0,1,0,10,0,10,10,0.0,True
gsm8k,Modular Norm RandOpt,44,25,10,1309,1,1,10,9,1,3,1,6,-5,-5,0.6666666666666666,False
gsm8k,Modular Norm RandOpt,44,25,10,1310,1,1,10,9,1,3,1,4,-3,-3,0.4444444444444444,False
gsm8k,Modular Norm RandOpt,44,25,10,1311,5,5-10,10,5,1,3,5,3,2,2,0.6,True
gsm8k,Modular Norm RandOpt,44,25,10,1312,0,0,10,10,0,6,0,5,-5,-5,0.5,False
gsm8k,Modular Norm RandOpt,44,25,10,1313,7,5-10,10,3,1,2,7,2,5,5,0.6666666666666666,True
gsm8k,Modular Norm RandOpt,44,25,10,1314,5,5-10,10,5,1,3,5,3,2,2,0.6,True
gsm8k,Modular Norm RandOpt,44,25,10,1315,8,5-10,10,2,1,1,8,2,6,6,1.0,True
gsm8k,Modular Norm RandOpt,44,25,10,1316,7,5-10,10,3,1,2,7,2,5,5,0.6666666666666666,True
gsm8k,Modular Norm RandOpt,44,25,10,1317,9,5-10,10,1,1,1,9,1,8,8,1.0,True
gsm8k,Modular Norm RandOpt,44,25,10,1318,10,5-10,10,0,1,0,10,0,10,10,0.0,True
